solid ASCII
  facet normal 9.914449e-01 0.000000e+00 1.305262e-01
    outer loop
      vertex   -2.548888e+00 -1.980000e+00 9.061177e+01
      vertex   -2.599999e+00 -1.980000e+00 9.100000e+01
      vertex   -2.599999e+00 -5.480000e+00 9.100000e+01
    endloop
  endfacet
  facet normal 9.914449e-01 0.000000e+00 -1.305262e-01
    outer loop
      vertex   -2.599999e+00 -5.480000e+00 9.100000e+01
      vertex   -2.599999e+00 -1.980000e+00 9.100000e+01
      vertex   -2.548888e+00 -1.980000e+00 9.138823e+01
    endloop
  endfacet
  facet normal 9.914449e-01 0.000000e+00 -1.305262e-01
    outer loop
      vertex   -2.599999e+00 -5.480000e+00 9.100000e+01
      vertex   -2.548888e+00 -1.980000e+00 9.138823e+01
      vertex   -2.548888e+00 -5.480000e+00 9.138823e+01
    endloop
  endfacet
  facet normal 9.238795e-01 0.000000e+00 -3.826834e-01
    outer loop
      vertex   -2.548888e+00 -5.480000e+00 9.138823e+01
      vertex   -2.548888e+00 -1.980000e+00 9.138823e+01
      vertex   -2.399037e+00 -5.480000e+00 9.175000e+01
    endloop
  endfacet
  facet normal 9.238795e-01 -1.172243e-16 -3.826834e-01
    outer loop
      vertex   -2.399037e+00 -5.480000e+00 9.175000e+01
      vertex   -2.548888e+00 -1.980000e+00 9.138823e+01
      vertex   -2.399037e+00 -1.980000e+00 9.175000e+01
    endloop
  endfacet
  facet normal 7.933533e-01 -1.006628e-16 -6.087614e-01
    outer loop
      vertex   -2.399037e+00 -5.480000e+00 9.175000e+01
      vertex   -2.399037e+00 -1.980000e+00 9.175000e+01
      vertex   -2.160659e+00 -5.480000e+00 9.206066e+01
    endloop
  endfacet
  facet normal 7.933533e-01 0.000000e+00 -6.087614e-01
    outer loop
      vertex   -2.160659e+00 -5.480000e+00 9.206066e+01
      vertex   -2.399037e+00 -1.980000e+00 9.175000e+01
      vertex   -2.160659e+00 -1.980000e+00 9.206066e+01
    endloop
  endfacet
  facet normal 6.087614e-01 0.000000e+00 -7.933533e-01
    outer loop
      vertex   -2.160659e+00 -5.480000e+00 9.206066e+01
      vertex   -2.160659e+00 -1.980000e+00 9.206066e+01
      vertex   -1.849999e+00 -5.480000e+00 9.229904e+01
    endloop
  endfacet
  facet normal 6.087614e-01 -2.317238e-16 -7.933533e-01
    outer loop
      vertex   -1.849999e+00 -5.480000e+00 9.229904e+01
      vertex   -2.160659e+00 -1.980000e+00 9.206066e+01
      vertex   -1.849999e+00 -1.980000e+00 9.229904e+01
    endloop
  endfacet
  facet normal 3.826834e-01 -1.456676e-16 -9.238795e-01
    outer loop
      vertex   -1.849999e+00 -5.480000e+00 9.229904e+01
      vertex   -1.849999e+00 -1.980000e+00 9.229904e+01
      vertex   -1.488228e+00 -5.480000e+00 9.244889e+01
    endloop
  endfacet
  facet normal 3.826834e-01 -7.283382e-17 -9.238795e-01
    outer loop
      vertex   -1.488228e+00 -5.480000e+00 9.244889e+01
      vertex   -1.849999e+00 -1.980000e+00 9.229904e+01
      vertex   -1.488228e+00 -1.980000e+00 9.244889e+01
    endloop
  endfacet
  facet normal 1.305262e-01 -2.484226e-17 -9.914449e-01
    outer loop
      vertex   -1.488228e+00 -5.480000e+00 9.244889e+01
      vertex   -1.488228e+00 -1.980000e+00 9.244889e+01
      vertex   -1.099999e+00 -5.480000e+00 9.250000e+01
    endloop
  endfacet
  facet normal 1.305262e-01 0.000000e+00 -9.914449e-01
    outer loop
      vertex   -1.099999e+00 -5.480000e+00 9.250000e+01
      vertex   -1.488228e+00 -1.980000e+00 9.244889e+01
      vertex   -1.099999e+00 -1.980000e+00 9.250000e+01
    endloop
  endfacet
  facet normal -1.305262e-01 0.000000e+00 -9.914449e-01
    outer loop
      vertex   -1.099999e+00 -5.480000e+00 9.250000e+01
      vertex   -1.099999e+00 -1.980000e+00 9.250000e+01
      vertex   -7.117706e-01 -5.480000e+00 9.244889e+01
    endloop
  endfacet
  facet normal -1.305262e-01 3.726339e-17 -9.914449e-01
    outer loop
      vertex   -7.117706e-01 -5.480000e+00 9.244889e+01
      vertex   -1.099999e+00 -1.980000e+00 9.250000e+01
      vertex   -7.117706e-01 -1.980000e+00 9.244889e+01
    endloop
  endfacet
  facet normal -3.826834e-01 1.092507e-16 -9.238795e-01
    outer loop
      vertex   -7.117706e-01 -5.480000e+00 9.244889e+01
      vertex   -7.117706e-01 -1.980000e+00 9.244889e+01
      vertex   -3.499992e-01 -5.480000e+00 9.229904e+01
    endloop
  endfacet
  facet normal -3.826834e-01 7.283382e-17 -9.238795e-01
    outer loop
      vertex   -3.499992e-01 -5.480000e+00 9.229904e+01
      vertex   -7.117706e-01 -1.980000e+00 9.244889e+01
      vertex   -3.499992e-01 -1.980000e+00 9.229904e+01
    endloop
  endfacet
  facet normal -6.087614e-01 1.158619e-16 -7.933533e-01
    outer loop
      vertex   -3.499992e-01 -5.480000e+00 9.229904e+01
      vertex   -3.499992e-01 -1.980000e+00 9.229904e+01
      vertex   -3.933898e-02 -5.480000e+00 9.206066e+01
    endloop
  endfacet
  facet normal -6.087614e-01 7.241367e-17 -7.933533e-01
    outer loop
      vertex   -3.933898e-02 -5.480000e+00 9.206066e+01
      vertex   -3.499992e-01 -1.980000e+00 9.229904e+01
      vertex   -3.933898e-02 -1.980000e+00 9.206066e+01
    endloop
  endfacet
  facet normal -7.933533e-01 9.437134e-17 -6.087614e-01
    outer loop
      vertex   -3.933898e-02 -5.480000e+00 9.206066e+01
      vertex   -3.933898e-02 -1.980000e+00 9.206066e+01
      vertex   1.990390e-01 -5.480000e+00 9.175000e+01
    endloop
  endfacet
  facet normal -7.933533e-01 6.291422e-17 -6.087614e-01
    outer loop
      vertex   1.990390e-01 -5.480000e+00 9.175000e+01
      vertex   -3.933898e-02 -1.980000e+00 9.206066e+01
      vertex   1.990390e-01 -1.980000e+00 9.175000e+01
    endloop
  endfacet
  facet normal -9.238795e-01 7.326517e-17 -3.826834e-01
    outer loop
      vertex   1.990390e-01 -5.480000e+00 9.175000e+01
      vertex   1.990390e-01 -1.980000e+00 9.175000e+01
      vertex   3.488896e-01 -5.480000e+00 9.138823e+01
    endloop
  endfacet
  facet normal -9.238795e-01 7.326517e-17 -3.826834e-01
    outer loop
      vertex   3.488896e-01 -5.480000e+00 9.138823e+01
      vertex   1.990390e-01 -1.980000e+00 9.175000e+01
      vertex   3.488896e-01 -1.980000e+00 9.138823e+01
    endloop
  endfacet
  facet normal -9.914449e-01 7.862321e-17 -1.305262e-01
    outer loop
      vertex   3.488896e-01 -5.480000e+00 9.138823e+01
      vertex   3.488896e-01 -1.980000e+00 9.138823e+01
      vertex   4.000009e-01 -5.480000e+00 9.100000e+01
    endloop
  endfacet
  facet normal -9.914449e-01 0.000000e+00 -1.305262e-01
    outer loop
      vertex   4.000009e-01 -5.480000e+00 9.100000e+01
      vertex   3.488896e-01 -1.980000e+00 9.138823e+01
      vertex   4.000009e-01 -1.980000e+00 9.100000e+01
    endloop
  endfacet
  facet normal -9.914449e-01 0.000000e+00 1.305262e-01
    outer loop
      vertex   4.000009e-01 -5.480000e+00 9.100000e+01
      vertex   4.000009e-01 -1.980000e+00 9.100000e+01
      vertex   3.488896e-01 -5.480000e+00 9.061177e+01
    endloop
  endfacet
  facet normal -9.914449e-01 -7.862321e-17 1.305262e-01
    outer loop
      vertex   3.488896e-01 -5.480000e+00 9.061177e+01
      vertex   4.000009e-01 -1.980000e+00 9.100000e+01
      vertex   3.488896e-01 -1.980000e+00 9.061177e+01
    endloop
  endfacet
  facet normal -9.238795e-01 -7.326517e-17 3.826834e-01
    outer loop
      vertex   3.488896e-01 -5.480000e+00 9.061177e+01
      vertex   3.488896e-01 -1.980000e+00 9.061177e+01
      vertex   1.990390e-01 -5.480000e+00 9.025000e+01
    endloop
  endfacet
  facet normal -9.238795e-01 -7.326517e-17 3.826834e-01
    outer loop
      vertex   1.990390e-01 -5.480000e+00 9.025000e+01
      vertex   3.488896e-01 -1.980000e+00 9.061177e+01
      vertex   1.990390e-01 -1.980000e+00 9.025000e+01
    endloop
  endfacet
  facet normal -7.933533e-01 -6.291422e-17 6.087614e-01
    outer loop
      vertex   1.990390e-01 -5.480000e+00 9.025000e+01
      vertex   1.990390e-01 -1.980000e+00 9.025000e+01
      vertex   -3.933898e-02 -5.480000e+00 8.993934e+01
    endloop
  endfacet
  facet normal -7.933533e-01 -9.437134e-17 6.087614e-01
    outer loop
      vertex   -3.933898e-02 -5.480000e+00 8.993934e+01
      vertex   1.990390e-01 -1.980000e+00 9.025000e+01
      vertex   -3.933898e-02 -1.980000e+00 8.993934e+01
    endloop
  endfacet
  facet normal -6.087614e-01 -7.241367e-17 7.933533e-01
    outer loop
      vertex   -3.933898e-02 -5.480000e+00 8.993934e+01
      vertex   -3.933898e-02 -1.980000e+00 8.993934e+01
      vertex   -3.499992e-01 -5.480000e+00 8.970096e+01
    endloop
  endfacet
  facet normal -6.087614e-01 -1.158619e-16 7.933533e-01
    outer loop
      vertex   -3.499992e-01 -5.480000e+00 8.970096e+01
      vertex   -3.933898e-02 -1.980000e+00 8.993934e+01
      vertex   -3.499992e-01 -1.980000e+00 8.970096e+01
    endloop
  endfacet
  facet normal -3.826834e-01 -7.283382e-17 9.238795e-01
    outer loop
      vertex   -3.499992e-01 -5.480000e+00 8.970096e+01
      vertex   -3.499992e-01 -1.980000e+00 8.970096e+01
      vertex   -7.117706e-01 -5.480000e+00 8.955111e+01
    endloop
  endfacet
  facet normal -3.826834e-01 -1.092507e-16 9.238795e-01
    outer loop
      vertex   -7.117706e-01 -5.480000e+00 8.955111e+01
      vertex   -3.499992e-01 -1.980000e+00 8.970096e+01
      vertex   -7.117706e-01 -1.980000e+00 8.955111e+01
    endloop
  endfacet
  facet normal -1.305262e-01 -3.726339e-17 9.914449e-01
    outer loop
      vertex   -7.117706e-01 -5.480000e+00 8.955111e+01
      vertex   -7.117706e-01 -1.980000e+00 8.955111e+01
      vertex   -1.099999e+00 -5.480000e+00 8.950000e+01
    endloop
  endfacet
  facet normal -1.305262e-01 0.000000e+00 9.914449e-01
    outer loop
      vertex   -1.099999e+00 -5.480000e+00 8.950000e+01
      vertex   -7.117706e-01 -1.980000e+00 8.955111e+01
      vertex   -1.099999e+00 -1.980000e+00 8.950000e+01
    endloop
  endfacet
  facet normal 1.305262e-01 -0.000000e+00 9.914449e-01
    outer loop
      vertex   -1.099999e+00 -5.480000e+00 8.950000e+01
      vertex   -1.099999e+00 -1.980000e+00 8.950000e+01
      vertex   -1.488228e+00 -5.480000e+00 8.955111e+01
    endloop
  endfacet
  facet normal 1.305262e-01 2.484226e-17 9.914449e-01
    outer loop
      vertex   -1.488228e+00 -5.480000e+00 8.955111e+01
      vertex   -1.099999e+00 -1.980000e+00 8.950000e+01
      vertex   -1.488228e+00 -1.980000e+00 8.955111e+01
    endloop
  endfacet
  facet normal 3.826834e-01 7.283382e-17 9.238795e-01
    outer loop
      vertex   -1.488228e+00 -5.480000e+00 8.955111e+01
      vertex   -1.488228e+00 -1.980000e+00 8.955111e+01
      vertex   -1.849999e+00 -5.480000e+00 8.970096e+01
    endloop
  endfacet
  facet normal 3.826834e-01 1.456676e-16 9.238795e-01
    outer loop
      vertex   -1.849999e+00 -5.480000e+00 8.970096e+01
      vertex   -1.488228e+00 -1.980000e+00 8.955111e+01
      vertex   -1.849999e+00 -1.980000e+00 8.970096e+01
    endloop
  endfacet
  facet normal 6.087614e-01 2.317238e-16 7.933533e-01
    outer loop
      vertex   -1.849999e+00 -5.480000e+00 8.970096e+01
      vertex   -1.849999e+00 -1.980000e+00 8.970096e+01
      vertex   -2.160659e+00 -5.480000e+00 8.993934e+01
    endloop
  endfacet
  facet normal 6.087614e-01 -0.000000e+00 7.933533e-01
    outer loop
      vertex   -2.160659e+00 -5.480000e+00 8.993934e+01
      vertex   -1.849999e+00 -1.980000e+00 8.970096e+01
      vertex   -2.160659e+00 -1.980000e+00 8.993934e+01
    endloop
  endfacet
  facet normal 7.933533e-01 -0.000000e+00 6.087614e-01
    outer loop
      vertex   -2.160659e+00 -5.480000e+00 8.993934e+01
      vertex   -2.160659e+00 -1.980000e+00 8.993934e+01
      vertex   -2.399037e+00 -5.480000e+00 9.025000e+01
    endloop
  endfacet
  facet normal 7.933533e-01 1.006628e-16 6.087614e-01
    outer loop
      vertex   -2.399037e+00 -5.480000e+00 9.025000e+01
      vertex   -2.160659e+00 -1.980000e+00 8.993934e+01
      vertex   -2.399037e+00 -1.980000e+00 9.025000e+01
    endloop
  endfacet
  facet normal 9.238795e-01 1.172243e-16 3.826834e-01
    outer loop
      vertex   -2.399037e+00 -5.480000e+00 9.025000e+01
      vertex   -2.399037e+00 -1.980000e+00 9.025000e+01
      vertex   -2.548888e+00 -5.480000e+00 9.061177e+01
    endloop
  endfacet
  facet normal 9.238795e-01 -0.000000e+00 3.826834e-01
    outer loop
      vertex   -2.548888e+00 -5.480000e+00 9.061177e+01
      vertex   -2.399037e+00 -1.980000e+00 9.025000e+01
      vertex   -2.548888e+00 -1.980000e+00 9.061177e+01
    endloop
  endfacet
  facet normal 9.914449e-01 -0.000000e+00 1.305262e-01
    outer loop
      vertex   -2.548888e+00 -5.480000e+00 9.061177e+01
      vertex   -2.548888e+00 -1.980000e+00 9.061177e+01
      vertex   -2.599999e+00 -5.480000e+00 9.100000e+01
    endloop
  endfacet
  facet normal 9.914449e-01 0.000000e+00 1.305262e-01
    outer loop
      vertex   -1.154889e+01 -1.980000e+00 9.061177e+01
      vertex   -1.160000e+01 -1.980000e+00 9.100000e+01
      vertex   -1.160000e+01 -5.480000e+00 9.100000e+01
    endloop
  endfacet
  facet normal 9.914449e-01 0.000000e+00 -1.305262e-01
    outer loop
      vertex   -1.160000e+01 -5.480000e+00 9.100000e+01
      vertex   -1.160000e+01 -1.980000e+00 9.100000e+01
      vertex   -1.154889e+01 -1.980000e+00 9.138823e+01
    endloop
  endfacet
  facet normal 9.914449e-01 0.000000e+00 -1.305262e-01
    outer loop
      vertex   -1.160000e+01 -5.480000e+00 9.100000e+01
      vertex   -1.154889e+01 -1.980000e+00 9.138823e+01
      vertex   -1.154889e+01 -5.480000e+00 9.138823e+01
    endloop
  endfacet
  facet normal 9.238795e-01 0.000000e+00 -3.826834e-01
    outer loop
      vertex   -1.154889e+01 -5.480000e+00 9.138823e+01
      vertex   -1.154889e+01 -1.980000e+00 9.138823e+01
      vertex   -1.139904e+01 -5.480000e+00 9.175000e+01
    endloop
  endfacet
  facet normal 9.238795e-01 0.000000e+00 -3.826834e-01
    outer loop
      vertex   -1.139904e+01 -5.480000e+00 9.175000e+01
      vertex   -1.154889e+01 -1.980000e+00 9.138823e+01
      vertex   -1.139904e+01 -1.980000e+00 9.175000e+01
    endloop
  endfacet
  facet normal 7.933533e-01 0.000000e+00 -6.087614e-01
    outer loop
      vertex   -1.139904e+01 -5.480000e+00 9.175000e+01
      vertex   -1.139904e+01 -1.980000e+00 9.175000e+01
      vertex   -1.116066e+01 -5.480000e+00 9.206066e+01
    endloop
  endfacet
  facet normal 7.933533e-01 0.000000e+00 -6.087614e-01
    outer loop
      vertex   -1.116066e+01 -5.480000e+00 9.206066e+01
      vertex   -1.139904e+01 -1.980000e+00 9.175000e+01
      vertex   -1.116066e+01 -1.980000e+00 9.206066e+01
    endloop
  endfacet
  facet normal 6.087614e-01 0.000000e+00 -7.933533e-01
    outer loop
      vertex   -1.116066e+01 -5.480000e+00 9.206066e+01
      vertex   -1.116066e+01 -1.980000e+00 9.206066e+01
      vertex   -1.085000e+01 -5.480000e+00 9.229904e+01
    endloop
  endfacet
  facet normal 6.087614e-01 0.000000e+00 -7.933533e-01
    outer loop
      vertex   -1.085000e+01 -5.480000e+00 9.229904e+01
      vertex   -1.116066e+01 -1.980000e+00 9.206066e+01
      vertex   -1.085000e+01 -1.980000e+00 9.229904e+01
    endloop
  endfacet
  facet normal 3.826834e-01 0.000000e+00 -9.238795e-01
    outer loop
      vertex   -1.085000e+01 -5.480000e+00 9.229904e+01
      vertex   -1.085000e+01 -1.980000e+00 9.229904e+01
      vertex   -1.048823e+01 -5.480000e+00 9.244889e+01
    endloop
  endfacet
  facet normal 3.826834e-01 0.000000e+00 -9.238795e-01
    outer loop
      vertex   -1.048823e+01 -5.480000e+00 9.244889e+01
      vertex   -1.085000e+01 -1.980000e+00 9.229904e+01
      vertex   -1.048823e+01 -1.980000e+00 9.244889e+01
    endloop
  endfacet
  facet normal 1.305262e-01 0.000000e+00 -9.914449e-01
    outer loop
      vertex   -1.048823e+01 -5.480000e+00 9.244889e+01
      vertex   -1.048823e+01 -1.980000e+00 9.244889e+01
      vertex   -1.010000e+01 -5.480000e+00 9.250000e+01
    endloop
  endfacet
  facet normal 1.305262e-01 0.000000e+00 -9.914449e-01
    outer loop
      vertex   -1.010000e+01 -5.480000e+00 9.250000e+01
      vertex   -1.048823e+01 -1.980000e+00 9.244889e+01
      vertex   -1.010000e+01 -1.980000e+00 9.250000e+01
    endloop
  endfacet
  facet normal -1.305262e-01 0.000000e+00 -9.914449e-01
    outer loop
      vertex   -1.010000e+01 -5.480000e+00 9.250000e+01
      vertex   -1.010000e+01 -1.980000e+00 9.250000e+01
      vertex   -9.711771e+00 -5.480000e+00 9.244889e+01
    endloop
  endfacet
  facet normal -1.305262e-01 0.000000e+00 -9.914449e-01
    outer loop
      vertex   -9.711771e+00 -5.480000e+00 9.244889e+01
      vertex   -1.010000e+01 -1.980000e+00 9.250000e+01
      vertex   -9.711771e+00 -1.980000e+00 9.244889e+01
    endloop
  endfacet
  facet normal -3.826834e-01 0.000000e+00 -9.238795e-01
    outer loop
      vertex   -9.711771e+00 -5.480000e+00 9.244889e+01
      vertex   -9.711771e+00 -1.980000e+00 9.244889e+01
      vertex   -9.349999e+00 -5.480000e+00 9.229904e+01
    endloop
  endfacet
  facet normal -3.826834e-01 0.000000e+00 -9.238795e-01
    outer loop
      vertex   -9.349999e+00 -5.480000e+00 9.229904e+01
      vertex   -9.711771e+00 -1.980000e+00 9.244889e+01
      vertex   -9.349999e+00 -1.980000e+00 9.229904e+01
    endloop
  endfacet
  facet normal -6.087614e-01 0.000000e+00 -7.933533e-01
    outer loop
      vertex   -9.349999e+00 -5.480000e+00 9.229904e+01
      vertex   -9.349999e+00 -1.980000e+00 9.229904e+01
      vertex   -9.039339e+00 -5.480000e+00 9.206066e+01
    endloop
  endfacet
  facet normal -6.087614e-01 0.000000e+00 -7.933533e-01
    outer loop
      vertex   -9.039339e+00 -5.480000e+00 9.206066e+01
      vertex   -9.349999e+00 -1.980000e+00 9.229904e+01
      vertex   -9.039339e+00 -1.980000e+00 9.206066e+01
    endloop
  endfacet
  facet normal -7.933533e-01 0.000000e+00 -6.087614e-01
    outer loop
      vertex   -9.039339e+00 -5.480000e+00 9.206066e+01
      vertex   -9.039339e+00 -1.980000e+00 9.206066e+01
      vertex   -8.800961e+00 -5.480000e+00 9.175000e+01
    endloop
  endfacet
  facet normal -7.933533e-01 4.026510e-16 -6.087614e-01
    outer loop
      vertex   -8.800961e+00 -5.480000e+00 9.175000e+01
      vertex   -9.039339e+00 -1.980000e+00 9.206066e+01
      vertex   -8.800961e+00 -1.980000e+00 9.175000e+01
    endloop
  endfacet
  facet normal -9.238795e-01 4.688971e-16 -3.826834e-01
    outer loop
      vertex   -8.800961e+00 -5.480000e+00 9.175000e+01
      vertex   -8.800961e+00 -1.980000e+00 9.175000e+01
      vertex   -8.651111e+00 -5.480000e+00 9.138823e+01
    endloop
  endfacet
  facet normal -9.238795e-01 4.688971e-16 -3.826834e-01
    outer loop
      vertex   -8.651111e+00 -5.480000e+00 9.138823e+01
      vertex   -8.800961e+00 -1.980000e+00 9.175000e+01
      vertex   -8.651111e+00 -1.980000e+00 9.138823e+01
    endloop
  endfacet
  facet normal -9.914449e-01 5.031885e-16 -1.305262e-01
    outer loop
      vertex   -8.651111e+00 -5.480000e+00 9.138823e+01
      vertex   -8.651111e+00 -1.980000e+00 9.138823e+01
      vertex   -8.599999e+00 -5.480000e+00 9.100000e+01
    endloop
  endfacet
  facet normal -9.914449e-01 0.000000e+00 -1.305262e-01
    outer loop
      vertex   -8.599999e+00 -5.480000e+00 9.100000e+01
      vertex   -8.651111e+00 -1.980000e+00 9.138823e+01
      vertex   -8.599999e+00 -1.980000e+00 9.100000e+01
    endloop
  endfacet
  facet normal -9.914449e-01 0.000000e+00 1.305262e-01
    outer loop
      vertex   -8.599999e+00 -5.480000e+00 9.100000e+01
      vertex   -8.599999e+00 -1.980000e+00 9.100000e+01
      vertex   -8.651111e+00 -5.480000e+00 9.061177e+01
    endloop
  endfacet
  facet normal -9.914449e-01 -5.031885e-16 1.305262e-01
    outer loop
      vertex   -8.651111e+00 -5.480000e+00 9.061177e+01
      vertex   -8.599999e+00 -1.980000e+00 9.100000e+01
      vertex   -8.651111e+00 -1.980000e+00 9.061177e+01
    endloop
  endfacet
  facet normal -9.238795e-01 -4.688971e-16 3.826834e-01
    outer loop
      vertex   -8.651111e+00 -5.480000e+00 9.061177e+01
      vertex   -8.651111e+00 -1.980000e+00 9.061177e+01
      vertex   -8.800961e+00 -5.480000e+00 9.025000e+01
    endloop
  endfacet
  facet normal -9.238795e-01 -4.688971e-16 3.826834e-01
    outer loop
      vertex   -8.800961e+00 -5.480000e+00 9.025000e+01
      vertex   -8.651111e+00 -1.980000e+00 9.061177e+01
      vertex   -8.800961e+00 -1.980000e+00 9.025000e+01
    endloop
  endfacet
  facet normal -7.933533e-01 -4.026510e-16 6.087614e-01
    outer loop
      vertex   -8.800961e+00 -5.480000e+00 9.025000e+01
      vertex   -8.800961e+00 -1.980000e+00 9.025000e+01
      vertex   -9.039339e+00 -5.480000e+00 8.993934e+01
    endloop
  endfacet
  facet normal -7.933533e-01 0.000000e+00 6.087614e-01
    outer loop
      vertex   -9.039339e+00 -5.480000e+00 8.993934e+01
      vertex   -8.800961e+00 -1.980000e+00 9.025000e+01
      vertex   -9.039339e+00 -1.980000e+00 8.993934e+01
    endloop
  endfacet
  facet normal -6.087614e-01 0.000000e+00 7.933533e-01
    outer loop
      vertex   -9.039339e+00 -5.480000e+00 8.993934e+01
      vertex   -9.039339e+00 -1.980000e+00 8.993934e+01
      vertex   -9.349999e+00 -5.480000e+00 8.970096e+01
    endloop
  endfacet
  facet normal -6.087614e-01 0.000000e+00 7.933533e-01
    outer loop
      vertex   -9.349999e+00 -5.480000e+00 8.970096e+01
      vertex   -9.039339e+00 -1.980000e+00 8.993934e+01
      vertex   -9.349999e+00 -1.980000e+00 8.970096e+01
    endloop
  endfacet
  facet normal -3.826834e-01 0.000000e+00 9.238795e-01
    outer loop
      vertex   -9.349999e+00 -5.480000e+00 8.970096e+01
      vertex   -9.349999e+00 -1.980000e+00 8.970096e+01
      vertex   -9.711771e+00 -5.480000e+00 8.955111e+01
    endloop
  endfacet
  facet normal -3.826834e-01 0.000000e+00 9.238795e-01
    outer loop
      vertex   -9.711771e+00 -5.480000e+00 8.955111e+01
      vertex   -9.349999e+00 -1.980000e+00 8.970096e+01
      vertex   -9.711771e+00 -1.980000e+00 8.955111e+01
    endloop
  endfacet
  facet normal -1.305262e-01 0.000000e+00 9.914449e-01
    outer loop
      vertex   -9.711771e+00 -5.480000e+00 8.955111e+01
      vertex   -9.711771e+00 -1.980000e+00 8.955111e+01
      vertex   -1.010000e+01 -5.480000e+00 8.950000e+01
    endloop
  endfacet
  facet normal -1.305262e-01 0.000000e+00 9.914449e-01
    outer loop
      vertex   -1.010000e+01 -5.480000e+00 8.950000e+01
      vertex   -9.711771e+00 -1.980000e+00 8.955111e+01
      vertex   -1.010000e+01 -1.980000e+00 8.950000e+01
    endloop
  endfacet
  facet normal 1.305262e-01 -0.000000e+00 9.914449e-01
    outer loop
      vertex   -1.010000e+01 -5.480000e+00 8.950000e+01
      vertex   -1.010000e+01 -1.980000e+00 8.950000e+01
      vertex   -1.048823e+01 -5.480000e+00 8.955111e+01
    endloop
  endfacet
  facet normal 1.305262e-01 -0.000000e+00 9.914449e-01
    outer loop
      vertex   -1.048823e+01 -5.480000e+00 8.955111e+01
      vertex   -1.010000e+01 -1.980000e+00 8.950000e+01
      vertex   -1.048823e+01 -1.980000e+00 8.955111e+01
    endloop
  endfacet
  facet normal 3.826834e-01 -0.000000e+00 9.238795e-01
    outer loop
      vertex   -1.048823e+01 -5.480000e+00 8.955111e+01
      vertex   -1.048823e+01 -1.980000e+00 8.955111e+01
      vertex   -1.085000e+01 -5.480000e+00 8.970096e+01
    endloop
  endfacet
  facet normal 3.826834e-01 -0.000000e+00 9.238795e-01
    outer loop
      vertex   -1.085000e+01 -5.480000e+00 8.970096e+01
      vertex   -1.048823e+01 -1.980000e+00 8.955111e+01
      vertex   -1.085000e+01 -1.980000e+00 8.970096e+01
    endloop
  endfacet
  facet normal 6.087614e-01 -0.000000e+00 7.933533e-01
    outer loop
      vertex   -1.085000e+01 -5.480000e+00 8.970096e+01
      vertex   -1.085000e+01 -1.980000e+00 8.970096e+01
      vertex   -1.116066e+01 -5.480000e+00 8.993934e+01
    endloop
  endfacet
  facet normal 6.087614e-01 -0.000000e+00 7.933533e-01
    outer loop
      vertex   -1.116066e+01 -5.480000e+00 8.993934e+01
      vertex   -1.085000e+01 -1.980000e+00 8.970096e+01
      vertex   -1.116066e+01 -1.980000e+00 8.993934e+01
    endloop
  endfacet
  facet normal 7.933533e-01 -0.000000e+00 6.087614e-01
    outer loop
      vertex   -1.116066e+01 -5.480000e+00 8.993934e+01
      vertex   -1.116066e+01 -1.980000e+00 8.993934e+01
      vertex   -1.139904e+01 -5.480000e+00 9.025000e+01
    endloop
  endfacet
  facet normal 7.933533e-01 -0.000000e+00 6.087614e-01
    outer loop
      vertex   -1.139904e+01 -5.480000e+00 9.025000e+01
      vertex   -1.116066e+01 -1.980000e+00 8.993934e+01
      vertex   -1.139904e+01 -1.980000e+00 9.025000e+01
    endloop
  endfacet
  facet normal 9.238795e-01 -0.000000e+00 3.826834e-01
    outer loop
      vertex   -1.139904e+01 -5.480000e+00 9.025000e+01
      vertex   -1.139904e+01 -1.980000e+00 9.025000e+01
      vertex   -1.154889e+01 -5.480000e+00 9.061177e+01
    endloop
  endfacet
  facet normal 9.238795e-01 -0.000000e+00 3.826834e-01
    outer loop
      vertex   -1.154889e+01 -5.480000e+00 9.061177e+01
      vertex   -1.139904e+01 -1.980000e+00 9.025000e+01
      vertex   -1.154889e+01 -1.980000e+00 9.061177e+01
    endloop
  endfacet
  facet normal 9.914449e-01 -0.000000e+00 1.305262e-01
    outer loop
      vertex   -1.154889e+01 -5.480000e+00 9.061177e+01
      vertex   -1.154889e+01 -1.980000e+00 9.061177e+01
      vertex   -1.160000e+01 -5.480000e+00 9.100000e+01
    endloop
  endfacet
  facet normal 9.914449e-01 0.000000e+00 -1.305262e-01
    outer loop
      vertex   -4.213936e+01 -1.980000e+00 5.758650e+01
      vertex   -4.213936e+01 -5.480000e+00 5.758650e+01
      vertex   -4.218877e+01 -1.980000e+00 5.721121e+01
    endloop
  endfacet
  facet normal 9.914449e-01 0.000000e+00 -1.305262e-01
    outer loop
      vertex   -4.218877e+01 -1.980000e+00 5.721121e+01
      vertex   -4.213936e+01 -5.480000e+00 5.758650e+01
      vertex   -4.218877e+01 -5.480000e+00 5.721121e+01
    endloop
  endfacet
  facet normal 9.914449e-01 0.000000e+00 1.305262e-01
    outer loop
      vertex   -4.218877e+01 -1.980000e+00 5.721121e+01
      vertex   -4.218877e+01 -5.480000e+00 5.721121e+01
      vertex   -4.213936e+01 -1.980000e+00 5.683592e+01
    endloop
  endfacet
  facet normal 9.914449e-01 0.000000e+00 1.305262e-01
    outer loop
      vertex   -4.213936e+01 -1.980000e+00 5.683592e+01
      vertex   -4.218877e+01 -5.480000e+00 5.721121e+01
      vertex   -4.213936e+01 -5.480000e+00 5.683592e+01
    endloop
  endfacet
  facet normal 9.238795e-01 0.000000e+00 3.826834e-01
    outer loop
      vertex   -4.213936e+01 -1.980000e+00 5.683592e+01
      vertex   -4.213936e+01 -5.480000e+00 5.683592e+01
      vertex   -4.199450e+01 -1.980000e+00 5.648621e+01
    endloop
  endfacet
  facet normal 9.238795e-01 0.000000e+00 3.826834e-01
    outer loop
      vertex   -4.199450e+01 -1.980000e+00 5.648621e+01
      vertex   -4.213936e+01 -5.480000e+00 5.683592e+01
      vertex   -4.199450e+01 -5.480000e+00 5.648621e+01
    endloop
  endfacet
  facet normal 7.933533e-01 0.000000e+00 6.087614e-01
    outer loop
      vertex   -4.199450e+01 -1.980000e+00 5.648621e+01
      vertex   -4.199450e+01 -5.480000e+00 5.648621e+01
      vertex   -4.176407e+01 -1.980000e+00 5.618590e+01
    endloop
  endfacet
  facet normal 7.933533e-01 0.000000e+00 6.087614e-01
    outer loop
      vertex   -4.176407e+01 -1.980000e+00 5.618590e+01
      vertex   -4.199450e+01 -5.480000e+00 5.648621e+01
      vertex   -4.176407e+01 -5.480000e+00 5.618590e+01
    endloop
  endfacet
  facet normal 6.087614e-01 0.000000e+00 7.933533e-01
    outer loop
      vertex   -4.176407e+01 -1.980000e+00 5.618590e+01
      vertex   -4.176407e+01 -5.480000e+00 5.618590e+01
      vertex   -4.146377e+01 -1.980000e+00 5.595547e+01
    endloop
  endfacet
  facet normal 6.087614e-01 0.000000e+00 7.933533e-01
    outer loop
      vertex   -4.146377e+01 -1.980000e+00 5.595547e+01
      vertex   -4.176407e+01 -5.480000e+00 5.618590e+01
      vertex   -4.146377e+01 -5.480000e+00 5.595547e+01
    endloop
  endfacet
  facet normal 3.826834e-01 0.000000e+00 9.238795e-01
    outer loop
      vertex   -4.146377e+01 -1.980000e+00 5.595547e+01
      vertex   -4.146377e+01 -5.480000e+00 5.595547e+01
      vertex   -4.111405e+01 -1.980000e+00 5.581062e+01
    endloop
  endfacet
  facet normal 3.826834e-01 0.000000e+00 9.238795e-01
    outer loop
      vertex   -4.111405e+01 -1.980000e+00 5.581062e+01
      vertex   -4.146377e+01 -5.480000e+00 5.595547e+01
      vertex   -4.111405e+01 -5.480000e+00 5.581062e+01
    endloop
  endfacet
  facet normal 1.305262e-01 0.000000e+00 9.914449e-01
    outer loop
      vertex   -4.111405e+01 -1.980000e+00 5.581062e+01
      vertex   -4.111405e+01 -5.480000e+00 5.581062e+01
      vertex   -4.073877e+01 -1.980000e+00 5.576121e+01
    endloop
  endfacet
  facet normal 1.305262e-01 0.000000e+00 9.914449e-01
    outer loop
      vertex   -4.073877e+01 -1.980000e+00 5.576121e+01
      vertex   -4.111405e+01 -5.480000e+00 5.581062e+01
      vertex   -4.073877e+01 -5.480000e+00 5.576121e+01
    endloop
  endfacet
  facet normal -1.305262e-01 0.000000e+00 9.914449e-01
    outer loop
      vertex   -4.073877e+01 -1.980000e+00 5.576121e+01
      vertex   -4.073877e+01 -5.480000e+00 5.576121e+01
      vertex   -4.036348e+01 -1.980000e+00 5.581062e+01
    endloop
  endfacet
  facet normal -1.305262e-01 0.000000e+00 9.914449e-01
    outer loop
      vertex   -4.036348e+01 -1.980000e+00 5.581062e+01
      vertex   -4.073877e+01 -5.480000e+00 5.576121e+01
      vertex   -4.036348e+01 -5.480000e+00 5.581062e+01
    endloop
  endfacet
  facet normal -3.826834e-01 0.000000e+00 9.238795e-01
    outer loop
      vertex   -4.036348e+01 -1.980000e+00 5.581062e+01
      vertex   -4.036348e+01 -5.480000e+00 5.581062e+01
      vertex   -4.001377e+01 -1.980000e+00 5.595547e+01
    endloop
  endfacet
  facet normal -3.826834e-01 0.000000e+00 9.238795e-01
    outer loop
      vertex   -4.001377e+01 -1.980000e+00 5.595547e+01
      vertex   -4.036348e+01 -5.480000e+00 5.581062e+01
      vertex   -4.001377e+01 -5.480000e+00 5.595547e+01
    endloop
  endfacet
  facet normal -6.087614e-01 0.000000e+00 7.933533e-01
    outer loop
      vertex   -4.001377e+01 -1.980000e+00 5.595547e+01
      vertex   -4.001377e+01 -5.480000e+00 5.595547e+01
      vertex   -3.971346e+01 -1.980000e+00 5.618590e+01
    endloop
  endfacet
  facet normal -6.087614e-01 0.000000e+00 7.933533e-01
    outer loop
      vertex   -3.971346e+01 -1.980000e+00 5.618590e+01
      vertex   -4.001377e+01 -5.480000e+00 5.595547e+01
      vertex   -3.971346e+01 -5.480000e+00 5.618590e+01
    endloop
  endfacet
  facet normal -7.933533e-01 0.000000e+00 6.087614e-01
    outer loop
      vertex   -3.971346e+01 -1.980000e+00 5.618590e+01
      vertex   -3.971346e+01 -5.480000e+00 5.618590e+01
      vertex   -3.948303e+01 -1.980000e+00 5.648621e+01
    endloop
  endfacet
  facet normal -7.933533e-01 0.000000e+00 6.087614e-01
    outer loop
      vertex   -3.948303e+01 -1.980000e+00 5.648621e+01
      vertex   -3.971346e+01 -5.480000e+00 5.618590e+01
      vertex   -3.948303e+01 -5.480000e+00 5.648621e+01
    endloop
  endfacet
  facet normal -9.238795e-01 0.000000e+00 3.826834e-01
    outer loop
      vertex   -3.948303e+01 -1.980000e+00 5.648621e+01
      vertex   -3.948303e+01 -5.480000e+00 5.648621e+01
      vertex   -3.933817e+01 -1.980000e+00 5.683592e+01
    endloop
  endfacet
  facet normal -9.238795e-01 0.000000e+00 3.826834e-01
    outer loop
      vertex   -3.933817e+01 -1.980000e+00 5.683592e+01
      vertex   -3.948303e+01 -5.480000e+00 5.648621e+01
      vertex   -3.933817e+01 -5.480000e+00 5.683592e+01
    endloop
  endfacet
  facet normal -9.914449e-01 0.000000e+00 1.305262e-01
    outer loop
      vertex   -3.933817e+01 -1.980000e+00 5.683592e+01
      vertex   -3.933817e+01 -5.480000e+00 5.683592e+01
      vertex   -3.928877e+01 -1.980000e+00 5.721121e+01
    endloop
  endfacet
  facet normal -9.914449e-01 0.000000e+00 1.305262e-01
    outer loop
      vertex   -3.928877e+01 -1.980000e+00 5.721121e+01
      vertex   -3.933817e+01 -5.480000e+00 5.683592e+01
      vertex   -3.928877e+01 -5.480000e+00 5.721121e+01
    endloop
  endfacet
  facet normal -9.914449e-01 -0.000000e+00 -1.305262e-01
    outer loop
      vertex   -3.928877e+01 -1.980000e+00 5.721121e+01
      vertex   -3.928877e+01 -5.480000e+00 5.721121e+01
      vertex   -3.933817e+01 -1.980000e+00 5.758650e+01
    endloop
  endfacet
  facet normal -9.914449e-01 -0.000000e+00 -1.305262e-01
    outer loop
      vertex   -3.933817e+01 -1.980000e+00 5.758650e+01
      vertex   -3.928877e+01 -5.480000e+00 5.721121e+01
      vertex   -3.933817e+01 -5.480000e+00 5.758650e+01
    endloop
  endfacet
  facet normal -9.238795e-01 -0.000000e+00 -3.826834e-01
    outer loop
      vertex   -3.933817e+01 -1.980000e+00 5.758650e+01
      vertex   -3.933817e+01 -5.480000e+00 5.758650e+01
      vertex   -3.948303e+01 -1.980000e+00 5.793621e+01
    endloop
  endfacet
  facet normal -9.238795e-01 -0.000000e+00 -3.826834e-01
    outer loop
      vertex   -3.948303e+01 -1.980000e+00 5.793621e+01
      vertex   -3.933817e+01 -5.480000e+00 5.758650e+01
      vertex   -3.948303e+01 -5.480000e+00 5.793621e+01
    endloop
  endfacet
  facet normal -7.933533e-01 -0.000000e+00 -6.087614e-01
    outer loop
      vertex   -3.948303e+01 -1.980000e+00 5.793621e+01
      vertex   -3.948303e+01 -5.480000e+00 5.793621e+01
      vertex   -3.971346e+01 -1.980000e+00 5.823651e+01
    endloop
  endfacet
  facet normal -7.933533e-01 -0.000000e+00 -6.087614e-01
    outer loop
      vertex   -3.971346e+01 -1.980000e+00 5.823651e+01
      vertex   -3.948303e+01 -5.480000e+00 5.793621e+01
      vertex   -3.971346e+01 -5.480000e+00 5.823651e+01
    endloop
  endfacet
  facet normal -6.087614e-01 -0.000000e+00 -7.933533e-01
    outer loop
      vertex   -3.971346e+01 -1.980000e+00 5.823651e+01
      vertex   -3.971346e+01 -5.480000e+00 5.823651e+01
      vertex   -4.001377e+01 -1.980000e+00 5.846695e+01
    endloop
  endfacet
  facet normal -6.087614e-01 -0.000000e+00 -7.933533e-01
    outer loop
      vertex   -4.001377e+01 -1.980000e+00 5.846695e+01
      vertex   -3.971346e+01 -5.480000e+00 5.823651e+01
      vertex   -4.001377e+01 -5.480000e+00 5.846695e+01
    endloop
  endfacet
  facet normal -3.826834e-01 -0.000000e+00 -9.238795e-01
    outer loop
      vertex   -4.001377e+01 -1.980000e+00 5.846695e+01
      vertex   -4.001377e+01 -5.480000e+00 5.846695e+01
      vertex   -4.036348e+01 -1.980000e+00 5.861180e+01
    endloop
  endfacet
  facet normal -3.826834e-01 -0.000000e+00 -9.238795e-01
    outer loop
      vertex   -4.036348e+01 -1.980000e+00 5.861180e+01
      vertex   -4.001377e+01 -5.480000e+00 5.846695e+01
      vertex   -4.036348e+01 -5.480000e+00 5.861180e+01
    endloop
  endfacet
  facet normal -1.305262e-01 -0.000000e+00 -9.914449e-01
    outer loop
      vertex   -4.036348e+01 -1.980000e+00 5.861180e+01
      vertex   -4.036348e+01 -5.480000e+00 5.861180e+01
      vertex   -4.073877e+01 -1.980000e+00 5.866121e+01
    endloop
  endfacet
  facet normal -1.305262e-01 -0.000000e+00 -9.914449e-01
    outer loop
      vertex   -4.073877e+01 -1.980000e+00 5.866121e+01
      vertex   -4.036348e+01 -5.480000e+00 5.861180e+01
      vertex   -4.073877e+01 -5.480000e+00 5.866121e+01
    endloop
  endfacet
  facet normal 1.305262e-01 0.000000e+00 -9.914449e-01
    outer loop
      vertex   -4.073877e+01 -1.980000e+00 5.866121e+01
      vertex   -4.073877e+01 -5.480000e+00 5.866121e+01
      vertex   -4.111405e+01 -1.980000e+00 5.861180e+01
    endloop
  endfacet
  facet normal 1.305262e-01 0.000000e+00 -9.914449e-01
    outer loop
      vertex   -4.111405e+01 -1.980000e+00 5.861180e+01
      vertex   -4.073877e+01 -5.480000e+00 5.866121e+01
      vertex   -4.111405e+01 -5.480000e+00 5.861180e+01
    endloop
  endfacet
  facet normal 3.826834e-01 0.000000e+00 -9.238795e-01
    outer loop
      vertex   -4.111405e+01 -1.980000e+00 5.861180e+01
      vertex   -4.111405e+01 -5.480000e+00 5.861180e+01
      vertex   -4.146377e+01 -1.980000e+00 5.846695e+01
    endloop
  endfacet
  facet normal 3.826834e-01 0.000000e+00 -9.238795e-01
    outer loop
      vertex   -4.146377e+01 -1.980000e+00 5.846695e+01
      vertex   -4.111405e+01 -5.480000e+00 5.861180e+01
      vertex   -4.146377e+01 -5.480000e+00 5.846695e+01
    endloop
  endfacet
  facet normal 6.087614e-01 0.000000e+00 -7.933533e-01
    outer loop
      vertex   -4.146377e+01 -1.980000e+00 5.846695e+01
      vertex   -4.146377e+01 -5.480000e+00 5.846695e+01
      vertex   -4.176407e+01 -1.980000e+00 5.823651e+01
    endloop
  endfacet
  facet normal 6.087614e-01 0.000000e+00 -7.933533e-01
    outer loop
      vertex   -4.176407e+01 -1.980000e+00 5.823651e+01
      vertex   -4.146377e+01 -5.480000e+00 5.846695e+01
      vertex   -4.176407e+01 -5.480000e+00 5.823651e+01
    endloop
  endfacet
  facet normal 7.933533e-01 0.000000e+00 -6.087614e-01
    outer loop
      vertex   -4.176407e+01 -1.980000e+00 5.823651e+01
      vertex   -4.176407e+01 -5.480000e+00 5.823651e+01
      vertex   -4.199450e+01 -1.980000e+00 5.793621e+01
    endloop
  endfacet
  facet normal 7.933533e-01 0.000000e+00 -6.087614e-01
    outer loop
      vertex   -4.199450e+01 -1.980000e+00 5.793621e+01
      vertex   -4.176407e+01 -5.480000e+00 5.823651e+01
      vertex   -4.199450e+01 -5.480000e+00 5.793621e+01
    endloop
  endfacet
  facet normal 9.238795e-01 0.000000e+00 -3.826834e-01
    outer loop
      vertex   -4.199450e+01 -1.980000e+00 5.793621e+01
      vertex   -4.199450e+01 -5.480000e+00 5.793621e+01
      vertex   -4.213936e+01 -1.980000e+00 5.758650e+01
    endloop
  endfacet
  facet normal 9.238795e-01 0.000000e+00 -3.826834e-01
    outer loop
      vertex   -4.213936e+01 -1.980000e+00 5.758650e+01
      vertex   -4.199450e+01 -5.480000e+00 5.793621e+01
      vertex   -4.213936e+01 -5.480000e+00 5.758650e+01
    endloop
  endfacet
  facet normal 9.914449e-01 -2.012754e-15 -1.305262e-01
    outer loop
      vertex   3.918200e+01 -1.980000e+00 5.758650e+01
      vertex   3.918200e+01 -5.480000e+00 5.758650e+01
      vertex   3.913259e+01 -1.980000e+00 5.721121e+01
    endloop
  endfacet
  facet normal 9.914449e-01 0.000000e+00 -1.305262e-01
    outer loop
      vertex   3.913259e+01 -1.980000e+00 5.721121e+01
      vertex   3.918200e+01 -5.480000e+00 5.758650e+01
      vertex   3.913259e+01 -5.480000e+00 5.721121e+01
    endloop
  endfacet
  facet normal 9.914449e-01 0.000000e+00 1.305262e-01
    outer loop
      vertex   3.913259e+01 -1.980000e+00 5.721121e+01
      vertex   3.913259e+01 -5.480000e+00 5.721121e+01
      vertex   3.918200e+01 -1.980000e+00 5.683592e+01
    endloop
  endfacet
  facet normal 9.914449e-01 2.012754e-15 1.305262e-01
    outer loop
      vertex   3.918200e+01 -1.980000e+00 5.683592e+01
      vertex   3.913259e+01 -5.480000e+00 5.721121e+01
      vertex   3.918200e+01 -5.480000e+00 5.683592e+01
    endloop
  endfacet
  facet normal 9.238795e-01 1.875588e-15 3.826834e-01
    outer loop
      vertex   3.918200e+01 -1.980000e+00 5.683592e+01
      vertex   3.918200e+01 -5.480000e+00 5.683592e+01
      vertex   3.932686e+01 -1.980000e+00 5.648621e+01
    endloop
  endfacet
  facet normal 9.238795e-01 -7.768941e-16 3.826834e-01
    outer loop
      vertex   3.932686e+01 -1.980000e+00 5.648621e+01
      vertex   3.918200e+01 -5.480000e+00 5.683592e+01
      vertex   3.932686e+01 -5.480000e+00 5.648621e+01
    endloop
  endfacet
  facet normal 7.933533e-01 -1.235860e-15 6.087614e-01
    outer loop
      vertex   3.932686e+01 -1.980000e+00 5.648621e+01
      vertex   3.932686e+01 -5.480000e+00 5.648621e+01
      vertex   3.955729e+01 -1.980000e+00 5.618590e+01
    endloop
  endfacet
  facet normal 7.933533e-01 0.000000e+00 6.087614e-01
    outer loop
      vertex   3.955729e+01 -1.980000e+00 5.618590e+01
      vertex   3.932686e+01 -5.480000e+00 5.648621e+01
      vertex   3.955729e+01 -5.480000e+00 5.618590e+01
    endloop
  endfacet
  facet normal 6.087614e-01 0.000000e+00 7.933533e-01
    outer loop
      vertex   3.955729e+01 -1.980000e+00 5.618590e+01
      vertex   3.955729e+01 -5.480000e+00 5.618590e+01
      vertex   3.985759e+01 -1.980000e+00 5.595547e+01
    endloop
  endfacet
  facet normal 6.087614e-01 0.000000e+00 7.933533e-01
    outer loop
      vertex   3.985759e+01 -1.980000e+00 5.595547e+01
      vertex   3.955729e+01 -5.480000e+00 5.618590e+01
      vertex   3.985759e+01 -5.480000e+00 5.595547e+01
    endloop
  endfacet
  facet normal 3.826834e-01 0.000000e+00 9.238795e-01
    outer loop
      vertex   3.985759e+01 -1.980000e+00 5.595547e+01
      vertex   3.985759e+01 -5.480000e+00 5.595547e+01
      vertex   4.020731e+01 -1.980000e+00 5.581062e+01
    endloop
  endfacet
  facet normal 3.826834e-01 0.000000e+00 9.238795e-01
    outer loop
      vertex   4.020731e+01 -1.980000e+00 5.581062e+01
      vertex   3.985759e+01 -5.480000e+00 5.595547e+01
      vertex   4.020731e+01 -5.480000e+00 5.581062e+01
    endloop
  endfacet
  facet normal 1.305262e-01 0.000000e+00 9.914449e-01
    outer loop
      vertex   4.020731e+01 -1.980000e+00 5.581062e+01
      vertex   4.020731e+01 -5.480000e+00 5.581062e+01
      vertex   4.058259e+01 -1.980000e+00 5.576121e+01
    endloop
  endfacet
  facet normal 1.305262e-01 0.000000e+00 9.914449e-01
    outer loop
      vertex   4.058259e+01 -1.980000e+00 5.576121e+01
      vertex   4.020731e+01 -5.480000e+00 5.581062e+01
      vertex   4.058259e+01 -5.480000e+00 5.576121e+01
    endloop
  endfacet
  facet normal -1.305262e-01 0.000000e+00 9.914449e-01
    outer loop
      vertex   4.058259e+01 -1.980000e+00 5.576121e+01
      vertex   4.058259e+01 -5.480000e+00 5.576121e+01
      vertex   4.095788e+01 -1.980000e+00 5.581062e+01
    endloop
  endfacet
  facet normal -1.305262e-01 0.000000e+00 9.914449e-01
    outer loop
      vertex   4.095788e+01 -1.980000e+00 5.581062e+01
      vertex   4.058259e+01 -5.480000e+00 5.576121e+01
      vertex   4.095788e+01 -5.480000e+00 5.581062e+01
    endloop
  endfacet
  facet normal -3.826834e-01 0.000000e+00 9.238795e-01
    outer loop
      vertex   4.095788e+01 -1.980000e+00 5.581062e+01
      vertex   4.095788e+01 -5.480000e+00 5.581062e+01
      vertex   4.130759e+01 -1.980000e+00 5.595547e+01
    endloop
  endfacet
  facet normal -3.826834e-01 -1.553788e-15 9.238795e-01
    outer loop
      vertex   4.130759e+01 -1.980000e+00 5.595547e+01
      vertex   4.095788e+01 -5.480000e+00 5.581062e+01
      vertex   4.130759e+01 -5.480000e+00 5.595547e+01
    endloop
  endfacet
  facet normal -6.087614e-01 -2.471720e-15 7.933533e-01
    outer loop
      vertex   4.130759e+01 -1.980000e+00 5.595547e+01
      vertex   4.130759e+01 -5.480000e+00 5.595547e+01
      vertex   4.160790e+01 -1.980000e+00 5.618590e+01
    endloop
  endfacet
  facet normal -6.087614e-01 0.000000e+00 7.933533e-01
    outer loop
      vertex   4.160790e+01 -1.980000e+00 5.618590e+01
      vertex   4.130759e+01 -5.480000e+00 5.595547e+01
      vertex   4.160790e+01 -5.480000e+00 5.618590e+01
    endloop
  endfacet
  facet normal -7.933533e-01 0.000000e+00 6.087614e-01
    outer loop
      vertex   4.160790e+01 -1.980000e+00 5.618590e+01
      vertex   4.160790e+01 -5.480000e+00 5.618590e+01
      vertex   4.183833e+01 -1.980000e+00 5.648621e+01
    endloop
  endfacet
  facet normal -7.933533e-01 1.235860e-15 6.087614e-01
    outer loop
      vertex   4.183833e+01 -1.980000e+00 5.648621e+01
      vertex   4.160790e+01 -5.480000e+00 5.618590e+01
      vertex   4.183833e+01 -5.480000e+00 5.648621e+01
    endloop
  endfacet
  facet normal -9.238795e-01 7.768941e-16 3.826834e-01
    outer loop
      vertex   4.183833e+01 -1.980000e+00 5.648621e+01
      vertex   4.183833e+01 -5.480000e+00 5.648621e+01
      vertex   4.198319e+01 -1.980000e+00 5.683592e+01
    endloop
  endfacet
  facet normal -9.238795e-01 0.000000e+00 3.826834e-01
    outer loop
      vertex   4.198319e+01 -1.980000e+00 5.683592e+01
      vertex   4.183833e+01 -5.480000e+00 5.648621e+01
      vertex   4.198319e+01 -5.480000e+00 5.683592e+01
    endloop
  endfacet
  facet normal -9.914449e-01 0.000000e+00 1.305262e-01
    outer loop
      vertex   4.198319e+01 -1.980000e+00 5.683592e+01
      vertex   4.198319e+01 -5.480000e+00 5.683592e+01
      vertex   4.203259e+01 -1.980000e+00 5.721121e+01
    endloop
  endfacet
  facet normal -9.914449e-01 0.000000e+00 1.305262e-01
    outer loop
      vertex   4.203259e+01 -1.980000e+00 5.721121e+01
      vertex   4.198319e+01 -5.480000e+00 5.683592e+01
      vertex   4.203259e+01 -5.480000e+00 5.721121e+01
    endloop
  endfacet
  facet normal -9.914449e-01 -0.000000e+00 -1.305262e-01
    outer loop
      vertex   4.203259e+01 -1.980000e+00 5.721121e+01
      vertex   4.203259e+01 -5.480000e+00 5.721121e+01
      vertex   4.198319e+01 -1.980000e+00 5.758650e+01
    endloop
  endfacet
  facet normal -9.914449e-01 -0.000000e+00 -1.305262e-01
    outer loop
      vertex   4.198319e+01 -1.980000e+00 5.758650e+01
      vertex   4.203259e+01 -5.480000e+00 5.721121e+01
      vertex   4.198319e+01 -5.480000e+00 5.758650e+01
    endloop
  endfacet
  facet normal -9.238795e-01 -0.000000e+00 -3.826834e-01
    outer loop
      vertex   4.198319e+01 -1.980000e+00 5.758650e+01
      vertex   4.198319e+01 -5.480000e+00 5.758650e+01
      vertex   4.183833e+01 -1.980000e+00 5.793621e+01
    endloop
  endfacet
  facet normal -9.238795e-01 -7.768941e-16 -3.826834e-01
    outer loop
      vertex   4.183833e+01 -1.980000e+00 5.793621e+01
      vertex   4.198319e+01 -5.480000e+00 5.758650e+01
      vertex   4.183833e+01 -5.480000e+00 5.793621e+01
    endloop
  endfacet
  facet normal -7.933533e-01 -1.235860e-15 -6.087614e-01
    outer loop
      vertex   4.183833e+01 -1.980000e+00 5.793621e+01
      vertex   4.183833e+01 -5.480000e+00 5.793621e+01
      vertex   4.160790e+01 -1.980000e+00 5.823651e+01
    endloop
  endfacet
  facet normal -7.933533e-01 -0.000000e+00 -6.087614e-01
    outer loop
      vertex   4.160790e+01 -1.980000e+00 5.823651e+01
      vertex   4.183833e+01 -5.480000e+00 5.793621e+01
      vertex   4.160790e+01 -5.480000e+00 5.823651e+01
    endloop
  endfacet
  facet normal -6.087614e-01 -0.000000e+00 -7.933533e-01
    outer loop
      vertex   4.160790e+01 -1.980000e+00 5.823651e+01
      vertex   4.160790e+01 -5.480000e+00 5.823651e+01
      vertex   4.130759e+01 -1.980000e+00 5.846695e+01
    endloop
  endfacet
  facet normal -6.087614e-01 2.471720e-15 -7.933533e-01
    outer loop
      vertex   4.130759e+01 -1.980000e+00 5.846695e+01
      vertex   4.160790e+01 -5.480000e+00 5.823651e+01
      vertex   4.130759e+01 -5.480000e+00 5.846695e+01
    endloop
  endfacet
  facet normal -3.826834e-01 1.553788e-15 -9.238795e-01
    outer loop
      vertex   4.130759e+01 -1.980000e+00 5.846695e+01
      vertex   4.130759e+01 -5.480000e+00 5.846695e+01
      vertex   4.095788e+01 -1.980000e+00 5.861180e+01
    endloop
  endfacet
  facet normal -3.826834e-01 -0.000000e+00 -9.238795e-01
    outer loop
      vertex   4.095788e+01 -1.980000e+00 5.861180e+01
      vertex   4.130759e+01 -5.480000e+00 5.846695e+01
      vertex   4.095788e+01 -5.480000e+00 5.861180e+01
    endloop
  endfacet
  facet normal -1.305262e-01 -0.000000e+00 -9.914449e-01
    outer loop
      vertex   4.095788e+01 -1.980000e+00 5.861180e+01
      vertex   4.095788e+01 -5.480000e+00 5.861180e+01
      vertex   4.058259e+01 -1.980000e+00 5.866121e+01
    endloop
  endfacet
  facet normal -1.305262e-01 -0.000000e+00 -9.914449e-01
    outer loop
      vertex   4.058259e+01 -1.980000e+00 5.866121e+01
      vertex   4.095788e+01 -5.480000e+00 5.861180e+01
      vertex   4.058259e+01 -5.480000e+00 5.866121e+01
    endloop
  endfacet
  facet normal 1.305262e-01 0.000000e+00 -9.914449e-01
    outer loop
      vertex   4.058259e+01 -1.980000e+00 5.866121e+01
      vertex   4.058259e+01 -5.480000e+00 5.866121e+01
      vertex   4.020731e+01 -1.980000e+00 5.861180e+01
    endloop
  endfacet
  facet normal 1.305262e-01 0.000000e+00 -9.914449e-01
    outer loop
      vertex   4.020731e+01 -1.980000e+00 5.861180e+01
      vertex   4.058259e+01 -5.480000e+00 5.866121e+01
      vertex   4.020731e+01 -5.480000e+00 5.861180e+01
    endloop
  endfacet
  facet normal 3.826834e-01 0.000000e+00 -9.238795e-01
    outer loop
      vertex   4.020731e+01 -1.980000e+00 5.861180e+01
      vertex   4.020731e+01 -5.480000e+00 5.861180e+01
      vertex   3.985759e+01 -1.980000e+00 5.846695e+01
    endloop
  endfacet
  facet normal 3.826834e-01 0.000000e+00 -9.238795e-01
    outer loop
      vertex   3.985759e+01 -1.980000e+00 5.846695e+01
      vertex   4.020731e+01 -5.480000e+00 5.861180e+01
      vertex   3.985759e+01 -5.480000e+00 5.846695e+01
    endloop
  endfacet
  facet normal 6.087614e-01 0.000000e+00 -7.933533e-01
    outer loop
      vertex   3.985759e+01 -1.980000e+00 5.846695e+01
      vertex   3.985759e+01 -5.480000e+00 5.846695e+01
      vertex   3.955729e+01 -1.980000e+00 5.823651e+01
    endloop
  endfacet
  facet normal 6.087614e-01 0.000000e+00 -7.933533e-01
    outer loop
      vertex   3.955729e+01 -1.980000e+00 5.823651e+01
      vertex   3.985759e+01 -5.480000e+00 5.846695e+01
      vertex   3.955729e+01 -5.480000e+00 5.823651e+01
    endloop
  endfacet
  facet normal 7.933533e-01 0.000000e+00 -6.087614e-01
    outer loop
      vertex   3.955729e+01 -1.980000e+00 5.823651e+01
      vertex   3.955729e+01 -5.480000e+00 5.823651e+01
      vertex   3.932686e+01 -1.980000e+00 5.793621e+01
    endloop
  endfacet
  facet normal 7.933533e-01 1.235860e-15 -6.087614e-01
    outer loop
      vertex   3.932686e+01 -1.980000e+00 5.793621e+01
      vertex   3.955729e+01 -5.480000e+00 5.823651e+01
      vertex   3.932686e+01 -5.480000e+00 5.793621e+01
    endloop
  endfacet
  facet normal 9.238795e-01 7.768941e-16 -3.826834e-01
    outer loop
      vertex   3.932686e+01 -1.980000e+00 5.793621e+01
      vertex   3.932686e+01 -5.480000e+00 5.793621e+01
      vertex   3.918200e+01 -1.980000e+00 5.758650e+01
    endloop
  endfacet
  facet normal 9.238795e-01 -1.875588e-15 -3.826834e-01
    outer loop
      vertex   3.918200e+01 -1.980000e+00 5.758650e+01
      vertex   3.932686e+01 -5.480000e+00 5.793621e+01
      vertex   3.918200e+01 -5.480000e+00 5.758650e+01
    endloop
  endfacet
  facet normal 3.023052e-01 0.000000e+00 -9.532112e-01
    outer loop
      vertex   -2.213859e+01 -1.980000e+00 -8.119703e+00
      vertex   -2.249941e+01 -5.480000e+00 -8.234133e+00
      vertex   -2.249941e+01 -1.980000e+00 -8.234133e+00
    endloop
  endfacet
  facet normal 5.387136e-01 0.000000e+00 -8.424890e-01
    outer loop
      vertex   -2.249941e+01 -1.980000e+00 -8.234133e+00
      vertex   -2.249941e+01 -5.480000e+00 -8.234133e+00
      vertex   -2.281831e+01 -5.480000e+00 -8.438050e+00
    endloop
  endfacet
  facet normal 5.387136e-01 0.000000e+00 -8.424890e-01
    outer loop
      vertex   -2.249941e+01 -1.980000e+00 -8.234133e+00
      vertex   -2.281831e+01 -5.480000e+00 -8.438050e+00
      vertex   -2.281831e+01 -1.980000e+00 -8.438050e+00
    endloop
  endfacet
  facet normal 7.384096e-01 0.000000e+00 -6.743525e-01
    outer loop
      vertex   -2.281831e+01 -1.980000e+00 -8.438050e+00
      vertex   -2.281831e+01 -5.480000e+00 -8.438050e+00
      vertex   -2.307357e+01 -5.480000e+00 -8.717557e+00
    endloop
  endfacet
  facet normal 7.384096e-01 -3.352019e-16 -6.743525e-01
    outer loop
      vertex   -2.281831e+01 -1.980000e+00 -8.438050e+00
      vertex   -2.307357e+01 -5.480000e+00 -8.717557e+00
      vertex   -2.307357e+01 -1.980000e+00 -8.717557e+00
    endloop
  endfacet
  facet normal 8.877841e-01 -2.335960e-16 -4.602601e-01
    outer loop
      vertex   -2.307357e+01 -1.980000e+00 -8.717557e+00
      vertex   -2.307357e+01 -5.480000e+00 -8.717557e+00
      vertex   -2.324779e+01 -5.480000e+00 -9.053607e+00
    endloop
  endfacet
  facet normal 8.877841e-01 0.000000e+00 -4.602601e-01
    outer loop
      vertex   -2.307357e+01 -1.980000e+00 -8.717557e+00
      vertex   -2.324779e+01 -5.480000e+00 -9.053607e+00
      vertex   -2.324779e+01 -1.980000e+00 -9.053607e+00
    endloop
  endfacet
  facet normal 9.766577e-01 0.000000e+00 -2.148016e-01
    outer loop
      vertex   -2.324779e+01 -1.980000e+00 -9.053607e+00
      vertex   -2.324779e+01 -5.480000e+00 -9.053607e+00
      vertex   -2.332910e+01 -5.480000e+00 -9.423297e+00
    endloop
  endfacet
  facet normal 9.766577e-01 -1.099881e-16 -2.148016e-01
    outer loop
      vertex   -2.324779e+01 -1.980000e+00 -9.053607e+00
      vertex   -2.332910e+01 -5.480000e+00 -9.423297e+00
      vertex   -2.332910e+01 -1.980000e+00 -9.423297e+00
    endloop
  endfacet
  facet normal 9.989736e-01 2.298867e-17 4.529516e-02
    outer loop
      vertex   -2.332910e+01 -1.980000e+00 -9.423297e+00
      vertex   -2.332910e+01 -5.480000e+00 -9.423297e+00
      vertex   -2.331196e+01 -5.480000e+00 -9.801435e+00
    endloop
  endfacet
  facet normal 9.989736e-01 0.000000e+00 4.529516e-02
    outer loop
      vertex   -2.332910e+01 -1.980000e+00 -9.423297e+00
      vertex   -2.331196e+01 -5.480000e+00 -9.801435e+00
      vertex   -2.331196e+01 -1.980000e+00 -9.801435e+00
    endloop
  endfacet
  facet normal 9.532112e-01 0.000000e+00 3.023052e-01
    outer loop
      vertex   -2.331196e+01 -1.980000e+00 -9.801435e+00
      vertex   -2.331196e+01 -5.480000e+00 -9.801435e+00
      vertex   -2.319753e+01 -5.480000e+00 -1.016225e+01
    endloop
  endfacet
  facet normal 9.532112e-01 0.000000e+00 3.023052e-01
    outer loop
      vertex   -2.331196e+01 -1.980000e+00 -9.801435e+00
      vertex   -2.319753e+01 -5.480000e+00 -1.016225e+01
      vertex   -2.319753e+01 -1.980000e+00 -1.016225e+01
    endloop
  endfacet
  facet normal 8.424890e-01 0.000000e+00 5.387136e-01
    outer loop
      vertex   -2.319753e+01 -1.980000e+00 -1.016225e+01
      vertex   -2.319753e+01 -5.480000e+00 -1.016225e+01
      vertex   -2.299361e+01 -5.480000e+00 -1.048115e+01
    endloop
  endfacet
  facet normal 8.424890e-01 0.000000e+00 5.387136e-01
    outer loop
      vertex   -2.319753e+01 -1.980000e+00 -1.016225e+01
      vertex   -2.299361e+01 -5.480000e+00 -1.048115e+01
      vertex   -2.299361e+01 -1.980000e+00 -1.048115e+01
    endloop
  endfacet
  facet normal 6.743525e-01 0.000000e+00 7.384096e-01
    outer loop
      vertex   -2.299361e+01 -1.980000e+00 -1.048115e+01
      vertex   -2.299361e+01 -5.480000e+00 -1.048115e+01
      vertex   -2.271410e+01 -5.480000e+00 -1.073641e+01
    endloop
  endfacet
  facet normal 6.743525e-01 3.771022e-16 7.384096e-01
    outer loop
      vertex   -2.299361e+01 -1.980000e+00 -1.048115e+01
      vertex   -2.271410e+01 -5.480000e+00 -1.073641e+01
      vertex   -2.271410e+01 -1.980000e+00 -1.073641e+01
    endloop
  endfacet
  facet normal 4.602601e-01 4.505775e-16 8.877841e-01
    outer loop
      vertex   -2.271410e+01 -1.980000e+00 -1.073641e+01
      vertex   -2.271410e+01 -5.480000e+00 -1.073641e+01
      vertex   -2.237805e+01 -5.480000e+00 -1.091063e+01
    endloop
  endfacet
  facet normal 4.602601e-01 0.000000e+00 8.877841e-01
    outer loop
      vertex   -2.271410e+01 -1.980000e+00 -1.073641e+01
      vertex   -2.237805e+01 -5.480000e+00 -1.091063e+01
      vertex   -2.237805e+01 -1.980000e+00 -1.091063e+01
    endloop
  endfacet
  facet normal 2.148016e-01 0.000000e+00 9.766577e-01
    outer loop
      vertex   -2.237805e+01 -1.980000e+00 -1.091063e+01
      vertex   -2.237805e+01 -5.480000e+00 -1.091063e+01
      vertex   -2.200836e+01 -5.480000e+00 -1.099194e+01
    endloop
  endfacet
  facet normal 2.148016e-01 0.000000e+00 9.766577e-01
    outer loop
      vertex   -2.237805e+01 -1.980000e+00 -1.091063e+01
      vertex   -2.200836e+01 -5.480000e+00 -1.099194e+01
      vertex   -2.200836e+01 -1.980000e+00 -1.099194e+01
    endloop
  endfacet
  facet normal -4.529516e-02 0.000000e+00 9.989736e-01
    outer loop
      vertex   -2.200836e+01 -1.980000e+00 -1.099194e+01
      vertex   -2.200836e+01 -5.480000e+00 -1.099194e+01
      vertex   -2.163022e+01 -5.480000e+00 -1.097480e+01
    endloop
  endfacet
  facet normal -4.529516e-02 0.000000e+00 9.989736e-01
    outer loop
      vertex   -2.200836e+01 -1.980000e+00 -1.099194e+01
      vertex   -2.163022e+01 -5.480000e+00 -1.097480e+01
      vertex   -2.163022e+01 -1.980000e+00 -1.097480e+01
    endloop
  endfacet
  facet normal -3.023052e-01 0.000000e+00 9.532112e-01
    outer loop
      vertex   -2.163022e+01 -1.980000e+00 -1.097480e+01
      vertex   -2.163022e+01 -5.480000e+00 -1.097480e+01
      vertex   -2.126941e+01 -5.480000e+00 -1.086037e+01
    endloop
  endfacet
  facet normal -3.023052e-01 0.000000e+00 9.532112e-01
    outer loop
      vertex   -2.163022e+01 -1.980000e+00 -1.097480e+01
      vertex   -2.126941e+01 -5.480000e+00 -1.086037e+01
      vertex   -2.126941e+01 -1.980000e+00 -1.086037e+01
    endloop
  endfacet
  facet normal -5.387136e-01 0.000000e+00 8.424890e-01
    outer loop
      vertex   -2.126941e+01 -1.980000e+00 -1.086037e+01
      vertex   -2.126941e+01 -5.480000e+00 -1.086037e+01
      vertex   -2.095051e+01 -5.480000e+00 -1.065645e+01
    endloop
  endfacet
  facet normal -5.387136e-01 0.000000e+00 8.424890e-01
    outer loop
      vertex   -2.126941e+01 -1.980000e+00 -1.086037e+01
      vertex   -2.095051e+01 -5.480000e+00 -1.065645e+01
      vertex   -2.095051e+01 -1.980000e+00 -1.065645e+01
    endloop
  endfacet
  facet normal -7.384096e-01 0.000000e+00 6.743525e-01
    outer loop
      vertex   -2.095051e+01 -1.980000e+00 -1.065645e+01
      vertex   -2.095051e+01 -5.480000e+00 -1.065645e+01
      vertex   -2.069525e+01 -5.480000e+00 -1.037694e+01
    endloop
  endfacet
  facet normal -7.384096e-01 0.000000e+00 6.743525e-01
    outer loop
      vertex   -2.095051e+01 -1.980000e+00 -1.065645e+01
      vertex   -2.069525e+01 -5.480000e+00 -1.037694e+01
      vertex   -2.069525e+01 -1.980000e+00 -1.037694e+01
    endloop
  endfacet
  facet normal -8.877841e-01 0.000000e+00 4.602601e-01
    outer loop
      vertex   -2.069525e+01 -1.980000e+00 -1.037694e+01
      vertex   -2.069525e+01 -5.480000e+00 -1.037694e+01
      vertex   -2.052102e+01 -5.480000e+00 -1.004089e+01
    endloop
  endfacet
  facet normal -8.877841e-01 0.000000e+00 4.602601e-01
    outer loop
      vertex   -2.069525e+01 -1.980000e+00 -1.037694e+01
      vertex   -2.052102e+01 -5.480000e+00 -1.004089e+01
      vertex   -2.052102e+01 -1.980000e+00 -1.004089e+01
    endloop
  endfacet
  facet normal -9.766577e-01 0.000000e+00 2.148016e-01
    outer loop
      vertex   -2.052102e+01 -1.980000e+00 -1.004089e+01
      vertex   -2.052102e+01 -5.480000e+00 -1.004089e+01
      vertex   -2.043972e+01 -5.480000e+00 -9.671202e+00
    endloop
  endfacet
  facet normal -9.766577e-01 0.000000e+00 2.148016e-01
    outer loop
      vertex   -2.052102e+01 -1.980000e+00 -1.004089e+01
      vertex   -2.043972e+01 -5.480000e+00 -9.671202e+00
      vertex   -2.043972e+01 -1.980000e+00 -9.671202e+00
    endloop
  endfacet
  facet normal -9.989736e-01 -0.000000e+00 -4.529516e-02
    outer loop
      vertex   -2.043972e+01 -1.980000e+00 -9.671202e+00
      vertex   -2.043972e+01 -5.480000e+00 -9.671202e+00
      vertex   -2.045686e+01 -5.480000e+00 -9.293065e+00
    endloop
  endfacet
  facet normal -9.989736e-01 0.000000e+00 -4.529516e-02
    outer loop
      vertex   -2.043972e+01 -1.980000e+00 -9.671202e+00
      vertex   -2.045686e+01 -5.480000e+00 -9.293065e+00
      vertex   -2.045686e+01 -1.980000e+00 -9.293065e+00
    endloop
  endfacet
  facet normal -9.532112e-01 -0.000000e+00 -3.023052e-01
    outer loop
      vertex   -2.045686e+01 -1.980000e+00 -9.293065e+00
      vertex   -2.045686e+01 -5.480000e+00 -9.293065e+00
      vertex   -2.057129e+01 -5.480000e+00 -8.932250e+00
    endloop
  endfacet
  facet normal -9.532112e-01 0.000000e+00 -3.023052e-01
    outer loop
      vertex   -2.045686e+01 -1.980000e+00 -9.293065e+00
      vertex   -2.057129e+01 -5.480000e+00 -8.932250e+00
      vertex   -2.057129e+01 -1.980000e+00 -8.932250e+00
    endloop
  endfacet
  facet normal -8.424890e-01 -0.000000e+00 -5.387136e-01
    outer loop
      vertex   -2.057129e+01 -1.980000e+00 -8.932250e+00
      vertex   -2.057129e+01 -5.480000e+00 -8.932250e+00
      vertex   -2.077521e+01 -5.480000e+00 -8.613346e+00
    endloop
  endfacet
  facet normal -8.424890e-01 0.000000e+00 -5.387136e-01
    outer loop
      vertex   -2.057129e+01 -1.980000e+00 -8.932250e+00
      vertex   -2.077521e+01 -5.480000e+00 -8.613346e+00
      vertex   -2.077521e+01 -1.980000e+00 -8.613346e+00
    endloop
  endfacet
  facet normal -6.743525e-01 -0.000000e+00 -7.384096e-01
    outer loop
      vertex   -2.077521e+01 -1.980000e+00 -8.613346e+00
      vertex   -2.077521e+01 -5.480000e+00 -8.613346e+00
      vertex   -2.105472e+01 -5.480000e+00 -8.358086e+00
    endloop
  endfacet
  facet normal -6.743525e-01 0.000000e+00 -7.384096e-01
    outer loop
      vertex   -2.077521e+01 -1.980000e+00 -8.613346e+00
      vertex   -2.105472e+01 -5.480000e+00 -8.358086e+00
      vertex   -2.105472e+01 -1.980000e+00 -8.358086e+00
    endloop
  endfacet
  facet normal -4.602601e-01 -0.000000e+00 -8.877841e-01
    outer loop
      vertex   -2.105472e+01 -1.980000e+00 -8.358086e+00
      vertex   -2.105472e+01 -5.480000e+00 -8.358086e+00
      vertex   -2.139077e+01 -5.480000e+00 -8.183865e+00
    endloop
  endfacet
  facet normal -4.602601e-01 0.000000e+00 -8.877841e-01
    outer loop
      vertex   -2.105472e+01 -1.980000e+00 -8.358086e+00
      vertex   -2.139077e+01 -5.480000e+00 -8.183865e+00
      vertex   -2.139077e+01 -1.980000e+00 -8.183865e+00
    endloop
  endfacet
  facet normal -2.148016e-01 -0.000000e+00 -9.766577e-01
    outer loop
      vertex   -2.139077e+01 -1.980000e+00 -8.183865e+00
      vertex   -2.139077e+01 -5.480000e+00 -8.183865e+00
      vertex   -2.176046e+01 -5.480000e+00 -8.102557e+00
    endloop
  endfacet
  facet normal -2.148016e-01 -2.173575e-16 -9.766577e-01
    outer loop
      vertex   -2.139077e+01 -1.980000e+00 -8.183865e+00
      vertex   -2.176046e+01 -5.480000e+00 -8.102557e+00
      vertex   -2.176046e+01 -1.980000e+00 -8.102557e+00
    endloop
  endfacet
  facet normal 4.529516e-02 4.597735e-17 -9.989736e-01
    outer loop
      vertex   -2.176046e+01 -1.980000e+00 -8.102557e+00
      vertex   -2.176046e+01 -5.480000e+00 -8.102557e+00
      vertex   -2.213859e+01 -5.480000e+00 -8.119703e+00
    endloop
  endfacet
  facet normal 4.529516e-02 0.000000e+00 -9.989736e-01
    outer loop
      vertex   -2.176046e+01 -1.980000e+00 -8.102557e+00
      vertex   -2.213859e+01 -5.480000e+00 -8.119703e+00
      vertex   -2.213859e+01 -1.980000e+00 -8.119703e+00
    endloop
  endfacet
  facet normal 3.023052e-01 0.000000e+00 -9.532112e-01
    outer loop
      vertex   -2.213859e+01 -1.980000e+00 -8.119703e+00
      vertex   -2.213859e+01 -5.480000e+00 -8.119703e+00
      vertex   -2.249941e+01 -5.480000e+00 -8.234133e+00
    endloop
  endfacet
  facet normal 9.914449e-01 -0.000000e+00 1.305262e-01
    outer loop
      vertex   -2.340500e+01 -5.480000e+00 4.121607e+00
      vertex   -2.340500e+01 -1.980000e+00 4.121607e+00
      vertex   -2.345441e+01 -5.480000e+00 4.496895e+00
    endloop
  endfacet
  facet normal 9.914449e-01 -0.000000e+00 1.305262e-01
    outer loop
      vertex   -2.345441e+01 -5.480000e+00 4.496895e+00
      vertex   -2.340500e+01 -1.980000e+00 4.121607e+00
      vertex   -2.345441e+01 -1.980000e+00 4.496895e+00
    endloop
  endfacet
  facet normal 9.914449e-01 0.000000e+00 -1.305262e-01
    outer loop
      vertex   -2.345441e+01 -5.480000e+00 4.496895e+00
      vertex   -2.345441e+01 -1.980000e+00 4.496895e+00
      vertex   -2.340500e+01 -5.480000e+00 4.872182e+00
    endloop
  endfacet
  facet normal 9.914449e-01 3.312301e-17 -1.305262e-01
    outer loop
      vertex   -2.340500e+01 -5.480000e+00 4.872182e+00
      vertex   -2.345441e+01 -1.980000e+00 4.496895e+00
      vertex   -2.340500e+01 -1.980000e+00 4.872182e+00
    endloop
  endfacet
  facet normal 9.238795e-01 9.711176e-17 -3.826834e-01
    outer loop
      vertex   -2.340500e+01 -5.480000e+00 4.872182e+00
      vertex   -2.340500e+01 -1.980000e+00 4.872182e+00
      vertex   -2.326015e+01 -5.480000e+00 5.221895e+00
    endloop
  endfacet
  facet normal 9.238795e-01 0.000000e+00 -3.826834e-01
    outer loop
      vertex   -2.326015e+01 -5.480000e+00 5.221895e+00
      vertex   -2.340500e+01 -1.980000e+00 4.872182e+00
      vertex   -2.326015e+01 -1.980000e+00 5.221895e+00
    endloop
  endfacet
  facet normal 7.933533e-01 0.000000e+00 -6.087614e-01
    outer loop
      vertex   -2.326015e+01 -5.480000e+00 5.221895e+00
      vertex   -2.326015e+01 -1.980000e+00 5.221895e+00
      vertex   -2.302971e+01 -5.480000e+00 5.522200e+00
    endloop
  endfacet
  facet normal 7.933533e-01 0.000000e+00 -6.087614e-01
    outer loop
      vertex   -2.302971e+01 -5.480000e+00 5.522200e+00
      vertex   -2.326015e+01 -1.980000e+00 5.221895e+00
      vertex   -2.302971e+01 -1.980000e+00 5.522200e+00
    endloop
  endfacet
  facet normal 6.087614e-01 0.000000e+00 -7.933533e-01
    outer loop
      vertex   -2.302971e+01 -5.480000e+00 5.522200e+00
      vertex   -2.302971e+01 -1.980000e+00 5.522200e+00
      vertex   -2.272941e+01 -5.480000e+00 5.752632e+00
    endloop
  endfacet
  facet normal 6.087614e-01 2.013255e-16 -7.933533e-01
    outer loop
      vertex   -2.272941e+01 -5.480000e+00 5.752632e+00
      vertex   -2.302971e+01 -1.980000e+00 5.522200e+00
      vertex   -2.272941e+01 -1.980000e+00 5.752632e+00
    endloop
  endfacet
  facet normal 3.826834e-01 2.344485e-16 -9.238795e-01
    outer loop
      vertex   -2.272941e+01 -5.480000e+00 5.752632e+00
      vertex   -2.272941e+01 -1.980000e+00 5.752632e+00
      vertex   -2.237970e+01 -5.480000e+00 5.897487e+00
    endloop
  endfacet
  facet normal 3.826834e-01 0.000000e+00 -9.238795e-01
    outer loop
      vertex   -2.237970e+01 -5.480000e+00 5.897487e+00
      vertex   -2.272941e+01 -1.980000e+00 5.752632e+00
      vertex   -2.237970e+01 -1.980000e+00 5.897487e+00
    endloop
  endfacet
  facet normal 1.305262e-01 0.000000e+00 -9.914449e-01
    outer loop
      vertex   -2.237970e+01 -5.480000e+00 5.897487e+00
      vertex   -2.237970e+01 -1.980000e+00 5.897487e+00
      vertex   -2.200441e+01 -5.480000e+00 5.946895e+00
    endloop
  endfacet
  facet normal 1.305262e-01 0.000000e+00 -9.914449e-01
    outer loop
      vertex   -2.200441e+01 -5.480000e+00 5.946895e+00
      vertex   -2.237970e+01 -1.980000e+00 5.897487e+00
      vertex   -2.200441e+01 -1.980000e+00 5.946895e+00
    endloop
  endfacet
  facet normal -1.305262e-01 0.000000e+00 -9.914449e-01
    outer loop
      vertex   -2.200441e+01 -5.480000e+00 5.946895e+00
      vertex   -2.200441e+01 -1.980000e+00 5.946895e+00
      vertex   -2.162912e+01 -5.480000e+00 5.897487e+00
    endloop
  endfacet
  facet normal -1.305262e-01 -2.515943e-16 -9.914449e-01
    outer loop
      vertex   -2.162912e+01 -5.480000e+00 5.897487e+00
      vertex   -2.200441e+01 -1.980000e+00 5.946895e+00
      vertex   -2.162912e+01 -1.980000e+00 5.897487e+00
    endloop
  endfacet
  facet normal -3.826834e-01 -2.344485e-16 -9.238795e-01
    outer loop
      vertex   -2.162912e+01 -5.480000e+00 5.897487e+00
      vertex   -2.162912e+01 -1.980000e+00 5.897487e+00
      vertex   -2.127941e+01 -5.480000e+00 5.752632e+00
    endloop
  endfacet
  facet normal -3.826834e-01 0.000000e+00 -9.238795e-01
    outer loop
      vertex   -2.127941e+01 -5.480000e+00 5.752632e+00
      vertex   -2.162912e+01 -1.980000e+00 5.897487e+00
      vertex   -2.127941e+01 -1.980000e+00 5.752632e+00
    endloop
  endfacet
  facet normal -6.087614e-01 0.000000e+00 -7.933533e-01
    outer loop
      vertex   -2.127941e+01 -5.480000e+00 5.752632e+00
      vertex   -2.127941e+01 -1.980000e+00 5.752632e+00
      vertex   -2.097910e+01 -5.480000e+00 5.522200e+00
    endloop
  endfacet
  facet normal -6.087614e-01 0.000000e+00 -7.933533e-01
    outer loop
      vertex   -2.097910e+01 -5.480000e+00 5.522200e+00
      vertex   -2.127941e+01 -1.980000e+00 5.752632e+00
      vertex   -2.097910e+01 -1.980000e+00 5.522200e+00
    endloop
  endfacet
  facet normal -7.933533e-01 0.000000e+00 -6.087614e-01
    outer loop
      vertex   -2.097910e+01 -5.480000e+00 5.522200e+00
      vertex   -2.097910e+01 -1.980000e+00 5.522200e+00
      vertex   -2.074867e+01 -5.480000e+00 5.221895e+00
    endloop
  endfacet
  facet normal -7.933533e-01 0.000000e+00 -6.087614e-01
    outer loop
      vertex   -2.074867e+01 -5.480000e+00 5.221895e+00
      vertex   -2.097910e+01 -1.980000e+00 5.522200e+00
      vertex   -2.074867e+01 -1.980000e+00 5.221895e+00
    endloop
  endfacet
  facet normal -9.238795e-01 0.000000e+00 -3.826834e-01
    outer loop
      vertex   -2.074867e+01 -5.480000e+00 5.221895e+00
      vertex   -2.074867e+01 -1.980000e+00 5.221895e+00
      vertex   -2.060382e+01 -5.480000e+00 4.872182e+00
    endloop
  endfacet
  facet normal -9.238795e-01 -9.711176e-17 -3.826834e-01
    outer loop
      vertex   -2.060382e+01 -5.480000e+00 4.872182e+00
      vertex   -2.074867e+01 -1.980000e+00 5.221895e+00
      vertex   -2.060382e+01 -1.980000e+00 4.872182e+00
    endloop
  endfacet
  facet normal -9.914449e-01 -3.312301e-17 -1.305262e-01
    outer loop
      vertex   -2.060382e+01 -5.480000e+00 4.872182e+00
      vertex   -2.060382e+01 -1.980000e+00 4.872182e+00
      vertex   -2.055441e+01 -5.480000e+00 4.496895e+00
    endloop
  endfacet
  facet normal -9.914449e-01 0.000000e+00 -1.305262e-01
    outer loop
      vertex   -2.055441e+01 -5.480000e+00 4.496895e+00
      vertex   -2.060382e+01 -1.980000e+00 4.872182e+00
      vertex   -2.055441e+01 -1.980000e+00 4.496895e+00
    endloop
  endfacet
  facet normal -9.914449e-01 0.000000e+00 1.305262e-01
    outer loop
      vertex   -2.055441e+01 -5.480000e+00 4.496895e+00
      vertex   -2.055441e+01 -1.980000e+00 4.496895e+00
      vertex   -2.060382e+01 -5.480000e+00 4.121607e+00
    endloop
  endfacet
  facet normal -9.914449e-01 0.000000e+00 1.305262e-01
    outer loop
      vertex   -2.060382e+01 -5.480000e+00 4.121607e+00
      vertex   -2.055441e+01 -1.980000e+00 4.496895e+00
      vertex   -2.060382e+01 -1.980000e+00 4.121607e+00
    endloop
  endfacet
  facet normal -9.238795e-01 0.000000e+00 3.826834e-01
    outer loop
      vertex   -2.060382e+01 -5.480000e+00 4.121607e+00
      vertex   -2.060382e+01 -1.980000e+00 4.121607e+00
      vertex   -2.074867e+01 -5.480000e+00 3.771895e+00
    endloop
  endfacet
  facet normal -9.238795e-01 0.000000e+00 3.826834e-01
    outer loop
      vertex   -2.074867e+01 -5.480000e+00 3.771895e+00
      vertex   -2.060382e+01 -1.980000e+00 4.121607e+00
      vertex   -2.074867e+01 -1.980000e+00 3.771895e+00
    endloop
  endfacet
  facet normal -7.933533e-01 0.000000e+00 6.087614e-01
    outer loop
      vertex   -2.074867e+01 -5.480000e+00 3.771895e+00
      vertex   -2.074867e+01 -1.980000e+00 3.771895e+00
      vertex   -2.097910e+01 -5.480000e+00 3.471590e+00
    endloop
  endfacet
  facet normal -7.933533e-01 7.724125e-17 6.087614e-01
    outer loop
      vertex   -2.097910e+01 -5.480000e+00 3.471590e+00
      vertex   -2.074867e+01 -1.980000e+00 3.771895e+00
      vertex   -2.097910e+01 -1.980000e+00 3.471590e+00
    endloop
  endfacet
  facet normal -6.087614e-01 1.006628e-16 7.933533e-01
    outer loop
      vertex   -2.097910e+01 -5.480000e+00 3.471590e+00
      vertex   -2.097910e+01 -1.980000e+00 3.471590e+00
      vertex   -2.127941e+01 -5.480000e+00 3.241158e+00
    endloop
  endfacet
  facet normal -6.087614e-01 0.000000e+00 7.933533e-01
    outer loop
      vertex   -2.127941e+01 -5.480000e+00 3.241158e+00
      vertex   -2.097910e+01 -1.980000e+00 3.471590e+00
      vertex   -2.127941e+01 -1.980000e+00 3.241158e+00
    endloop
  endfacet
  facet normal -3.826834e-01 0.000000e+00 9.238795e-01
    outer loop
      vertex   -2.127941e+01 -5.480000e+00 3.241158e+00
      vertex   -2.127941e+01 -1.980000e+00 3.241158e+00
      vertex   -2.162912e+01 -5.480000e+00 3.096302e+00
    endloop
  endfacet
  facet normal -3.826834e-01 1.172243e-16 9.238795e-01
    outer loop
      vertex   -2.162912e+01 -5.480000e+00 3.096302e+00
      vertex   -2.127941e+01 -1.980000e+00 3.241158e+00
      vertex   -2.162912e+01 -1.980000e+00 3.096302e+00
    endloop
  endfacet
  facet normal -1.305262e-01 1.257971e-16 9.914449e-01
    outer loop
      vertex   -2.162912e+01 -5.480000e+00 3.096302e+00
      vertex   -2.162912e+01 -1.980000e+00 3.096302e+00
      vertex   -2.200441e+01 -5.480000e+00 3.046895e+00
    endloop
  endfacet
  facet normal -1.305262e-01 0.000000e+00 9.914449e-01
    outer loop
      vertex   -2.200441e+01 -5.480000e+00 3.046895e+00
      vertex   -2.162912e+01 -1.980000e+00 3.096302e+00
      vertex   -2.200441e+01 -1.980000e+00 3.046895e+00
    endloop
  endfacet
  facet normal 1.305262e-01 -0.000000e+00 9.914449e-01
    outer loop
      vertex   -2.200441e+01 -5.480000e+00 3.046895e+00
      vertex   -2.200441e+01 -1.980000e+00 3.046895e+00
      vertex   -2.237970e+01 -5.480000e+00 3.096302e+00
    endloop
  endfacet
  facet normal 1.305262e-01 -0.000000e+00 9.914449e-01
    outer loop
      vertex   -2.237970e+01 -5.480000e+00 3.096302e+00
      vertex   -2.200441e+01 -1.980000e+00 3.046895e+00
      vertex   -2.237970e+01 -1.980000e+00 3.096302e+00
    endloop
  endfacet
  facet normal 3.826834e-01 -0.000000e+00 9.238795e-01
    outer loop
      vertex   -2.237970e+01 -5.480000e+00 3.096302e+00
      vertex   -2.237970e+01 -1.980000e+00 3.096302e+00
      vertex   -2.272941e+01 -5.480000e+00 3.241158e+00
    endloop
  endfacet
  facet normal 3.826834e-01 -3.516728e-16 9.238795e-01
    outer loop
      vertex   -2.272941e+01 -5.480000e+00 3.241158e+00
      vertex   -2.237970e+01 -1.980000e+00 3.096302e+00
      vertex   -2.272941e+01 -1.980000e+00 3.241158e+00
    endloop
  endfacet
  facet normal 6.087614e-01 -3.019883e-16 7.933533e-01
    outer loop
      vertex   -2.272941e+01 -5.480000e+00 3.241158e+00
      vertex   -2.272941e+01 -1.980000e+00 3.241158e+00
      vertex   -2.302971e+01 -5.480000e+00 3.471590e+00
    endloop
  endfacet
  facet normal 6.087614e-01 -0.000000e+00 7.933533e-01
    outer loop
      vertex   -2.302971e+01 -5.480000e+00 3.471590e+00
      vertex   -2.272941e+01 -1.980000e+00 3.241158e+00
      vertex   -2.302971e+01 -1.980000e+00 3.471590e+00
    endloop
  endfacet
  facet normal 7.933533e-01 -0.000000e+00 6.087614e-01
    outer loop
      vertex   -2.302971e+01 -5.480000e+00 3.471590e+00
      vertex   -2.302971e+01 -1.980000e+00 3.471590e+00
      vertex   -2.326015e+01 -5.480000e+00 3.771895e+00
    endloop
  endfacet
  facet normal 7.933533e-01 -1.544825e-16 6.087614e-01
    outer loop
      vertex   -2.326015e+01 -5.480000e+00 3.771895e+00
      vertex   -2.302971e+01 -1.980000e+00 3.471590e+00
      vertex   -2.326015e+01 -1.980000e+00 3.771895e+00
    endloop
  endfacet
  facet normal 9.238795e-01 -9.711176e-17 3.826834e-01
    outer loop
      vertex   -2.326015e+01 -5.480000e+00 3.771895e+00
      vertex   -2.326015e+01 -1.980000e+00 3.771895e+00
      vertex   -2.340500e+01 -5.480000e+00 4.121607e+00
    endloop
  endfacet
  facet normal 9.238795e-01 -0.000000e+00 3.826834e-01
    outer loop
      vertex   -2.340500e+01 -5.480000e+00 4.121607e+00
      vertex   -2.326015e+01 -1.980000e+00 3.771895e+00
      vertex   -2.340500e+01 -1.980000e+00 4.121607e+00
    endloop
  endfacet
  facet normal 9.914449e-01 -3.312301e-17 1.305262e-01
    outer loop
      vertex   2.049500e+01 -5.480000e+00 4.121599e+00
      vertex   2.049500e+01 -1.980000e+00 4.121599e+00
      vertex   2.044559e+01 -5.480000e+00 4.496887e+00
    endloop
  endfacet
  facet normal 9.914449e-01 -0.000000e+00 1.305262e-01
    outer loop
      vertex   2.044559e+01 -5.480000e+00 4.496887e+00
      vertex   2.049500e+01 -1.980000e+00 4.121599e+00
      vertex   2.044559e+01 -1.980000e+00 4.496887e+00
    endloop
  endfacet
  facet normal 9.914449e-01 0.000000e+00 -1.305262e-01
    outer loop
      vertex   2.044559e+01 -5.480000e+00 4.496887e+00
      vertex   2.044559e+01 -1.980000e+00 4.496887e+00
      vertex   2.049500e+01 -5.480000e+00 4.872174e+00
    endloop
  endfacet
  facet normal 9.914449e-01 3.312301e-17 -1.305262e-01
    outer loop
      vertex   2.049500e+01 -5.480000e+00 4.872174e+00
      vertex   2.044559e+01 -1.980000e+00 4.496887e+00
      vertex   2.049500e+01 -1.980000e+00 4.872174e+00
    endloop
  endfacet
  facet normal 9.238795e-01 9.711176e-17 -3.826834e-01
    outer loop
      vertex   2.049500e+01 -5.480000e+00 4.872174e+00
      vertex   2.049500e+01 -1.980000e+00 4.872174e+00
      vertex   2.063986e+01 -5.480000e+00 5.221887e+00
    endloop
  endfacet
  facet normal 9.238795e-01 0.000000e+00 -3.826834e-01
    outer loop
      vertex   2.063986e+01 -5.480000e+00 5.221887e+00
      vertex   2.049500e+01 -1.980000e+00 4.872174e+00
      vertex   2.063986e+01 -1.980000e+00 5.221887e+00
    endloop
  endfacet
  facet normal 7.933533e-01 0.000000e+00 -6.087614e-01
    outer loop
      vertex   2.063986e+01 -5.480000e+00 5.221887e+00
      vertex   2.063986e+01 -1.980000e+00 5.221887e+00
      vertex   2.087029e+01 -5.480000e+00 5.522191e+00
    endloop
  endfacet
  facet normal 7.933533e-01 0.000000e+00 -6.087614e-01
    outer loop
      vertex   2.087029e+01 -5.480000e+00 5.522191e+00
      vertex   2.063986e+01 -1.980000e+00 5.221887e+00
      vertex   2.087029e+01 -1.980000e+00 5.522191e+00
    endloop
  endfacet
  facet normal 6.087614e-01 0.000000e+00 -7.933533e-01
    outer loop
      vertex   2.087029e+01 -5.480000e+00 5.522191e+00
      vertex   2.087029e+01 -1.980000e+00 5.522191e+00
      vertex   2.117059e+01 -5.480000e+00 5.752623e+00
    endloop
  endfacet
  facet normal 6.087614e-01 2.013255e-16 -7.933533e-01
    outer loop
      vertex   2.117059e+01 -5.480000e+00 5.752623e+00
      vertex   2.087029e+01 -1.980000e+00 5.522191e+00
      vertex   2.117059e+01 -1.980000e+00 5.752623e+00
    endloop
  endfacet
  facet normal 3.826834e-01 2.344485e-16 -9.238795e-01
    outer loop
      vertex   2.117059e+01 -5.480000e+00 5.752623e+00
      vertex   2.117059e+01 -1.980000e+00 5.752623e+00
      vertex   2.152031e+01 -5.480000e+00 5.897479e+00
    endloop
  endfacet
  facet normal 3.826834e-01 0.000000e+00 -9.238795e-01
    outer loop
      vertex   2.152031e+01 -5.480000e+00 5.897479e+00
      vertex   2.117059e+01 -1.980000e+00 5.752623e+00
      vertex   2.152031e+01 -1.980000e+00 5.897479e+00
    endloop
  endfacet
  facet normal 1.305262e-01 0.000000e+00 -9.914449e-01
    outer loop
      vertex   2.152031e+01 -5.480000e+00 5.897479e+00
      vertex   2.152031e+01 -1.980000e+00 5.897479e+00
      vertex   2.189559e+01 -5.480000e+00 5.946887e+00
    endloop
  endfacet
  facet normal 1.305262e-01 0.000000e+00 -9.914449e-01
    outer loop
      vertex   2.189559e+01 -5.480000e+00 5.946887e+00
      vertex   2.152031e+01 -1.980000e+00 5.897479e+00
      vertex   2.189559e+01 -1.980000e+00 5.946887e+00
    endloop
  endfacet
  facet normal -1.305262e-01 0.000000e+00 -9.914449e-01
    outer loop
      vertex   2.189559e+01 -5.480000e+00 5.946887e+00
      vertex   2.189559e+01 -1.980000e+00 5.946887e+00
      vertex   2.227088e+01 -5.480000e+00 5.897479e+00
    endloop
  endfacet
  facet normal -1.305262e-01 0.000000e+00 -9.914449e-01
    outer loop
      vertex   2.227088e+01 -5.480000e+00 5.897479e+00
      vertex   2.189559e+01 -1.980000e+00 5.946887e+00
      vertex   2.227088e+01 -1.980000e+00 5.897479e+00
    endloop
  endfacet
  facet normal -3.826834e-01 0.000000e+00 -9.238795e-01
    outer loop
      vertex   2.227088e+01 -5.480000e+00 5.897479e+00
      vertex   2.227088e+01 -1.980000e+00 5.897479e+00
      vertex   2.262059e+01 -5.480000e+00 5.752623e+00
    endloop
  endfacet
  facet normal -3.826834e-01 0.000000e+00 -9.238795e-01
    outer loop
      vertex   2.262059e+01 -5.480000e+00 5.752623e+00
      vertex   2.227088e+01 -1.980000e+00 5.897479e+00
      vertex   2.262059e+01 -1.980000e+00 5.752623e+00
    endloop
  endfacet
  facet normal -6.087614e-01 0.000000e+00 -7.933533e-01
    outer loop
      vertex   2.262059e+01 -5.480000e+00 5.752623e+00
      vertex   2.262059e+01 -1.980000e+00 5.752623e+00
      vertex   2.292090e+01 -5.480000e+00 5.522191e+00
    endloop
  endfacet
  facet normal -6.087614e-01 0.000000e+00 -7.933533e-01
    outer loop
      vertex   2.292090e+01 -5.480000e+00 5.522191e+00
      vertex   2.262059e+01 -1.980000e+00 5.752623e+00
      vertex   2.292090e+01 -1.980000e+00 5.522191e+00
    endloop
  endfacet
  facet normal -7.933533e-01 0.000000e+00 -6.087614e-01
    outer loop
      vertex   2.292090e+01 -5.480000e+00 5.522191e+00
      vertex   2.292090e+01 -1.980000e+00 5.522191e+00
      vertex   2.315133e+01 -5.480000e+00 5.221887e+00
    endloop
  endfacet
  facet normal -7.933533e-01 0.000000e+00 -6.087614e-01
    outer loop
      vertex   2.315133e+01 -5.480000e+00 5.221887e+00
      vertex   2.292090e+01 -1.980000e+00 5.522191e+00
      vertex   2.315133e+01 -1.980000e+00 5.221887e+00
    endloop
  endfacet
  facet normal -9.238795e-01 0.000000e+00 -3.826834e-01
    outer loop
      vertex   2.315133e+01 -5.480000e+00 5.221887e+00
      vertex   2.315133e+01 -1.980000e+00 5.221887e+00
      vertex   2.329619e+01 -5.480000e+00 4.872174e+00
    endloop
  endfacet
  facet normal -9.238795e-01 -9.711176e-17 -3.826834e-01
    outer loop
      vertex   2.329619e+01 -5.480000e+00 4.872174e+00
      vertex   2.315133e+01 -1.980000e+00 5.221887e+00
      vertex   2.329619e+01 -1.980000e+00 4.872174e+00
    endloop
  endfacet
  facet normal -9.914449e-01 -3.312301e-17 -1.305262e-01
    outer loop
      vertex   2.329619e+01 -5.480000e+00 4.872174e+00
      vertex   2.329619e+01 -1.980000e+00 4.872174e+00
      vertex   2.334559e+01 -5.480000e+00 4.496887e+00
    endloop
  endfacet
  facet normal -9.914449e-01 0.000000e+00 -1.305262e-01
    outer loop
      vertex   2.334559e+01 -5.480000e+00 4.496887e+00
      vertex   2.329619e+01 -1.980000e+00 4.872174e+00
      vertex   2.334559e+01 -1.980000e+00 4.496887e+00
    endloop
  endfacet
  facet normal -9.914449e-01 0.000000e+00 1.305262e-01
    outer loop
      vertex   2.334559e+01 -5.480000e+00 4.496887e+00
      vertex   2.334559e+01 -1.980000e+00 4.496887e+00
      vertex   2.329619e+01 -5.480000e+00 4.121599e+00
    endloop
  endfacet
  facet normal -9.914449e-01 0.000000e+00 1.305262e-01
    outer loop
      vertex   2.329619e+01 -5.480000e+00 4.121599e+00
      vertex   2.334559e+01 -1.980000e+00 4.496887e+00
      vertex   2.329619e+01 -1.980000e+00 4.121599e+00
    endloop
  endfacet
  facet normal -9.238795e-01 0.000000e+00 3.826834e-01
    outer loop
      vertex   2.329619e+01 -5.480000e+00 4.121599e+00
      vertex   2.329619e+01 -1.980000e+00 4.121599e+00
      vertex   2.315133e+01 -5.480000e+00 3.771887e+00
    endloop
  endfacet
  facet normal -9.238795e-01 0.000000e+00 3.826834e-01
    outer loop
      vertex   2.315133e+01 -5.480000e+00 3.771887e+00
      vertex   2.329619e+01 -1.980000e+00 4.121599e+00
      vertex   2.315133e+01 -1.980000e+00 3.771887e+00
    endloop
  endfacet
  facet normal -7.933533e-01 0.000000e+00 6.087614e-01
    outer loop
      vertex   2.315133e+01 -5.480000e+00 3.771887e+00
      vertex   2.315133e+01 -1.980000e+00 3.771887e+00
      vertex   2.292090e+01 -5.480000e+00 3.471582e+00
    endloop
  endfacet
  facet normal -7.933533e-01 7.724125e-17 6.087614e-01
    outer loop
      vertex   2.292090e+01 -5.480000e+00 3.471582e+00
      vertex   2.315133e+01 -1.980000e+00 3.771887e+00
      vertex   2.292090e+01 -1.980000e+00 3.471582e+00
    endloop
  endfacet
  facet normal -6.087614e-01 1.006628e-16 7.933533e-01
    outer loop
      vertex   2.292090e+01 -5.480000e+00 3.471582e+00
      vertex   2.292090e+01 -1.980000e+00 3.471582e+00
      vertex   2.262059e+01 -5.480000e+00 3.241150e+00
    endloop
  endfacet
  facet normal -6.087614e-01 0.000000e+00 7.933533e-01
    outer loop
      vertex   2.262059e+01 -5.480000e+00 3.241150e+00
      vertex   2.292090e+01 -1.980000e+00 3.471582e+00
      vertex   2.262059e+01 -1.980000e+00 3.241150e+00
    endloop
  endfacet
  facet normal -3.826834e-01 0.000000e+00 9.238795e-01
    outer loop
      vertex   2.262059e+01 -5.480000e+00 3.241150e+00
      vertex   2.262059e+01 -1.980000e+00 3.241150e+00
      vertex   2.227088e+01 -5.480000e+00 3.096294e+00
    endloop
  endfacet
  facet normal -3.826834e-01 1.172243e-16 9.238795e-01
    outer loop
      vertex   2.227088e+01 -5.480000e+00 3.096294e+00
      vertex   2.262059e+01 -1.980000e+00 3.241150e+00
      vertex   2.227088e+01 -1.980000e+00 3.096294e+00
    endloop
  endfacet
  facet normal -1.305262e-01 1.257971e-16 9.914449e-01
    outer loop
      vertex   2.227088e+01 -5.480000e+00 3.096294e+00
      vertex   2.227088e+01 -1.980000e+00 3.096294e+00
      vertex   2.189559e+01 -5.480000e+00 3.046887e+00
    endloop
  endfacet
  facet normal -1.305262e-01 0.000000e+00 9.914449e-01
    outer loop
      vertex   2.189559e+01 -5.480000e+00 3.046887e+00
      vertex   2.227088e+01 -1.980000e+00 3.096294e+00
      vertex   2.189559e+01 -1.980000e+00 3.046887e+00
    endloop
  endfacet
  facet normal 1.305262e-01 -0.000000e+00 9.914449e-01
    outer loop
      vertex   2.189559e+01 -5.480000e+00 3.046887e+00
      vertex   2.189559e+01 -1.980000e+00 3.046887e+00
      vertex   2.152031e+01 -5.480000e+00 3.096294e+00
    endloop
  endfacet
  facet normal 1.305262e-01 -0.000000e+00 9.914449e-01
    outer loop
      vertex   2.152031e+01 -5.480000e+00 3.096294e+00
      vertex   2.189559e+01 -1.980000e+00 3.046887e+00
      vertex   2.152031e+01 -1.980000e+00 3.096294e+00
    endloop
  endfacet
  facet normal 3.826834e-01 -0.000000e+00 9.238795e-01
    outer loop
      vertex   2.152031e+01 -5.480000e+00 3.096294e+00
      vertex   2.152031e+01 -1.980000e+00 3.096294e+00
      vertex   2.117059e+01 -5.480000e+00 3.241150e+00
    endloop
  endfacet
  facet normal 3.826834e-01 -2.344485e-16 9.238795e-01
    outer loop
      vertex   2.117059e+01 -5.480000e+00 3.241150e+00
      vertex   2.152031e+01 -1.980000e+00 3.096294e+00
      vertex   2.117059e+01 -1.980000e+00 3.241150e+00
    endloop
  endfacet
  facet normal 6.087614e-01 -2.013255e-16 7.933533e-01
    outer loop
      vertex   2.117059e+01 -5.480000e+00 3.241150e+00
      vertex   2.117059e+01 -1.980000e+00 3.241150e+00
      vertex   2.087029e+01 -5.480000e+00 3.471582e+00
    endloop
  endfacet
  facet normal 6.087614e-01 -0.000000e+00 7.933533e-01
    outer loop
      vertex   2.087029e+01 -5.480000e+00 3.471582e+00
      vertex   2.117059e+01 -1.980000e+00 3.241150e+00
      vertex   2.087029e+01 -1.980000e+00 3.471582e+00
    endloop
  endfacet
  facet normal 7.933533e-01 -0.000000e+00 6.087614e-01
    outer loop
      vertex   2.087029e+01 -5.480000e+00 3.471582e+00
      vertex   2.087029e+01 -1.980000e+00 3.471582e+00
      vertex   2.063986e+01 -5.480000e+00 3.771887e+00
    endloop
  endfacet
  facet normal 7.933533e-01 -7.724125e-17 6.087614e-01
    outer loop
      vertex   2.063986e+01 -5.480000e+00 3.771887e+00
      vertex   2.087029e+01 -1.980000e+00 3.471582e+00
      vertex   2.063986e+01 -1.980000e+00 3.771887e+00
    endloop
  endfacet
  facet normal 9.238795e-01 -4.855588e-17 3.826834e-01
    outer loop
      vertex   2.063986e+01 -5.480000e+00 3.771887e+00
      vertex   2.063986e+01 -1.980000e+00 3.771887e+00
      vertex   2.049500e+01 -5.480000e+00 4.121599e+00
    endloop
  endfacet
  facet normal 9.238795e-01 -9.711176e-17 3.826834e-01
    outer loop
      vertex   2.049500e+01 -5.480000e+00 4.121599e+00
      vertex   2.063986e+01 -1.980000e+00 3.771887e+00
      vertex   2.049500e+01 -1.980000e+00 4.121599e+00
    endloop
  endfacet
  facet normal -2.581728e-01 0.000000e+00 -9.660988e-01
    outer loop
      vertex   -4.573877e+01 -5.480000e+00 5.221121e+01
      vertex   -4.573877e+01 -1.980000e+00 5.221121e+01
      vertex   -4.339660e+01 -5.480000e+00 5.158531e+01
    endloop
  endfacet
  facet normal -2.581728e-01 0.000000e+00 -9.660988e-01
    outer loop
      vertex   -4.339660e+01 -5.480000e+00 5.158531e+01
      vertex   -4.573877e+01 -1.980000e+00 5.221121e+01
      vertex   -4.339660e+01 -1.980000e+00 5.158531e+01
    endloop
  endfacet
  facet normal -3.505354e-01 0.000000e+00 -9.365495e-01
    outer loop
      vertex   -4.339660e+01 -5.480000e+00 5.158531e+01
      vertex   -4.339660e+01 -1.980000e+00 5.158531e+01
      vertex   -4.112607e+01 -5.480000e+00 5.073548e+01
    endloop
  endfacet
  facet normal -3.505354e-01 0.000000e+00 -9.365495e-01
    outer loop
      vertex   -4.112607e+01 -5.480000e+00 5.073548e+01
      vertex   -4.339660e+01 -1.980000e+00 5.158531e+01
      vertex   -4.112607e+01 -1.980000e+00 5.073548e+01
    endloop
  endfacet
  facet normal -4.396015e-01 0.000000e+00 -8.981929e-01
    outer loop
      vertex   -4.112607e+01 -5.480000e+00 5.073548e+01
      vertex   -4.112607e+01 -1.980000e+00 5.073548e+01
      vertex   -3.894853e+01 -5.480000e+00 4.966973e+01
    endloop
  endfacet
  facet normal -4.396015e-01 0.000000e+00 -8.981929e-01
    outer loop
      vertex   -3.894853e+01 -5.480000e+00 4.966973e+01
      vertex   -4.112607e+01 -1.980000e+00 5.073548e+01
      vertex   -3.894853e+01 -1.980000e+00 4.966973e+01
    endloop
  endfacet
  facet normal -5.245336e-01 0.000000e+00 -8.513897e-01
    outer loop
      vertex   -3.894853e+01 -5.480000e+00 4.966973e+01
      vertex   -3.894853e+01 -1.980000e+00 4.966973e+01
      vertex   -3.688446e+01 -5.480000e+00 4.839808e+01
    endloop
  endfacet
  facet normal -5.245336e-01 0.000000e+00 -8.513897e-01
    outer loop
      vertex   -3.688446e+01 -5.480000e+00 4.839808e+01
      vertex   -3.894853e+01 -1.980000e+00 4.966973e+01
      vertex   -3.688446e+01 -1.980000e+00 4.839808e+01
    endloop
  endfacet
  facet normal -6.045330e-01 0.000000e+00 -7.965801e-01
    outer loop
      vertex   -3.688446e+01 -5.480000e+00 4.839808e+01
      vertex   -3.688446e+01 -1.980000e+00 4.839808e+01
      vertex   -3.495326e+01 -5.480000e+00 4.693247e+01
    endloop
  endfacet
  facet normal -6.045330e-01 0.000000e+00 -7.965801e-01
    outer loop
      vertex   -3.495326e+01 -5.480000e+00 4.693247e+01
      vertex   -3.688446e+01 -1.980000e+00 4.839808e+01
      vertex   -3.495326e+01 -1.980000e+00 4.693247e+01
    endloop
  endfacet
  facet normal -6.788474e-01 0.000000e+00 -7.342793e-01
    outer loop
      vertex   -3.495326e+01 -5.480000e+00 4.693247e+01
      vertex   -3.495326e+01 -1.980000e+00 4.693247e+01
      vertex   -3.317311e+01 -5.480000e+00 4.528670e+01
    endloop
  endfacet
  facet normal -6.788474e-01 0.000000e+00 -7.342793e-01
    outer loop
      vertex   -3.317311e+01 -5.480000e+00 4.528670e+01
      vertex   -3.495326e+01 -1.980000e+00 4.693247e+01
      vertex   -3.317311e+01 -1.980000e+00 4.528670e+01
    endloop
  endfacet
  facet normal -7.467779e-01 0.000000e+00 -6.650735e-01
    outer loop
      vertex   -3.317311e+01 -5.480000e+00 4.528670e+01
      vertex   -3.317311e+01 -1.980000e+00 4.528670e+01
      vertex   -3.156073e+01 -5.480000e+00 4.347625e+01
    endloop
  endfacet
  facet normal -7.467779e-01 0.000000e+00 -6.650735e-01
    outer loop
      vertex   -3.156073e+01 -5.480000e+00 4.347625e+01
      vertex   -3.317311e+01 -1.980000e+00 4.528670e+01
      vertex   -3.156073e+01 -1.980000e+00 4.347625e+01
    endloop
  endfacet
  facet normal -8.076857e-01 0.000000e+00 -5.896132e-01
    outer loop
      vertex   -3.156073e+01 -5.480000e+00 4.347625e+01
      vertex   -3.156073e+01 -1.980000e+00 4.347625e+01
      vertex   -3.013130e+01 -5.480000e+00 4.151813e+01
    endloop
  endfacet
  facet normal -8.076857e-01 0.000000e+00 -5.896132e-01
    outer loop
      vertex   -3.013130e+01 -5.480000e+00 4.151813e+01
      vertex   -3.156073e+01 -1.980000e+00 4.347625e+01
      vertex   -3.013130e+01 -1.980000e+00 4.151813e+01
    endloop
  endfacet
  facet normal -8.609980e-01 0.000000e+00 -5.086083e-01
    outer loop
      vertex   -3.013130e+01 -5.480000e+00 4.151813e+01
      vertex   -3.013130e+01 -1.980000e+00 4.151813e+01
      vertex   -2.889825e+01 -5.480000e+00 3.943076e+01
    endloop
  endfacet
  facet normal -8.609980e-01 0.000000e+00 -5.086083e-01
    outer loop
      vertex   -2.889825e+01 -5.480000e+00 3.943076e+01
      vertex   -3.013130e+01 -1.980000e+00 4.151813e+01
      vertex   -2.889825e+01 -1.980000e+00 3.943076e+01
    endloop
  endfacet
  facet normal -9.062135e-01 0.000000e+00 -4.228204e-01
    outer loop
      vertex   -2.889825e+01 -5.480000e+00 3.943076e+01
      vertex   -2.889825e+01 -1.980000e+00 3.943076e+01
      vertex   -2.787318e+01 -5.480000e+00 3.723378e+01
    endloop
  endfacet
  facet normal -9.062135e-01 0.000000e+00 -4.228204e-01
    outer loop
      vertex   -2.787318e+01 -5.480000e+00 3.723378e+01
      vertex   -2.889825e+01 -1.980000e+00 3.943076e+01
      vertex   -2.787318e+01 -1.980000e+00 3.723378e+01
    endloop
  endfacet
  facet normal -9.429070e-01 0.000000e+00 -3.330562e-01
    outer loop
      vertex   -2.787318e+01 -5.480000e+00 3.723378e+01
      vertex   -2.787318e+01 -1.980000e+00 3.723378e+01
      vertex   -2.706574e+01 -5.480000e+00 3.494784e+01
    endloop
  endfacet
  facet normal -9.429070e-01 0.000000e+00 -3.330562e-01
    outer loop
      vertex   -2.706574e+01 -5.480000e+00 3.494784e+01
      vertex   -2.787318e+01 -1.980000e+00 3.723378e+01
      vertex   -2.706574e+01 -1.980000e+00 3.494784e+01
    endloop
  endfacet
  facet normal -9.707333e-01 0.000000e+00 -2.401601e-01
    outer loop
      vertex   -2.706574e+01 -5.480000e+00 3.494784e+01
      vertex   -2.706574e+01 -1.980000e+00 3.494784e+01
      vertex   -2.648350e+01 -5.480000e+00 3.259443e+01
    endloop
  endfacet
  facet normal -9.707333e-01 0.000000e+00 -2.401601e-01
    outer loop
      vertex   -2.648350e+01 -5.480000e+00 3.259443e+01
      vertex   -2.706574e+01 -1.980000e+00 3.494784e+01
      vertex   -2.648350e+01 -1.980000e+00 3.259443e+01
    endloop
  endfacet
  facet normal -9.894309e-01 0.000000e+00 -1.450054e-01
    outer loop
      vertex   -2.648350e+01 -5.480000e+00 3.259443e+01
      vertex   -2.648350e+01 -1.980000e+00 3.259443e+01
      vertex   -2.613196e+01 -5.480000e+00 3.019570e+01
    endloop
  endfacet
  facet normal -9.894309e-01 0.000000e+00 -1.450054e-01
    outer loop
      vertex   -2.613196e+01 -5.480000e+00 3.019570e+01
      vertex   -2.648350e+01 -1.980000e+00 3.259443e+01
      vertex   -2.613196e+01 -1.980000e+00 3.019570e+01
    endloop
  endfacet
  facet normal -9.988238e-01 0.000000e+00 -4.848713e-02
    outer loop
      vertex   -2.613196e+01 -5.480000e+00 3.019570e+01
      vertex   -2.613196e+01 -1.980000e+00 3.019570e+01
      vertex   -2.601441e+01 -5.480000e+00 2.777420e+01
    endloop
  endfacet
  facet normal -9.988238e-01 0.000000e+00 -4.848713e-02
    outer loop
      vertex   -2.601441e+01 -5.480000e+00 2.777420e+01
      vertex   -2.613196e+01 -1.980000e+00 3.019570e+01
      vertex   -2.601441e+01 -1.980000e+00 2.777420e+01
    endloop
  endfacet
  facet normal 2.641706e-01 0.000000e+00 -9.644760e-01
    outer loop
      vertex   4.558259e+01 -1.980000e+00 5.221121e+01
      vertex   4.558259e+01 -5.480000e+00 5.221121e+01
      vertex   4.325545e+01 -1.980000e+00 5.157380e+01
    endloop
  endfacet
  facet normal 2.641706e-01 0.000000e+00 -9.644760e-01
    outer loop
      vertex   4.325545e+01 -1.980000e+00 5.157380e+01
      vertex   4.558259e+01 -5.480000e+00 5.221121e+01
      vertex   4.325545e+01 -5.480000e+00 5.157380e+01
    endloop
  endfacet
  facet normal 3.559177e-01 0.000000e+00 -9.345173e-01
    outer loop
      vertex   4.325545e+01 -1.980000e+00 5.157380e+01
      vertex   4.325545e+01 -5.480000e+00 5.157380e+01
      vertex   4.100058e+01 -5.480000e+00 5.071502e+01
    endloop
  endfacet
  facet normal 3.559177e-01 0.000000e+00 -9.345173e-01
    outer loop
      vertex   4.325545e+01 -1.980000e+00 5.157380e+01
      vertex   4.100058e+01 -5.480000e+00 5.071502e+01
      vertex   4.100058e+01 -1.980000e+00 5.071502e+01
    endloop
  endfacet
  facet normal 4.443494e-01 0.000000e+00 -8.958535e-01
    outer loop
      vertex   4.100058e+01 -1.980000e+00 5.071502e+01
      vertex   4.100058e+01 -5.480000e+00 5.071502e+01
      vertex   3.883901e+01 -5.480000e+00 4.964287e+01
    endloop
  endfacet
  facet normal 4.443494e-01 0.000000e+00 -8.958535e-01
    outer loop
      vertex   4.100058e+01 -1.980000e+00 5.071502e+01
      vertex   3.883901e+01 -5.480000e+00 4.964287e+01
      vertex   3.883901e+01 -1.980000e+00 4.964287e+01
    endloop
  endfacet
  facet normal 5.286420e-01 0.000000e+00 -8.488449e-01
    outer loop
      vertex   3.883901e+01 -1.980000e+00 4.964287e+01
      vertex   3.883901e+01 -5.480000e+00 4.964287e+01
      vertex   3.679086e+01 -5.480000e+00 4.836732e+01
    endloop
  endfacet
  facet normal 5.286420e-01 0.000000e+00 -8.488449e-01
    outer loop
      vertex   3.883901e+01 -1.980000e+00 4.964287e+01
      vertex   3.679086e+01 -5.480000e+00 4.836732e+01
      vertex   3.679086e+01 -1.980000e+00 4.836732e+01
    endloop
  endfacet
  facet normal 6.080103e-01 0.000000e+00 -7.939292e-01
    outer loop
      vertex   3.679086e+01 -1.980000e+00 4.836732e+01
      vertex   3.679086e+01 -5.480000e+00 4.836732e+01
      vertex   3.487522e+01 -5.480000e+00 4.690028e+01
    endloop
  endfacet
  facet normal 6.080103e-01 0.000000e+00 -7.939292e-01
    outer loop
      vertex   3.679086e+01 -1.980000e+00 4.836732e+01
      vertex   3.487522e+01 -5.480000e+00 4.690028e+01
      vertex   3.487522e+01 -1.980000e+00 4.690028e+01
    endloop
  endfacet
  facet normal 6.817149e-01 0.000000e+00 -7.316179e-01
    outer loop
      vertex   3.487522e+01 -1.980000e+00 4.690028e+01
      vertex   3.487522e+01 -5.480000e+00 4.690028e+01
      vertex   3.310993e+01 -5.480000e+00 4.525539e+01
    endloop
  endfacet
  facet normal 6.817149e-01 0.000000e+00 -7.316179e-01
    outer loop
      vertex   3.487522e+01 -1.980000e+00 4.690028e+01
      vertex   3.310993e+01 -5.480000e+00 4.525539e+01
      vertex   3.310993e+01 -1.980000e+00 4.525539e+01
    endloop
  endfacet
  facet normal 7.490693e-01 0.000000e+00 -6.624917e-01
    outer loop
      vertex   3.310993e+01 -1.980000e+00 4.525539e+01
      vertex   3.310993e+01 -5.480000e+00 4.525539e+01
      vertex   3.151143e+01 -5.480000e+00 4.344799e+01
    endloop
  endfacet
  facet normal 7.490693e-01 0.000000e+00 -6.624917e-01
    outer loop
      vertex   3.310993e+01 -1.980000e+00 4.525539e+01
      vertex   3.151143e+01 -5.480000e+00 4.344799e+01
      vertex   3.151143e+01 -1.980000e+00 4.344799e+01
    endloop
  endfacet
  facet normal 8.094460e-01 0.000000e+00 -5.871943e-01
    outer loop
      vertex   3.151143e+01 -1.980000e+00 4.344799e+01
      vertex   3.151143e+01 -5.480000e+00 4.344799e+01
      vertex   3.009461e+01 -5.480000e+00 4.149491e+01
    endloop
  endfacet
  facet normal 8.094460e-01 0.000000e+00 -5.871943e-01
    outer loop
      vertex   3.151143e+01 -1.980000e+00 4.344799e+01
      vertex   3.009461e+01 -5.480000e+00 4.149491e+01
      vertex   3.009461e+01 -1.980000e+00 4.149491e+01
    endloop
  endfacet
  facet normal 8.622828e-01 0.000000e+00 -5.064271e-01
    outer loop
      vertex   3.009461e+01 -1.980000e+00 4.149491e+01
      vertex   3.009461e+01 -5.480000e+00 4.149491e+01
      vertex   2.887267e+01 -5.480000e+00 3.941434e+01
    endloop
  endfacet
  facet normal 8.622828e-01 0.000000e+00 -5.064271e-01
    outer loop
      vertex   3.009461e+01 -1.980000e+00 4.149491e+01
      vertex   2.887267e+01 -5.480000e+00 3.941434e+01
      vertex   2.887267e+01 -1.980000e+00 3.941434e+01
    endloop
  endfacet
  facet normal 9.070873e-01 0.000000e+00 -4.209425e-01
    outer loop
      vertex   2.887267e+01 -1.980000e+00 3.941434e+01
      vertex   2.887267e+01 -5.480000e+00 3.941434e+01
      vertex   2.785699e+01 -5.480000e+00 3.722566e+01
    endloop
  endfacet
  facet normal 9.070873e-01 0.000000e+00 -4.209425e-01
    outer loop
      vertex   2.887267e+01 -1.980000e+00 3.941434e+01
      vertex   2.785699e+01 -5.480000e+00 3.722566e+01
      vertex   2.785699e+01 -1.980000e+00 3.722566e+01
    endloop
  endfacet
  facet normal 9.434423e-01 0.000000e+00 -3.315369e-01
    outer loop
      vertex   2.785699e+01 -1.980000e+00 3.722566e+01
      vertex   2.785699e+01 -5.480000e+00 3.722566e+01
      vertex   2.705704e+01 -5.480000e+00 3.494926e+01
    endloop
  endfacet
  facet normal 9.434423e-01 0.000000e+00 -3.315369e-01
    outer loop
      vertex   2.785699e+01 -1.980000e+00 3.722566e+01
      vertex   2.705704e+01 -5.480000e+00 3.494926e+01
      vertex   2.705704e+01 -1.980000e+00 3.494926e+01
    endloop
  endfacet
  facet normal 9.710090e-01 0.000000e+00 -2.390429e-01
    outer loop
      vertex   2.705704e+01 -1.980000e+00 3.494926e+01
      vertex   2.705704e+01 -5.480000e+00 3.494926e+01
      vertex   2.648026e+01 -5.480000e+00 3.260635e+01
    endloop
  endfacet
  facet normal 9.710090e-01 0.000000e+00 -2.390429e-01
    outer loop
      vertex   2.705704e+01 -1.980000e+00 3.494926e+01
      vertex   2.648026e+01 -5.480000e+00 3.260635e+01
      vertex   2.648026e+01 -1.980000e+00 3.260635e+01
    endloop
  endfacet
  facet normal 9.895307e-01 0.000000e+00 -1.443223e-01
    outer loop
      vertex   2.648026e+01 -1.980000e+00 3.260635e+01
      vertex   2.648026e+01 -5.480000e+00 3.260635e+01
      vertex   2.613203e+01 -5.480000e+00 3.021875e+01
    endloop
  endfacet
  facet normal 9.895307e-01 0.000000e+00 -1.443223e-01
    outer loop
      vertex   2.648026e+01 -1.980000e+00 3.260635e+01
      vertex   2.613203e+01 -5.480000e+00 3.021875e+01
      vertex   2.613203e+01 -1.980000e+00 3.021875e+01
    endloop
  endfacet
  facet normal 9.988349e-01 0.000000e+00 -4.825727e-02
    outer loop
      vertex   2.613203e+01 -1.980000e+00 3.021875e+01
      vertex   2.613203e+01 -5.480000e+00 3.021875e+01
      vertex   2.601559e+01 -1.980000e+00 2.780870e+01
    endloop
  endfacet
  facet normal 9.988349e-01 0.000000e+00 -4.825727e-02
    outer loop
      vertex   2.601559e+01 -1.980000e+00 2.780870e+01
      vertex   2.613203e+01 -5.480000e+00 3.021875e+01
      vertex   2.601559e+01 -5.480000e+00 2.780870e+01
    endloop
  endfacet
  facet normal 1.000000e+00 -0.000000e+00 0.000000e+00
    outer loop
      vertex   -1.775441e+01 -5.480000e+00 -4.547250e+00
      vertex   -1.775441e+01 -5.480000e+00 -1.454725e+01
      vertex   -1.775441e+01 -1.980000e+00 -4.547250e+00
    endloop
  endfacet
  facet normal 1.000000e+00 0.000000e+00 0.000000e+00
    outer loop
      vertex   -1.775441e+01 -1.980000e+00 -4.547250e+00
      vertex   -1.775441e+01 -5.480000e+00 -1.454725e+01
      vertex   -1.775441e+01 -1.980000e+00 -1.454725e+01
    endloop
  endfacet
  facet normal -1.000000e+00 0.000000e+00 0.000000e+00
    outer loop
      vertex   1.775559e+01 -5.480000e+00 -1.454725e+01
      vertex   1.775559e+01 -5.480000e+00 -4.547250e+00
      vertex   1.775559e+01 -1.980000e+00 -1.454725e+01
    endloop
  endfacet
  facet normal -1.000000e+00 0.000000e+00 0.000000e+00
    outer loop
      vertex   1.775559e+01 -1.980000e+00 -1.454725e+01
      vertex   1.775559e+01 -5.480000e+00 -4.547250e+00
      vertex   1.775559e+01 -1.980000e+00 -4.547250e+00
    endloop
  endfacet
  facet normal 0.000000e+00 0.000000e+00 -1.000000e+00
    outer loop
      vertex   -1.775441e+01 -5.480000e+00 -1.454725e+01
      vertex   -2.601441e+01 -5.480000e+00 -1.454725e+01
      vertex   -1.775441e+01 -1.980000e+00 -1.454725e+01
    endloop
  endfacet
  facet normal 0.000000e+00 0.000000e+00 -1.000000e+00
    outer loop
      vertex   -1.775441e+01 -1.980000e+00 -1.454725e+01
      vertex   -2.601441e+01 -5.480000e+00 -1.454725e+01
      vertex   -2.601441e+01 -1.980000e+00 -1.454725e+01
    endloop
  endfacet
  facet normal -1.353197e-15 1.000000e+00 1.005179e-15
    outer loop
      vertex   -4.213936e+01 -1.980000e+00 5.683592e+01
      vertex   -4.573877e+01 -1.980000e+00 5.221121e+01
      vertex   -4.218877e+01 -1.980000e+00 5.721121e+01
    endloop
  endfacet
  facet normal 3.828880e-17 1.000000e+00 1.722387e-17
    outer loop
      vertex   -4.218877e+01 -1.980000e+00 5.721121e+01
      vertex   -4.573877e+01 -1.980000e+00 5.221121e+01
      vertex   -4.706452e+01 -1.980000e+00 5.515837e+01
    endloop
  endfacet
  facet normal 5.756661e-16 1.000000e+00 -1.259118e-15
    outer loop
      vertex   -4.218877e+01 -1.980000e+00 5.721121e+01
      vertex   -4.706452e+01 -1.980000e+00 5.515837e+01
      vertex   -4.213936e+01 -1.980000e+00 5.758650e+01
    endloop
  endfacet
  facet normal -3.806885e-17 1.000000e+00 -1.422881e-17
    outer loop
      vertex   -4.213936e+01 -1.980000e+00 5.758650e+01
      vertex   -4.706452e+01 -1.980000e+00 5.515837e+01
      vertex   -4.819594e+01 -1.980000e+00 5.818547e+01
    endloop
  endfacet
  facet normal -3.521898e-17 1.000000e+00 1.458818e-17
    outer loop
      vertex   -4.213936e+01 -1.980000e+00 5.758650e+01
      vertex   -4.819594e+01 -1.980000e+00 5.818547e+01
      vertex   -4.199450e+01 -1.980000e+00 5.793621e+01
    endloop
  endfacet
  facet normal -3.624426e-17 1.000000e+00 -1.092057e-17
    outer loop
      vertex   -4.199450e+01 -1.980000e+00 5.793621e+01
      vertex   -4.819594e+01 -1.980000e+00 5.818547e+01
      vertex   -4.912825e+01 -1.980000e+00 6.127969e+01
    endloop
  endfacet
  facet normal -2.289288e-17 1.000000e+00 1.756632e-17
    outer loop
      vertex   -4.199450e+01 -1.980000e+00 5.793621e+01
      vertex   -4.912825e+01 -1.980000e+00 6.127969e+01
      vertex   -4.176407e+01 -1.980000e+00 5.823651e+01
    endloop
  endfacet
  facet normal -3.334366e-17 1.000000e+00 -7.723513e-18
    outer loop
      vertex   -4.176407e+01 -1.980000e+00 5.823651e+01
      vertex   -4.912825e+01 -1.980000e+00 6.127969e+01
      vertex   -4.985749e+01 -1.980000e+00 6.442796e+01
    endloop
  endfacet
  facet normal -1.373845e-17 1.000000e+00 1.790430e-17
    outer loop
      vertex   -4.176407e+01 -1.980000e+00 5.823651e+01
      vertex   -4.985749e+01 -1.980000e+00 6.442796e+01
      vertex   -4.146377e+01 -1.980000e+00 5.846695e+01
    endloop
  endfacet
  facet normal -2.994160e-17 1.000000e+00 -4.911416e-18
    outer loop
      vertex   -4.146377e+01 -1.980000e+00 5.846695e+01
      vertex   -4.985749e+01 -1.980000e+00 6.442796e+01
      vertex   -5.038060e+01 -1.980000e+00 6.761697e+01
    endloop
  endfacet
  facet normal -2.768155e-17 1.000000e+00 -2.708966e-18
    outer loop
      vertex   -4.146377e+01 -1.980000e+00 5.846695e+01
      vertex   -5.038060e+01 -1.980000e+00 6.761697e+01
      vertex   -5.069534e+01 -1.980000e+00 7.083323e+01
    endloop
  endfacet
  facet normal -1.062141e-17 1.000000e+00 -3.974600e-17
    outer loop
      vertex   -4.573877e+01 -1.980000e+00 5.221121e+01
      vertex   -4.213936e+01 -1.980000e+00 5.683592e+01
      vertex   -4.339660e+01 -1.980000e+00 5.158531e+01
    endloop
  endfacet
  facet normal -6.469613e-17 1.000000e+00 -2.679801e-17
    outer loop
      vertex   -4.339660e+01 -1.980000e+00 5.158531e+01
      vertex   -4.213936e+01 -1.980000e+00 5.683592e+01
      vertex   -4.199450e+01 -1.980000e+00 5.648621e+01
    endloop
  endfacet
  facet normal -4.300947e-17 1.000000e+00 -3.300233e-17
    outer loop
      vertex   -4.339660e+01 -1.980000e+00 5.158531e+01
      vertex   -4.199450e+01 -1.980000e+00 5.648621e+01
      vertex   -4.176407e+01 -1.980000e+00 5.618590e+01
    endloop
  endfacet
  facet normal -2.910860e-17 1.000000e+00 -3.793507e-17
    outer loop
      vertex   -4.176407e+01 -1.980000e+00 5.618590e+01
      vertex   -4.146377e+01 -1.980000e+00 5.595547e+01
      vertex   -4.339660e+01 -1.980000e+00 5.158531e+01
    endloop
  endfacet
  facet normal -1.631612e-17 1.000000e+00 -4.359292e-17
    outer loop
      vertex   -4.339660e+01 -1.980000e+00 5.158531e+01
      vertex   -4.146377e+01 -1.980000e+00 5.595547e+01
      vertex   -4.112607e+01 -1.980000e+00 5.073548e+01
    endloop
  endfacet
  facet normal -1.810470e-17 1.000000e+00 -4.370862e-17
    outer loop
      vertex   -4.112607e+01 -1.980000e+00 5.073548e+01
      vertex   -4.146377e+01 -1.980000e+00 5.595547e+01
      vertex   -4.111405e+01 -1.980000e+00 5.581062e+01
    endloop
  endfacet
  facet normal -5.758198e-18 1.000000e+00 -4.373785e-17
    outer loop
      vertex   -4.112607e+01 -1.980000e+00 5.073548e+01
      vertex   -4.111405e+01 -1.980000e+00 5.581062e+01
      vertex   -4.073877e+01 -1.980000e+00 5.576121e+01
    endloop
  endfacet
  facet normal 5.876237e-18 1.000000e+00 -4.463445e-17
    outer loop
      vertex   -4.073877e+01 -1.980000e+00 5.576121e+01
      vertex   -4.036348e+01 -1.980000e+00 5.581062e+01
      vertex   -4.112607e+01 -1.980000e+00 5.073548e+01
    endloop
  endfacet
  facet normal 1.932526e-17 1.000000e+00 -4.665530e-17
    outer loop
      vertex   -4.112607e+01 -1.980000e+00 5.073548e+01
      vertex   -4.036348e+01 -1.980000e+00 5.581062e+01
      vertex   -4.001377e+01 -1.980000e+00 5.595547e+01
    endloop
  endfacet
  facet normal -1.885285e-17 1.000000e+00 -3.852011e-17
    outer loop
      vertex   -4.112607e+01 -1.980000e+00 5.073548e+01
      vertex   -4.001377e+01 -1.980000e+00 5.595547e+01
      vertex   -3.894853e+01 -1.980000e+00 4.966973e+01
    endloop
  endfacet
  facet normal 2.398674e-17 1.000000e+00 -3.126013e-17
    outer loop
      vertex   -3.894853e+01 -1.980000e+00 4.966973e+01
      vertex   -4.001377e+01 -1.980000e+00 5.595547e+01
      vertex   -3.971346e+01 -1.980000e+00 5.618590e+01
    endloop
  endfacet
  facet normal 3.851620e-17 1.000000e+00 -2.955452e-17
    outer loop
      vertex   -3.894853e+01 -1.980000e+00 4.966973e+01
      vertex   -3.971346e+01 -1.980000e+00 5.618590e+01
      vertex   -3.948303e+01 -1.980000e+00 5.648621e+01
    endloop
  endfacet
  facet normal 6.612451e-17 1.000000e+00 -2.738967e-17
    outer loop
      vertex   -3.948303e+01 -1.980000e+00 5.648621e+01
      vertex   -3.933817e+01 -1.980000e+00 5.683592e+01
      vertex   -3.894853e+01 -1.980000e+00 4.966973e+01
    endloop
  endfacet
  facet normal -1.975124e-17 1.000000e+00 -3.205896e-17
    outer loop
      vertex   -3.894853e+01 -1.980000e+00 4.966973e+01
      vertex   -3.933817e+01 -1.980000e+00 5.683592e+01
      vertex   -3.688446e+01 -1.980000e+00 4.839808e+01
    endloop
  endfacet
  facet normal 6.077479e-17 1.000000e+00 -8.642075e-18
    outer loop
      vertex   -3.688446e+01 -1.980000e+00 4.839808e+01
      vertex   -3.933817e+01 -1.980000e+00 5.683592e+01
      vertex   -3.484709e+01 -1.980000e+00 6.272568e+01
    endloop
  endfacet
  facet normal -0.000000e+00 1.000000e+00 0.000000e+00
    outer loop
      vertex   -3.688446e+01 -1.980000e+00 4.839808e+01
      vertex   -3.484709e+01 -1.980000e+00 6.272568e+01
      vertex   -3.495326e+01 -1.980000e+00 4.693247e+01
    endloop
  endfacet
  facet normal -0.000000e+00 1.000000e+00 0.000000e+00
    outer loop
      vertex   -3.495326e+01 -1.980000e+00 4.693247e+01
      vertex   -3.484709e+01 -1.980000e+00 6.272568e+01
      vertex   -3.317311e+01 -1.980000e+00 4.528670e+01
    endloop
  endfacet
  facet normal -0.000000e+00 1.000000e+00 -0.000000e+00
    outer loop
      vertex   -3.317311e+01 -1.980000e+00 4.528670e+01
      vertex   -3.484709e+01 -1.980000e+00 6.272568e+01
      vertex   -3.156073e+01 -1.980000e+00 4.347625e+01
    endloop
  endfacet
  facet normal -0.000000e+00 1.000000e+00 -0.000000e+00
    outer loop
      vertex   -3.156073e+01 -1.980000e+00 4.347625e+01
      vertex   -3.484709e+01 -1.980000e+00 6.272568e+01
      vertex   -3.013130e+01 -1.980000e+00 4.151813e+01
    endloop
  endfacet
  facet normal 0.000000e+00 1.000000e+00 -0.000000e+00
    outer loop
      vertex   -3.013130e+01 -1.980000e+00 4.151813e+01
      vertex   -3.484709e+01 -1.980000e+00 6.272568e+01
      vertex   -8.114409e+00 -1.980000e+00 4.215275e+01
    endloop
  endfacet
  facet normal -0.000000e+00 1.000000e+00 0.000000e+00
    outer loop
      vertex   -3.013130e+01 -1.980000e+00 4.151813e+01
      vertex   -8.114409e+00 -1.980000e+00 4.215275e+01
      vertex   -2.889825e+01 -1.980000e+00 3.943076e+01
    endloop
  endfacet
  facet normal -0.000000e+00 1.000000e+00 0.000000e+00
    outer loop
      vertex   -2.889825e+01 -1.980000e+00 3.943076e+01
      vertex   -8.114409e+00 -1.980000e+00 4.215275e+01
      vertex   -2.787318e+01 -1.980000e+00 3.723378e+01
    endloop
  endfacet
  facet normal -0.000000e+00 1.000000e+00 0.000000e+00
    outer loop
      vertex   -2.787318e+01 -1.980000e+00 3.723378e+01
      vertex   -8.114409e+00 -1.980000e+00 4.215275e+01
      vertex   -2.706574e+01 -1.980000e+00 3.494784e+01
    endloop
  endfacet
  facet normal -0.000000e+00 1.000000e+00 0.000000e+00
    outer loop
      vertex   -2.706574e+01 -1.980000e+00 3.494784e+01
      vertex   -8.114409e+00 -1.980000e+00 4.215275e+01
      vertex   -2.648350e+01 -1.980000e+00 3.259443e+01
    endloop
  endfacet
  facet normal -0.000000e+00 1.000000e+00 0.000000e+00
    outer loop
      vertex   -2.648350e+01 -1.980000e+00 3.259443e+01
      vertex   -8.114409e+00 -1.980000e+00 4.215275e+01
      vertex   -2.613196e+01 -1.980000e+00 3.019570e+01
    endloop
  endfacet
  facet normal -0.000000e+00 1.000000e+00 0.000000e+00
    outer loop
      vertex   -2.613196e+01 -1.980000e+00 3.019570e+01
      vertex   -8.114409e+00 -1.980000e+00 4.215275e+01
      vertex   -2.601441e+01 -1.980000e+00 2.777420e+01
    endloop
  endfacet
  facet normal -0.000000e+00 1.000000e+00 0.000000e+00
    outer loop
      vertex   -2.601441e+01 -1.980000e+00 2.777420e+01
      vertex   -8.114409e+00 -1.980000e+00 4.215275e+01
      vertex   -2.097910e+01 -1.980000e+00 5.522200e+00
    endloop
  endfacet
  facet normal 0.000000e+00 1.000000e+00 0.000000e+00
    outer loop
      vertex   -2.601441e+01 -1.980000e+00 2.777420e+01
      vertex   -2.097910e+01 -1.980000e+00 5.522200e+00
      vertex   -2.127941e+01 -1.980000e+00 5.752632e+00
    endloop
  endfacet
  facet normal 5.975885e-17 1.000000e+00 -7.867402e-18
    outer loop
      vertex   -3.933817e+01 -1.980000e+00 5.683592e+01
      vertex   -3.928877e+01 -1.980000e+00 5.721121e+01
      vertex   -3.484709e+01 -1.980000e+00 6.272568e+01
    endloop
  endfacet
  facet normal 4.296807e-17 1.000000e+00 5.656854e-18
    outer loop
      vertex   -3.484709e+01 -1.980000e+00 6.272568e+01
      vertex   -3.928877e+01 -1.980000e+00 5.721121e+01
      vertex   -3.933817e+01 -1.980000e+00 5.758650e+01
    endloop
  endfacet
  facet normal 3.354250e-17 1.000000e+00 1.389376e-17
    outer loop
      vertex   -3.484709e+01 -1.980000e+00 6.272568e+01
      vertex   -3.933817e+01 -1.980000e+00 5.758650e+01
      vertex   -3.948303e+01 -1.980000e+00 5.793621e+01
    endloop
  endfacet
  facet normal 2.671688e-17 1.000000e+00 2.050058e-17
    outer loop
      vertex   -3.948303e+01 -1.980000e+00 5.793621e+01
      vertex   -3.971346e+01 -1.980000e+00 5.823651e+01
      vertex   -3.484709e+01 -1.980000e+00 6.272568e+01
    endloop
  endfacet
  facet normal 2.071938e-17 1.000000e+00 2.700202e-17
    outer loop
      vertex   -3.484709e+01 -1.980000e+00 6.272568e+01
      vertex   -3.971346e+01 -1.980000e+00 5.823651e+01
      vertex   -4.001377e+01 -1.980000e+00 5.846695e+01
    endloop
  endfacet
  facet normal 1.437353e-17 1.000000e+00 3.470076e-17
    outer loop
      vertex   -3.484709e+01 -1.980000e+00 6.272568e+01
      vertex   -4.001377e+01 -1.980000e+00 5.846695e+01
      vertex   -4.036348e+01 -1.980000e+00 5.861180e+01
    endloop
  endfacet
  facet normal 6.039665e-18 1.000000e+00 4.587581e-17
    outer loop
      vertex   -4.036348e+01 -1.980000e+00 5.861180e+01
      vertex   -4.073877e+01 -1.980000e+00 5.866121e+01
      vertex   -3.484709e+01 -1.980000e+00 6.272568e+01
    endloop
  endfacet
  facet normal 3.768788e-17 1.000000e+00 -0.000000e+00
    outer loop
      vertex   -3.484709e+01 -1.980000e+00 6.272568e+01
      vertex   -4.073877e+01 -1.980000e+00 5.866121e+01
      vertex   -3.484709e+01 -1.980000e+00 9.062568e+01
    endloop
  endfacet
  facet normal -8.918510e-18 1.000000e+00 8.590461e-18
    outer loop
      vertex   -3.484709e+01 -1.980000e+00 9.062568e+01
      vertex   -4.073877e+01 -1.980000e+00 5.866121e+01
      vertex   -5.080041e+01 -1.980000e+00 7.406315e+01
    endloop
  endfacet
  facet normal 0.000000e+00 1.000000e+00 0.000000e+00
    outer loop
      vertex   -3.484709e+01 -1.980000e+00 9.062568e+01
      vertex   -5.080041e+01 -1.980000e+00 7.406315e+01
      vertex   -5.080041e+01 -1.980000e+00 1.051517e+02
    endloop
  endfacet
  facet normal -1.747681e-18 1.000000e+00 1.327496e-17
    outer loop
      vertex   -4.073877e+01 -1.980000e+00 5.866121e+01
      vertex   -4.111405e+01 -1.980000e+00 5.861180e+01
      vertex   -5.080041e+01 -1.980000e+00 7.406315e+01
    endloop
  endfacet
  facet normal -2.417800e-17 1.000000e+00 -7.864745e-19
    outer loop
      vertex   -5.080041e+01 -1.980000e+00 7.406315e+01
      vertex   -4.111405e+01 -1.980000e+00 5.861180e+01
      vertex   -5.069534e+01 -1.980000e+00 7.083323e+01
    endloop
  endfacet
  facet normal -5.680862e-18 1.000000e+00 1.371481e-17
    outer loop
      vertex   -5.069534e+01 -1.980000e+00 7.083323e+01
      vertex   -4.111405e+01 -1.980000e+00 5.861180e+01
      vertex   -4.146377e+01 -1.980000e+00 5.846695e+01
    endloop
  endfacet
  facet normal -2.921576e-15 1.000000e+00 7.986975e-16
    outer loop
      vertex   3.918200e+01 -1.980000e+00 5.683592e+01
      vertex   3.679086e+01 -1.980000e+00 4.836732e+01
      vertex   3.913259e+01 -1.980000e+00 5.721121e+01
    endloop
  endfacet
  facet normal 1.477545e-16 1.000000e+00 -1.401607e-17
    outer loop
      vertex   3.913259e+01 -1.980000e+00 5.721121e+01
      vertex   3.679086e+01 -1.980000e+00 4.836732e+01
      vertex   3.815291e+01 -1.980000e+00 6.272568e+01
    endloop
  endfacet
  facet normal -3.695527e-15 1.000000e+00 -6.968049e-16
    outer loop
      vertex   3.913259e+01 -1.980000e+00 5.721121e+01
      vertex   3.815291e+01 -1.980000e+00 6.272568e+01
      vertex   3.918200e+01 -1.980000e+00 5.758650e+01
    endloop
  endfacet
  facet normal -7.031589e-17 1.000000e+00 2.912579e-17
    outer loop
      vertex   3.918200e+01 -1.980000e+00 5.758650e+01
      vertex   3.815291e+01 -1.980000e+00 6.272568e+01
      vertex   3.932686e+01 -1.980000e+00 5.793621e+01
    endloop
  endfacet
  facet normal -4.579144e-17 1.000000e+00 3.513700e-17
    outer loop
      vertex   3.932686e+01 -1.980000e+00 5.793621e+01
      vertex   3.815291e+01 -1.980000e+00 6.272568e+01
      vertex   3.955729e+01 -1.980000e+00 5.823651e+01
    endloop
  endfacet
  facet normal -3.060667e-17 1.000000e+00 3.988738e-17
    outer loop
      vertex   3.955729e+01 -1.980000e+00 5.823651e+01
      vertex   3.815291e+01 -1.980000e+00 6.272568e+01
      vertex   3.985759e+01 -1.980000e+00 5.846695e+01
    endloop
  endfacet
  facet normal -1.852505e-17 1.000000e+00 4.472342e-17
    outer loop
      vertex   3.985759e+01 -1.980000e+00 5.846695e+01
      vertex   3.815291e+01 -1.980000e+00 6.272568e+01
      vertex   4.020731e+01 -1.980000e+00 5.861180e+01
    endloop
  endfacet
  facet normal -6.667523e-18 1.000000e+00 5.064487e-17
    outer loop
      vertex   4.020731e+01 -1.980000e+00 5.861180e+01
      vertex   3.815291e+01 -1.980000e+00 6.272568e+01
      vertex   4.058259e+01 -1.980000e+00 5.866121e+01
    endloop
  endfacet
  facet normal 7.806643e-18 1.000000e+00 5.929734e-17
    outer loop
      vertex   4.058259e+01 -1.980000e+00 5.866121e+01
      vertex   3.815291e+01 -1.980000e+00 6.272568e+01
      vertex   4.095788e+01 -1.980000e+00 5.861180e+01
    endloop
  endfacet
  facet normal 3.115626e-17 1.000000e+00 7.521787e-17
    outer loop
      vertex   4.095788e+01 -1.980000e+00 5.861180e+01
      vertex   3.815291e+01 -1.980000e+00 6.272568e+01
      vertex   4.130759e+01 -1.980000e+00 5.846695e+01
    endloop
  endfacet
  facet normal -7.936142e-18 1.000000e+00 4.625988e-17
    outer loop
      vertex   4.130759e+01 -1.980000e+00 5.846695e+01
      vertex   3.815291e+01 -1.980000e+00 6.272568e+01
      vertex   4.990847e+01 -1.980000e+00 6.474241e+01
    endloop
  endfacet
  facet normal 1.323330e-17 1.000000e+00 1.724597e-17
    outer loop
      vertex   4.130759e+01 -1.980000e+00 5.846695e+01
      vertex   4.990847e+01 -1.980000e+00 6.474241e+01
      vertex   4.160790e+01 -1.980000e+00 5.823651e+01
    endloop
  endfacet
  facet normal 3.285238e-17 1.000000e+00 -7.785097e-18
    outer loop
      vertex   4.160790e+01 -1.980000e+00 5.823651e+01
      vertex   4.990847e+01 -1.980000e+00 6.474241e+01
      vertex   4.914215e+01 -1.980000e+00 6.150858e+01
    endloop
  endfacet
  facet normal 2.210500e-17 1.000000e+00 1.696176e-17
    outer loop
      vertex   4.160790e+01 -1.980000e+00 5.823651e+01
      vertex   4.914215e+01 -1.980000e+00 6.150858e+01
      vertex   4.183833e+01 -1.980000e+00 5.793621e+01
    endloop
  endfacet
  facet normal 3.580188e-17 1.000000e+00 -1.104188e-17
    outer loop
      vertex   4.183833e+01 -1.980000e+00 5.793621e+01
      vertex   4.914215e+01 -1.980000e+00 6.150858e+01
      vertex   4.816269e+01 -1.980000e+00 5.833281e+01
    endloop
  endfacet
  facet normal 3.422056e-17 1.000000e+00 1.417462e-17
    outer loop
      vertex   4.183833e+01 -1.980000e+00 5.793621e+01
      vertex   4.816269e+01 -1.980000e+00 5.833281e+01
      vertex   4.198319e+01 -1.980000e+00 5.758650e+01
    endloop
  endfacet
  facet normal 3.767446e-17 1.000000e+00 -1.442388e-17
    outer loop
      vertex   4.198319e+01 -1.980000e+00 5.758650e+01
      vertex   4.816269e+01 -1.980000e+00 5.833281e+01
      vertex   4.697442e+01 -1.980000e+00 5.522911e+01
    endloop
  endfacet
  facet normal 4.743655e-17 1.000000e+00 6.245140e-18
    outer loop
      vertex   4.198319e+01 -1.980000e+00 5.758650e+01
      vertex   4.697442e+01 -1.980000e+00 5.522911e+01
      vertex   4.203259e+01 -1.980000e+00 5.721121e+01
    endloop
  endfacet
  facet normal 3.791779e-17 1.000000e+00 -1.748729e-17
    outer loop
      vertex   4.203259e+01 -1.980000e+00 5.721121e+01
      vertex   4.697442e+01 -1.980000e+00 5.522911e+01
      vertex   4.558259e+01 -1.980000e+00 5.221121e+01
    endloop
  endfacet
  facet normal 5.276396e-17 1.000000e+00 -6.946507e-18
    outer loop
      vertex   4.203259e+01 -1.980000e+00 5.721121e+01
      vertex   4.558259e+01 -1.980000e+00 5.221121e+01
      vertex   4.198319e+01 -1.980000e+00 5.683592e+01
    endloop
  endfacet
  facet normal 1.083988e-17 1.000000e+00 -3.957596e-17
    outer loop
      vertex   4.198319e+01 -1.980000e+00 5.683592e+01
      vertex   4.558259e+01 -1.980000e+00 5.221121e+01
      vertex   4.325545e+01 -1.980000e+00 5.157380e+01
    endloop
  endfacet
  facet normal 6.432532e-17 1.000000e+00 -2.664442e-17
    outer loop
      vertex   4.198319e+01 -1.980000e+00 5.683592e+01
      vertex   4.325545e+01 -1.980000e+00 5.157380e+01
      vertex   4.183833e+01 -1.980000e+00 5.648621e+01
    endloop
  endfacet
  facet normal 4.281172e-17 1.000000e+00 -3.285059e-17
    outer loop
      vertex   4.183833e+01 -1.980000e+00 5.648621e+01
      vertex   4.325545e+01 -1.980000e+00 5.157380e+01
      vertex   4.160790e+01 -1.980000e+00 5.618590e+01
    endloop
  endfacet
  facet normal 2.899453e-17 1.000000e+00 -3.778640e-17
    outer loop
      vertex   4.160790e+01 -1.980000e+00 5.618590e+01
      vertex   4.325545e+01 -1.980000e+00 5.157380e+01
      vertex   4.130759e+01 -1.980000e+00 5.595547e+01
    endloop
  endfacet
  facet normal 1.650569e-17 1.000000e+00 -4.333826e-17
    outer loop
      vertex   4.130759e+01 -1.980000e+00 5.595547e+01
      vertex   4.325545e+01 -1.980000e+00 5.157380e+01
      vertex   4.100058e+01 -1.980000e+00 5.071502e+01
    endloop
  endfacet
  facet normal 1.798725e-17 1.000000e+00 -4.342505e-17
    outer loop
      vertex   4.130759e+01 -1.980000e+00 5.595547e+01
      vertex   4.100058e+01 -1.980000e+00 5.071502e+01
      vertex   4.095788e+01 -1.980000e+00 5.581062e+01
    endloop
  endfacet
  facet normal 5.730539e-18 1.000000e+00 -4.352777e-17
    outer loop
      vertex   4.095788e+01 -1.980000e+00 5.581062e+01
      vertex   4.100058e+01 -1.980000e+00 5.071502e+01
      vertex   4.058259e+01 -1.980000e+00 5.576121e+01
    endloop
  endfacet
  facet normal -5.856901e-18 1.000000e+00 -4.448758e-17
    outer loop
      vertex   4.058259e+01 -1.980000e+00 5.576121e+01
      vertex   4.100058e+01 -1.980000e+00 5.071502e+01
      vertex   4.020731e+01 -1.980000e+00 5.581062e+01
    endloop
  endfacet
  facet normal -1.929383e-17 1.000000e+00 -4.657943e-17
    outer loop
      vertex   4.020731e+01 -1.980000e+00 5.581062e+01
      vertex   4.100058e+01 -1.980000e+00 5.071502e+01
      vertex   3.985759e+01 -1.980000e+00 5.595547e+01
    endloop
  endfacet
  facet normal 1.896477e-17 1.000000e+00 -3.823489e-17
    outer loop
      vertex   3.985759e+01 -1.980000e+00 5.595547e+01
      vertex   4.100058e+01 -1.980000e+00 5.071502e+01
      vertex   3.883901e+01 -1.980000e+00 4.964287e+01
    endloop
  endfacet
  facet normal -2.401694e-17 1.000000e+00 -3.129949e-17
    outer loop
      vertex   3.985759e+01 -1.980000e+00 5.595547e+01
      vertex   3.883901e+01 -1.980000e+00 4.964287e+01
      vertex   3.955729e+01 -1.980000e+00 5.618590e+01
    endloop
  endfacet
  facet normal -3.869095e-17 1.000000e+00 -2.968861e-17
    outer loop
      vertex   3.955729e+01 -1.980000e+00 5.618590e+01
      vertex   3.883901e+01 -1.980000e+00 4.964287e+01
      vertex   3.932686e+01 -1.980000e+00 5.648621e+01
    endloop
  endfacet
  facet normal 2.114597e-17 1.000000e+00 -3.395425e-17
    outer loop
      vertex   3.932686e+01 -1.980000e+00 5.648621e+01
      vertex   3.883901e+01 -1.980000e+00 4.964287e+01
      vertex   3.679086e+01 -1.980000e+00 4.836732e+01
    endloop
  endfacet
  facet normal -3.764141e-17 1.000000e+00 -1.559158e-17
    outer loop
      vertex   3.932686e+01 -1.980000e+00 5.648621e+01
      vertex   3.679086e+01 -1.980000e+00 4.836732e+01
      vertex   3.918200e+01 -1.980000e+00 5.683592e+01
    endloop
  endfacet
  facet normal 2.048381e-15 1.000000e+00 -3.219906e-16
    outer loop
      vertex   -2.340500e+01 -1.980000e+00 4.121607e+00
      vertex   -2.601441e+01 -1.980000e+00 -1.454725e+01
      vertex   -2.345441e+01 -1.980000e+00 4.496895e+00
    endloop
  endfacet
  facet normal -2.298539e-16 1.000000e+00 -1.573986e-17
    outer loop
      vertex   -2.345441e+01 -1.980000e+00 4.496895e+00
      vertex   -2.601441e+01 -1.980000e+00 -1.454725e+01
      vertex   -2.601441e+01 -1.980000e+00 2.777420e+01
    endloop
  endfacet
  facet normal 2.409154e-15 1.000000e+00 2.744940e-16
    outer loop
      vertex   -2.345441e+01 -1.980000e+00 4.496895e+00
      vertex   -2.601441e+01 -1.980000e+00 2.777420e+01
      vertex   -2.340500e+01 -1.980000e+00 4.872182e+00
    endloop
  endfacet
  facet normal 0.000000e+00 1.000000e+00 -0.000000e+00
    outer loop
      vertex   -2.340500e+01 -1.980000e+00 4.872182e+00
      vertex   -2.601441e+01 -1.980000e+00 2.777420e+01
      vertex   -2.326015e+01 -1.980000e+00 5.221895e+00
    endloop
  endfacet
  facet normal 0.000000e+00 1.000000e+00 -0.000000e+00
    outer loop
      vertex   -2.326015e+01 -1.980000e+00 5.221895e+00
      vertex   -2.601441e+01 -1.980000e+00 2.777420e+01
      vertex   -2.302971e+01 -1.980000e+00 5.522200e+00
    endloop
  endfacet
  facet normal 0.000000e+00 1.000000e+00 -0.000000e+00
    outer loop
      vertex   -2.302971e+01 -1.980000e+00 5.522200e+00
      vertex   -2.601441e+01 -1.980000e+00 2.777420e+01
      vertex   -2.272941e+01 -1.980000e+00 5.752632e+00
    endloop
  endfacet
  facet normal 0.000000e+00 1.000000e+00 -0.000000e+00
    outer loop
      vertex   -2.272941e+01 -1.980000e+00 5.752632e+00
      vertex   -2.601441e+01 -1.980000e+00 2.777420e+01
      vertex   -2.237970e+01 -1.980000e+00 5.897487e+00
    endloop
  endfacet
  facet normal 0.000000e+00 1.000000e+00 -0.000000e+00
    outer loop
      vertex   -2.237970e+01 -1.980000e+00 5.897487e+00
      vertex   -2.601441e+01 -1.980000e+00 2.777420e+01
      vertex   -2.200441e+01 -1.980000e+00 5.946895e+00
    endloop
  endfacet
  facet normal -0.000000e+00 1.000000e+00 -0.000000e+00
    outer loop
      vertex   -2.200441e+01 -1.980000e+00 5.946895e+00
      vertex   -2.601441e+01 -1.980000e+00 2.777420e+01
      vertex   -2.162912e+01 -1.980000e+00 5.897487e+00
    endloop
  endfacet
  facet normal -0.000000e+00 1.000000e+00 -0.000000e+00
    outer loop
      vertex   -2.162912e+01 -1.980000e+00 5.897487e+00
      vertex   -2.601441e+01 -1.980000e+00 2.777420e+01
      vertex   -2.127941e+01 -1.980000e+00 5.752632e+00
    endloop
  endfacet
  facet normal -3.462946e-16 1.000000e+00 1.272119e-17
    outer loop
      vertex   -2.601441e+01 -1.980000e+00 -1.454725e+01
      vertex   -2.340500e+01 -1.980000e+00 4.121607e+00
      vertex   -2.324779e+01 -1.980000e+00 -9.053607e+00
    endloop
  endfacet
  facet normal 4.189406e-17 1.000000e+00 1.735309e-17
    outer loop
      vertex   -2.324779e+01 -1.980000e+00 -9.053607e+00
      vertex   -2.340500e+01 -1.980000e+00 4.121607e+00
      vertex   -2.326015e+01 -1.980000e+00 3.771895e+00
    endloop
  endfacet
  facet normal -3.333220e-17 1.000000e+00 1.728064e-17
    outer loop
      vertex   -2.324779e+01 -1.980000e+00 -9.053607e+00
      vertex   -2.326015e+01 -1.980000e+00 3.771895e+00
      vertex   -2.307357e+01 -1.980000e+00 -8.717557e+00
    endloop
  endfacet
  facet normal 2.362951e-17 1.000000e+00 1.813156e-17
    outer loop
      vertex   -2.307357e+01 -1.980000e+00 -8.717557e+00
      vertex   -2.326015e+01 -1.980000e+00 3.771895e+00
      vertex   -2.302971e+01 -1.980000e+00 3.471590e+00
    endloop
  endfacet
  facet normal -2.002589e-17 1.000000e+00 1.828864e-17
    outer loop
      vertex   -2.307357e+01 -1.980000e+00 -8.717557e+00
      vertex   -2.302971e+01 -1.980000e+00 3.471590e+00
      vertex   -2.281831e+01 -1.980000e+00 -8.438050e+00
    endloop
  endfacet
  facet normal 1.450367e-17 1.000000e+00 1.890155e-17
    outer loop
      vertex   -2.281831e+01 -1.980000e+00 -8.438050e+00
      vertex   -2.302971e+01 -1.980000e+00 3.471590e+00
      vertex   -2.272941e+01 -1.980000e+00 3.241158e+00
    endloop
  endfacet
  facet normal 1.387144e-15 1.000000e+00 8.452743e-18
    outer loop
      vertex   -2.281831e+01 -1.980000e+00 -8.438050e+00
      vertex   -2.272941e+01 -1.980000e+00 3.241158e+00
      vertex   -2.249941e+01 -1.980000e+00 -8.234133e+00
    endloop
  endfacet
  facet normal -8.082048e-18 1.000000e+00 -1.951179e-17
    outer loop
      vertex   -2.249941e+01 -1.980000e+00 -8.234133e+00
      vertex   -2.272941e+01 -1.980000e+00 3.241158e+00
      vertex   -2.237970e+01 -1.980000e+00 3.096302e+00
    endloop
  endfacet
  facet normal -1.228696e-15 1.000000e+00 -6.615264e-18
    outer loop
      vertex   -2.249941e+01 -1.980000e+00 -8.234133e+00
      vertex   -2.237970e+01 -1.980000e+00 3.096302e+00
      vertex   -2.213859e+01 -1.980000e+00 -8.119703e+00
    endloop
  endfacet
  facet normal 2.613737e-18 1.000000e+00 1.985331e-17
    outer loop
      vertex   -2.213859e+01 -1.980000e+00 -8.119703e+00
      vertex   -2.237970e+01 -1.980000e+00 3.096302e+00
      vertex   -2.200441e+01 -1.980000e+00 3.046895e+00
    endloop
  endfacet
  facet normal -9.020981e-19 1.000000e+00 1.989555e-17
    outer loop
      vertex   -2.213859e+01 -1.980000e+00 -8.119703e+00
      vertex   -2.200441e+01 -1.980000e+00 3.046895e+00
      vertex   -2.176046e+01 -1.980000e+00 -8.102557e+00
    endloop
  endfacet
  facet normal -2.614367e-18 1.000000e+00 1.985809e-17
    outer loop
      vertex   -2.176046e+01 -1.980000e+00 -8.102557e+00
      vertex   -2.200441e+01 -1.980000e+00 3.046895e+00
      vertex   -2.162912e+01 -1.980000e+00 3.096302e+00
    endloop
  endfacet
  facet normal 4.349536e-18 1.000000e+00 1.977642e-17
    outer loop
      vertex   -2.176046e+01 -1.980000e+00 -8.102557e+00
      vertex   -2.162912e+01 -1.980000e+00 3.096302e+00
      vertex   -2.139077e+01 -1.980000e+00 -8.183865e+00
    endloop
  endfacet
  facet normal 1.003189e-16 1.000000e+00 2.180429e-17
    outer loop
      vertex   -2.139077e+01 -1.980000e+00 -8.183865e+00
      vertex   -2.162912e+01 -1.980000e+00 3.096302e+00
      vertex   -1.775441e+01 -1.980000e+00 -4.547250e+00
    endloop
  endfacet
  facet normal 4.169486e-17 1.000000e+00 8.042417e-17
    outer loop
      vertex   -2.139077e+01 -1.980000e+00 -8.183865e+00
      vertex   -1.775441e+01 -1.980000e+00 -4.547250e+00
      vertex   -2.105472e+01 -1.980000e+00 -8.358086e+00
    endloop
  endfacet
  facet normal 5.942474e-17 1.000000e+00 6.506952e-17
    outer loop
      vertex   -2.105472e+01 -1.980000e+00 -8.358086e+00
      vertex   -1.775441e+01 -1.980000e+00 -4.547250e+00
      vertex   -2.077521e+01 -1.980000e+00 -8.613346e+00
    endloop
  endfacet
  facet normal 7.900835e-17 1.000000e+00 5.052039e-17
    outer loop
      vertex   -2.077521e+01 -1.980000e+00 -8.613346e+00
      vertex   -1.775441e+01 -1.980000e+00 -4.547250e+00
      vertex   -2.057129e+01 -1.980000e+00 -8.932250e+00
    endloop
  endfacet
  facet normal 1.055456e-16 1.000000e+00 3.347313e-17
    outer loop
      vertex   -2.057129e+01 -1.980000e+00 -8.932250e+00
      vertex   -1.775441e+01 -1.980000e+00 -4.547250e+00
      vertex   -2.045686e+01 -1.980000e+00 -9.293065e+00
    endloop
  endfacet
  facet normal 1.522086e-16 1.000000e+00 6.901393e-18
    outer loop
      vertex   -2.045686e+01 -1.980000e+00 -9.293065e+00
      vertex   -1.775441e+01 -1.980000e+00 -4.547250e+00
      vertex   -2.043972e+01 -1.980000e+00 -9.671202e+00
    endloop
  endfacet
  facet normal 1.653774e-16 1.000000e+00 0.000000e+00
    outer loop
      vertex   -2.043972e+01 -1.980000e+00 -9.671202e+00
      vertex   -1.775441e+01 -1.980000e+00 -4.547250e+00
      vertex   -1.775441e+01 -1.980000e+00 -1.454725e+01
    endloop
  endfacet
  facet normal 1.181804e-16 1.000000e+00 -2.599206e-17
    outer loop
      vertex   -2.043972e+01 -1.980000e+00 -9.671202e+00
      vertex   -1.775441e+01 -1.980000e+00 -1.454725e+01
      vertex   -2.052102e+01 -1.980000e+00 -1.004089e+01
    endloop
  endfacet
  facet normal 8.702721e-17 1.000000e+00 -4.511812e-17
    outer loop
      vertex   -2.052102e+01 -1.980000e+00 -1.004089e+01
      vertex   -1.775441e+01 -1.980000e+00 -1.454725e+01
      vertex   -2.069525e+01 -1.980000e+00 -1.037694e+01
    endloop
  endfacet
  facet normal 6.579714e-17 1.000000e+00 -6.008924e-17
    outer loop
      vertex   -2.069525e+01 -1.980000e+00 -1.037694e+01
      vertex   -1.775441e+01 -1.980000e+00 -1.454725e+01
      vertex   -2.095051e+01 -1.980000e+00 -1.065645e+01
    endloop
  endfacet
  facet normal 4.784990e-17 1.000000e+00 -7.483199e-17
    outer loop
      vertex   -2.095051e+01 -1.980000e+00 -1.065645e+01
      vertex   -1.775441e+01 -1.980000e+00 -1.454725e+01
      vertex   -2.126941e+01 -1.980000e+00 -1.086037e+01
    endloop
  endfacet
  facet normal 2.933166e-17 1.000000e+00 -9.248690e-17
    outer loop
      vertex   -2.126941e+01 -1.980000e+00 -1.086037e+01
      vertex   -1.775441e+01 -1.980000e+00 -1.454725e+01
      vertex   -2.163022e+01 -1.980000e+00 -1.097480e+01
    endloop
  endfacet
  facet normal 5.372129e-18 1.000000e+00 -1.184810e-16
    outer loop
      vertex   -2.163022e+01 -1.980000e+00 -1.097480e+01
      vertex   -1.775441e+01 -1.980000e+00 -1.454725e+01
      vertex   -2.200836e+01 -1.980000e+00 -1.099194e+01
    endloop
  endfacet
  facet normal -5.376383e-17 1.000000e+00 -1.892376e-16
    outer loop
      vertex   -2.200836e+01 -1.980000e+00 -1.099194e+01
      vertex   -1.775441e+01 -1.980000e+00 -1.454725e+01
      vertex   -2.601441e+01 -1.980000e+00 -1.454725e+01
    endloop
  endfacet
  facet normal -4.403183e-17 1.000000e+00 -2.002034e-16
    outer loop
      vertex   -2.200836e+01 -1.980000e+00 -1.099194e+01
      vertex   -2.601441e+01 -1.980000e+00 -1.454725e+01
      vertex   -2.237805e+01 -1.980000e+00 -1.091063e+01
    endloop
  endfacet
  facet normal -8.338972e-17 1.000000e+00 -1.608483e-16
    outer loop
      vertex   -2.237805e+01 -1.980000e+00 -1.091063e+01
      vertex   -2.601441e+01 -1.980000e+00 -1.454725e+01
      vertex   -2.271410e+01 -1.980000e+00 -1.073641e+01
    endloop
  endfacet
  facet normal -1.188495e-16 1.000000e+00 -1.301390e-16
    outer loop
      vertex   -2.271410e+01 -1.980000e+00 -1.073641e+01
      vertex   -2.601441e+01 -1.980000e+00 -1.454725e+01
      vertex   -2.299361e+01 -1.980000e+00 -1.048115e+01
    endloop
  endfacet
  facet normal -1.580167e-16 1.000000e+00 -1.010408e-16
    outer loop
      vertex   -2.299361e+01 -1.980000e+00 -1.048115e+01
      vertex   -2.601441e+01 -1.980000e+00 -1.454725e+01
      vertex   -2.319753e+01 -1.980000e+00 -1.016225e+01
    endloop
  endfacet
  facet normal -2.110911e-16 1.000000e+00 -6.694627e-17
    outer loop
      vertex   -2.319753e+01 -1.980000e+00 -1.016225e+01
      vertex   -2.601441e+01 -1.980000e+00 -1.454725e+01
      vertex   -2.331196e+01 -1.980000e+00 -9.801435e+00
    endloop
  endfacet
  facet normal -3.044171e-16 1.000000e+00 -1.380279e-17
    outer loop
      vertex   -2.331196e+01 -1.980000e+00 -9.801435e+00
      vertex   -2.601441e+01 -1.980000e+00 -1.454725e+01
      vertex   -2.332910e+01 -1.980000e+00 -9.423297e+00
    endloop
  endfacet
  facet normal -5.699410e-16 1.000000e+00 1.253502e-16
    outer loop
      vertex   -2.332910e+01 -1.980000e+00 -9.423297e+00
      vertex   -2.601441e+01 -1.980000e+00 -1.454725e+01
      vertex   -2.324779e+01 -1.980000e+00 -9.053607e+00
    endloop
  endfacet
  facet normal 9.944724e-18 1.000000e+00 -2.400869e-17
    outer loop
      vertex   -2.162912e+01 -1.980000e+00 3.096302e+00
      vertex   -2.127941e+01 -1.980000e+00 3.241158e+00
      vertex   -1.775441e+01 -1.980000e+00 -4.547250e+00
    endloop
  endfacet
  facet normal 1.623721e-17 1.000000e+00 -2.116074e-17
    outer loop
      vertex   -1.775441e+01 -1.980000e+00 -4.547250e+00
      vertex   -2.127941e+01 -1.980000e+00 3.241158e+00
      vertex   -2.097910e+01 -1.980000e+00 3.471590e+00
    endloop
  endfacet
  facet normal 2.367777e-17 1.000000e+00 -1.816859e-17
    outer loop
      vertex   -1.775441e+01 -1.980000e+00 -4.547250e+00
      vertex   -2.097910e+01 -1.980000e+00 3.471590e+00
      vertex   -2.074867e+01 -1.980000e+00 3.771895e+00
    endloop
  endfacet
  facet normal 3.447809e-17 1.000000e+00 -1.428129e-17
    outer loop
      vertex   -2.074867e+01 -1.980000e+00 3.771895e+00
      vertex   -2.060382e+01 -1.980000e+00 4.121607e+00
      vertex   -1.775441e+01 -1.980000e+00 -4.547250e+00
    endloop
  endfacet
  facet normal 5.564074e-17 1.000000e+00 -7.325243e-18
    outer loop
      vertex   -1.775441e+01 -1.980000e+00 -4.547250e+00
      vertex   -2.060382e+01 -1.980000e+00 4.121607e+00
      vertex   -2.055441e+01 -1.980000e+00 4.496895e+00
    endloop
  endfacet
  facet normal -2.303367e-17 1.000000e+00 -3.168225e-17
    outer loop
      vertex   -1.775441e+01 -1.980000e+00 -4.547250e+00
      vertex   -2.055441e+01 -1.980000e+00 4.496895e+00
      vertex   -8.114409e+00 -1.980000e+00 -4.547250e+00
    endloop
  endfacet
  facet normal 0.000000e+00 1.000000e+00 0.000000e+00
    outer loop
      vertex   -8.114409e+00 -1.980000e+00 -4.547250e+00
      vertex   -2.055441e+01 -1.980000e+00 4.496895e+00
      vertex   -2.060382e+01 -1.980000e+00 4.872182e+00
    endloop
  endfacet
  facet normal 0.000000e+00 1.000000e+00 -0.000000e+00
    outer loop
      vertex   -8.114409e+00 -1.980000e+00 -4.547250e+00
      vertex   -2.060382e+01 -1.980000e+00 4.872182e+00
      vertex   -8.114409e+00 -1.980000e+00 4.215275e+01
    endloop
  endfacet
  facet normal 0.000000e+00 1.000000e+00 0.000000e+00
    outer loop
      vertex   -8.114409e+00 -1.980000e+00 4.215275e+01
      vertex   -2.060382e+01 -1.980000e+00 4.872182e+00
      vertex   -2.074867e+01 -1.980000e+00 5.221895e+00
    endloop
  endfacet
  facet normal 0.000000e+00 1.000000e+00 0.000000e+00
    outer loop
      vertex   -8.114409e+00 -1.980000e+00 4.215275e+01
      vertex   -2.074867e+01 -1.980000e+00 5.221895e+00
      vertex   -2.097910e+01 -1.980000e+00 5.522200e+00
    endloop
  endfacet
  facet normal 1.264470e-15 1.000000e+00 -4.251946e-16
    outer loop
      vertex   2.049500e+01 -1.980000e+00 4.121599e+00
      vertex   1.775559e+01 -1.980000e+00 -4.547250e+00
      vertex   2.044559e+01 -1.980000e+00 4.496887e+00
    endloop
  endfacet
  facet normal 2.042729e-17 1.000000e+00 -5.517815e-17
    outer loop
      vertex   2.044559e+01 -1.980000e+00 4.496887e+00
      vertex   1.775559e+01 -1.980000e+00 -4.547250e+00
      vertex   6.885591e+00 -1.980000e+00 -4.547250e+00
    endloop
  endfacet
  facet normal -4.505619e-16 1.000000e+00 6.509828e-16
    outer loop
      vertex   2.044559e+01 -1.980000e+00 4.496887e+00
      vertex   6.885591e+00 -1.980000e+00 -4.547250e+00
      vertex   2.049500e+01 -1.980000e+00 4.872174e+00
    endloop
  endfacet
  facet normal 0.000000e+00 1.000000e+00 0.000000e+00
    outer loop
      vertex   2.049500e+01 -1.980000e+00 4.872174e+00
      vertex   6.885591e+00 -1.980000e+00 -4.547250e+00
      vertex   6.885591e+00 -1.980000e+00 4.215275e+01
    endloop
  endfacet
  facet normal 0.000000e+00 1.000000e+00 -0.000000e+00
    outer loop
      vertex   2.049500e+01 -1.980000e+00 4.872174e+00
      vertex   6.885591e+00 -1.980000e+00 4.215275e+01
      vertex   2.063986e+01 -1.980000e+00 5.221887e+00
    endloop
  endfacet
  facet normal 0.000000e+00 1.000000e+00 -0.000000e+00
    outer loop
      vertex   2.063986e+01 -1.980000e+00 5.221887e+00
      vertex   6.885591e+00 -1.980000e+00 4.215275e+01
      vertex   2.087029e+01 -1.980000e+00 5.522191e+00
    endloop
  endfacet
  facet normal 0.000000e+00 1.000000e+00 -0.000000e+00
    outer loop
      vertex   2.087029e+01 -1.980000e+00 5.522191e+00
      vertex   6.885591e+00 -1.980000e+00 4.215275e+01
      vertex   2.601559e+01 -1.980000e+00 2.780870e+01
    endloop
  endfacet
  facet normal 0.000000e+00 1.000000e+00 0.000000e+00
    outer loop
      vertex   2.087029e+01 -1.980000e+00 5.522191e+00
      vertex   2.601559e+01 -1.980000e+00 2.780870e+01
      vertex   2.117059e+01 -1.980000e+00 5.752623e+00
    endloop
  endfacet
  facet normal 0.000000e+00 1.000000e+00 0.000000e+00
    outer loop
      vertex   2.117059e+01 -1.980000e+00 5.752623e+00
      vertex   2.601559e+01 -1.980000e+00 2.780870e+01
      vertex   2.152031e+01 -1.980000e+00 5.897479e+00
    endloop
  endfacet
  facet normal 0.000000e+00 1.000000e+00 0.000000e+00
    outer loop
      vertex   2.152031e+01 -1.980000e+00 5.897479e+00
      vertex   2.601559e+01 -1.980000e+00 2.780870e+01
      vertex   2.189559e+01 -1.980000e+00 5.946887e+00
    endloop
  endfacet
  facet normal -0.000000e+00 1.000000e+00 0.000000e+00
    outer loop
      vertex   2.189559e+01 -1.980000e+00 5.946887e+00
      vertex   2.601559e+01 -1.980000e+00 2.780870e+01
      vertex   2.227088e+01 -1.980000e+00 5.897479e+00
    endloop
  endfacet
  facet normal -0.000000e+00 1.000000e+00 0.000000e+00
    outer loop
      vertex   2.227088e+01 -1.980000e+00 5.897479e+00
      vertex   2.601559e+01 -1.980000e+00 2.780870e+01
      vertex   2.262059e+01 -1.980000e+00 5.752623e+00
    endloop
  endfacet
  facet normal -0.000000e+00 1.000000e+00 0.000000e+00
    outer loop
      vertex   2.262059e+01 -1.980000e+00 5.752623e+00
      vertex   2.601559e+01 -1.980000e+00 2.780870e+01
      vertex   2.292090e+01 -1.980000e+00 5.522191e+00
    endloop
  endfacet
  facet normal -0.000000e+00 1.000000e+00 0.000000e+00
    outer loop
      vertex   2.292090e+01 -1.980000e+00 5.522191e+00
      vertex   2.601559e+01 -1.980000e+00 2.780870e+01
      vertex   2.315133e+01 -1.980000e+00 5.221887e+00
    endloop
  endfacet
  facet normal -0.000000e+00 1.000000e+00 0.000000e+00
    outer loop
      vertex   2.315133e+01 -1.980000e+00 5.221887e+00
      vertex   2.601559e+01 -1.980000e+00 2.780870e+01
      vertex   2.329619e+01 -1.980000e+00 4.872174e+00
    endloop
  endfacet
  facet normal -0.000000e+00 1.000000e+00 0.000000e+00
    outer loop
      vertex   2.329619e+01 -1.980000e+00 4.872174e+00
      vertex   2.601559e+01 -1.980000e+00 2.780870e+01
      vertex   2.334559e+01 -1.980000e+00 4.496887e+00
    endloop
  endfacet
  facet normal 4.577108e-17 1.000000e+00 -5.242348e-18
    outer loop
      vertex   2.334559e+01 -1.980000e+00 4.496887e+00
      vertex   2.601559e+01 -1.980000e+00 2.780870e+01
      vertex   2.601559e+01 -1.980000e+00 -1.454725e+01
    endloop
  endfacet
  facet normal 4.288890e-17 1.000000e+00 -5.646431e-18
    outer loop
      vertex   2.334559e+01 -1.980000e+00 4.496887e+00
      vertex   2.601559e+01 -1.980000e+00 -1.454725e+01
      vertex   2.329619e+01 -1.980000e+00 4.121599e+00
    endloop
  endfacet
  facet normal 1.953111e-16 1.000000e+00 1.655619e-17
    outer loop
      vertex   2.329619e+01 -1.980000e+00 4.121599e+00
      vertex   2.601559e+01 -1.980000e+00 -1.454725e+01
      vertex   2.328618e+01 -1.980000e+00 -9.171962e+00
    endloop
  endfacet
  facet normal -4.039841e-17 1.000000e+00 1.673357e-17
    outer loop
      vertex   2.329619e+01 -1.980000e+00 4.121599e+00
      vertex   2.328618e+01 -1.980000e+00 -9.171962e+00
      vertex   2.315133e+01 -1.980000e+00 3.771887e+00
    endloop
  endfacet
  facet normal 4.248303e-17 1.000000e+00 1.759705e-17
    outer loop
      vertex   2.315133e+01 -1.980000e+00 3.771887e+00
      vertex   2.328618e+01 -1.980000e+00 -9.171962e+00
      vertex   2.314133e+01 -1.980000e+00 -8.822250e+00
    endloop
  endfacet
  facet normal -2.300071e-17 1.000000e+00 1.764906e-17
    outer loop
      vertex   2.315133e+01 -1.980000e+00 3.771887e+00
      vertex   2.314133e+01 -1.980000e+00 -8.822250e+00
      vertex   2.292090e+01 -1.980000e+00 3.471582e+00
    endloop
  endfacet
  facet normal 2.410133e-17 1.000000e+00 1.849360e-17
    outer loop
      vertex   2.292090e+01 -1.980000e+00 3.471582e+00
      vertex   2.314133e+01 -1.980000e+00 -8.822250e+00
      vertex   2.291090e+01 -1.980000e+00 -8.521945e+00
    endloop
  endfacet
  facet normal -1.421516e-17 1.000000e+00 1.852556e-17
    outer loop
      vertex   2.292090e+01 -1.980000e+00 3.471582e+00
      vertex   2.291090e+01 -1.980000e+00 -8.521945e+00
      vertex   2.262059e+01 -1.980000e+00 3.241150e+00
    endloop
  endfacet
  facet normal 1.476394e-17 1.000000e+00 1.924074e-17
    outer loop
      vertex   2.262059e+01 -1.980000e+00 3.241150e+00
      vertex   2.291090e+01 -1.980000e+00 -8.521945e+00
      vertex   2.261059e+01 -1.980000e+00 -8.291513e+00
    endloop
  endfacet
  facet normal -7.977945e-18 1.000000e+00 1.926046e-17
    outer loop
      vertex   2.262059e+01 -1.980000e+00 3.241150e+00
      vertex   2.261059e+01 -1.980000e+00 -8.291513e+00
      vertex   2.227088e+01 -1.980000e+00 3.096294e+00
    endloop
  endfacet
  facet normal 8.177568e-18 1.000000e+00 1.974240e-17
    outer loop
      vertex   2.227088e+01 -1.980000e+00 3.096294e+00
      vertex   2.261059e+01 -1.980000e+00 -8.291513e+00
      vertex   2.226088e+01 -1.980000e+00 -8.146657e+00
    endloop
  endfacet
  facet normal -2.600398e-18 1.000000e+00 1.975199e-17
    outer loop
      vertex   2.227088e+01 -1.980000e+00 3.096294e+00
      vertex   2.226088e+01 -1.980000e+00 -8.146657e+00
      vertex   2.189559e+01 -1.980000e+00 3.046887e+00
    endloop
  endfacet
  facet normal 2.622839e-18 1.000000e+00 1.992244e-17
    outer loop
      vertex   2.189559e+01 -1.980000e+00 3.046887e+00
      vertex   2.226088e+01 -1.980000e+00 -8.146657e+00
      vertex   2.188559e+01 -1.980000e+00 -8.097250e+00
    endloop
  endfacet
  facet normal 2.622839e-18 1.000000e+00 1.992244e-17
    outer loop
      vertex   2.189559e+01 -1.980000e+00 3.046887e+00
      vertex   2.188559e+01 -1.980000e+00 -8.097250e+00
      vertex   2.152031e+01 -1.980000e+00 3.096294e+00
    endloop
  endfacet
  facet normal -2.600398e-18 1.000000e+00 1.975199e-17
    outer loop
      vertex   2.152031e+01 -1.980000e+00 3.096294e+00
      vertex   2.188559e+01 -1.980000e+00 -8.097250e+00
      vertex   2.151030e+01 -1.980000e+00 -8.146657e+00
    endloop
  endfacet
  facet normal -9.925772e-17 1.000000e+00 1.983799e-17
    outer loop
      vertex   2.152031e+01 -1.980000e+00 3.096294e+00
      vertex   2.151030e+01 -1.980000e+00 -8.146657e+00
      vertex   1.775559e+01 -1.980000e+00 -4.547250e+00
    endloop
  endfacet
  facet normal -3.568572e-17 1.000000e+00 8.615295e-17
    outer loop
      vertex   1.775559e+01 -1.980000e+00 -4.547250e+00
      vertex   2.151030e+01 -1.980000e+00 -8.146657e+00
      vertex   2.116059e+01 -1.980000e+00 -8.291513e+00
    endloop
  endfacet
  facet normal -5.360406e-17 1.000000e+00 6.985817e-17
    outer loop
      vertex   1.775559e+01 -1.980000e+00 -4.547250e+00
      vertex   2.116059e+01 -1.980000e+00 -8.291513e+00
      vertex   2.086029e+01 -1.980000e+00 -8.521945e+00
    endloop
  endfacet
  facet normal -3.507722e-17 1.000000e+00 -1.452946e-17
    outer loop
      vertex   2.049500e+01 -1.980000e+00 4.121599e+00
      vertex   2.063986e+01 -1.980000e+00 3.771887e+00
      vertex   1.775559e+01 -1.980000e+00 -4.547250e+00
    endloop
  endfacet
  facet normal -2.395881e-17 1.000000e+00 -1.838424e-17
    outer loop
      vertex   1.775559e+01 -1.980000e+00 -4.547250e+00
      vertex   2.063986e+01 -1.980000e+00 3.771887e+00
      vertex   2.087029e+01 -1.980000e+00 3.471582e+00
    endloop
  endfacet
  facet normal -1.636888e-17 1.000000e+00 -2.133234e-17
    outer loop
      vertex   1.775559e+01 -1.980000e+00 -4.547250e+00
      vertex   2.087029e+01 -1.980000e+00 3.471582e+00
      vertex   2.117059e+01 -1.980000e+00 3.241150e+00
    endloop
  endfacet
  facet normal -9.993967e-18 1.000000e+00 -2.412757e-17
    outer loop
      vertex   2.117059e+01 -1.980000e+00 3.241150e+00
      vertex   2.152031e+01 -1.980000e+00 3.096294e+00
      vertex   1.775559e+01 -1.980000e+00 -4.547250e+00
    endloop
  endfacet
  facet normal 1.040901e-15 1.000000e+00 -2.974402e-16
    outer loop
      vertex   -5.069741e+01 -1.980000e+00 1.062587e+02
      vertex   -5.039195e+01 -1.980000e+00 1.073277e+02
      vertex   -5.080041e+01 -1.980000e+00 1.051517e+02
    endloop
  endfacet
  facet normal 3.264548e-16 1.000000e+00 -1.633271e-16
    outer loop
      vertex   -5.080041e+01 -1.980000e+00 1.051517e+02
      vertex   -5.039195e+01 -1.980000e+00 1.073277e+02
      vertex   -4.989452e+01 -1.980000e+00 1.083219e+02
    endloop
  endfacet
  facet normal 1.478978e-16 1.000000e+00 -1.123040e-16
    outer loop
      vertex   -5.080041e+01 -1.980000e+00 1.051517e+02
      vertex   -4.989452e+01 -1.980000e+00 1.083219e+02
      vertex   -4.922220e+01 -1.980000e+00 1.092073e+02
    endloop
  endfacet
  facet normal 7.653758e-17 1.000000e+00 -8.453452e-17
    outer loop
      vertex   -4.922220e+01 -1.980000e+00 1.092073e+02
      vertex   -4.839806e+01 -1.980000e+00 1.099535e+02
      vertex   -5.080041e+01 -1.980000e+00 1.051517e+02
    endloop
  endfacet
  facet normal 4.092677e-17 1.000000e+00 -6.671824e-17
    outer loop
      vertex   -5.080041e+01 -1.980000e+00 1.051517e+02
      vertex   -4.839806e+01 -1.980000e+00 1.099535e+02
      vertex   -4.745041e+01 -1.980000e+00 1.105348e+02
    endloop
  endfacet
  facet normal 4.199148e-16 1.000000e+00 -3.025704e-16
    outer loop
      vertex   -5.080041e+01 -1.980000e+00 1.051517e+02
      vertex   -4.745041e+01 -1.980000e+00 1.105348e+02
      vertex   -4.650276e+01 -1.980000e+00 1.111161e+02
    endloop
  endfacet
  facet normal -0.000000e+00 1.000000e+00 0.000000e+00
    outer loop
      vertex   -5.080041e+01 -1.980000e+00 1.051517e+02
      vertex   -4.650276e+01 -1.980000e+00 1.111161e+02
      vertex   -3.484709e+01 -1.980000e+00 9.062568e+01
    endloop
  endfacet
  facet normal 0.000000e+00 1.000000e+00 0.000000e+00
    outer loop
      vertex   -3.484709e+01 -1.980000e+00 9.062568e+01
      vertex   -4.650276e+01 -1.980000e+00 1.111161e+02
      vertex   -4.567862e+01 -1.980000e+00 1.118623e+02
    endloop
  endfacet
  facet normal 0.000000e+00 1.000000e+00 0.000000e+00
    outer loop
      vertex   -3.484709e+01 -1.980000e+00 9.062568e+01
      vertex   -4.567862e+01 -1.980000e+00 1.118623e+02
      vertex   -4.500629e+01 -1.980000e+00 1.127477e+02
    endloop
  endfacet
  facet normal -0.000000e+00 1.000000e+00 0.000000e+00
    outer loop
      vertex   -4.500629e+01 -1.980000e+00 1.127477e+02
      vertex   -4.450886e+01 -1.980000e+00 1.137420e+02
      vertex   -3.484709e+01 -1.980000e+00 9.062568e+01
    endloop
  endfacet
  facet normal 0.000000e+00 1.000000e+00 0.000000e+00
    outer loop
      vertex   -3.484709e+01 -1.980000e+00 9.062568e+01
      vertex   -4.450886e+01 -1.980000e+00 1.137420e+02
      vertex   -4.420341e+01 -1.980000e+00 1.148109e+02
    endloop
  endfacet
  facet normal 0.000000e+00 1.000000e+00 -0.000000e+00
    outer loop
      vertex   -3.484709e+01 -1.980000e+00 9.062568e+01
      vertex   -4.420341e+01 -1.980000e+00 1.148109e+02
      vertex   -3.035000e+01 -1.980000e+00 1.287010e+02
    endloop
  endfacet
  facet normal 0.000000e+00 1.000000e+00 0.000000e+00
    outer loop
      vertex   -3.035000e+01 -1.980000e+00 1.287010e+02
      vertex   -4.420341e+01 -1.980000e+00 1.148109e+02
      vertex   -3.066066e+01 -1.980000e+00 1.289393e+02
    endloop
  endfacet
  facet normal -6.952810e-16 1.000000e+00 6.664599e-16
    outer loop
      vertex   -3.066066e+01 -1.980000e+00 1.289393e+02
      vertex   -4.420341e+01 -1.980000e+00 1.148109e+02
      vertex   -4.410041e+01 -1.980000e+00 1.159179e+02
    endloop
  endfacet
  facet normal -2.842905e-17 1.000000e+00 -2.181437e-17
    outer loop
      vertex   -3.066066e+01 -1.980000e+00 1.289393e+02
      vertex   -4.410041e+01 -1.980000e+00 1.159179e+02
      vertex   -3.089904e+01 -1.980000e+00 1.292500e+02
    endloop
  endfacet
  facet normal -3.557702e-17 1.000000e+00 -1.473649e-17
    outer loop
      vertex   -3.089904e+01 -1.980000e+00 1.292500e+02
      vertex   -4.410041e+01 -1.980000e+00 1.159179e+02
      vertex   -3.104889e+01 -1.980000e+00 1.296118e+02
    endloop
  endfacet
  facet normal -4.484435e-17 1.000000e+00 -5.903871e-18
    outer loop
      vertex   -3.104889e+01 -1.980000e+00 1.296118e+02
      vertex   -4.410041e+01 -1.980000e+00 1.159179e+02
      vertex   -3.110000e+01 -1.980000e+00 1.300000e+02
    endloop
  endfacet
  facet normal -5.976189e-17 1.000000e+00 7.867802e-18
    outer loop
      vertex   -3.110000e+01 -1.980000e+00 1.300000e+02
      vertex   -4.410041e+01 -1.980000e+00 1.159179e+02
      vertex   -3.104889e+01 -1.980000e+00 1.303882e+02
    endloop
  endfacet
  facet normal -3.941022e-17 1.000000e+00 -1.048839e-17
    outer loop
      vertex   -3.104889e+01 -1.980000e+00 1.303882e+02
      vertex   -4.410041e+01 -1.980000e+00 1.159179e+02
      vertex   -3.885000e+01 -1.980000e+00 1.597010e+02
    endloop
  endfacet
  facet normal 0.000000e+00 1.000000e+00 0.000000e+00
    outer loop
      vertex   -3.104889e+01 -1.980000e+00 1.303882e+02
      vertex   -3.885000e+01 -1.980000e+00 1.597010e+02
      vertex   -3.848823e+01 -1.980000e+00 1.595511e+02
    endloop
  endfacet
  facet normal -1.416893e-16 1.000000e+00 0.000000e+00
    outer loop
      vertex   -4.410041e+01 -1.980000e+00 1.659179e+02
      vertex   -3.939904e+01 -1.980000e+00 1.602500e+02
      vertex   -4.410041e+01 -1.980000e+00 1.159179e+02
    endloop
  endfacet
  facet normal -1.720450e-17 1.000000e+00 -1.320147e-17
    outer loop
      vertex   -4.410041e+01 -1.980000e+00 1.159179e+02
      vertex   -3.939904e+01 -1.980000e+00 1.602500e+02
      vertex   -3.916066e+01 -1.980000e+00 1.599393e+02
    endloop
  endfacet
  facet normal -1.069071e-17 1.000000e+00 -1.393240e-17
    outer loop
      vertex   -4.410041e+01 -1.980000e+00 1.159179e+02
      vertex   -3.916066e+01 -1.980000e+00 1.599393e+02
      vertex   -3.885000e+01 -1.980000e+00 1.597010e+02
    endloop
  endfacet
  facet normal 3.036209e-15 1.000000e+00 -1.257639e-15
    outer loop
      vertex   -4.399819e+01 -1.980000e+00 1.666944e+02
      vertex   -4.369849e+01 -1.980000e+00 1.674179e+02
      vertex   -4.410041e+01 -1.980000e+00 1.659179e+02
    endloop
  endfacet
  facet normal 8.892851e-16 1.000000e+00 -6.823724e-16
    outer loop
      vertex   -4.410041e+01 -1.980000e+00 1.659179e+02
      vertex   -4.369849e+01 -1.980000e+00 1.674179e+02
      vertex   -4.322173e+01 -1.980000e+00 1.680392e+02
    endloop
  endfacet
  facet normal 3.532220e-16 1.000000e+00 -4.603278e-16
    outer loop
      vertex   -4.410041e+01 -1.980000e+00 1.659179e+02
      vertex   -4.322173e+01 -1.980000e+00 1.680392e+02
      vertex   -4.260041e+01 -1.980000e+00 1.685160e+02
    endloop
  endfacet
  facet normal -2.550005e-16 1.000000e+00 -1.091704e-16
    outer loop
      vertex   -4.410041e+01 -1.980000e+00 1.659179e+02
      vertex   -4.260041e+01 -1.980000e+00 1.685160e+02
      vertex   -3.954889e+01 -1.980000e+00 1.613882e+02
    endloop
  endfacet
  facet normal 0.000000e+00 1.000000e+00 0.000000e+00
    outer loop
      vertex   -3.954889e+01 -1.980000e+00 1.613882e+02
      vertex   -4.260041e+01 -1.980000e+00 1.685160e+02
      vertex   -4.187687e+01 -1.980000e+00 1.688157e+02
    endloop
  endfacet
  facet normal 0.000000e+00 1.000000e+00 -0.000000e+00
    outer loop
      vertex   -3.954889e+01 -1.980000e+00 1.613882e+02
      vertex   -4.187687e+01 -1.980000e+00 1.688157e+02
      vertex   -3.939904e+01 -1.980000e+00 1.617500e+02
    endloop
  endfacet
  facet normal 8.200537e-16 1.000000e+00 2.875808e-16
    outer loop
      vertex   -3.939904e+01 -1.980000e+00 1.617500e+02
      vertex   -4.187687e+01 -1.980000e+00 1.688157e+02
      vertex   -4.110041e+01 -1.980000e+00 1.689179e+02
    endloop
  endfacet
  facet normal -9.249940e-17 1.000000e+00 7.097729e-17
    outer loop
      vertex   -3.939904e+01 -1.980000e+00 1.617500e+02
      vertex   -4.110041e+01 -1.980000e+00 1.689179e+02
      vertex   -3.916066e+01 -1.980000e+00 1.620607e+02
    endloop
  endfacet
  facet normal -6.124650e-17 1.000000e+00 7.981799e-17
    outer loop
      vertex   -3.916066e+01 -1.980000e+00 1.620607e+02
      vertex   -4.110041e+01 -1.980000e+00 1.689179e+02
      vertex   -3.885000e+01 -1.980000e+00 1.622990e+02
    endloop
  endfacet
  facet normal -3.654103e-17 1.000000e+00 8.821784e-17
    outer loop
      vertex   -3.885000e+01 -1.980000e+00 1.622990e+02
      vertex   -4.110041e+01 -1.980000e+00 1.689179e+02
      vertex   -3.848823e+01 -1.980000e+00 1.624489e+02
    endloop
  endfacet
  facet normal -1.287235e-17 1.000000e+00 9.777523e-17
    outer loop
      vertex   -3.848823e+01 -1.980000e+00 1.624489e+02
      vertex   -4.110041e+01 -1.980000e+00 1.689179e+02
      vertex   -3.810000e+01 -1.980000e+00 1.625000e+02
    endloop
  endfacet
  facet normal 1.456082e-17 1.000000e+00 1.106004e-16
    outer loop
      vertex   -3.810000e+01 -1.980000e+00 1.625000e+02
      vertex   -4.110041e+01 -1.980000e+00 1.689179e+02
      vertex   -3.771177e+01 -1.980000e+00 1.624489e+02
    endloop
  endfacet
  facet normal 5.447195e-17 1.000000e+00 1.315069e-16
    outer loop
      vertex   -3.771177e+01 -1.980000e+00 1.624489e+02
      vertex   -4.110041e+01 -1.980000e+00 1.689179e+02
      vertex   -3.735000e+01 -1.980000e+00 1.622990e+02
    endloop
  endfacet
  facet normal 1.366300e-16 1.000000e+00 1.780597e-16
    outer loop
      vertex   -3.735000e+01 -1.980000e+00 1.622990e+02
      vertex   -4.110041e+01 -1.980000e+00 1.689179e+02
      vertex   -3.703934e+01 -1.980000e+00 1.620607e+02
    endloop
  endfacet
  facet normal -0.000000e+00 1.000000e+00 9.714317e-17
    outer loop
      vertex   -3.703934e+01 -1.980000e+00 1.620607e+02
      vertex   -4.110041e+01 -1.980000e+00 1.689179e+02
      vertex   -1.116066e+01 -1.980000e+00 1.620607e+02
    endloop
  endfacet
  facet normal -0.000000e+00 1.000000e+00 0.000000e+00
    outer loop
      vertex   -3.703934e+01 -1.980000e+00 1.620607e+02
      vertex   -1.116066e+01 -1.980000e+00 1.620607e+02
      vertex   -3.680096e+01 -1.980000e+00 1.617500e+02
    endloop
  endfacet
  facet normal 0.000000e+00 1.000000e+00 0.000000e+00
    outer loop
      vertex   -3.680096e+01 -1.980000e+00 1.617500e+02
      vertex   -1.116066e+01 -1.980000e+00 1.620607e+02
      vertex   -1.139904e+01 -1.980000e+00 1.617500e+02
    endloop
  endfacet
  facet normal -0.000000e+00 1.000000e+00 0.000000e+00
    outer loop
      vertex   -3.680096e+01 -1.980000e+00 1.617500e+02
      vertex   -1.139904e+01 -1.980000e+00 1.617500e+02
      vertex   -3.665111e+01 -1.980000e+00 1.613882e+02
    endloop
  endfacet
  facet normal 0.000000e+00 1.000000e+00 0.000000e+00
    outer loop
      vertex   -3.665111e+01 -1.980000e+00 1.613882e+02
      vertex   -1.139904e+01 -1.980000e+00 1.617500e+02
      vertex   -1.154889e+01 -1.980000e+00 1.613882e+02
    endloop
  endfacet
  facet normal -0.000000e+00 1.000000e+00 0.000000e+00
    outer loop
      vertex   -3.665111e+01 -1.980000e+00 1.613882e+02
      vertex   -1.154889e+01 -1.980000e+00 1.613882e+02
      vertex   -3.660000e+01 -1.980000e+00 1.610000e+02
    endloop
  endfacet
  facet normal 0.000000e+00 1.000000e+00 0.000000e+00
    outer loop
      vertex   -3.660000e+01 -1.980000e+00 1.610000e+02
      vertex   -1.154889e+01 -1.980000e+00 1.613882e+02
      vertex   -1.160000e+01 -1.980000e+00 1.610000e+02
    endloop
  endfacet
  facet normal -0.000000e+00 1.000000e+00 0.000000e+00
    outer loop
      vertex   -3.660000e+01 -1.980000e+00 1.610000e+02
      vertex   -1.160000e+01 -1.980000e+00 1.610000e+02
      vertex   -3.665111e+01 -1.980000e+00 1.606118e+02
    endloop
  endfacet
  facet normal 0.000000e+00 1.000000e+00 0.000000e+00
    outer loop
      vertex   -3.665111e+01 -1.980000e+00 1.606118e+02
      vertex   -1.160000e+01 -1.980000e+00 1.610000e+02
      vertex   -1.154889e+01 -1.980000e+00 1.606118e+02
    endloop
  endfacet
  facet normal -0.000000e+00 1.000000e+00 0.000000e+00
    outer loop
      vertex   -3.665111e+01 -1.980000e+00 1.606118e+02
      vertex   -1.154889e+01 -1.980000e+00 1.606118e+02
      vertex   -2.885000e+01 -1.980000e+00 1.312990e+02
    endloop
  endfacet
  facet normal -0.000000e+00 1.000000e+00 0.000000e+00
    outer loop
      vertex   -2.885000e+01 -1.980000e+00 1.312990e+02
      vertex   -1.154889e+01 -1.980000e+00 1.606118e+02
      vertex   -2.853934e+01 -1.980000e+00 1.310607e+02
    endloop
  endfacet
  facet normal -0.000000e+00 1.000000e+00 0.000000e+00
    outer loop
      vertex   -2.853934e+01 -1.980000e+00 1.310607e+02
      vertex   -1.154889e+01 -1.980000e+00 1.606118e+02
      vertex   -2.830096e+01 -1.980000e+00 1.307500e+02
    endloop
  endfacet
  facet normal 0.000000e+00 1.000000e+00 0.000000e+00
    outer loop
      vertex   -2.830096e+01 -1.980000e+00 1.307500e+02
      vertex   -1.154889e+01 -1.980000e+00 1.606118e+02
      vertex   -1.139904e+01 -1.980000e+00 1.602500e+02
    endloop
  endfacet
  facet normal -0.000000e+00 1.000000e+00 0.000000e+00
    outer loop
      vertex   -2.830096e+01 -1.980000e+00 1.307500e+02
      vertex   -1.139904e+01 -1.980000e+00 1.602500e+02
      vertex   -2.815111e+01 -1.980000e+00 1.303882e+02
    endloop
  endfacet
  facet normal 0.000000e+00 1.000000e+00 0.000000e+00
    outer loop
      vertex   -2.815111e+01 -1.980000e+00 1.303882e+02
      vertex   -1.139904e+01 -1.980000e+00 1.602500e+02
      vertex   -1.116066e+01 -1.980000e+00 1.599393e+02
    endloop
  endfacet
  facet normal 0.000000e+00 1.000000e+00 0.000000e+00
    outer loop
      vertex   -2.815111e+01 -1.980000e+00 1.303882e+02
      vertex   -1.116066e+01 -1.980000e+00 1.599393e+02
      vertex   -1.085000e+01 -1.980000e+00 1.597010e+02
    endloop
  endfacet
  facet normal 0.000000e+00 1.000000e+00 1.037931e-16
    outer loop
      vertex   4.089959e+01 -1.980000e+00 1.689179e+02
      vertex   -9.999987e-02 -1.980000e+00 1.625000e+02
      vertex   -4.110041e+01 -1.980000e+00 1.689179e+02
    endloop
  endfacet
  facet normal 0.000000e+00 1.000000e+00 1.037931e-16
    outer loop
      vertex   -4.110041e+01 -1.980000e+00 1.689179e+02
      vertex   -9.999987e-02 -1.980000e+00 1.625000e+02
      vertex   -1.010000e+01 -1.980000e+00 1.625000e+02
    endloop
  endfacet
  facet normal -8.352860e-18 1.000000e+00 6.344627e-17
    outer loop
      vertex   -4.110041e+01 -1.980000e+00 1.689179e+02
      vertex   -1.010000e+01 -1.980000e+00 1.625000e+02
      vertex   -1.048823e+01 -1.980000e+00 1.624489e+02
    endloop
  endfacet
  facet normal -8.200657e-16 1.000000e+00 2.874900e-16
    outer loop
      vertex   4.167605e+01 -1.980000e+00 1.688157e+02
      vertex   3.919904e+01 -1.980000e+00 1.617500e+02
      vertex   4.089959e+01 -1.980000e+00 1.689179e+02
    endloop
  endfacet
  facet normal 9.250992e-17 1.000000e+00 7.098536e-17
    outer loop
      vertex   4.089959e+01 -1.980000e+00 1.689179e+02
      vertex   3.919904e+01 -1.980000e+00 1.617500e+02
      vertex   3.896066e+01 -1.980000e+00 1.620607e+02
    endloop
  endfacet
  facet normal 6.125111e-17 1.000000e+00 7.982400e-17
    outer loop
      vertex   4.089959e+01 -1.980000e+00 1.689179e+02
      vertex   3.896066e+01 -1.980000e+00 1.620607e+02
      vertex   3.865000e+01 -1.980000e+00 1.622990e+02
    endloop
  endfacet
  facet normal -0.000000e+00 1.000000e+00 0.000000e+00
    outer loop
      vertex   3.919904e+01 -1.980000e+00 1.617500e+02
      vertex   4.167605e+01 -1.980000e+00 1.688157e+02
      vertex   3.934889e+01 -1.980000e+00 1.613882e+02
    endloop
  endfacet
  facet normal 0.000000e+00 1.000000e+00 0.000000e+00
    outer loop
      vertex   3.934889e+01 -1.980000e+00 1.613882e+02
      vertex   4.167605e+01 -1.980000e+00 1.688157e+02
      vertex   4.239959e+01 -1.980000e+00 1.685160e+02
    endloop
  endfacet
  facet normal 2.550296e-16 1.000000e+00 -1.091536e-16
    outer loop
      vertex   3.934889e+01 -1.980000e+00 1.613882e+02
      vertex   4.239959e+01 -1.980000e+00 1.685160e+02
      vertex   4.389959e+01 -1.980000e+00 1.659179e+02
    endloop
  endfacet
  facet normal -3.532220e-16 1.000000e+00 -4.603278e-16
    outer loop
      vertex   4.389959e+01 -1.980000e+00 1.659179e+02
      vertex   4.239959e+01 -1.980000e+00 1.685160e+02
      vertex   4.302091e+01 -1.980000e+00 1.680392e+02
    endloop
  endfacet
  facet normal -8.892851e-16 1.000000e+00 -6.823724e-16
    outer loop
      vertex   4.389959e+01 -1.980000e+00 1.659179e+02
      vertex   4.302091e+01 -1.980000e+00 1.680392e+02
      vertex   4.349767e+01 -1.980000e+00 1.674179e+02
    endloop
  endfacet
  facet normal -3.036209e-15 1.000000e+00 -1.257639e-15
    outer loop
      vertex   4.349767e+01 -1.980000e+00 1.674179e+02
      vertex   4.379737e+01 -1.980000e+00 1.666944e+02
      vertex   4.389959e+01 -1.980000e+00 1.659179e+02
    endloop
  endfacet
  facet normal 2.611570e-16 1.000000e+00 -0.000000e+00
    outer loop
      vertex   4.389959e+01 -1.980000e+00 1.159179e+02
      vertex   4.134889e+01 -1.980000e+00 1.211017e+02
      vertex   4.389959e+01 -1.980000e+00 1.659179e+02
    endloop
  endfacet
  facet normal 3.154913e-17 1.000000e+00 1.306808e-17
    outer loop
      vertex   4.389959e+01 -1.980000e+00 1.659179e+02
      vertex   4.134889e+01 -1.980000e+00 1.211017e+02
      vertex   4.119904e+01 -1.980000e+00 1.214635e+02
    endloop
  endfacet
  facet normal 1.809574e-17 1.000000e+00 1.388535e-17
    outer loop
      vertex   4.389959e+01 -1.980000e+00 1.659179e+02
      vertex   4.119904e+01 -1.980000e+00 1.214635e+02
      vertex   4.096066e+01 -1.980000e+00 1.217741e+02
    endloop
  endfacet
  facet normal 9.326752e-16 1.000000e+00 6.762906e-16
    outer loop
      vertex   4.400776e+01 -1.980000e+00 1.147837e+02
      vertex   4.065000e+01 -1.980000e+00 1.194144e+02
      vertex   4.389959e+01 -1.980000e+00 1.159179e+02
    endloop
  endfacet
  facet normal 8.533204e-17 1.000000e+00 -1.112069e-16
    outer loop
      vertex   4.389959e+01 -1.980000e+00 1.159179e+02
      vertex   4.065000e+01 -1.980000e+00 1.194144e+02
      vertex   4.096066e+01 -1.980000e+00 1.196528e+02
    endloop
  endfacet
  facet normal 1.147550e-16 1.000000e+00 -8.805459e-17
    outer loop
      vertex   4.389959e+01 -1.980000e+00 1.159179e+02
      vertex   4.096066e+01 -1.980000e+00 1.196528e+02
      vertex   4.119904e+01 -1.980000e+00 1.199635e+02
    endloop
  endfacet
  facet normal 0.000000e+00 1.000000e+00 0.000000e+00
    outer loop
      vertex   4.432836e+01 -1.980000e+00 1.136905e+02
      vertex   3.990000e+01 -1.980000e+00 1.192135e+02
      vertex   4.400776e+01 -1.980000e+00 1.147837e+02
    endloop
  endfacet
  facet normal 0.000000e+00 1.000000e+00 0.000000e+00
    outer loop
      vertex   4.400776e+01 -1.980000e+00 1.147837e+02
      vertex   3.990000e+01 -1.980000e+00 1.192135e+02
      vertex   4.028823e+01 -1.980000e+00 1.192646e+02
    endloop
  endfacet
  facet normal 0.000000e+00 1.000000e+00 0.000000e+00
    outer loop
      vertex   4.400776e+01 -1.980000e+00 1.147837e+02
      vertex   4.028823e+01 -1.980000e+00 1.192646e+02
      vertex   4.065000e+01 -1.980000e+00 1.194144e+02
    endloop
  endfacet
  facet normal 0.000000e+00 1.000000e+00 0.000000e+00
    outer loop
      vertex   4.484984e+01 -1.980000e+00 1.126775e+02
      vertex   3.815291e+01 -1.980000e+00 9.062568e+01
      vertex   4.432836e+01 -1.980000e+00 1.136905e+02
    endloop
  endfacet
  facet normal 0.000000e+00 1.000000e+00 0.000000e+00
    outer loop
      vertex   4.432836e+01 -1.980000e+00 1.136905e+02
      vertex   3.815291e+01 -1.980000e+00 9.062568e+01
      vertex   3.951177e+01 -1.980000e+00 1.192646e+02
    endloop
  endfacet
  facet normal 0.000000e+00 1.000000e+00 0.000000e+00
    outer loop
      vertex   4.432836e+01 -1.980000e+00 1.136905e+02
      vertex   3.951177e+01 -1.980000e+00 1.192646e+02
      vertex   3.990000e+01 -1.980000e+00 1.192135e+02
    endloop
  endfacet
  facet normal 0.000000e+00 1.000000e+00 0.000000e+00
    outer loop
      vertex   4.484984e+01 -1.980000e+00 1.126775e+02
      vertex   4.555339e+01 -1.980000e+00 1.117814e+02
      vertex   3.815291e+01 -1.980000e+00 9.062568e+01
    endloop
  endfacet
  facet normal 0.000000e+00 1.000000e+00 0.000000e+00
    outer loop
      vertex   3.815291e+01 -1.980000e+00 9.062568e+01
      vertex   4.555339e+01 -1.980000e+00 1.117814e+02
      vertex   4.641365e+01 -1.980000e+00 1.110344e+02
    endloop
  endfacet
  facet normal 9.619604e-17 1.000000e+00 -3.893674e-17
    outer loop
      vertex   3.815291e+01 -1.980000e+00 9.062568e+01
      vertex   4.641365e+01 -1.980000e+00 1.110344e+02
      vertex   5.089959e+01 -1.980000e+00 1.050092e+02
    endloop
  endfacet
  facet normal -9.042718e-16 1.000000e+00 -7.838091e-16
    outer loop
      vertex   5.089959e+01 -1.980000e+00 1.050092e+02
      vertex   4.641365e+01 -1.980000e+00 1.110344e+02
      vertex   4.739959e+01 -1.980000e+00 1.104635e+02
    endloop
  endfacet
  facet normal 5.291808e-16 1.000000e+00 1.360215e-16
    outer loop
      vertex   5.089959e+01 -1.980000e+00 1.050092e+02
      vertex   4.739959e+01 -1.980000e+00 1.104635e+02
      vertex   4.838554e+01 -1.980000e+00 1.098926e+02
    endloop
  endfacet
  facet normal -2.141897e-16 1.000000e+00 -2.466731e-16
    outer loop
      vertex   4.838554e+01 -1.980000e+00 1.098926e+02
      vertex   4.924579e+01 -1.980000e+00 1.091457e+02
      vertex   5.089959e+01 -1.980000e+00 1.050092e+02
    endloop
  endfacet
  facet normal -4.179533e-16 1.000000e+00 -3.281393e-16
    outer loop
      vertex   5.089959e+01 -1.980000e+00 1.050092e+02
      vertex   4.924579e+01 -1.980000e+00 1.091457e+02
      vertex   4.994934e+01 -1.980000e+00 1.082496e+02
    endloop
  endfacet
  facet normal -9.278562e-16 1.000000e+00 -4.776697e-16
    outer loop
      vertex   5.089959e+01 -1.980000e+00 1.050092e+02
      vertex   4.994934e+01 -1.980000e+00 1.082496e+02
      vertex   5.047082e+01 -1.980000e+00 1.072366e+02
    endloop
  endfacet
  facet normal -2.968156e-15 1.000000e+00 -8.704198e-16
    outer loop
      vertex   5.047082e+01 -1.980000e+00 1.072366e+02
      vertex   5.079142e+01 -1.980000e+00 1.061433e+02
      vertex   5.089959e+01 -1.980000e+00 1.050092e+02
    endloop
  endfacet
  facet normal 5.225938e-17 1.000000e+00 0.000000e+00
    outer loop
      vertex   5.089959e+01 -1.980000e+00 1.050092e+02
      vertex   5.089959e+01 -1.980000e+00 7.464844e+01
      vertex   3.815291e+01 -1.980000e+00 9.062568e+01
    endloop
  endfacet
  facet normal 5.225938e-17 1.000000e+00 -1.330915e-32
    outer loop
      vertex   3.815291e+01 -1.980000e+00 9.062568e+01
      vertex   5.089959e+01 -1.980000e+00 7.464844e+01
      vertex   3.815291e+01 -1.980000e+00 6.272568e+01
    endloop
  endfacet
  facet normal -1.396705e-16 1.000000e+00 2.051933e-16
    outer loop
      vertex   3.815291e+01 -1.980000e+00 6.272568e+01
      vertex   5.089959e+01 -1.980000e+00 7.464844e+01
      vertex   5.078914e+01 -1.980000e+00 7.132688e+01
    endloop
  endfacet
  facet normal 0.000000e+00 1.000000e+00 0.000000e+00
    outer loop
      vertex   3.815291e+01 -1.980000e+00 6.272568e+01
      vertex   5.078914e+01 -1.980000e+00 7.132688e+01
      vertex   5.045828e+01 -1.980000e+00 6.802001e+01
    endloop
  endfacet
  facet normal 0.000000e+00 1.000000e+00 0.000000e+00
    outer loop
      vertex   5.045828e+01 -1.980000e+00 6.802001e+01
      vertex   4.990847e+01 -1.980000e+00 6.474241e+01
      vertex   3.815291e+01 -1.980000e+00 6.272568e+01
    endloop
  endfacet
  facet normal 0.000000e+00 1.000000e+00 -0.000000e+00
    outer loop
      vertex   3.679086e+01 -1.980000e+00 4.836732e+01
      vertex   3.487522e+01 -1.980000e+00 4.690028e+01
      vertex   3.815291e+01 -1.980000e+00 6.272568e+01
    endloop
  endfacet
  facet normal 0.000000e+00 1.000000e+00 0.000000e+00
    outer loop
      vertex   3.815291e+01 -1.980000e+00 6.272568e+01
      vertex   3.487522e+01 -1.980000e+00 4.690028e+01
      vertex   3.310993e+01 -1.980000e+00 4.525539e+01
    endloop
  endfacet
  facet normal 0.000000e+00 1.000000e+00 0.000000e+00
    outer loop
      vertex   3.815291e+01 -1.980000e+00 6.272568e+01
      vertex   3.310993e+01 -1.980000e+00 4.525539e+01
      vertex   3.151143e+01 -1.980000e+00 4.344799e+01
    endloop
  endfacet
  facet normal 0.000000e+00 1.000000e+00 0.000000e+00
    outer loop
      vertex   3.815291e+01 -1.980000e+00 6.272568e+01
      vertex   3.151143e+01 -1.980000e+00 4.344799e+01
      vertex   6.885591e+00 -1.980000e+00 4.215275e+01
    endloop
  endfacet
  facet normal -0.000000e+00 1.000000e+00 0.000000e+00
    outer loop
      vertex   6.885591e+00 -1.980000e+00 4.215275e+01
      vertex   3.151143e+01 -1.980000e+00 4.344799e+01
      vertex   3.009461e+01 -1.980000e+00 4.149491e+01
    endloop
  endfacet
  facet normal 0.000000e+00 1.000000e+00 0.000000e+00
    outer loop
      vertex   6.885591e+00 -1.980000e+00 4.215275e+01
      vertex   3.009461e+01 -1.980000e+00 4.149491e+01
      vertex   2.887267e+01 -1.980000e+00 3.941434e+01
    endloop
  endfacet
  facet normal 0.000000e+00 1.000000e+00 0.000000e+00
    outer loop
      vertex   2.887267e+01 -1.980000e+00 3.941434e+01
      vertex   2.785699e+01 -1.980000e+00 3.722566e+01
      vertex   6.885591e+00 -1.980000e+00 4.215275e+01
    endloop
  endfacet
  facet normal 0.000000e+00 1.000000e+00 0.000000e+00
    outer loop
      vertex   6.885591e+00 -1.980000e+00 4.215275e+01
      vertex   2.785699e+01 -1.980000e+00 3.722566e+01
      vertex   2.705704e+01 -1.980000e+00 3.494926e+01
    endloop
  endfacet
  facet normal 0.000000e+00 1.000000e+00 0.000000e+00
    outer loop
      vertex   6.885591e+00 -1.980000e+00 4.215275e+01
      vertex   2.705704e+01 -1.980000e+00 3.494926e+01
      vertex   2.648026e+01 -1.980000e+00 3.260635e+01
    endloop
  endfacet
  facet normal 0.000000e+00 1.000000e+00 0.000000e+00
    outer loop
      vertex   2.648026e+01 -1.980000e+00 3.260635e+01
      vertex   2.613203e+01 -1.980000e+00 3.021875e+01
      vertex   6.885591e+00 -1.980000e+00 4.215275e+01
    endloop
  endfacet
  facet normal 0.000000e+00 1.000000e+00 0.000000e+00
    outer loop
      vertex   6.885591e+00 -1.980000e+00 4.215275e+01
      vertex   2.613203e+01 -1.980000e+00 3.021875e+01
      vertex   2.601559e+01 -1.980000e+00 2.780870e+01
    endloop
  endfacet
  facet normal 0.000000e+00 1.000000e+00 -1.250956e-16
    outer loop
      vertex   1.775559e+01 -1.980000e+00 -1.454725e+01
      vertex   2.188559e+01 -1.980000e+00 -1.099725e+01
      vertex   2.601559e+01 -1.980000e+00 -1.454725e+01
    endloop
  endfacet
  facet normal 1.428173e-17 1.000000e+00 -1.084805e-16
    outer loop
      vertex   2.601559e+01 -1.980000e+00 -1.454725e+01
      vertex   2.188559e+01 -1.980000e+00 -1.099725e+01
      vertex   2.226088e+01 -1.980000e+00 -1.094784e+01
    endloop
  endfacet
  facet normal 3.568572e-17 1.000000e+00 -8.615295e-17
    outer loop
      vertex   2.601559e+01 -1.980000e+00 -1.454725e+01
      vertex   2.226088e+01 -1.980000e+00 -1.094784e+01
      vertex   2.261059e+01 -1.980000e+00 -1.080299e+01
    endloop
  endfacet
  facet normal -1.657049e-16 1.000000e+00 0.000000e+00
    outer loop
      vertex   1.775559e+01 -1.980000e+00 -4.547250e+00
      vertex   2.043559e+01 -1.980000e+00 -9.547250e+00
      vertex   1.775559e+01 -1.980000e+00 -1.454725e+01
    endloop
  endfacet
  facet normal -1.330300e-16 1.000000e+00 -1.751374e-17
    outer loop
      vertex   1.775559e+01 -1.980000e+00 -1.454725e+01
      vertex   2.043559e+01 -1.980000e+00 -9.547250e+00
      vertex   2.048500e+01 -1.980000e+00 -9.922537e+00
    endloop
  endfacet
  facet normal -9.560532e-17 1.000000e+00 -3.960102e-17
    outer loop
      vertex   1.775559e+01 -1.980000e+00 -1.454725e+01
      vertex   2.048500e+01 -1.980000e+00 -9.922537e+00
      vertex   2.062985e+01 -1.980000e+00 -1.027225e+01
    endloop
  endfacet
  facet normal 0.000000e+00 1.000000e+00 0.000000e+00
    outer loop
      vertex   3.815291e+01 -1.980000e+00 6.272568e+01
      vertex   6.885591e+00 -1.980000e+00 4.215275e+01
      vertex   -3.484709e+01 -1.980000e+00 6.272568e+01
    endloop
  endfacet
  facet normal 0.000000e+00 1.000000e+00 0.000000e+00
    outer loop
      vertex   -3.484709e+01 -1.980000e+00 6.272568e+01
      vertex   6.885591e+00 -1.980000e+00 4.215275e+01
      vertex   -8.114409e+00 -1.980000e+00 4.215275e+01
    endloop
  endfacet
  facet normal 0.000000e+00 1.000000e+00 0.000000e+00
    outer loop
      vertex   3.540000e+01 -1.980000e+00 1.545000e+02
      vertex   3.990000e+01 -1.980000e+00 1.222135e+02
      vertex   3.540000e+01 -1.980000e+00 1.235000e+02
    endloop
  endfacet
  facet normal 0.000000e+00 1.000000e+00 0.000000e+00
    outer loop
      vertex   3.540000e+01 -1.980000e+00 1.235000e+02
      vertex   3.990000e+01 -1.980000e+00 1.222135e+02
      vertex   3.951177e+01 -1.980000e+00 1.221624e+02
    endloop
  endfacet
  facet normal 0.000000e+00 1.000000e+00 0.000000e+00
    outer loop
      vertex   3.540000e+01 -1.980000e+00 1.235000e+02
      vertex   3.951177e+01 -1.980000e+00 1.221624e+02
      vertex   3.915000e+01 -1.980000e+00 1.220125e+02
    endloop
  endfacet
  facet normal 0.000000e+00 1.000000e+00 0.000000e+00
    outer loop
      vertex   1.540000e+01 -1.980000e+00 1.545000e+02
      vertex   3.640000e+01 -1.980000e+00 1.610000e+02
      vertex   3.540000e+01 -1.980000e+00 1.545000e+02
    endloop
  endfacet
  facet normal 0.000000e+00 1.000000e+00 0.000000e+00
    outer loop
      vertex   3.540000e+01 -1.980000e+00 1.545000e+02
      vertex   3.640000e+01 -1.980000e+00 1.610000e+02
      vertex   3.645111e+01 -1.980000e+00 1.606118e+02
    endloop
  endfacet
  facet normal 0.000000e+00 1.000000e+00 0.000000e+00
    outer loop
      vertex   3.540000e+01 -1.980000e+00 1.545000e+02
      vertex   3.645111e+01 -1.980000e+00 1.606118e+02
      vertex   3.660096e+01 -1.980000e+00 1.602500e+02
    endloop
  endfacet
  facet normal 0.000000e+00 1.000000e+00 -0.000000e+00
    outer loop
      vertex   1.540000e+01 -1.980000e+00 1.235000e+02
      vertex   9.606603e-01 -1.980000e+00 1.599393e+02
      vertex   1.540000e+01 -1.980000e+00 1.545000e+02
    endloop
  endfacet
  facet normal 0.000000e+00 1.000000e+00 0.000000e+00
    outer loop
      vertex   1.540000e+01 -1.980000e+00 1.545000e+02
      vertex   9.606603e-01 -1.980000e+00 1.599393e+02
      vertex   1.199038e+00 -1.980000e+00 1.602500e+02
    endloop
  endfacet
  facet normal 0.000000e+00 1.000000e+00 0.000000e+00
    outer loop
      vertex   1.540000e+01 -1.980000e+00 1.545000e+02
      vertex   1.199038e+00 -1.980000e+00 1.602500e+02
      vertex   1.348889e+00 -1.980000e+00 1.606118e+02
    endloop
  endfacet
  facet normal 0.000000e+00 1.000000e+00 0.000000e+00
    outer loop
      vertex   3.540000e+01 -1.980000e+00 1.235000e+02
      vertex   3.815291e+01 -1.980000e+00 9.062568e+01
      vertex   1.540000e+01 -1.980000e+00 1.235000e+02
    endloop
  endfacet
  facet normal 0.000000e+00 1.000000e+00 0.000000e+00
    outer loop
      vertex   1.540000e+01 -1.980000e+00 1.235000e+02
      vertex   3.815291e+01 -1.980000e+00 9.062568e+01
      vertex   7.152906e+00 -1.980000e+00 9.062568e+01
    endloop
  endfacet
  facet normal 0.000000e+00 1.000000e+00 0.000000e+00
    outer loop
      vertex   1.540000e+01 -1.980000e+00 1.235000e+02
      vertex   7.152906e+00 -1.980000e+00 9.062568e+01
      vertex   -3.933898e-02 -1.980000e+00 9.206066e+01
    endloop
  endfacet
  facet normal 0.000000e+00 1.000000e+00 0.000000e+00
    outer loop
      vertex   -3.933898e-02 -1.980000e+00 9.206066e+01
      vertex   7.152906e+00 -1.980000e+00 9.062568e+01
      vertex   1.990390e-01 -1.980000e+00 9.175000e+01
    endloop
  endfacet
  facet normal 0.000000e+00 1.000000e+00 0.000000e+00
    outer loop
      vertex   1.990390e-01 -1.980000e+00 9.175000e+01
      vertex   7.152906e+00 -1.980000e+00 9.062568e+01
      vertex   3.488896e-01 -1.980000e+00 9.138823e+01
    endloop
  endfacet
  facet normal 0.000000e+00 1.000000e+00 0.000000e+00
    outer loop
      vertex   3.488896e-01 -1.980000e+00 9.138823e+01
      vertex   7.152906e+00 -1.980000e+00 9.062568e+01
      vertex   4.000009e-01 -1.980000e+00 9.100000e+01
    endloop
  endfacet
  facet normal 0.000000e+00 1.000000e+00 0.000000e+00
    outer loop
      vertex   4.000009e-01 -1.980000e+00 9.100000e+01
      vertex   7.152906e+00 -1.980000e+00 9.062568e+01
      vertex   3.488896e-01 -1.980000e+00 9.061177e+01
    endloop
  endfacet
  facet normal -0.000000e+00 1.000000e+00 0.000000e+00
    outer loop
      vertex   3.488896e-01 -1.980000e+00 9.061177e+01
      vertex   7.152906e+00 -1.980000e+00 9.062568e+01
      vertex   1.990390e-01 -1.980000e+00 9.025000e+01
    endloop
  endfacet
  facet normal -0.000000e+00 1.000000e+00 0.000000e+00
    outer loop
      vertex   1.990390e-01 -1.980000e+00 9.025000e+01
      vertex   7.152906e+00 -1.980000e+00 9.062568e+01
      vertex   7.152906e+00 -1.980000e+00 7.767568e+01
    endloop
  endfacet
  facet normal 0.000000e+00 1.000000e+00 0.000000e+00
    outer loop
      vertex   1.990390e-01 -1.980000e+00 9.025000e+01
      vertex   7.152906e+00 -1.980000e+00 7.767568e+01
      vertex   -3.933898e-02 -1.980000e+00 8.993934e+01
    endloop
  endfacet
  facet normal 0.000000e+00 1.000000e+00 0.000000e+00
    outer loop
      vertex   -3.933898e-02 -1.980000e+00 8.993934e+01
      vertex   7.152906e+00 -1.980000e+00 7.767568e+01
      vertex   -3.499992e-01 -1.980000e+00 8.970096e+01
    endloop
  endfacet
  facet normal 0.000000e+00 1.000000e+00 0.000000e+00
    outer loop
      vertex   -3.499992e-01 -1.980000e+00 8.970096e+01
      vertex   7.152906e+00 -1.980000e+00 7.767568e+01
      vertex   -7.117706e-01 -1.980000e+00 8.955111e+01
    endloop
  endfacet
  facet normal 0.000000e+00 1.000000e+00 0.000000e+00
    outer loop
      vertex   -7.117706e-01 -1.980000e+00 8.955111e+01
      vertex   7.152906e+00 -1.980000e+00 7.767568e+01
      vertex   -1.099999e+00 -1.980000e+00 8.950000e+01
    endloop
  endfacet
  facet normal 0.000000e+00 1.000000e+00 0.000000e+00
    outer loop
      vertex   -1.099999e+00 -1.980000e+00 8.950000e+01
      vertex   7.152906e+00 -1.980000e+00 7.767568e+01
      vertex   -1.488228e+00 -1.980000e+00 8.955111e+01
    endloop
  endfacet
  facet normal 0.000000e+00 1.000000e+00 0.000000e+00
    outer loop
      vertex   -1.488228e+00 -1.980000e+00 8.955111e+01
      vertex   7.152906e+00 -1.980000e+00 7.767568e+01
      vertex   -1.849999e+00 -1.980000e+00 8.970096e+01
    endloop
  endfacet
  facet normal 0.000000e+00 1.000000e+00 0.000000e+00
    outer loop
      vertex   -1.849999e+00 -1.980000e+00 8.970096e+01
      vertex   7.152906e+00 -1.980000e+00 7.767568e+01
      vertex   -1.814709e+01 -1.980000e+00 7.767568e+01
    endloop
  endfacet
  facet normal 0.000000e+00 1.000000e+00 0.000000e+00
    outer loop
      vertex   -1.849999e+00 -1.980000e+00 8.970096e+01
      vertex   -1.814709e+01 -1.980000e+00 7.767568e+01
      vertex   -9.349999e+00 -1.980000e+00 8.970096e+01
    endloop
  endfacet
  facet normal 0.000000e+00 1.000000e+00 0.000000e+00
    outer loop
      vertex   -9.349999e+00 -1.980000e+00 8.970096e+01
      vertex   -1.814709e+01 -1.980000e+00 7.767568e+01
      vertex   -9.711771e+00 -1.980000e+00 8.955111e+01
    endloop
  endfacet
  facet normal 0.000000e+00 1.000000e+00 0.000000e+00
    outer loop
      vertex   -9.711771e+00 -1.980000e+00 8.955111e+01
      vertex   -1.814709e+01 -1.980000e+00 7.767568e+01
      vertex   -1.010000e+01 -1.980000e+00 8.950000e+01
    endloop
  endfacet
  facet normal 0.000000e+00 1.000000e+00 0.000000e+00
    outer loop
      vertex   -1.010000e+01 -1.980000e+00 8.950000e+01
      vertex   -1.814709e+01 -1.980000e+00 7.767568e+01
      vertex   -1.048823e+01 -1.980000e+00 8.955111e+01
    endloop
  endfacet
  facet normal 0.000000e+00 1.000000e+00 0.000000e+00
    outer loop
      vertex   -1.048823e+01 -1.980000e+00 8.955111e+01
      vertex   -1.814709e+01 -1.980000e+00 7.767568e+01
      vertex   -1.085000e+01 -1.980000e+00 8.970096e+01
    endloop
  endfacet
  facet normal 0.000000e+00 1.000000e+00 0.000000e+00
    outer loop
      vertex   -1.085000e+01 -1.980000e+00 8.970096e+01
      vertex   -1.814709e+01 -1.980000e+00 7.767568e+01
      vertex   -1.116066e+01 -1.980000e+00 8.993934e+01
    endloop
  endfacet
  facet normal 0.000000e+00 1.000000e+00 0.000000e+00
    outer loop
      vertex   -1.116066e+01 -1.980000e+00 8.993934e+01
      vertex   -1.814709e+01 -1.980000e+00 7.767568e+01
      vertex   -1.139904e+01 -1.980000e+00 9.025000e+01
    endloop
  endfacet
  facet normal 0.000000e+00 1.000000e+00 0.000000e+00
    outer loop
      vertex   -1.139904e+01 -1.980000e+00 9.025000e+01
      vertex   -1.814709e+01 -1.980000e+00 7.767568e+01
      vertex   -1.814709e+01 -1.980000e+00 9.062568e+01
    endloop
  endfacet
  facet normal 0.000000e+00 1.000000e+00 0.000000e+00
    outer loop
      vertex   -1.139904e+01 -1.980000e+00 9.025000e+01
      vertex   -1.814709e+01 -1.980000e+00 9.062568e+01
      vertex   -1.154889e+01 -1.980000e+00 9.061177e+01
    endloop
  endfacet
  facet normal 0.000000e+00 1.000000e+00 0.000000e+00
    outer loop
      vertex   -1.154889e+01 -1.980000e+00 9.061177e+01
      vertex   -1.814709e+01 -1.980000e+00 9.062568e+01
      vertex   -1.160000e+01 -1.980000e+00 9.100000e+01
    endloop
  endfacet
  facet normal 0.000000e+00 1.000000e+00 -0.000000e+00
    outer loop
      vertex   -1.160000e+01 -1.980000e+00 9.100000e+01
      vertex   -1.814709e+01 -1.980000e+00 9.062568e+01
      vertex   -1.154889e+01 -1.980000e+00 9.138823e+01
    endloop
  endfacet
  facet normal 0.000000e+00 1.000000e+00 -0.000000e+00
    outer loop
      vertex   -1.154889e+01 -1.980000e+00 9.138823e+01
      vertex   -1.814709e+01 -1.980000e+00 9.062568e+01
      vertex   -1.139904e+01 -1.980000e+00 9.175000e+01
    endloop
  endfacet
  facet normal 0.000000e+00 1.000000e+00 -0.000000e+00
    outer loop
      vertex   -1.139904e+01 -1.980000e+00 9.175000e+01
      vertex   -1.814709e+01 -1.980000e+00 9.062568e+01
      vertex   -1.116066e+01 -1.980000e+00 9.206066e+01
    endloop
  endfacet
  facet normal 0.000000e+00 1.000000e+00 -0.000000e+00
    outer loop
      vertex   -1.116066e+01 -1.980000e+00 9.206066e+01
      vertex   -1.814709e+01 -1.980000e+00 9.062568e+01
      vertex   -1.085000e+01 -1.980000e+00 9.229904e+01
    endloop
  endfacet
  facet normal 0.000000e+00 1.000000e+00 0.000000e+00
    outer loop
      vertex   -1.085000e+01 -1.980000e+00 9.229904e+01
      vertex   -1.814709e+01 -1.980000e+00 9.062568e+01
      vertex   -2.815111e+01 -1.980000e+00 1.296118e+02
    endloop
  endfacet
  facet normal 0.000000e+00 1.000000e+00 -0.000000e+00
    outer loop
      vertex   -1.085000e+01 -1.980000e+00 9.229904e+01
      vertex   -2.815111e+01 -1.980000e+00 1.296118e+02
      vertex   -1.048823e+01 -1.980000e+00 9.244889e+01
    endloop
  endfacet
  facet normal 0.000000e+00 1.000000e+00 0.000000e+00
    outer loop
      vertex   -1.048823e+01 -1.980000e+00 9.244889e+01
      vertex   -2.815111e+01 -1.980000e+00 1.296118e+02
      vertex   -2.810000e+01 -1.980000e+00 1.300000e+02
    endloop
  endfacet
  facet normal 0.000000e+00 1.000000e+00 -0.000000e+00
    outer loop
      vertex   -1.048823e+01 -1.980000e+00 9.244889e+01
      vertex   -2.810000e+01 -1.980000e+00 1.300000e+02
      vertex   -1.010000e+01 -1.980000e+00 9.250000e+01
    endloop
  endfacet
  facet normal 0.000000e+00 1.000000e+00 -0.000000e+00
    outer loop
      vertex   -1.010000e+01 -1.980000e+00 9.250000e+01
      vertex   -2.810000e+01 -1.980000e+00 1.300000e+02
      vertex   -1.010000e+01 -1.980000e+00 1.595000e+02
    endloop
  endfacet
  facet normal -0.000000e+00 1.000000e+00 0.000000e+00
    outer loop
      vertex   -1.010000e+01 -1.980000e+00 9.250000e+01
      vertex   -1.010000e+01 -1.980000e+00 1.595000e+02
      vertex   -9.711771e+00 -1.980000e+00 9.244889e+01
    endloop
  endfacet
  facet normal 0.000000e+00 1.000000e+00 0.000000e+00
    outer loop
      vertex   -9.711771e+00 -1.980000e+00 9.244889e+01
      vertex   -1.010000e+01 -1.980000e+00 1.595000e+02
      vertex   -9.711771e+00 -1.980000e+00 1.595511e+02
    endloop
  endfacet
  facet normal 0.000000e+00 1.000000e+00 -0.000000e+00
    outer loop
      vertex   -9.711771e+00 -1.980000e+00 9.244889e+01
      vertex   -9.711771e+00 -1.980000e+00 1.595511e+02
      vertex   -1.488228e+00 -1.980000e+00 9.244889e+01
    endloop
  endfacet
  facet normal 0.000000e+00 1.000000e+00 0.000000e+00
    outer loop
      vertex   -1.488228e+00 -1.980000e+00 9.244889e+01
      vertex   -9.711771e+00 -1.980000e+00 1.595511e+02
      vertex   -9.349999e+00 -1.980000e+00 1.597010e+02
    endloop
  endfacet
  facet normal 0.000000e+00 1.000000e+00 -0.000000e+00
    outer loop
      vertex   -1.488228e+00 -1.980000e+00 9.244889e+01
      vertex   -9.349999e+00 -1.980000e+00 1.597010e+02
      vertex   -8.499999e-01 -1.980000e+00 1.597010e+02
    endloop
  endfacet
  facet normal 0.000000e+00 1.000000e+00 0.000000e+00
    outer loop
      vertex   -8.499999e-01 -1.980000e+00 1.597010e+02
      vertex   -9.349999e+00 -1.980000e+00 1.597010e+02
      vertex   -1.160660e+00 -1.980000e+00 1.599393e+02
    endloop
  endfacet
  facet normal 0.000000e+00 1.000000e+00 0.000000e+00
    outer loop
      vertex   -1.160660e+00 -1.980000e+00 1.599393e+02
      vertex   -9.349999e+00 -1.980000e+00 1.597010e+02
      vertex   -9.039339e+00 -1.980000e+00 1.599393e+02
    endloop
  endfacet
  facet normal 0.000000e+00 1.000000e+00 0.000000e+00
    outer loop
      vertex   -1.160660e+00 -1.980000e+00 1.599393e+02
      vertex   -9.039339e+00 -1.980000e+00 1.599393e+02
      vertex   -1.399038e+00 -1.980000e+00 1.602500e+02
    endloop
  endfacet
  facet normal 0.000000e+00 1.000000e+00 0.000000e+00
    outer loop
      vertex   -1.399038e+00 -1.980000e+00 1.602500e+02
      vertex   -9.039339e+00 -1.980000e+00 1.599393e+02
      vertex   -8.800961e+00 -1.980000e+00 1.602500e+02
    endloop
  endfacet
  facet normal 0.000000e+00 1.000000e+00 0.000000e+00
    outer loop
      vertex   -1.399038e+00 -1.980000e+00 1.602500e+02
      vertex   -8.800961e+00 -1.980000e+00 1.602500e+02
      vertex   -1.548889e+00 -1.980000e+00 1.606118e+02
    endloop
  endfacet
  facet normal 0.000000e+00 1.000000e+00 0.000000e+00
    outer loop
      vertex   -1.548889e+00 -1.980000e+00 1.606118e+02
      vertex   -8.800961e+00 -1.980000e+00 1.602500e+02
      vertex   -8.651111e+00 -1.980000e+00 1.606118e+02
    endloop
  endfacet
  facet normal 0.000000e+00 1.000000e+00 0.000000e+00
    outer loop
      vertex   -1.548889e+00 -1.980000e+00 1.606118e+02
      vertex   -8.651111e+00 -1.980000e+00 1.606118e+02
      vertex   -1.600000e+00 -1.980000e+00 1.610000e+02
    endloop
  endfacet
  facet normal 0.000000e+00 1.000000e+00 0.000000e+00
    outer loop
      vertex   -1.600000e+00 -1.980000e+00 1.610000e+02
      vertex   -8.651111e+00 -1.980000e+00 1.606118e+02
      vertex   -8.599999e+00 -1.980000e+00 1.610000e+02
    endloop
  endfacet
  facet normal 0.000000e+00 1.000000e+00 -0.000000e+00
    outer loop
      vertex   -1.600000e+00 -1.980000e+00 1.610000e+02
      vertex   -8.599999e+00 -1.980000e+00 1.610000e+02
      vertex   -1.548889e+00 -1.980000e+00 1.613882e+02
    endloop
  endfacet
  facet normal 0.000000e+00 1.000000e+00 0.000000e+00
    outer loop
      vertex   -1.548889e+00 -1.980000e+00 1.613882e+02
      vertex   -8.599999e+00 -1.980000e+00 1.610000e+02
      vertex   -8.651111e+00 -1.980000e+00 1.613882e+02
    endloop
  endfacet
  facet normal 0.000000e+00 1.000000e+00 -0.000000e+00
    outer loop
      vertex   -1.548889e+00 -1.980000e+00 1.613882e+02
      vertex   -8.651111e+00 -1.980000e+00 1.613882e+02
      vertex   -1.399038e+00 -1.980000e+00 1.617500e+02
    endloop
  endfacet
  facet normal 0.000000e+00 1.000000e+00 0.000000e+00
    outer loop
      vertex   -1.399038e+00 -1.980000e+00 1.617500e+02
      vertex   -8.651111e+00 -1.980000e+00 1.613882e+02
      vertex   -8.800961e+00 -1.980000e+00 1.617500e+02
    endloop
  endfacet
  facet normal 0.000000e+00 1.000000e+00 -0.000000e+00
    outer loop
      vertex   -1.399038e+00 -1.980000e+00 1.617500e+02
      vertex   -8.800961e+00 -1.980000e+00 1.617500e+02
      vertex   -1.160660e+00 -1.980000e+00 1.620607e+02
    endloop
  endfacet
  facet normal 0.000000e+00 1.000000e+00 0.000000e+00
    outer loop
      vertex   -1.160660e+00 -1.980000e+00 1.620607e+02
      vertex   -8.800961e+00 -1.980000e+00 1.617500e+02
      vertex   -9.039339e+00 -1.980000e+00 1.620607e+02
    endloop
  endfacet
  facet normal 0.000000e+00 1.000000e+00 -0.000000e+00
    outer loop
      vertex   -1.160660e+00 -1.980000e+00 1.620607e+02
      vertex   -9.039339e+00 -1.980000e+00 1.620607e+02
      vertex   -8.499999e-01 -1.980000e+00 1.622990e+02
    endloop
  endfacet
  facet normal 0.000000e+00 1.000000e+00 0.000000e+00
    outer loop
      vertex   -8.499999e-01 -1.980000e+00 1.622990e+02
      vertex   -9.039339e+00 -1.980000e+00 1.620607e+02
      vertex   -9.349999e+00 -1.980000e+00 1.622990e+02
    endloop
  endfacet
  facet normal 0.000000e+00 1.000000e+00 -0.000000e+00
    outer loop
      vertex   -8.499999e-01 -1.980000e+00 1.622990e+02
      vertex   -9.349999e+00 -1.980000e+00 1.622990e+02
      vertex   -4.882284e-01 -1.980000e+00 1.624489e+02
    endloop
  endfacet
  facet normal 0.000000e+00 1.000000e+00 0.000000e+00
    outer loop
      vertex   -4.882284e-01 -1.980000e+00 1.624489e+02
      vertex   -9.349999e+00 -1.980000e+00 1.622990e+02
      vertex   -9.711771e+00 -1.980000e+00 1.624489e+02
    endloop
  endfacet
  facet normal 0.000000e+00 1.000000e+00 -0.000000e+00
    outer loop
      vertex   -4.882284e-01 -1.980000e+00 1.624489e+02
      vertex   -9.711771e+00 -1.980000e+00 1.624489e+02
      vertex   -9.999987e-02 -1.980000e+00 1.625000e+02
    endloop
  endfacet
  facet normal 0.000000e+00 1.000000e+00 0.000000e+00
    outer loop
      vertex   -9.999987e-02 -1.980000e+00 1.625000e+02
      vertex   -9.711771e+00 -1.980000e+00 1.624489e+02
      vertex   -1.010000e+01 -1.980000e+00 1.625000e+02
    endloop
  endfacet
  facet normal -0.000000e+00 1.000000e+00 0.000000e+00
    outer loop
      vertex   -2.815111e+01 -1.980000e+00 1.303882e+02
      vertex   -1.085000e+01 -1.980000e+00 1.597010e+02
      vertex   -2.810000e+01 -1.980000e+00 1.300000e+02
    endloop
  endfacet
  facet normal 0.000000e+00 1.000000e+00 0.000000e+00
    outer loop
      vertex   -2.810000e+01 -1.980000e+00 1.300000e+02
      vertex   -1.085000e+01 -1.980000e+00 1.597010e+02
      vertex   -1.048823e+01 -1.980000e+00 1.595511e+02
    endloop
  endfacet
  facet normal 0.000000e+00 1.000000e+00 0.000000e+00
    outer loop
      vertex   -2.810000e+01 -1.980000e+00 1.300000e+02
      vertex   -1.048823e+01 -1.980000e+00 1.595511e+02
      vertex   -1.010000e+01 -1.980000e+00 1.595000e+02
    endloop
  endfacet
  facet normal -1.440920e-17 1.000000e+00 3.478689e-17
    outer loop
      vertex   -1.048823e+01 -1.980000e+00 1.624489e+02
      vertex   -1.085000e+01 -1.980000e+00 1.622990e+02
      vertex   -4.110041e+01 -1.980000e+00 1.689179e+02
    endloop
  endfacet
  facet normal -1.713471e-17 1.000000e+00 2.233039e-17
    outer loop
      vertex   -4.110041e+01 -1.980000e+00 1.689179e+02
      vertex   -1.085000e+01 -1.980000e+00 1.622990e+02
      vertex   -1.116066e+01 -1.980000e+00 1.620607e+02
    endloop
  endfacet
  facet normal 0.000000e+00 1.000000e+00 0.000000e+00
    outer loop
      vertex   -8.499999e-01 -1.980000e+00 1.597010e+02
      vertex   -4.882284e-01 -1.980000e+00 1.595511e+02
      vertex   -1.488228e+00 -1.980000e+00 9.244889e+01
    endloop
  endfacet
  facet normal 0.000000e+00 1.000000e+00 0.000000e+00
    outer loop
      vertex   -1.488228e+00 -1.980000e+00 9.244889e+01
      vertex   -4.882284e-01 -1.980000e+00 1.595511e+02
      vertex   1.540000e+01 -1.980000e+00 1.235000e+02
    endloop
  endfacet
  facet normal 0.000000e+00 1.000000e+00 0.000000e+00
    outer loop
      vertex   -1.488228e+00 -1.980000e+00 9.244889e+01
      vertex   1.540000e+01 -1.980000e+00 1.235000e+02
      vertex   -1.099999e+00 -1.980000e+00 9.250000e+01
    endloop
  endfacet
  facet normal -0.000000e+00 1.000000e+00 0.000000e+00
    outer loop
      vertex   -1.099999e+00 -1.980000e+00 9.250000e+01
      vertex   1.540000e+01 -1.980000e+00 1.235000e+02
      vertex   -7.117706e-01 -1.980000e+00 9.244889e+01
    endloop
  endfacet
  facet normal -0.000000e+00 1.000000e+00 0.000000e+00
    outer loop
      vertex   -7.117706e-01 -1.980000e+00 9.244889e+01
      vertex   1.540000e+01 -1.980000e+00 1.235000e+02
      vertex   -3.499992e-01 -1.980000e+00 9.229904e+01
    endloop
  endfacet
  facet normal -0.000000e+00 1.000000e+00 0.000000e+00
    outer loop
      vertex   -3.499992e-01 -1.980000e+00 9.229904e+01
      vertex   1.540000e+01 -1.980000e+00 1.235000e+02
      vertex   -3.933898e-02 -1.980000e+00 9.206066e+01
    endloop
  endfacet
  facet normal 0.000000e+00 1.000000e+00 0.000000e+00
    outer loop
      vertex   -4.882284e-01 -1.980000e+00 1.595511e+02
      vertex   -9.999987e-02 -1.980000e+00 1.595000e+02
      vertex   1.540000e+01 -1.980000e+00 1.235000e+02
    endloop
  endfacet
  facet normal 0.000000e+00 1.000000e+00 0.000000e+00
    outer loop
      vertex   1.540000e+01 -1.980000e+00 1.235000e+02
      vertex   -9.999987e-02 -1.980000e+00 1.595000e+02
      vertex   2.882287e-01 -1.980000e+00 1.595511e+02
    endloop
  endfacet
  facet normal 0.000000e+00 1.000000e+00 0.000000e+00
    outer loop
      vertex   1.540000e+01 -1.980000e+00 1.235000e+02
      vertex   2.882287e-01 -1.980000e+00 1.595511e+02
      vertex   6.500001e-01 -1.980000e+00 1.597010e+02
    endloop
  endfacet
  facet normal -0.000000e+00 1.000000e+00 0.000000e+00
    outer loop
      vertex   6.500001e-01 -1.980000e+00 1.597010e+02
      vertex   9.606603e-01 -1.980000e+00 1.599393e+02
      vertex   1.540000e+01 -1.980000e+00 1.235000e+02
    endloop
  endfacet
  facet normal -0.000000e+00 1.000000e+00 0.000000e+00
    outer loop
      vertex   1.348889e+00 -1.980000e+00 1.606118e+02
      vertex   1.400000e+00 -1.980000e+00 1.610000e+02
      vertex   1.540000e+01 -1.980000e+00 1.545000e+02
    endloop
  endfacet
  facet normal 0.000000e+00 1.000000e+00 0.000000e+00
    outer loop
      vertex   1.540000e+01 -1.980000e+00 1.545000e+02
      vertex   1.400000e+00 -1.980000e+00 1.610000e+02
      vertex   1.348889e+00 -1.980000e+00 1.613882e+02
    endloop
  endfacet
  facet normal 0.000000e+00 1.000000e+00 0.000000e+00
    outer loop
      vertex   1.540000e+01 -1.980000e+00 1.545000e+02
      vertex   1.348889e+00 -1.980000e+00 1.613882e+02
      vertex   1.199038e+00 -1.980000e+00 1.617500e+02
    endloop
  endfacet
  facet normal -0.000000e+00 1.000000e+00 -0.000000e+00
    outer loop
      vertex   1.199038e+00 -1.980000e+00 1.617500e+02
      vertex   9.606603e-01 -1.980000e+00 1.620607e+02
      vertex   1.540000e+01 -1.980000e+00 1.545000e+02
    endloop
  endfacet
  facet normal 1.256030e-17 1.000000e+00 2.398765e-17
    outer loop
      vertex   1.540000e+01 -1.980000e+00 1.545000e+02
      vertex   9.606603e-01 -1.980000e+00 1.620607e+02
      vertex   4.089959e+01 -1.980000e+00 1.689179e+02
    endloop
  endfacet
  facet normal -3.997862e-17 1.000000e+00 1.169083e-16
    outer loop
      vertex   1.540000e+01 -1.980000e+00 1.545000e+02
      vertex   4.089959e+01 -1.980000e+00 1.689179e+02
      vertex   3.660096e+01 -1.980000e+00 1.617500e+02
    endloop
  endfacet
  facet normal -5.544218e-16 1.000000e+00 4.254228e-16
    outer loop
      vertex   3.660096e+01 -1.980000e+00 1.617500e+02
      vertex   4.089959e+01 -1.980000e+00 1.689179e+02
      vertex   3.683934e+01 -1.980000e+00 1.620607e+02
    endloop
  endfacet
  facet normal -1.366071e-16 1.000000e+00 1.780298e-16
    outer loop
      vertex   3.683934e+01 -1.980000e+00 1.620607e+02
      vertex   4.089959e+01 -1.980000e+00 1.689179e+02
      vertex   3.715000e+01 -1.980000e+00 1.622990e+02
    endloop
  endfacet
  facet normal -5.446831e-17 1.000000e+00 1.314981e-16
    outer loop
      vertex   3.715000e+01 -1.980000e+00 1.622990e+02
      vertex   4.089959e+01 -1.980000e+00 1.689179e+02
      vertex   3.751177e+01 -1.980000e+00 1.624489e+02
    endloop
  endfacet
  facet normal -1.456056e-17 1.000000e+00 1.105984e-16
    outer loop
      vertex   3.751177e+01 -1.980000e+00 1.624489e+02
      vertex   4.089959e+01 -1.980000e+00 1.689179e+02
      vertex   3.790000e+01 -1.980000e+00 1.625000e+02
    endloop
  endfacet
  facet normal 1.287256e-17 1.000000e+00 9.777678e-17
    outer loop
      vertex   3.790000e+01 -1.980000e+00 1.625000e+02
      vertex   4.089959e+01 -1.980000e+00 1.689179e+02
      vertex   3.828823e+01 -1.980000e+00 1.624489e+02
    endloop
  endfacet
  facet normal 3.654267e-17 1.000000e+00 8.822180e-17
    outer loop
      vertex   3.828823e+01 -1.980000e+00 1.624489e+02
      vertex   4.089959e+01 -1.980000e+00 1.689179e+02
      vertex   3.865000e+01 -1.980000e+00 1.622990e+02
    endloop
  endfacet
  facet normal 1.362921e-17 1.000000e+00 1.776193e-17
    outer loop
      vertex   9.606603e-01 -1.980000e+00 1.620607e+02
      vertex   6.500001e-01 -1.980000e+00 1.622990e+02
      vertex   4.089959e+01 -1.980000e+00 1.689179e+02
    endloop
  endfacet
  facet normal 1.184682e-17 1.000000e+00 2.860074e-17
    outer loop
      vertex   4.089959e+01 -1.980000e+00 1.689179e+02
      vertex   6.500001e-01 -1.980000e+00 1.622990e+02
      vertex   2.882287e-01 -1.980000e+00 1.624489e+02
    endloop
  endfacet
  facet normal 7.422239e-18 1.000000e+00 5.637750e-17
    outer loop
      vertex   4.089959e+01 -1.980000e+00 1.689179e+02
      vertex   2.882287e-01 -1.980000e+00 1.624489e+02
      vertex   -9.999987e-02 -1.980000e+00 1.625000e+02
    endloop
  endfacet
  facet normal 0.000000e+00 1.000000e+00 0.000000e+00
    outer loop
      vertex   -3.035000e+01 -1.980000e+00 1.287010e+02
      vertex   -2.998823e+01 -1.980000e+00 1.285511e+02
      vertex   -3.484709e+01 -1.980000e+00 9.062568e+01
    endloop
  endfacet
  facet normal 0.000000e+00 1.000000e+00 0.000000e+00
    outer loop
      vertex   -3.484709e+01 -1.980000e+00 9.062568e+01
      vertex   -2.998823e+01 -1.980000e+00 1.285511e+02
      vertex   -2.960000e+01 -1.980000e+00 1.285000e+02
    endloop
  endfacet
  facet normal 0.000000e+00 1.000000e+00 0.000000e+00
    outer loop
      vertex   -3.484709e+01 -1.980000e+00 9.062568e+01
      vertex   -2.960000e+01 -1.980000e+00 1.285000e+02
      vertex   -2.921177e+01 -1.980000e+00 1.285511e+02
    endloop
  endfacet
  facet normal 0.000000e+00 1.000000e+00 0.000000e+00
    outer loop
      vertex   -3.484709e+01 -1.980000e+00 9.062568e+01
      vertex   -2.921177e+01 -1.980000e+00 1.285511e+02
      vertex   -1.814709e+01 -1.980000e+00 9.062568e+01
    endloop
  endfacet
  facet normal 0.000000e+00 1.000000e+00 0.000000e+00
    outer loop
      vertex   -1.814709e+01 -1.980000e+00 9.062568e+01
      vertex   -2.921177e+01 -1.980000e+00 1.285511e+02
      vertex   -2.885000e+01 -1.980000e+00 1.287010e+02
    endloop
  endfacet
  facet normal 0.000000e+00 1.000000e+00 0.000000e+00
    outer loop
      vertex   -1.814709e+01 -1.980000e+00 9.062568e+01
      vertex   -2.885000e+01 -1.980000e+00 1.287010e+02
      vertex   -2.853934e+01 -1.980000e+00 1.289393e+02
    endloop
  endfacet
  facet normal -0.000000e+00 1.000000e+00 0.000000e+00
    outer loop
      vertex   -2.853934e+01 -1.980000e+00 1.289393e+02
      vertex   -2.830096e+01 -1.980000e+00 1.292500e+02
      vertex   -1.814709e+01 -1.980000e+00 9.062568e+01
    endloop
  endfacet
  facet normal 0.000000e+00 1.000000e+00 0.000000e+00
    outer loop
      vertex   -1.814709e+01 -1.980000e+00 9.062568e+01
      vertex   -2.830096e+01 -1.980000e+00 1.292500e+02
      vertex   -2.815111e+01 -1.980000e+00 1.296118e+02
    endloop
  endfacet
  facet normal 0.000000e+00 1.000000e+00 0.000000e+00
    outer loop
      vertex   -2.885000e+01 -1.980000e+00 1.312990e+02
      vertex   -2.921177e+01 -1.980000e+00 1.314489e+02
      vertex   -3.665111e+01 -1.980000e+00 1.606118e+02
    endloop
  endfacet
  facet normal 0.000000e+00 1.000000e+00 0.000000e+00
    outer loop
      vertex   -3.665111e+01 -1.980000e+00 1.606118e+02
      vertex   -2.921177e+01 -1.980000e+00 1.314489e+02
      vertex   -3.680096e+01 -1.980000e+00 1.602500e+02
    endloop
  endfacet
  facet normal 0.000000e+00 1.000000e+00 0.000000e+00
    outer loop
      vertex   -3.680096e+01 -1.980000e+00 1.602500e+02
      vertex   -2.921177e+01 -1.980000e+00 1.314489e+02
      vertex   -2.960000e+01 -1.980000e+00 1.315000e+02
    endloop
  endfacet
  facet normal 0.000000e+00 1.000000e+00 0.000000e+00
    outer loop
      vertex   -3.680096e+01 -1.980000e+00 1.602500e+02
      vertex   -2.960000e+01 -1.980000e+00 1.315000e+02
      vertex   -2.998823e+01 -1.980000e+00 1.314489e+02
    endloop
  endfacet
  facet normal 0.000000e+00 1.000000e+00 0.000000e+00
    outer loop
      vertex   -3.680096e+01 -1.980000e+00 1.602500e+02
      vertex   -2.998823e+01 -1.980000e+00 1.314489e+02
      vertex   -3.703934e+01 -1.980000e+00 1.599393e+02
    endloop
  endfacet
  facet normal 0.000000e+00 1.000000e+00 0.000000e+00
    outer loop
      vertex   -3.703934e+01 -1.980000e+00 1.599393e+02
      vertex   -2.998823e+01 -1.980000e+00 1.314489e+02
      vertex   -3.035000e+01 -1.980000e+00 1.312990e+02
    endloop
  endfacet
  facet normal 0.000000e+00 1.000000e+00 0.000000e+00
    outer loop
      vertex   -3.703934e+01 -1.980000e+00 1.599393e+02
      vertex   -3.035000e+01 -1.980000e+00 1.312990e+02
      vertex   -3.735000e+01 -1.980000e+00 1.597010e+02
    endloop
  endfacet
  facet normal 0.000000e+00 1.000000e+00 0.000000e+00
    outer loop
      vertex   -3.735000e+01 -1.980000e+00 1.597010e+02
      vertex   -3.035000e+01 -1.980000e+00 1.312990e+02
      vertex   -3.066066e+01 -1.980000e+00 1.310607e+02
    endloop
  endfacet
  facet normal 0.000000e+00 1.000000e+00 0.000000e+00
    outer loop
      vertex   -3.735000e+01 -1.980000e+00 1.597010e+02
      vertex   -3.066066e+01 -1.980000e+00 1.310607e+02
      vertex   -3.771177e+01 -1.980000e+00 1.595511e+02
    endloop
  endfacet
  facet normal 0.000000e+00 1.000000e+00 0.000000e+00
    outer loop
      vertex   -3.771177e+01 -1.980000e+00 1.595511e+02
      vertex   -3.066066e+01 -1.980000e+00 1.310607e+02
      vertex   -3.089904e+01 -1.980000e+00 1.307500e+02
    endloop
  endfacet
  facet normal 0.000000e+00 1.000000e+00 0.000000e+00
    outer loop
      vertex   -3.771177e+01 -1.980000e+00 1.595511e+02
      vertex   -3.089904e+01 -1.980000e+00 1.307500e+02
      vertex   -3.810000e+01 -1.980000e+00 1.595000e+02
    endloop
  endfacet
  facet normal 0.000000e+00 1.000000e+00 0.000000e+00
    outer loop
      vertex   -3.810000e+01 -1.980000e+00 1.595000e+02
      vertex   -3.089904e+01 -1.980000e+00 1.307500e+02
      vertex   -3.848823e+01 -1.980000e+00 1.595511e+02
    endloop
  endfacet
  facet normal 0.000000e+00 1.000000e+00 0.000000e+00
    outer loop
      vertex   -3.848823e+01 -1.980000e+00 1.595511e+02
      vertex   -3.089904e+01 -1.980000e+00 1.307500e+02
      vertex   -3.104889e+01 -1.980000e+00 1.303882e+02
    endloop
  endfacet
  facet normal -1.294001e-16 1.000000e+00 1.703584e-17
    outer loop
      vertex   -3.954889e+01 -1.980000e+00 1.613882e+02
      vertex   -3.960000e+01 -1.980000e+00 1.610000e+02
      vertex   -4.410041e+01 -1.980000e+00 1.659179e+02
    endloop
  endfacet
  facet normal -1.728890e-16 1.000000e+00 -2.276127e-17
    outer loop
      vertex   -4.410041e+01 -1.980000e+00 1.659179e+02
      vertex   -3.960000e+01 -1.980000e+00 1.610000e+02
      vertex   -3.954889e+01 -1.980000e+00 1.606118e+02
    endloop
  endfacet
  facet normal -2.830215e-16 1.000000e+00 -1.172313e-16
    outer loop
      vertex   -4.410041e+01 -1.980000e+00 1.659179e+02
      vertex   -3.954889e+01 -1.980000e+00 1.606118e+02
      vertex   -3.939904e+01 -1.980000e+00 1.602500e+02
    endloop
  endfacet
  facet normal 0.000000e+00 1.000000e+00 0.000000e+00
    outer loop
      vertex   3.845111e+01 -1.980000e+00 1.211017e+02
      vertex   3.840000e+01 -1.980000e+00 1.207135e+02
      vertex   3.540000e+01 -1.980000e+00 1.235000e+02
    endloop
  endfacet
  facet normal 0.000000e+00 1.000000e+00 0.000000e+00
    outer loop
      vertex   3.540000e+01 -1.980000e+00 1.235000e+02
      vertex   3.840000e+01 -1.980000e+00 1.207135e+02
      vertex   3.845111e+01 -1.980000e+00 1.203253e+02
    endloop
  endfacet
  facet normal 0.000000e+00 1.000000e+00 0.000000e+00
    outer loop
      vertex   3.540000e+01 -1.980000e+00 1.235000e+02
      vertex   3.845111e+01 -1.980000e+00 1.203253e+02
      vertex   3.860096e+01 -1.980000e+00 1.199635e+02
    endloop
  endfacet
  facet normal 0.000000e+00 1.000000e+00 0.000000e+00
    outer loop
      vertex   3.540000e+01 -1.980000e+00 1.235000e+02
      vertex   3.860096e+01 -1.980000e+00 1.199635e+02
      vertex   3.815291e+01 -1.980000e+00 9.062568e+01
    endloop
  endfacet
  facet normal 0.000000e+00 1.000000e+00 0.000000e+00
    outer loop
      vertex   3.815291e+01 -1.980000e+00 9.062568e+01
      vertex   3.860096e+01 -1.980000e+00 1.199635e+02
      vertex   3.883934e+01 -1.980000e+00 1.196528e+02
    endloop
  endfacet
  facet normal 0.000000e+00 1.000000e+00 0.000000e+00
    outer loop
      vertex   3.815291e+01 -1.980000e+00 9.062568e+01
      vertex   3.883934e+01 -1.980000e+00 1.196528e+02
      vertex   3.915000e+01 -1.980000e+00 1.194144e+02
    endloop
  endfacet
  facet normal 0.000000e+00 1.000000e+00 0.000000e+00
    outer loop
      vertex   3.915000e+01 -1.980000e+00 1.194144e+02
      vertex   3.951177e+01 -1.980000e+00 1.192646e+02
      vertex   3.815291e+01 -1.980000e+00 9.062568e+01
    endloop
  endfacet
  facet normal 1.522144e-16 1.000000e+00 -6.304926e-17
    outer loop
      vertex   4.119904e+01 -1.980000e+00 1.199635e+02
      vertex   4.134889e+01 -1.980000e+00 1.203253e+02
      vertex   4.389959e+01 -1.980000e+00 1.159179e+02
    endloop
  endfacet
  facet normal 2.127583e-16 1.000000e+00 -2.801017e-17
    outer loop
      vertex   4.389959e+01 -1.980000e+00 1.159179e+02
      vertex   4.134889e+01 -1.980000e+00 1.203253e+02
      vertex   4.140000e+01 -1.980000e+00 1.207135e+02
    endloop
  endfacet
  facet normal 3.565568e-16 1.000000e+00 4.694159e-17
    outer loop
      vertex   4.389959e+01 -1.980000e+00 1.159179e+02
      vertex   4.140000e+01 -1.980000e+00 1.207135e+02
      vertex   4.134889e+01 -1.980000e+00 1.211017e+02
    endloop
  endfacet
  facet normal -0.000000e+00 1.000000e+00 -0.000000e+00
    outer loop
      vertex   4.065000e+01 -1.980000e+00 1.220125e+02
      vertex   3.896066e+01 -1.980000e+00 1.599393e+02
      vertex   4.096066e+01 -1.980000e+00 1.217741e+02
    endloop
  endfacet
  facet normal 0.000000e+00 1.000000e+00 0.000000e+00
    outer loop
      vertex   4.096066e+01 -1.980000e+00 1.217741e+02
      vertex   3.896066e+01 -1.980000e+00 1.599393e+02
      vertex   3.919904e+01 -1.980000e+00 1.602500e+02
    endloop
  endfacet
  facet normal 1.342996e-16 1.000000e+00 6.148924e-18
    outer loop
      vertex   4.096066e+01 -1.980000e+00 1.217741e+02
      vertex   3.919904e+01 -1.980000e+00 1.602500e+02
      vertex   4.389959e+01 -1.980000e+00 1.659179e+02
    endloop
  endfacet
  facet normal 2.831200e-16 1.000000e+00 -1.172721e-16
    outer loop
      vertex   4.389959e+01 -1.980000e+00 1.659179e+02
      vertex   3.919904e+01 -1.980000e+00 1.602500e+02
      vertex   3.934889e+01 -1.980000e+00 1.606118e+02
    endloop
  endfacet
  facet normal 1.729258e-16 1.000000e+00 -2.276611e-17
    outer loop
      vertex   4.389959e+01 -1.980000e+00 1.659179e+02
      vertex   3.934889e+01 -1.980000e+00 1.606118e+02
      vertex   3.940000e+01 -1.980000e+00 1.610000e+02
    endloop
  endfacet
  facet normal 0.000000e+00 1.000000e+00 0.000000e+00
    outer loop
      vertex   3.896066e+01 -1.980000e+00 1.599393e+02
      vertex   4.065000e+01 -1.980000e+00 1.220125e+02
      vertex   3.540000e+01 -1.980000e+00 1.545000e+02
    endloop
  endfacet
  facet normal 0.000000e+00 1.000000e+00 0.000000e+00
    outer loop
      vertex   3.540000e+01 -1.980000e+00 1.545000e+02
      vertex   4.065000e+01 -1.980000e+00 1.220125e+02
      vertex   4.028823e+01 -1.980000e+00 1.221624e+02
    endloop
  endfacet
  facet normal 0.000000e+00 1.000000e+00 0.000000e+00
    outer loop
      vertex   3.540000e+01 -1.980000e+00 1.545000e+02
      vertex   4.028823e+01 -1.980000e+00 1.221624e+02
      vertex   3.990000e+01 -1.980000e+00 1.222135e+02
    endloop
  endfacet
  facet normal 0.000000e+00 1.000000e+00 0.000000e+00
    outer loop
      vertex   3.915000e+01 -1.980000e+00 1.220125e+02
      vertex   3.883934e+01 -1.980000e+00 1.217741e+02
      vertex   3.540000e+01 -1.980000e+00 1.235000e+02
    endloop
  endfacet
  facet normal 0.000000e+00 1.000000e+00 0.000000e+00
    outer loop
      vertex   3.540000e+01 -1.980000e+00 1.235000e+02
      vertex   3.883934e+01 -1.980000e+00 1.217741e+02
      vertex   3.860096e+01 -1.980000e+00 1.214635e+02
    endloop
  endfacet
  facet normal 0.000000e+00 1.000000e+00 0.000000e+00
    outer loop
      vertex   3.540000e+01 -1.980000e+00 1.235000e+02
      vertex   3.860096e+01 -1.980000e+00 1.214635e+02
      vertex   3.845111e+01 -1.980000e+00 1.211017e+02
    endloop
  endfacet
  facet normal 0.000000e+00 1.000000e+00 0.000000e+00
    outer loop
      vertex   3.660096e+01 -1.980000e+00 1.602500e+02
      vertex   3.683934e+01 -1.980000e+00 1.599393e+02
      vertex   3.540000e+01 -1.980000e+00 1.545000e+02
    endloop
  endfacet
  facet normal 0.000000e+00 1.000000e+00 0.000000e+00
    outer loop
      vertex   3.540000e+01 -1.980000e+00 1.545000e+02
      vertex   3.683934e+01 -1.980000e+00 1.599393e+02
      vertex   3.715000e+01 -1.980000e+00 1.597010e+02
    endloop
  endfacet
  facet normal 0.000000e+00 1.000000e+00 0.000000e+00
    outer loop
      vertex   3.540000e+01 -1.980000e+00 1.545000e+02
      vertex   3.715000e+01 -1.980000e+00 1.597010e+02
      vertex   3.751177e+01 -1.980000e+00 1.595511e+02
    endloop
  endfacet
  facet normal 0.000000e+00 1.000000e+00 0.000000e+00
    outer loop
      vertex   3.751177e+01 -1.980000e+00 1.595511e+02
      vertex   3.790000e+01 -1.980000e+00 1.595000e+02
      vertex   3.540000e+01 -1.980000e+00 1.545000e+02
    endloop
  endfacet
  facet normal 0.000000e+00 1.000000e+00 0.000000e+00
    outer loop
      vertex   3.540000e+01 -1.980000e+00 1.545000e+02
      vertex   3.790000e+01 -1.980000e+00 1.595000e+02
      vertex   3.828823e+01 -1.980000e+00 1.595511e+02
    endloop
  endfacet
  facet normal 0.000000e+00 1.000000e+00 0.000000e+00
    outer loop
      vertex   3.540000e+01 -1.980000e+00 1.545000e+02
      vertex   3.828823e+01 -1.980000e+00 1.595511e+02
      vertex   3.865000e+01 -1.980000e+00 1.597010e+02
    endloop
  endfacet
  facet normal -0.000000e+00 1.000000e+00 0.000000e+00
    outer loop
      vertex   3.865000e+01 -1.980000e+00 1.597010e+02
      vertex   3.896066e+01 -1.980000e+00 1.599393e+02
      vertex   3.540000e+01 -1.980000e+00 1.545000e+02
    endloop
  endfacet
  facet normal 1.294206e-16 1.000000e+00 1.703855e-17
    outer loop
      vertex   3.940000e+01 -1.980000e+00 1.610000e+02
      vertex   3.934889e+01 -1.980000e+00 1.613882e+02
      vertex   4.389959e+01 -1.980000e+00 1.659179e+02
    endloop
  endfacet
  facet normal 0.000000e+00 1.000000e+00 0.000000e+00
    outer loop
      vertex   3.660096e+01 -1.980000e+00 1.617500e+02
      vertex   3.645111e+01 -1.980000e+00 1.613882e+02
      vertex   1.540000e+01 -1.980000e+00 1.545000e+02
    endloop
  endfacet
  facet normal 0.000000e+00 1.000000e+00 0.000000e+00
    outer loop
      vertex   1.540000e+01 -1.980000e+00 1.545000e+02
      vertex   3.645111e+01 -1.980000e+00 1.613882e+02
      vertex   3.640000e+01 -1.980000e+00 1.610000e+02
    endloop
  endfacet
  facet normal -7.215582e-17 1.000000e+00 -5.536711e-17
    outer loop
      vertex   2.062985e+01 -1.980000e+00 -1.027225e+01
      vertex   2.086029e+01 -1.980000e+00 -1.057255e+01
      vertex   1.775559e+01 -1.980000e+00 -1.454725e+01
    endloop
  endfacet
  facet normal -5.360406e-17 1.000000e+00 -6.985817e-17
    outer loop
      vertex   1.775559e+01 -1.980000e+00 -1.454725e+01
      vertex   2.086029e+01 -1.980000e+00 -1.057255e+01
      vertex   2.116059e+01 -1.980000e+00 -1.080299e+01
    endloop
  endfacet
  facet normal -3.568572e-17 1.000000e+00 -8.615295e-17
    outer loop
      vertex   1.775559e+01 -1.980000e+00 -1.454725e+01
      vertex   2.116059e+01 -1.980000e+00 -1.080299e+01
      vertex   2.151030e+01 -1.980000e+00 -1.094784e+01
    endloop
  endfacet
  facet normal -1.428173e-17 1.000000e+00 -1.084805e-16
    outer loop
      vertex   2.151030e+01 -1.980000e+00 -1.094784e+01
      vertex   2.188559e+01 -1.980000e+00 -1.099725e+01
      vertex   1.775559e+01 -1.980000e+00 -1.454725e+01
    endloop
  endfacet
  facet normal 5.360406e-17 1.000000e+00 -6.985817e-17
    outer loop
      vertex   2.261059e+01 -1.980000e+00 -1.080299e+01
      vertex   2.291090e+01 -1.980000e+00 -1.057255e+01
      vertex   2.601559e+01 -1.980000e+00 -1.454725e+01
    endloop
  endfacet
  facet normal 7.215582e-17 1.000000e+00 -5.536711e-17
    outer loop
      vertex   2.601559e+01 -1.980000e+00 -1.454725e+01
      vertex   2.291090e+01 -1.980000e+00 -1.057255e+01
      vertex   2.314133e+01 -1.980000e+00 -1.027225e+01
    endloop
  endfacet
  facet normal 9.560532e-17 1.000000e+00 -3.960102e-17
    outer loop
      vertex   2.601559e+01 -1.980000e+00 -1.454725e+01
      vertex   2.314133e+01 -1.980000e+00 -1.027225e+01
      vertex   2.328618e+01 -1.980000e+00 -9.922537e+00
    endloop
  endfacet
  facet normal 1.330300e-16 1.000000e+00 -1.751374e-17
    outer loop
      vertex   2.328618e+01 -1.980000e+00 -9.922537e+00
      vertex   2.333559e+01 -1.980000e+00 -9.547250e+00
      vertex   2.601559e+01 -1.980000e+00 -1.454725e+01
    endloop
  endfacet
  facet normal 2.196572e-16 1.000000e+00 2.891842e-17
    outer loop
      vertex   2.601559e+01 -1.980000e+00 -1.454725e+01
      vertex   2.333559e+01 -1.980000e+00 -9.547250e+00
      vertex   2.328618e+01 -1.980000e+00 -9.171962e+00
    endloop
  endfacet
  facet normal -7.215582e-17 1.000000e+00 5.536711e-17
    outer loop
      vertex   2.086029e+01 -1.980000e+00 -8.521945e+00
      vertex   2.062985e+01 -1.980000e+00 -8.822250e+00
      vertex   1.775559e+01 -1.980000e+00 -4.547250e+00
    endloop
  endfacet
  facet normal -9.560532e-17 1.000000e+00 3.960102e-17
    outer loop
      vertex   1.775559e+01 -1.980000e+00 -4.547250e+00
      vertex   2.062985e+01 -1.980000e+00 -8.822250e+00
      vertex   2.048500e+01 -1.980000e+00 -9.171962e+00
    endloop
  endfacet
  facet normal -1.330300e-16 1.000000e+00 1.751374e-17
    outer loop
      vertex   1.775559e+01 -1.980000e+00 -4.547250e+00
      vertex   2.048500e+01 -1.980000e+00 -9.171962e+00
      vertex   2.043559e+01 -1.980000e+00 -9.547250e+00
    endloop
  endfacet
  facet normal 0.000000e+00 1.000000e+00 0.000000e+00
    outer loop
      vertex   -2.548888e+00 -1.980000e+00 9.061177e+01
      vertex   -8.651111e+00 -1.980000e+00 9.061177e+01
      vertex   -2.599999e+00 -1.980000e+00 9.100000e+01
    endloop
  endfacet
  facet normal 0.000000e+00 1.000000e+00 0.000000e+00
    outer loop
      vertex   -2.599999e+00 -1.980000e+00 9.100000e+01
      vertex   -8.651111e+00 -1.980000e+00 9.061177e+01
      vertex   -8.599999e+00 -1.980000e+00 9.100000e+01
    endloop
  endfacet
  facet normal 0.000000e+00 1.000000e+00 -0.000000e+00
    outer loop
      vertex   -2.599999e+00 -1.980000e+00 9.100000e+01
      vertex   -8.599999e+00 -1.980000e+00 9.100000e+01
      vertex   -2.548888e+00 -1.980000e+00 9.138823e+01
    endloop
  endfacet
  facet normal 0.000000e+00 1.000000e+00 0.000000e+00
    outer loop
      vertex   -2.548888e+00 -1.980000e+00 9.138823e+01
      vertex   -8.599999e+00 -1.980000e+00 9.100000e+01
      vertex   -8.651111e+00 -1.980000e+00 9.138823e+01
    endloop
  endfacet
  facet normal 0.000000e+00 1.000000e+00 -0.000000e+00
    outer loop
      vertex   -2.548888e+00 -1.980000e+00 9.138823e+01
      vertex   -8.651111e+00 -1.980000e+00 9.138823e+01
      vertex   -2.399037e+00 -1.980000e+00 9.175000e+01
    endloop
  endfacet
  facet normal 0.000000e+00 1.000000e+00 0.000000e+00
    outer loop
      vertex   -2.399037e+00 -1.980000e+00 9.175000e+01
      vertex   -8.651111e+00 -1.980000e+00 9.138823e+01
      vertex   -8.800961e+00 -1.980000e+00 9.175000e+01
    endloop
  endfacet
  facet normal 0.000000e+00 1.000000e+00 -0.000000e+00
    outer loop
      vertex   -2.399037e+00 -1.980000e+00 9.175000e+01
      vertex   -8.800961e+00 -1.980000e+00 9.175000e+01
      vertex   -2.160659e+00 -1.980000e+00 9.206066e+01
    endloop
  endfacet
  facet normal 0.000000e+00 1.000000e+00 0.000000e+00
    outer loop
      vertex   -2.160659e+00 -1.980000e+00 9.206066e+01
      vertex   -8.800961e+00 -1.980000e+00 9.175000e+01
      vertex   -9.039339e+00 -1.980000e+00 9.206066e+01
    endloop
  endfacet
  facet normal 0.000000e+00 1.000000e+00 -0.000000e+00
    outer loop
      vertex   -2.160659e+00 -1.980000e+00 9.206066e+01
      vertex   -9.039339e+00 -1.980000e+00 9.206066e+01
      vertex   -1.849999e+00 -1.980000e+00 9.229904e+01
    endloop
  endfacet
  facet normal 0.000000e+00 1.000000e+00 0.000000e+00
    outer loop
      vertex   -1.849999e+00 -1.980000e+00 9.229904e+01
      vertex   -9.039339e+00 -1.980000e+00 9.206066e+01
      vertex   -9.349999e+00 -1.980000e+00 9.229904e+01
    endloop
  endfacet
  facet normal 0.000000e+00 1.000000e+00 -0.000000e+00
    outer loop
      vertex   -1.849999e+00 -1.980000e+00 9.229904e+01
      vertex   -9.349999e+00 -1.980000e+00 9.229904e+01
      vertex   -1.488228e+00 -1.980000e+00 9.244889e+01
    endloop
  endfacet
  facet normal 0.000000e+00 1.000000e+00 0.000000e+00
    outer loop
      vertex   -1.488228e+00 -1.980000e+00 9.244889e+01
      vertex   -9.349999e+00 -1.980000e+00 9.229904e+01
      vertex   -9.711771e+00 -1.980000e+00 9.244889e+01
    endloop
  endfacet
  facet normal -0.000000e+00 1.000000e+00 0.000000e+00
    outer loop
      vertex   -8.651111e+00 -1.980000e+00 9.061177e+01
      vertex   -2.548888e+00 -1.980000e+00 9.061177e+01
      vertex   -8.800961e+00 -1.980000e+00 9.025000e+01
    endloop
  endfacet
  facet normal 0.000000e+00 1.000000e+00 0.000000e+00
    outer loop
      vertex   -8.800961e+00 -1.980000e+00 9.025000e+01
      vertex   -2.548888e+00 -1.980000e+00 9.061177e+01
      vertex   -2.399037e+00 -1.980000e+00 9.025000e+01
    endloop
  endfacet
  facet normal -0.000000e+00 1.000000e+00 0.000000e+00
    outer loop
      vertex   -8.800961e+00 -1.980000e+00 9.025000e+01
      vertex   -2.399037e+00 -1.980000e+00 9.025000e+01
      vertex   -9.039339e+00 -1.980000e+00 8.993934e+01
    endloop
  endfacet
  facet normal 0.000000e+00 1.000000e+00 0.000000e+00
    outer loop
      vertex   -9.039339e+00 -1.980000e+00 8.993934e+01
      vertex   -2.399037e+00 -1.980000e+00 9.025000e+01
      vertex   -2.160659e+00 -1.980000e+00 8.993934e+01
    endloop
  endfacet
  facet normal -0.000000e+00 1.000000e+00 0.000000e+00
    outer loop
      vertex   -9.039339e+00 -1.980000e+00 8.993934e+01
      vertex   -2.160659e+00 -1.980000e+00 8.993934e+01
      vertex   -9.349999e+00 -1.980000e+00 8.970096e+01
    endloop
  endfacet
  facet normal 0.000000e+00 1.000000e+00 0.000000e+00
    outer loop
      vertex   -9.349999e+00 -1.980000e+00 8.970096e+01
      vertex   -2.160659e+00 -1.980000e+00 8.993934e+01
      vertex   -1.849999e+00 -1.980000e+00 8.970096e+01
    endloop
  endfacet
  facet normal 0.000000e+00 -1.000000e+00 0.000000e+00
    outer loop
      vertex   -4.213936e+01 -5.480000e+00 5.758650e+01
      vertex   -4.706452e+01 -5.480000e+00 5.515837e+01
      vertex   -4.218877e+01 -5.480000e+00 5.721121e+01
    endloop
  endfacet
  facet normal 0.000000e+00 -1.000000e+00 0.000000e+00
    outer loop
      vertex   -4.218877e+01 -5.480000e+00 5.721121e+01
      vertex   -4.706452e+01 -5.480000e+00 5.515837e+01
      vertex   -4.573877e+01 -5.480000e+00 5.221121e+01
    endloop
  endfacet
  facet normal 0.000000e+00 -1.000000e+00 -0.000000e+00
    outer loop
      vertex   -4.218877e+01 -5.480000e+00 5.721121e+01
      vertex   -4.573877e+01 -5.480000e+00 5.221121e+01
      vertex   -4.213936e+01 -5.480000e+00 5.683592e+01
    endloop
  endfacet
  facet normal 0.000000e+00 -1.000000e+00 0.000000e+00
    outer loop
      vertex   -4.213936e+01 -5.480000e+00 5.683592e+01
      vertex   -4.573877e+01 -5.480000e+00 5.221121e+01
      vertex   -4.339660e+01 -5.480000e+00 5.158531e+01
    endloop
  endfacet
  facet normal 0.000000e+00 -1.000000e+00 -0.000000e+00
    outer loop
      vertex   -4.213936e+01 -5.480000e+00 5.683592e+01
      vertex   -4.339660e+01 -5.480000e+00 5.158531e+01
      vertex   -4.199450e+01 -5.480000e+00 5.648621e+01
    endloop
  endfacet
  facet normal 0.000000e+00 -1.000000e+00 -0.000000e+00
    outer loop
      vertex   -4.199450e+01 -5.480000e+00 5.648621e+01
      vertex   -4.339660e+01 -5.480000e+00 5.158531e+01
      vertex   -4.176407e+01 -5.480000e+00 5.618590e+01
    endloop
  endfacet
  facet normal 0.000000e+00 -1.000000e+00 -0.000000e+00
    outer loop
      vertex   -4.176407e+01 -5.480000e+00 5.618590e+01
      vertex   -4.339660e+01 -5.480000e+00 5.158531e+01
      vertex   -4.146377e+01 -5.480000e+00 5.595547e+01
    endloop
  endfacet
  facet normal 0.000000e+00 -1.000000e+00 -0.000000e+00
    outer loop
      vertex   -4.146377e+01 -5.480000e+00 5.595547e+01
      vertex   -4.339660e+01 -5.480000e+00 5.158531e+01
      vertex   -4.112607e+01 -5.480000e+00 5.073548e+01
    endloop
  endfacet
  facet normal 0.000000e+00 -1.000000e+00 0.000000e+00
    outer loop
      vertex   -4.146377e+01 -5.480000e+00 5.595547e+01
      vertex   -4.112607e+01 -5.480000e+00 5.073548e+01
      vertex   -4.111405e+01 -5.480000e+00 5.581062e+01
    endloop
  endfacet
  facet normal 0.000000e+00 -1.000000e+00 -0.000000e+00
    outer loop
      vertex   -4.111405e+01 -5.480000e+00 5.581062e+01
      vertex   -4.112607e+01 -5.480000e+00 5.073548e+01
      vertex   -4.073877e+01 -5.480000e+00 5.576121e+01
    endloop
  endfacet
  facet normal 0.000000e+00 -1.000000e+00 -0.000000e+00
    outer loop
      vertex   -4.073877e+01 -5.480000e+00 5.576121e+01
      vertex   -4.112607e+01 -5.480000e+00 5.073548e+01
      vertex   -4.036348e+01 -5.480000e+00 5.581062e+01
    endloop
  endfacet
  facet normal 0.000000e+00 -1.000000e+00 -0.000000e+00
    outer loop
      vertex   -4.036348e+01 -5.480000e+00 5.581062e+01
      vertex   -4.112607e+01 -5.480000e+00 5.073548e+01
      vertex   -4.001377e+01 -5.480000e+00 5.595547e+01
    endloop
  endfacet
  facet normal 0.000000e+00 -1.000000e+00 -0.000000e+00
    outer loop
      vertex   -4.001377e+01 -5.480000e+00 5.595547e+01
      vertex   -4.112607e+01 -5.480000e+00 5.073548e+01
      vertex   -3.894853e+01 -5.480000e+00 4.966973e+01
    endloop
  endfacet
  facet normal 0.000000e+00 -1.000000e+00 0.000000e+00
    outer loop
      vertex   -4.001377e+01 -5.480000e+00 5.595547e+01
      vertex   -3.894853e+01 -5.480000e+00 4.966973e+01
      vertex   -3.971346e+01 -5.480000e+00 5.618590e+01
    endloop
  endfacet
  facet normal 0.000000e+00 -1.000000e+00 0.000000e+00
    outer loop
      vertex   -3.971346e+01 -5.480000e+00 5.618590e+01
      vertex   -3.894853e+01 -5.480000e+00 4.966973e+01
      vertex   -3.948303e+01 -5.480000e+00 5.648621e+01
    endloop
  endfacet
  facet normal 0.000000e+00 -1.000000e+00 0.000000e+00
    outer loop
      vertex   -3.948303e+01 -5.480000e+00 5.648621e+01
      vertex   -3.894853e+01 -5.480000e+00 4.966973e+01
      vertex   -3.933817e+01 -5.480000e+00 5.683592e+01
    endloop
  endfacet
  facet normal 0.000000e+00 -1.000000e+00 0.000000e+00
    outer loop
      vertex   -3.933817e+01 -5.480000e+00 5.683592e+01
      vertex   -3.894853e+01 -5.480000e+00 4.966973e+01
      vertex   -3.688446e+01 -5.480000e+00 4.839808e+01
    endloop
  endfacet
  facet normal 0.000000e+00 -1.000000e+00 0.000000e+00
    outer loop
      vertex   -3.933817e+01 -5.480000e+00 5.683592e+01
      vertex   -3.688446e+01 -5.480000e+00 4.839808e+01
      vertex   -3.928877e+01 -5.480000e+00 5.721121e+01
    endloop
  endfacet
  facet normal 0.000000e+00 -1.000000e+00 0.000000e+00
    outer loop
      vertex   -3.928877e+01 -5.480000e+00 5.721121e+01
      vertex   -3.688446e+01 -5.480000e+00 4.839808e+01
      vertex   -3.495326e+01 -5.480000e+00 4.693247e+01
    endloop
  endfacet
  facet normal 0.000000e+00 -1.000000e+00 0.000000e+00
    outer loop
      vertex   -3.928877e+01 -5.480000e+00 5.721121e+01
      vertex   -3.495326e+01 -5.480000e+00 4.693247e+01
      vertex   -3.933817e+01 -5.480000e+00 5.758650e+01
    endloop
  endfacet
  facet normal 0.000000e+00 -1.000000e+00 0.000000e+00
    outer loop
      vertex   -3.933817e+01 -5.480000e+00 5.758650e+01
      vertex   -3.495326e+01 -5.480000e+00 4.693247e+01
      vertex   -3.317311e+01 -5.480000e+00 4.528670e+01
    endloop
  endfacet
  facet normal 0.000000e+00 -1.000000e+00 0.000000e+00
    outer loop
      vertex   -3.933817e+01 -5.480000e+00 5.758650e+01
      vertex   -3.317311e+01 -5.480000e+00 4.528670e+01
      vertex   -1.139904e+01 -5.480000e+00 9.025000e+01
    endloop
  endfacet
  facet normal 0.000000e+00 -1.000000e+00 0.000000e+00
    outer loop
      vertex   -1.139904e+01 -5.480000e+00 9.025000e+01
      vertex   -3.317311e+01 -5.480000e+00 4.528670e+01
      vertex   -3.156073e+01 -5.480000e+00 4.347625e+01
    endloop
  endfacet
  facet normal 0.000000e+00 -1.000000e+00 0.000000e+00
    outer loop
      vertex   -1.139904e+01 -5.480000e+00 9.025000e+01
      vertex   -3.156073e+01 -5.480000e+00 4.347625e+01
      vertex   -3.013130e+01 -5.480000e+00 4.151813e+01
    endloop
  endfacet
  facet normal 0.000000e+00 -1.000000e+00 0.000000e+00
    outer loop
      vertex   -4.706452e+01 -5.480000e+00 5.515837e+01
      vertex   -4.213936e+01 -5.480000e+00 5.758650e+01
      vertex   -4.819594e+01 -5.480000e+00 5.818547e+01
    endloop
  endfacet
  facet normal 0.000000e+00 -1.000000e+00 0.000000e+00
    outer loop
      vertex   -4.819594e+01 -5.480000e+00 5.818547e+01
      vertex   -4.213936e+01 -5.480000e+00 5.758650e+01
      vertex   -4.199450e+01 -5.480000e+00 5.793621e+01
    endloop
  endfacet
  facet normal 0.000000e+00 -1.000000e+00 0.000000e+00
    outer loop
      vertex   -4.819594e+01 -5.480000e+00 5.818547e+01
      vertex   -4.199450e+01 -5.480000e+00 5.793621e+01
      vertex   -4.912825e+01 -5.480000e+00 6.127969e+01
    endloop
  endfacet
  facet normal 0.000000e+00 -1.000000e+00 0.000000e+00
    outer loop
      vertex   -4.912825e+01 -5.480000e+00 6.127969e+01
      vertex   -4.199450e+01 -5.480000e+00 5.793621e+01
      vertex   -4.176407e+01 -5.480000e+00 5.823651e+01
    endloop
  endfacet
  facet normal 0.000000e+00 -1.000000e+00 0.000000e+00
    outer loop
      vertex   -4.912825e+01 -5.480000e+00 6.127969e+01
      vertex   -4.176407e+01 -5.480000e+00 5.823651e+01
      vertex   -4.985749e+01 -5.480000e+00 6.442796e+01
    endloop
  endfacet
  facet normal 0.000000e+00 -1.000000e+00 0.000000e+00
    outer loop
      vertex   -4.985749e+01 -5.480000e+00 6.442796e+01
      vertex   -4.176407e+01 -5.480000e+00 5.823651e+01
      vertex   -4.146377e+01 -5.480000e+00 5.846695e+01
    endloop
  endfacet
  facet normal 0.000000e+00 -1.000000e+00 0.000000e+00
    outer loop
      vertex   -4.985749e+01 -5.480000e+00 6.442796e+01
      vertex   -4.146377e+01 -5.480000e+00 5.846695e+01
      vertex   -5.038060e+01 -5.480000e+00 6.761697e+01
    endloop
  endfacet
  facet normal 0.000000e+00 -1.000000e+00 0.000000e+00
    outer loop
      vertex   -5.038060e+01 -5.480000e+00 6.761697e+01
      vertex   -4.146377e+01 -5.480000e+00 5.846695e+01
      vertex   -5.069534e+01 -5.480000e+00 7.083323e+01
    endloop
  endfacet
  facet normal 0.000000e+00 -1.000000e+00 0.000000e+00
    outer loop
      vertex   -5.069534e+01 -5.480000e+00 7.083323e+01
      vertex   -4.146377e+01 -5.480000e+00 5.846695e+01
      vertex   -4.111405e+01 -5.480000e+00 5.861180e+01
    endloop
  endfacet
  facet normal 0.000000e+00 -1.000000e+00 0.000000e+00
    outer loop
      vertex   -5.069534e+01 -5.480000e+00 7.083323e+01
      vertex   -4.111405e+01 -5.480000e+00 5.861180e+01
      vertex   -5.080041e+01 -5.480000e+00 7.406315e+01
    endloop
  endfacet
  facet normal 0.000000e+00 -1.000000e+00 0.000000e+00
    outer loop
      vertex   -5.080041e+01 -5.480000e+00 7.406315e+01
      vertex   -4.111405e+01 -5.480000e+00 5.861180e+01
      vertex   -4.073877e+01 -5.480000e+00 5.866121e+01
    endloop
  endfacet
  facet normal 0.000000e+00 -1.000000e+00 0.000000e+00
    outer loop
      vertex   -5.080041e+01 -5.480000e+00 7.406315e+01
      vertex   -4.073877e+01 -5.480000e+00 5.866121e+01
      vertex   -4.036348e+01 -5.480000e+00 5.861180e+01
    endloop
  endfacet
  facet normal 0.000000e+00 -1.000000e+00 0.000000e+00
    outer loop
      vertex   -4.036348e+01 -5.480000e+00 5.861180e+01
      vertex   -4.001377e+01 -5.480000e+00 5.846695e+01
      vertex   -5.080041e+01 -5.480000e+00 7.406315e+01
    endloop
  endfacet
  facet normal 0.000000e+00 -1.000000e+00 0.000000e+00
    outer loop
      vertex   -5.080041e+01 -5.480000e+00 7.406315e+01
      vertex   -4.001377e+01 -5.480000e+00 5.846695e+01
      vertex   -4.567862e+01 -5.480000e+00 1.118623e+02
    endloop
  endfacet
  facet normal 0.000000e+00 -1.000000e+00 0.000000e+00
    outer loop
      vertex   -5.080041e+01 -5.480000e+00 7.406315e+01
      vertex   -4.567862e+01 -5.480000e+00 1.118623e+02
      vertex   -4.650276e+01 -5.480000e+00 1.111161e+02
    endloop
  endfacet
  facet normal 0.000000e+00 -1.000000e+00 0.000000e+00
    outer loop
      vertex   -4.567862e+01 -5.480000e+00 1.118623e+02
      vertex   -4.001377e+01 -5.480000e+00 5.846695e+01
      vertex   -4.500629e+01 -5.480000e+00 1.127477e+02
    endloop
  endfacet
  facet normal 0.000000e+00 -1.000000e+00 0.000000e+00
    outer loop
      vertex   -4.500629e+01 -5.480000e+00 1.127477e+02
      vertex   -4.001377e+01 -5.480000e+00 5.846695e+01
      vertex   -3.971346e+01 -5.480000e+00 5.823651e+01
    endloop
  endfacet
  facet normal 7.142347e-09 -1.000000e+00 6.934951e-10
    outer loop
      vertex   -4.500629e+01 -5.480000e+00 1.127477e+02
      vertex   -3.971346e+01 -5.480000e+00 5.823651e+01
      vertex   -1.160000e+01 -5.480000e+00 9.100000e+01
    endloop
  endfacet
  facet normal 4.197213e-09 -1.000000e+00 3.220635e-09
    outer loop
      vertex   -1.160000e+01 -5.480000e+00 9.100000e+01
      vertex   -3.971346e+01 -5.480000e+00 5.823651e+01
      vertex   -3.948303e+01 -5.480000e+00 5.793621e+01
    endloop
  endfacet
  facet normal -5.835880e-07 -1.000000e+00 4.989058e-07
    outer loop
      vertex   -1.160000e+01 -5.480000e+00 9.100000e+01
      vertex   -3.948303e+01 -5.480000e+00 5.793621e+01
      vertex   -1.154889e+01 -5.480000e+00 9.061177e+01
    endloop
  endfacet
  facet normal 0.000000e+00 -1.000000e+00 0.000000e+00
    outer loop
      vertex   -1.154889e+01 -5.480000e+00 9.061177e+01
      vertex   -3.948303e+01 -5.480000e+00 5.793621e+01
      vertex   -3.933817e+01 -5.480000e+00 5.758650e+01
    endloop
  endfacet
  facet normal 0.000000e+00 -1.000000e+00 -0.000000e+00
    outer loop
      vertex   -1.154889e+01 -5.480000e+00 9.061177e+01
      vertex   -3.933817e+01 -5.480000e+00 5.758650e+01
      vertex   -1.139904e+01 -5.480000e+00 9.025000e+01
    endloop
  endfacet
  facet normal 0.000000e+00 -1.000000e+00 0.000000e+00
    outer loop
      vertex   3.918200e+01 -5.480000e+00 5.758650e+01
      vertex   3.487522e+01 -5.480000e+00 4.690028e+01
      vertex   3.913259e+01 -5.480000e+00 5.721121e+01
    endloop
  endfacet
  facet normal 0.000000e+00 -1.000000e+00 0.000000e+00
    outer loop
      vertex   3.913259e+01 -5.480000e+00 5.721121e+01
      vertex   3.487522e+01 -5.480000e+00 4.690028e+01
      vertex   3.679086e+01 -5.480000e+00 4.836732e+01
    endloop
  endfacet
  facet normal 0.000000e+00 -1.000000e+00 -0.000000e+00
    outer loop
      vertex   3.913259e+01 -5.480000e+00 5.721121e+01
      vertex   3.679086e+01 -5.480000e+00 4.836732e+01
      vertex   3.918200e+01 -5.480000e+00 5.683592e+01
    endloop
  endfacet
  facet normal 0.000000e+00 -1.000000e+00 -0.000000e+00
    outer loop
      vertex   3.918200e+01 -5.480000e+00 5.683592e+01
      vertex   3.679086e+01 -5.480000e+00 4.836732e+01
      vertex   3.932686e+01 -5.480000e+00 5.648621e+01
    endloop
  endfacet
  facet normal 0.000000e+00 -1.000000e+00 0.000000e+00
    outer loop
      vertex   3.932686e+01 -5.480000e+00 5.648621e+01
      vertex   3.679086e+01 -5.480000e+00 4.836732e+01
      vertex   3.883901e+01 -5.480000e+00 4.964287e+01
    endloop
  endfacet
  facet normal 0.000000e+00 -1.000000e+00 -0.000000e+00
    outer loop
      vertex   3.932686e+01 -5.480000e+00 5.648621e+01
      vertex   3.883901e+01 -5.480000e+00 4.964287e+01
      vertex   3.955729e+01 -5.480000e+00 5.618590e+01
    endloop
  endfacet
  facet normal 0.000000e+00 -1.000000e+00 -0.000000e+00
    outer loop
      vertex   3.955729e+01 -5.480000e+00 5.618590e+01
      vertex   3.883901e+01 -5.480000e+00 4.964287e+01
      vertex   3.985759e+01 -5.480000e+00 5.595547e+01
    endloop
  endfacet
  facet normal 0.000000e+00 -1.000000e+00 -0.000000e+00
    outer loop
      vertex   3.985759e+01 -5.480000e+00 5.595547e+01
      vertex   3.883901e+01 -5.480000e+00 4.964287e+01
      vertex   4.100058e+01 -5.480000e+00 5.071502e+01
    endloop
  endfacet
  facet normal 0.000000e+00 -1.000000e+00 0.000000e+00
    outer loop
      vertex   3.985759e+01 -5.480000e+00 5.595547e+01
      vertex   4.100058e+01 -5.480000e+00 5.071502e+01
      vertex   4.020731e+01 -5.480000e+00 5.581062e+01
    endloop
  endfacet
  facet normal 0.000000e+00 -1.000000e+00 0.000000e+00
    outer loop
      vertex   4.020731e+01 -5.480000e+00 5.581062e+01
      vertex   4.100058e+01 -5.480000e+00 5.071502e+01
      vertex   4.058259e+01 -5.480000e+00 5.576121e+01
    endloop
  endfacet
  facet normal 0.000000e+00 -1.000000e+00 0.000000e+00
    outer loop
      vertex   4.058259e+01 -5.480000e+00 5.576121e+01
      vertex   4.100058e+01 -5.480000e+00 5.071502e+01
      vertex   4.095788e+01 -5.480000e+00 5.581062e+01
    endloop
  endfacet
  facet normal 0.000000e+00 -1.000000e+00 0.000000e+00
    outer loop
      vertex   4.095788e+01 -5.480000e+00 5.581062e+01
      vertex   4.100058e+01 -5.480000e+00 5.071502e+01
      vertex   4.130759e+01 -5.480000e+00 5.595547e+01
    endloop
  endfacet
  facet normal 0.000000e+00 -1.000000e+00 -0.000000e+00
    outer loop
      vertex   4.130759e+01 -5.480000e+00 5.595547e+01
      vertex   4.100058e+01 -5.480000e+00 5.071502e+01
      vertex   4.325545e+01 -5.480000e+00 5.157380e+01
    endloop
  endfacet
  facet normal 0.000000e+00 -1.000000e+00 0.000000e+00
    outer loop
      vertex   4.130759e+01 -5.480000e+00 5.595547e+01
      vertex   4.325545e+01 -5.480000e+00 5.157380e+01
      vertex   4.160790e+01 -5.480000e+00 5.618590e+01
    endloop
  endfacet
  facet normal 0.000000e+00 -1.000000e+00 0.000000e+00
    outer loop
      vertex   4.160790e+01 -5.480000e+00 5.618590e+01
      vertex   4.325545e+01 -5.480000e+00 5.157380e+01
      vertex   4.183833e+01 -5.480000e+00 5.648621e+01
    endloop
  endfacet
  facet normal 0.000000e+00 -1.000000e+00 0.000000e+00
    outer loop
      vertex   4.183833e+01 -5.480000e+00 5.648621e+01
      vertex   4.325545e+01 -5.480000e+00 5.157380e+01
      vertex   4.198319e+01 -5.480000e+00 5.683592e+01
    endloop
  endfacet
  facet normal 0.000000e+00 -1.000000e+00 0.000000e+00
    outer loop
      vertex   4.198319e+01 -5.480000e+00 5.683592e+01
      vertex   4.325545e+01 -5.480000e+00 5.157380e+01
      vertex   4.558259e+01 -5.480000e+00 5.221121e+01
    endloop
  endfacet
  facet normal 0.000000e+00 -1.000000e+00 0.000000e+00
    outer loop
      vertex   4.198319e+01 -5.480000e+00 5.683592e+01
      vertex   4.558259e+01 -5.480000e+00 5.221121e+01
      vertex   4.203259e+01 -5.480000e+00 5.721121e+01
    endloop
  endfacet
  facet normal 0.000000e+00 -1.000000e+00 0.000000e+00
    outer loop
      vertex   4.203259e+01 -5.480000e+00 5.721121e+01
      vertex   4.558259e+01 -5.480000e+00 5.221121e+01
      vertex   4.697442e+01 -5.480000e+00 5.522911e+01
    endloop
  endfacet
  facet normal 0.000000e+00 -1.000000e+00 0.000000e+00
    outer loop
      vertex   4.203259e+01 -5.480000e+00 5.721121e+01
      vertex   4.697442e+01 -5.480000e+00 5.522911e+01
      vertex   4.198319e+01 -5.480000e+00 5.758650e+01
    endloop
  endfacet
  facet normal 0.000000e+00 -1.000000e+00 0.000000e+00
    outer loop
      vertex   4.198319e+01 -5.480000e+00 5.758650e+01
      vertex   4.697442e+01 -5.480000e+00 5.522911e+01
      vertex   4.816269e+01 -5.480000e+00 5.833281e+01
    endloop
  endfacet
  facet normal 0.000000e+00 -1.000000e+00 0.000000e+00
    outer loop
      vertex   4.198319e+01 -5.480000e+00 5.758650e+01
      vertex   4.816269e+01 -5.480000e+00 5.833281e+01
      vertex   4.183833e+01 -5.480000e+00 5.793621e+01
    endloop
  endfacet
  facet normal 0.000000e+00 -1.000000e+00 0.000000e+00
    outer loop
      vertex   4.183833e+01 -5.480000e+00 5.793621e+01
      vertex   4.816269e+01 -5.480000e+00 5.833281e+01
      vertex   4.914215e+01 -5.480000e+00 6.150858e+01
    endloop
  endfacet
  facet normal 0.000000e+00 -1.000000e+00 0.000000e+00
    outer loop
      vertex   4.183833e+01 -5.480000e+00 5.793621e+01
      vertex   4.914215e+01 -5.480000e+00 6.150858e+01
      vertex   4.160790e+01 -5.480000e+00 5.823651e+01
    endloop
  endfacet
  facet normal 0.000000e+00 -1.000000e+00 0.000000e+00
    outer loop
      vertex   4.160790e+01 -5.480000e+00 5.823651e+01
      vertex   4.914215e+01 -5.480000e+00 6.150858e+01
      vertex   4.990847e+01 -5.480000e+00 6.474241e+01
    endloop
  endfacet
  facet normal 0.000000e+00 -1.000000e+00 0.000000e+00
    outer loop
      vertex   4.160790e+01 -5.480000e+00 5.823651e+01
      vertex   4.990847e+01 -5.480000e+00 6.474241e+01
      vertex   4.130759e+01 -5.480000e+00 5.846695e+01
    endloop
  endfacet
  facet normal 0.000000e+00 -1.000000e+00 0.000000e+00
    outer loop
      vertex   4.130759e+01 -5.480000e+00 5.846695e+01
      vertex   4.990847e+01 -5.480000e+00 6.474241e+01
      vertex   5.045828e+01 -5.480000e+00 6.802001e+01
    endloop
  endfacet
  facet normal 0.000000e+00 -1.000000e+00 0.000000e+00
    outer loop
      vertex   4.130759e+01 -5.480000e+00 5.846695e+01
      vertex   5.045828e+01 -5.480000e+00 6.802001e+01
      vertex   5.078914e+01 -5.480000e+00 7.132688e+01
    endloop
  endfacet
  facet normal -0.000000e+00 -1.000000e+00 0.000000e+00
    outer loop
      vertex   3.932686e+01 -5.480000e+00 5.793621e+01
      vertex   3.488896e-01 -5.480000e+00 9.061177e+01
      vertex   3.918200e+01 -5.480000e+00 5.758650e+01
    endloop
  endfacet
  facet normal -0.000000e+00 -1.000000e+00 0.000000e+00
    outer loop
      vertex   3.918200e+01 -5.480000e+00 5.758650e+01
      vertex   3.488896e-01 -5.480000e+00 9.061177e+01
      vertex   3.151143e+01 -5.480000e+00 4.344799e+01
    endloop
  endfacet
  facet normal 0.000000e+00 -1.000000e+00 0.000000e+00
    outer loop
      vertex   3.918200e+01 -5.480000e+00 5.758650e+01
      vertex   3.151143e+01 -5.480000e+00 4.344799e+01
      vertex   3.310993e+01 -5.480000e+00 4.525539e+01
    endloop
  endfacet
  facet normal -0.000000e+00 -1.000000e+00 0.000000e+00
    outer loop
      vertex   3.955729e+01 -5.480000e+00 5.823651e+01
      vertex   3.883934e+01 -5.480000e+00 1.196528e+02
      vertex   3.932686e+01 -5.480000e+00 5.793621e+01
    endloop
  endfacet
  facet normal 0.000000e+00 -1.000000e+00 0.000000e+00
    outer loop
      vertex   3.932686e+01 -5.480000e+00 5.793621e+01
      vertex   3.883934e+01 -5.480000e+00 1.196528e+02
      vertex   3.860096e+01 -5.480000e+00 1.199635e+02
    endloop
  endfacet
  facet normal 0.000000e+00 -1.000000e+00 0.000000e+00
    outer loop
      vertex   3.932686e+01 -5.480000e+00 5.793621e+01
      vertex   3.860096e+01 -5.480000e+00 1.199635e+02
      vertex   1.540000e+01 -5.480000e+00 1.250000e+02
    endloop
  endfacet
  facet normal 0.000000e+00 -1.000000e+00 0.000000e+00
    outer loop
      vertex   1.540000e+01 -5.480000e+00 1.250000e+02
      vertex   3.860096e+01 -5.480000e+00 1.199635e+02
      vertex   3.540000e+01 -5.480000e+00 1.250000e+02
    endloop
  endfacet
  facet normal 0.000000e+00 -1.000000e+00 0.000000e+00
    outer loop
      vertex   3.540000e+01 -5.480000e+00 1.250000e+02
      vertex   3.860096e+01 -5.480000e+00 1.199635e+02
      vertex   3.845111e+01 -5.480000e+00 1.203253e+02
    endloop
  endfacet
  facet normal 1.105005e-06 -1.000000e+00 7.212133e-07
    outer loop
      vertex   3.540000e+01 -5.480000e+00 1.250000e+02
      vertex   3.845111e+01 -5.480000e+00 1.203253e+02
      vertex   3.840000e+01 -5.480000e+00 1.207135e+02
    endloop
  endfacet
  facet normal -0.000000e+00 -1.000000e+00 0.000000e+00
    outer loop
      vertex   3.985759e+01 -5.480000e+00 5.846695e+01
      vertex   4.484984e+01 -5.480000e+00 1.126775e+02
      vertex   3.955729e+01 -5.480000e+00 5.823651e+01
    endloop
  endfacet
  facet normal 0.000000e+00 -1.000000e+00 0.000000e+00
    outer loop
      vertex   3.955729e+01 -5.480000e+00 5.823651e+01
      vertex   4.484984e+01 -5.480000e+00 1.126775e+02
      vertex   3.915000e+01 -5.480000e+00 1.194144e+02
    endloop
  endfacet
  facet normal 0.000000e+00 -1.000000e+00 0.000000e+00
    outer loop
      vertex   3.955729e+01 -5.480000e+00 5.823651e+01
      vertex   3.915000e+01 -5.480000e+00 1.194144e+02
      vertex   3.883934e+01 -5.480000e+00 1.196528e+02
    endloop
  endfacet
  facet normal -0.000000e+00 -1.000000e+00 0.000000e+00
    outer loop
      vertex   4.020731e+01 -5.480000e+00 5.861180e+01
      vertex   5.089959e+01 -5.480000e+00 7.464844e+01
      vertex   3.985759e+01 -5.480000e+00 5.846695e+01
    endloop
  endfacet
  facet normal 0.000000e+00 -1.000000e+00 0.000000e+00
    outer loop
      vertex   3.985759e+01 -5.480000e+00 5.846695e+01
      vertex   5.089959e+01 -5.480000e+00 7.464844e+01
      vertex   4.555339e+01 -5.480000e+00 1.117814e+02
    endloop
  endfacet
  facet normal 0.000000e+00 -1.000000e+00 0.000000e+00
    outer loop
      vertex   3.985759e+01 -5.480000e+00 5.846695e+01
      vertex   4.555339e+01 -5.480000e+00 1.117814e+02
      vertex   4.484984e+01 -5.480000e+00 1.126775e+02
    endloop
  endfacet
  facet normal 0.000000e+00 -1.000000e+00 0.000000e+00
    outer loop
      vertex   4.020731e+01 -5.480000e+00 5.861180e+01
      vertex   4.058259e+01 -5.480000e+00 5.866121e+01
      vertex   5.089959e+01 -5.480000e+00 7.464844e+01
    endloop
  endfacet
  facet normal 0.000000e+00 -1.000000e+00 0.000000e+00
    outer loop
      vertex   5.089959e+01 -5.480000e+00 7.464844e+01
      vertex   4.058259e+01 -5.480000e+00 5.866121e+01
      vertex   4.095788e+01 -5.480000e+00 5.861180e+01
    endloop
  endfacet
  facet normal 0.000000e+00 -1.000000e+00 0.000000e+00
    outer loop
      vertex   5.089959e+01 -5.480000e+00 7.464844e+01
      vertex   4.095788e+01 -5.480000e+00 5.861180e+01
      vertex   5.078914e+01 -5.480000e+00 7.132688e+01
    endloop
  endfacet
  facet normal 0.000000e+00 -1.000000e+00 0.000000e+00
    outer loop
      vertex   5.078914e+01 -5.480000e+00 7.132688e+01
      vertex   4.095788e+01 -5.480000e+00 5.861180e+01
      vertex   4.130759e+01 -5.480000e+00 5.846695e+01
    endloop
  endfacet
  facet normal -0.000000e+00 -1.000000e+00 0.000000e+00
    outer loop
      vertex   -2.340500e+01 -5.480000e+00 4.872182e+00
      vertex   -2.601441e+01 -5.480000e+00 2.777420e+01
      vertex   -2.345441e+01 -5.480000e+00 4.496895e+00
    endloop
  endfacet
  facet normal -0.000000e+00 -1.000000e+00 0.000000e+00
    outer loop
      vertex   -2.345441e+01 -5.480000e+00 4.496895e+00
      vertex   -2.601441e+01 -5.480000e+00 2.777420e+01
      vertex   -2.601441e+01 -5.480000e+00 -1.454725e+01
    endloop
  endfacet
  facet normal 0.000000e+00 -1.000000e+00 -0.000000e+00
    outer loop
      vertex   -2.345441e+01 -5.480000e+00 4.496895e+00
      vertex   -2.601441e+01 -5.480000e+00 -1.454725e+01
      vertex   -2.340500e+01 -5.480000e+00 4.121607e+00
    endloop
  endfacet
  facet normal 0.000000e+00 -1.000000e+00 -0.000000e+00
    outer loop
      vertex   -2.340500e+01 -5.480000e+00 4.121607e+00
      vertex   -2.601441e+01 -5.480000e+00 -1.454725e+01
      vertex   -2.324779e+01 -5.480000e+00 -9.053607e+00
    endloop
  endfacet
  facet normal 0.000000e+00 -1.000000e+00 0.000000e+00
    outer loop
      vertex   -2.340500e+01 -5.480000e+00 4.121607e+00
      vertex   -2.324779e+01 -5.480000e+00 -9.053607e+00
      vertex   -2.326015e+01 -5.480000e+00 3.771895e+00
    endloop
  endfacet
  facet normal 0.000000e+00 -1.000000e+00 0.000000e+00
    outer loop
      vertex   -2.326015e+01 -5.480000e+00 3.771895e+00
      vertex   -2.324779e+01 -5.480000e+00 -9.053607e+00
      vertex   -2.307357e+01 -5.480000e+00 -8.717557e+00
    endloop
  endfacet
  facet normal 0.000000e+00 -1.000000e+00 0.000000e+00
    outer loop
      vertex   -2.326015e+01 -5.480000e+00 3.771895e+00
      vertex   -2.307357e+01 -5.480000e+00 -8.717557e+00
      vertex   -2.302971e+01 -5.480000e+00 3.471590e+00
    endloop
  endfacet
  facet normal 0.000000e+00 -1.000000e+00 -0.000000e+00
    outer loop
      vertex   -2.302971e+01 -5.480000e+00 3.471590e+00
      vertex   -2.307357e+01 -5.480000e+00 -8.717557e+00
      vertex   -2.281831e+01 -5.480000e+00 -8.438050e+00
    endloop
  endfacet
  facet normal 0.000000e+00 -1.000000e+00 0.000000e+00
    outer loop
      vertex   -2.302971e+01 -5.480000e+00 3.471590e+00
      vertex   -2.281831e+01 -5.480000e+00 -8.438050e+00
      vertex   -2.272941e+01 -5.480000e+00 3.241158e+00
    endloop
  endfacet
  facet normal 0.000000e+00 -1.000000e+00 -0.000000e+00
    outer loop
      vertex   -2.272941e+01 -5.480000e+00 3.241158e+00
      vertex   -2.281831e+01 -5.480000e+00 -8.438050e+00
      vertex   -2.249941e+01 -5.480000e+00 -8.234133e+00
    endloop
  endfacet
  facet normal 0.000000e+00 -1.000000e+00 0.000000e+00
    outer loop
      vertex   -2.272941e+01 -5.480000e+00 3.241158e+00
      vertex   -2.249941e+01 -5.480000e+00 -8.234133e+00
      vertex   -2.237970e+01 -5.480000e+00 3.096302e+00
    endloop
  endfacet
  facet normal 0.000000e+00 -1.000000e+00 -0.000000e+00
    outer loop
      vertex   -2.237970e+01 -5.480000e+00 3.096302e+00
      vertex   -2.249941e+01 -5.480000e+00 -8.234133e+00
      vertex   -2.213859e+01 -5.480000e+00 -8.119703e+00
    endloop
  endfacet
  facet normal 0.000000e+00 -1.000000e+00 0.000000e+00
    outer loop
      vertex   -2.237970e+01 -5.480000e+00 3.096302e+00
      vertex   -2.213859e+01 -5.480000e+00 -8.119703e+00
      vertex   -2.200441e+01 -5.480000e+00 3.046895e+00
    endloop
  endfacet
  facet normal 0.000000e+00 -1.000000e+00 -0.000000e+00
    outer loop
      vertex   -2.200441e+01 -5.480000e+00 3.046895e+00
      vertex   -2.213859e+01 -5.480000e+00 -8.119703e+00
      vertex   -2.176046e+01 -5.480000e+00 -8.102557e+00
    endloop
  endfacet
  facet normal 0.000000e+00 -1.000000e+00 0.000000e+00
    outer loop
      vertex   -2.200441e+01 -5.480000e+00 3.046895e+00
      vertex   -2.176046e+01 -5.480000e+00 -8.102557e+00
      vertex   -2.162912e+01 -5.480000e+00 3.096302e+00
    endloop
  endfacet
  facet normal 0.000000e+00 -1.000000e+00 -0.000000e+00
    outer loop
      vertex   -2.162912e+01 -5.480000e+00 3.096302e+00
      vertex   -2.176046e+01 -5.480000e+00 -8.102557e+00
      vertex   -2.139077e+01 -5.480000e+00 -8.183865e+00
    endloop
  endfacet
  facet normal 0.000000e+00 -1.000000e+00 0.000000e+00
    outer loop
      vertex   -2.162912e+01 -5.480000e+00 3.096302e+00
      vertex   -2.139077e+01 -5.480000e+00 -8.183865e+00
      vertex   -1.775441e+01 -5.480000e+00 -4.547250e+00
    endloop
  endfacet
  facet normal 0.000000e+00 -1.000000e+00 0.000000e+00
    outer loop
      vertex   -1.775441e+01 -5.480000e+00 -4.547250e+00
      vertex   -2.139077e+01 -5.480000e+00 -8.183865e+00
      vertex   -2.105472e+01 -5.480000e+00 -8.358086e+00
    endloop
  endfacet
  facet normal 0.000000e+00 -1.000000e+00 0.000000e+00
    outer loop
      vertex   -1.775441e+01 -5.480000e+00 -4.547250e+00
      vertex   -2.105472e+01 -5.480000e+00 -8.358086e+00
      vertex   -2.077521e+01 -5.480000e+00 -8.613346e+00
    endloop
  endfacet
  facet normal 0.000000e+00 -1.000000e+00 0.000000e+00
    outer loop
      vertex   -2.340500e+01 -5.480000e+00 4.872182e+00
      vertex   -2.326015e+01 -5.480000e+00 5.221895e+00
      vertex   -2.601441e+01 -5.480000e+00 2.777420e+01
    endloop
  endfacet
  facet normal 0.000000e+00 -1.000000e+00 0.000000e+00
    outer loop
      vertex   -2.601441e+01 -5.480000e+00 2.777420e+01
      vertex   -2.326015e+01 -5.480000e+00 5.221895e+00
      vertex   -2.302971e+01 -5.480000e+00 5.522200e+00
    endloop
  endfacet
  facet normal 0.000000e+00 -1.000000e+00 0.000000e+00
    outer loop
      vertex   -2.601441e+01 -5.480000e+00 2.777420e+01
      vertex   -2.302971e+01 -5.480000e+00 5.522200e+00
      vertex   -2.272941e+01 -5.480000e+00 5.752632e+00
    endloop
  endfacet
  facet normal 0.000000e+00 -1.000000e+00 0.000000e+00
    outer loop
      vertex   -2.272941e+01 -5.480000e+00 5.752632e+00
      vertex   -2.237970e+01 -5.480000e+00 5.897487e+00
      vertex   -2.601441e+01 -5.480000e+00 2.777420e+01
    endloop
  endfacet
  facet normal 0.000000e+00 -1.000000e+00 0.000000e+00
    outer loop
      vertex   -2.601441e+01 -5.480000e+00 2.777420e+01
      vertex   -2.237970e+01 -5.480000e+00 5.897487e+00
      vertex   -2.200441e+01 -5.480000e+00 5.946895e+00
    endloop
  endfacet
  facet normal 0.000000e+00 -1.000000e+00 0.000000e+00
    outer loop
      vertex   -2.601441e+01 -5.480000e+00 2.777420e+01
      vertex   -2.200441e+01 -5.480000e+00 5.946895e+00
      vertex   -2.162912e+01 -5.480000e+00 5.897487e+00
    endloop
  endfacet
  facet normal 0.000000e+00 -1.000000e+00 0.000000e+00
    outer loop
      vertex   -2.162912e+01 -5.480000e+00 5.897487e+00
      vertex   -2.127941e+01 -5.480000e+00 5.752632e+00
      vertex   -2.601441e+01 -5.480000e+00 2.777420e+01
    endloop
  endfacet
  facet normal 0.000000e+00 -1.000000e+00 0.000000e+00
    outer loop
      vertex   -2.601441e+01 -5.480000e+00 2.777420e+01
      vertex   -2.127941e+01 -5.480000e+00 5.752632e+00
      vertex   -2.097910e+01 -5.480000e+00 5.522200e+00
    endloop
  endfacet
  facet normal 0.000000e+00 -1.000000e+00 0.000000e+00
    outer loop
      vertex   -2.601441e+01 -5.480000e+00 2.777420e+01
      vertex   -2.097910e+01 -5.480000e+00 5.522200e+00
      vertex   -2.074867e+01 -5.480000e+00 5.221895e+00
    endloop
  endfacet
  facet normal 0.000000e+00 -1.000000e+00 0.000000e+00
    outer loop
      vertex   -2.060382e+01 -5.480000e+00 4.872182e+00
      vertex   2.063986e+01 -5.480000e+00 5.221887e+00
      vertex   -2.074867e+01 -5.480000e+00 5.221895e+00
    endloop
  endfacet
  facet normal 0.000000e+00 -1.000000e+00 0.000000e+00
    outer loop
      vertex   -2.074867e+01 -5.480000e+00 5.221895e+00
      vertex   2.063986e+01 -5.480000e+00 5.221887e+00
      vertex   -2.613196e+01 -5.480000e+00 3.019570e+01
    endloop
  endfacet
  facet normal 0.000000e+00 -1.000000e+00 0.000000e+00
    outer loop
      vertex   -2.074867e+01 -5.480000e+00 5.221895e+00
      vertex   -2.613196e+01 -5.480000e+00 3.019570e+01
      vertex   -2.601441e+01 -5.480000e+00 2.777420e+01
    endloop
  endfacet
  facet normal 0.000000e+00 -1.000000e+00 0.000000e+00
    outer loop
      vertex   -2.055441e+01 -5.480000e+00 4.496895e+00
      vertex   -1.775441e+01 -5.480000e+00 -4.547250e+00
      vertex   -2.060382e+01 -5.480000e+00 4.872182e+00
    endloop
  endfacet
  facet normal 0.000000e+00 -1.000000e+00 0.000000e+00
    outer loop
      vertex   -2.060382e+01 -5.480000e+00 4.872182e+00
      vertex   -1.775441e+01 -5.480000e+00 -4.547250e+00
      vertex   2.049500e+01 -5.480000e+00 4.872174e+00
    endloop
  endfacet
  facet normal 0.000000e+00 -1.000000e+00 0.000000e+00
    outer loop
      vertex   -2.060382e+01 -5.480000e+00 4.872182e+00
      vertex   2.049500e+01 -5.480000e+00 4.872174e+00
      vertex   2.063986e+01 -5.480000e+00 5.221887e+00
    endloop
  endfacet
  facet normal 0.000000e+00 -1.000000e+00 -0.000000e+00
    outer loop
      vertex   -2.055441e+01 -5.480000e+00 4.496895e+00
      vertex   -2.060382e+01 -5.480000e+00 4.121607e+00
      vertex   -1.775441e+01 -5.480000e+00 -4.547250e+00
    endloop
  endfacet
  facet normal 0.000000e+00 -1.000000e+00 0.000000e+00
    outer loop
      vertex   -1.775441e+01 -5.480000e+00 -4.547250e+00
      vertex   -2.060382e+01 -5.480000e+00 4.121607e+00
      vertex   -2.074867e+01 -5.480000e+00 3.771895e+00
    endloop
  endfacet
  facet normal 0.000000e+00 -1.000000e+00 0.000000e+00
    outer loop
      vertex   -1.775441e+01 -5.480000e+00 -4.547250e+00
      vertex   -2.074867e+01 -5.480000e+00 3.771895e+00
      vertex   -2.097910e+01 -5.480000e+00 3.471590e+00
    endloop
  endfacet
  facet normal 0.000000e+00 -1.000000e+00 -0.000000e+00
    outer loop
      vertex   -2.097910e+01 -5.480000e+00 3.471590e+00
      vertex   -2.127941e+01 -5.480000e+00 3.241158e+00
      vertex   -1.775441e+01 -5.480000e+00 -4.547250e+00
    endloop
  endfacet
  facet normal 0.000000e+00 -1.000000e+00 0.000000e+00
    outer loop
      vertex   -1.775441e+01 -5.480000e+00 -4.547250e+00
      vertex   -2.127941e+01 -5.480000e+00 3.241158e+00
      vertex   -2.162912e+01 -5.480000e+00 3.096302e+00
    endloop
  endfacet
  facet normal -0.000000e+00 -1.000000e+00 0.000000e+00
    outer loop
      vertex   2.049500e+01 -5.480000e+00 4.121599e+00
      vertex   2.044559e+01 -5.480000e+00 4.496887e+00
      vertex   1.775559e+01 -5.480000e+00 -4.547250e+00
    endloop
  endfacet
  facet normal 0.000000e+00 -1.000000e+00 0.000000e+00
    outer loop
      vertex   1.775559e+01 -5.480000e+00 -4.547250e+00
      vertex   2.044559e+01 -5.480000e+00 4.496887e+00
      vertex   2.049500e+01 -5.480000e+00 4.872174e+00
    endloop
  endfacet
  facet normal 0.000000e+00 -1.000000e+00 0.000000e+00
    outer loop
      vertex   1.775559e+01 -5.480000e+00 -4.547250e+00
      vertex   2.049500e+01 -5.480000e+00 4.872174e+00
      vertex   -1.775441e+01 -5.480000e+00 -4.547250e+00
    endloop
  endfacet
  facet normal -0.000000e+00 -1.000000e+00 0.000000e+00
    outer loop
      vertex   2.087029e+01 -5.480000e+00 5.522191e+00
      vertex   2.601559e+01 -5.480000e+00 2.780870e+01
      vertex   2.063986e+01 -5.480000e+00 5.221887e+00
    endloop
  endfacet
  facet normal 0.000000e+00 -1.000000e+00 0.000000e+00
    outer loop
      vertex   2.063986e+01 -5.480000e+00 5.221887e+00
      vertex   2.601559e+01 -5.480000e+00 2.780870e+01
      vertex   2.613203e+01 -5.480000e+00 3.021875e+01
    endloop
  endfacet
  facet normal 0.000000e+00 -1.000000e+00 0.000000e+00
    outer loop
      vertex   2.063986e+01 -5.480000e+00 5.221887e+00
      vertex   2.613203e+01 -5.480000e+00 3.021875e+01
      vertex   -2.613196e+01 -5.480000e+00 3.019570e+01
    endloop
  endfacet
  facet normal 0.000000e+00 -1.000000e+00 0.000000e+00
    outer loop
      vertex   -2.613196e+01 -5.480000e+00 3.019570e+01
      vertex   2.613203e+01 -5.480000e+00 3.021875e+01
      vertex   -1.099999e+00 -5.480000e+00 8.950000e+01
    endloop
  endfacet
  facet normal 0.000000e+00 -1.000000e+00 0.000000e+00
    outer loop
      vertex   -2.613196e+01 -5.480000e+00 3.019570e+01
      vertex   -1.099999e+00 -5.480000e+00 8.950000e+01
      vertex   -2.648350e+01 -5.480000e+00 3.259443e+01
    endloop
  endfacet
  facet normal 0.000000e+00 -1.000000e+00 0.000000e+00
    outer loop
      vertex   -2.648350e+01 -5.480000e+00 3.259443e+01
      vertex   -1.099999e+00 -5.480000e+00 8.950000e+01
      vertex   -1.488228e+00 -5.480000e+00 8.955111e+01
    endloop
  endfacet
  facet normal 0.000000e+00 -1.000000e+00 0.000000e+00
    outer loop
      vertex   -2.648350e+01 -5.480000e+00 3.259443e+01
      vertex   -1.488228e+00 -5.480000e+00 8.955111e+01
      vertex   -9.711771e+00 -5.480000e+00 8.955111e+01
    endloop
  endfacet
  facet normal 0.000000e+00 -1.000000e+00 0.000000e+00
    outer loop
      vertex   -9.711771e+00 -5.480000e+00 8.955111e+01
      vertex   -1.488228e+00 -5.480000e+00 8.955111e+01
      vertex   -9.349999e+00 -5.480000e+00 8.970096e+01
    endloop
  endfacet
  facet normal 0.000000e+00 -1.000000e+00 0.000000e+00
    outer loop
      vertex   -9.349999e+00 -5.480000e+00 8.970096e+01
      vertex   -1.488228e+00 -5.480000e+00 8.955111e+01
      vertex   -1.849999e+00 -5.480000e+00 8.970096e+01
    endloop
  endfacet
  facet normal 0.000000e+00 -1.000000e+00 0.000000e+00
    outer loop
      vertex   -9.349999e+00 -5.480000e+00 8.970096e+01
      vertex   -1.849999e+00 -5.480000e+00 8.970096e+01
      vertex   -9.039339e+00 -5.480000e+00 8.993934e+01
    endloop
  endfacet
  facet normal 0.000000e+00 -1.000000e+00 0.000000e+00
    outer loop
      vertex   -9.039339e+00 -5.480000e+00 8.993934e+01
      vertex   -1.849999e+00 -5.480000e+00 8.970096e+01
      vertex   -2.160659e+00 -5.480000e+00 8.993934e+01
    endloop
  endfacet
  facet normal 0.000000e+00 -1.000000e+00 0.000000e+00
    outer loop
      vertex   -9.039339e+00 -5.480000e+00 8.993934e+01
      vertex   -2.160659e+00 -5.480000e+00 8.993934e+01
      vertex   -8.800961e+00 -5.480000e+00 9.025000e+01
    endloop
  endfacet
  facet normal 0.000000e+00 -1.000000e+00 0.000000e+00
    outer loop
      vertex   -8.800961e+00 -5.480000e+00 9.025000e+01
      vertex   -2.160659e+00 -5.480000e+00 8.993934e+01
      vertex   -2.399037e+00 -5.480000e+00 9.025000e+01
    endloop
  endfacet
  facet normal 0.000000e+00 -1.000000e+00 0.000000e+00
    outer loop
      vertex   -8.800961e+00 -5.480000e+00 9.025000e+01
      vertex   -2.399037e+00 -5.480000e+00 9.025000e+01
      vertex   -8.651111e+00 -5.480000e+00 9.061177e+01
    endloop
  endfacet
  facet normal 0.000000e+00 -1.000000e+00 0.000000e+00
    outer loop
      vertex   -8.651111e+00 -5.480000e+00 9.061177e+01
      vertex   -2.399037e+00 -5.480000e+00 9.025000e+01
      vertex   -2.548888e+00 -5.480000e+00 9.061177e+01
    endloop
  endfacet
  facet normal 0.000000e+00 -1.000000e+00 0.000000e+00
    outer loop
      vertex   -8.651111e+00 -5.480000e+00 9.061177e+01
      vertex   -2.548888e+00 -5.480000e+00 9.061177e+01
      vertex   -8.599999e+00 -5.480000e+00 9.100000e+01
    endloop
  endfacet
  facet normal 3.725290e-08 -1.000000e+00 5.806411e-07
    outer loop
      vertex   -8.599999e+00 -5.480000e+00 9.100000e+01
      vertex   -2.548888e+00 -5.480000e+00 9.061177e+01
      vertex   -2.599999e+00 -5.480000e+00 9.100000e+01
    endloop
  endfacet
  facet normal 3.725290e-08 -1.000000e+00 -5.806411e-07
    outer loop
      vertex   -8.599999e+00 -5.480000e+00 9.100000e+01
      vertex   -2.599999e+00 -5.480000e+00 9.100000e+01
      vertex   -2.548888e+00 -5.480000e+00 9.138823e+01
    endloop
  endfacet
  facet normal 0.000000e+00 -1.000000e+00 0.000000e+00
    outer loop
      vertex   2.087029e+01 -5.480000e+00 5.522191e+00
      vertex   2.117059e+01 -5.480000e+00 5.752623e+00
      vertex   2.601559e+01 -5.480000e+00 2.780870e+01
    endloop
  endfacet
  facet normal 0.000000e+00 -1.000000e+00 0.000000e+00
    outer loop
      vertex   2.601559e+01 -5.480000e+00 2.780870e+01
      vertex   2.117059e+01 -5.480000e+00 5.752623e+00
      vertex   2.152031e+01 -5.480000e+00 5.897479e+00
    endloop
  endfacet
  facet normal 0.000000e+00 -1.000000e+00 0.000000e+00
    outer loop
      vertex   2.601559e+01 -5.480000e+00 2.780870e+01
      vertex   2.152031e+01 -5.480000e+00 5.897479e+00
      vertex   2.189559e+01 -5.480000e+00 5.946887e+00
    endloop
  endfacet
  facet normal 0.000000e+00 -1.000000e+00 0.000000e+00
    outer loop
      vertex   2.189559e+01 -5.480000e+00 5.946887e+00
      vertex   2.227088e+01 -5.480000e+00 5.897479e+00
      vertex   2.601559e+01 -5.480000e+00 2.780870e+01
    endloop
  endfacet
  facet normal 0.000000e+00 -1.000000e+00 0.000000e+00
    outer loop
      vertex   2.601559e+01 -5.480000e+00 2.780870e+01
      vertex   2.227088e+01 -5.480000e+00 5.897479e+00
      vertex   2.262059e+01 -5.480000e+00 5.752623e+00
    endloop
  endfacet
  facet normal 0.000000e+00 -1.000000e+00 0.000000e+00
    outer loop
      vertex   2.601559e+01 -5.480000e+00 2.780870e+01
      vertex   2.262059e+01 -5.480000e+00 5.752623e+00
      vertex   2.292090e+01 -5.480000e+00 5.522191e+00
    endloop
  endfacet
  facet normal 0.000000e+00 -1.000000e+00 0.000000e+00
    outer loop
      vertex   2.292090e+01 -5.480000e+00 5.522191e+00
      vertex   2.315133e+01 -5.480000e+00 5.221887e+00
      vertex   2.601559e+01 -5.480000e+00 2.780870e+01
    endloop
  endfacet
  facet normal 0.000000e+00 -1.000000e+00 0.000000e+00
    outer loop
      vertex   2.601559e+01 -5.480000e+00 2.780870e+01
      vertex   2.315133e+01 -5.480000e+00 5.221887e+00
      vertex   2.329619e+01 -5.480000e+00 4.872174e+00
    endloop
  endfacet
  facet normal 0.000000e+00 -1.000000e+00 0.000000e+00
    outer loop
      vertex   2.601559e+01 -5.480000e+00 2.780870e+01
      vertex   2.329619e+01 -5.480000e+00 4.872174e+00
      vertex   2.334559e+01 -5.480000e+00 4.496887e+00
    endloop
  endfacet
  facet normal 0.000000e+00 -1.000000e+00 -0.000000e+00
    outer loop
      vertex   2.601559e+01 -5.480000e+00 2.780870e+01
      vertex   2.334559e+01 -5.480000e+00 4.496887e+00
      vertex   2.601559e+01 -5.480000e+00 -1.454725e+01
    endloop
  endfacet
  facet normal 0.000000e+00 -1.000000e+00 0.000000e+00
    outer loop
      vertex   2.601559e+01 -5.480000e+00 -1.454725e+01
      vertex   2.334559e+01 -5.480000e+00 4.496887e+00
      vertex   2.329619e+01 -5.480000e+00 4.121599e+00
    endloop
  endfacet
  facet normal 0.000000e+00 -1.000000e+00 0.000000e+00
    outer loop
      vertex   2.601559e+01 -5.480000e+00 -1.454725e+01
      vertex   2.329619e+01 -5.480000e+00 4.121599e+00
      vertex   2.328618e+01 -5.480000e+00 -9.171962e+00
    endloop
  endfacet
  facet normal 0.000000e+00 -1.000000e+00 0.000000e+00
    outer loop
      vertex   2.328618e+01 -5.480000e+00 -9.171962e+00
      vertex   2.329619e+01 -5.480000e+00 4.121599e+00
      vertex   2.315133e+01 -5.480000e+00 3.771887e+00
    endloop
  endfacet
  facet normal 0.000000e+00 -1.000000e+00 0.000000e+00
    outer loop
      vertex   2.328618e+01 -5.480000e+00 -9.171962e+00
      vertex   2.315133e+01 -5.480000e+00 3.771887e+00
      vertex   2.314133e+01 -5.480000e+00 -8.822250e+00
    endloop
  endfacet
  facet normal 0.000000e+00 -1.000000e+00 0.000000e+00
    outer loop
      vertex   2.314133e+01 -5.480000e+00 -8.822250e+00
      vertex   2.315133e+01 -5.480000e+00 3.771887e+00
      vertex   2.292090e+01 -5.480000e+00 3.471582e+00
    endloop
  endfacet
  facet normal 0.000000e+00 -1.000000e+00 0.000000e+00
    outer loop
      vertex   2.314133e+01 -5.480000e+00 -8.822250e+00
      vertex   2.292090e+01 -5.480000e+00 3.471582e+00
      vertex   2.291090e+01 -5.480000e+00 -8.521945e+00
    endloop
  endfacet
  facet normal 0.000000e+00 -1.000000e+00 0.000000e+00
    outer loop
      vertex   2.291090e+01 -5.480000e+00 -8.521945e+00
      vertex   2.292090e+01 -5.480000e+00 3.471582e+00
      vertex   2.262059e+01 -5.480000e+00 3.241150e+00
    endloop
  endfacet
  facet normal 0.000000e+00 -1.000000e+00 0.000000e+00
    outer loop
      vertex   2.291090e+01 -5.480000e+00 -8.521945e+00
      vertex   2.262059e+01 -5.480000e+00 3.241150e+00
      vertex   2.261059e+01 -5.480000e+00 -8.291513e+00
    endloop
  endfacet
  facet normal 0.000000e+00 -1.000000e+00 0.000000e+00
    outer loop
      vertex   2.261059e+01 -5.480000e+00 -8.291513e+00
      vertex   2.262059e+01 -5.480000e+00 3.241150e+00
      vertex   2.227088e+01 -5.480000e+00 3.096294e+00
    endloop
  endfacet
  facet normal 0.000000e+00 -1.000000e+00 0.000000e+00
    outer loop
      vertex   2.261059e+01 -5.480000e+00 -8.291513e+00
      vertex   2.227088e+01 -5.480000e+00 3.096294e+00
      vertex   2.226088e+01 -5.480000e+00 -8.146657e+00
    endloop
  endfacet
  facet normal 0.000000e+00 -1.000000e+00 0.000000e+00
    outer loop
      vertex   2.226088e+01 -5.480000e+00 -8.146657e+00
      vertex   2.227088e+01 -5.480000e+00 3.096294e+00
      vertex   2.189559e+01 -5.480000e+00 3.046887e+00
    endloop
  endfacet
  facet normal 0.000000e+00 -1.000000e+00 0.000000e+00
    outer loop
      vertex   2.226088e+01 -5.480000e+00 -8.146657e+00
      vertex   2.189559e+01 -5.480000e+00 3.046887e+00
      vertex   2.188559e+01 -5.480000e+00 -8.097250e+00
    endloop
  endfacet
  facet normal 0.000000e+00 -1.000000e+00 0.000000e+00
    outer loop
      vertex   2.188559e+01 -5.480000e+00 -8.097250e+00
      vertex   2.189559e+01 -5.480000e+00 3.046887e+00
      vertex   2.152031e+01 -5.480000e+00 3.096294e+00
    endloop
  endfacet
  facet normal -0.000000e+00 -1.000000e+00 0.000000e+00
    outer loop
      vertex   2.188559e+01 -5.480000e+00 -8.097250e+00
      vertex   2.152031e+01 -5.480000e+00 3.096294e+00
      vertex   2.151030e+01 -5.480000e+00 -8.146657e+00
    endloop
  endfacet
  facet normal 0.000000e+00 -1.000000e+00 0.000000e+00
    outer loop
      vertex   2.151030e+01 -5.480000e+00 -8.146657e+00
      vertex   2.152031e+01 -5.480000e+00 3.096294e+00
      vertex   1.775559e+01 -5.480000e+00 -4.547250e+00
    endloop
  endfacet
  facet normal -0.000000e+00 -1.000000e+00 0.000000e+00
    outer loop
      vertex   2.151030e+01 -5.480000e+00 -8.146657e+00
      vertex   1.775559e+01 -5.480000e+00 -4.547250e+00
      vertex   2.116059e+01 -5.480000e+00 -8.291513e+00
    endloop
  endfacet
  facet normal -0.000000e+00 -1.000000e+00 0.000000e+00
    outer loop
      vertex   2.116059e+01 -5.480000e+00 -8.291513e+00
      vertex   1.775559e+01 -5.480000e+00 -4.547250e+00
      vertex   2.086029e+01 -5.480000e+00 -8.521945e+00
    endloop
  endfacet
  facet normal -0.000000e+00 -1.000000e+00 0.000000e+00
    outer loop
      vertex   2.086029e+01 -5.480000e+00 -8.521945e+00
      vertex   1.775559e+01 -5.480000e+00 -4.547250e+00
      vertex   2.062985e+01 -5.480000e+00 -8.822250e+00
    endloop
  endfacet
  facet normal -0.000000e+00 -1.000000e+00 0.000000e+00
    outer loop
      vertex   2.062985e+01 -5.480000e+00 -8.822250e+00
      vertex   1.775559e+01 -5.480000e+00 -4.547250e+00
      vertex   2.048500e+01 -5.480000e+00 -9.171962e+00
    endloop
  endfacet
  facet normal -0.000000e+00 -1.000000e+00 0.000000e+00
    outer loop
      vertex   2.048500e+01 -5.480000e+00 -9.171962e+00
      vertex   1.775559e+01 -5.480000e+00 -4.547250e+00
      vertex   2.043559e+01 -5.480000e+00 -9.547250e+00
    endloop
  endfacet
  facet normal -0.000000e+00 -1.000000e+00 0.000000e+00
    outer loop
      vertex   2.043559e+01 -5.480000e+00 -9.547250e+00
      vertex   1.775559e+01 -5.480000e+00 -4.547250e+00
      vertex   1.775559e+01 -5.480000e+00 -1.454725e+01
    endloop
  endfacet
  facet normal 0.000000e+00 -1.000000e+00 -0.000000e+00
    outer loop
      vertex   2.043559e+01 -5.480000e+00 -9.547250e+00
      vertex   1.775559e+01 -5.480000e+00 -1.454725e+01
      vertex   2.048500e+01 -5.480000e+00 -9.922537e+00
    endloop
  endfacet
  facet normal 0.000000e+00 -1.000000e+00 -0.000000e+00
    outer loop
      vertex   2.048500e+01 -5.480000e+00 -9.922537e+00
      vertex   1.775559e+01 -5.480000e+00 -1.454725e+01
      vertex   2.062985e+01 -5.480000e+00 -1.027225e+01
    endloop
  endfacet
  facet normal 0.000000e+00 -1.000000e+00 -0.000000e+00
    outer loop
      vertex   2.062985e+01 -5.480000e+00 -1.027225e+01
      vertex   1.775559e+01 -5.480000e+00 -1.454725e+01
      vertex   2.086029e+01 -5.480000e+00 -1.057255e+01
    endloop
  endfacet
  facet normal 0.000000e+00 -1.000000e+00 -0.000000e+00
    outer loop
      vertex   2.086029e+01 -5.480000e+00 -1.057255e+01
      vertex   1.775559e+01 -5.480000e+00 -1.454725e+01
      vertex   2.116059e+01 -5.480000e+00 -1.080299e+01
    endloop
  endfacet
  facet normal 0.000000e+00 -1.000000e+00 -0.000000e+00
    outer loop
      vertex   2.116059e+01 -5.480000e+00 -1.080299e+01
      vertex   1.775559e+01 -5.480000e+00 -1.454725e+01
      vertex   2.151030e+01 -5.480000e+00 -1.094784e+01
    endloop
  endfacet
  facet normal 0.000000e+00 -1.000000e+00 -0.000000e+00
    outer loop
      vertex   2.151030e+01 -5.480000e+00 -1.094784e+01
      vertex   1.775559e+01 -5.480000e+00 -1.454725e+01
      vertex   2.188559e+01 -5.480000e+00 -1.099725e+01
    endloop
  endfacet
  facet normal 0.000000e+00 -1.000000e+00 -0.000000e+00
    outer loop
      vertex   2.188559e+01 -5.480000e+00 -1.099725e+01
      vertex   1.775559e+01 -5.480000e+00 -1.454725e+01
      vertex   2.601559e+01 -5.480000e+00 -1.454725e+01
    endloop
  endfacet
  facet normal 0.000000e+00 -1.000000e+00 0.000000e+00
    outer loop
      vertex   2.188559e+01 -5.480000e+00 -1.099725e+01
      vertex   2.601559e+01 -5.480000e+00 -1.454725e+01
      vertex   2.226088e+01 -5.480000e+00 -1.094784e+01
    endloop
  endfacet
  facet normal 0.000000e+00 -1.000000e+00 0.000000e+00
    outer loop
      vertex   2.226088e+01 -5.480000e+00 -1.094784e+01
      vertex   2.601559e+01 -5.480000e+00 -1.454725e+01
      vertex   2.261059e+01 -5.480000e+00 -1.080299e+01
    endloop
  endfacet
  facet normal 0.000000e+00 -1.000000e+00 0.000000e+00
    outer loop
      vertex   2.261059e+01 -5.480000e+00 -1.080299e+01
      vertex   2.601559e+01 -5.480000e+00 -1.454725e+01
      vertex   2.291090e+01 -5.480000e+00 -1.057255e+01
    endloop
  endfacet
  facet normal 0.000000e+00 -1.000000e+00 0.000000e+00
    outer loop
      vertex   2.291090e+01 -5.480000e+00 -1.057255e+01
      vertex   2.601559e+01 -5.480000e+00 -1.454725e+01
      vertex   2.314133e+01 -5.480000e+00 -1.027225e+01
    endloop
  endfacet
  facet normal 0.000000e+00 -1.000000e+00 0.000000e+00
    outer loop
      vertex   2.314133e+01 -5.480000e+00 -1.027225e+01
      vertex   2.601559e+01 -5.480000e+00 -1.454725e+01
      vertex   2.328618e+01 -5.480000e+00 -9.922537e+00
    endloop
  endfacet
  facet normal 0.000000e+00 -1.000000e+00 0.000000e+00
    outer loop
      vertex   2.328618e+01 -5.480000e+00 -9.922537e+00
      vertex   2.601559e+01 -5.480000e+00 -1.454725e+01
      vertex   2.333559e+01 -5.480000e+00 -9.547250e+00
    endloop
  endfacet
  facet normal 0.000000e+00 -1.000000e+00 0.000000e+00
    outer loop
      vertex   2.333559e+01 -5.480000e+00 -9.547250e+00
      vertex   2.601559e+01 -5.480000e+00 -1.454725e+01
      vertex   2.328618e+01 -5.480000e+00 -9.171962e+00
    endloop
  endfacet
  facet normal -0.000000e+00 -1.000000e+00 0.000000e+00
    outer loop
      vertex   2.152031e+01 -5.480000e+00 3.096294e+00
      vertex   2.117059e+01 -5.480000e+00 3.241150e+00
      vertex   1.775559e+01 -5.480000e+00 -4.547250e+00
    endloop
  endfacet
  facet normal 0.000000e+00 -1.000000e+00 0.000000e+00
    outer loop
      vertex   1.775559e+01 -5.480000e+00 -4.547250e+00
      vertex   2.117059e+01 -5.480000e+00 3.241150e+00
      vertex   2.087029e+01 -5.480000e+00 3.471582e+00
    endloop
  endfacet
  facet normal 0.000000e+00 -1.000000e+00 0.000000e+00
    outer loop
      vertex   1.775559e+01 -5.480000e+00 -4.547250e+00
      vertex   2.087029e+01 -5.480000e+00 3.471582e+00
      vertex   2.063986e+01 -5.480000e+00 3.771887e+00
    endloop
  endfacet
  facet normal -0.000000e+00 -1.000000e+00 0.000000e+00
    outer loop
      vertex   2.063986e+01 -5.480000e+00 3.771887e+00
      vertex   2.049500e+01 -5.480000e+00 4.121599e+00
      vertex   1.775559e+01 -5.480000e+00 -4.547250e+00
    endloop
  endfacet
  facet normal 0.000000e+00 -1.000000e+00 0.000000e+00
    outer loop
      vertex   -1.099999e+00 -5.480000e+00 8.950000e+01
      vertex   2.613203e+01 -5.480000e+00 3.021875e+01
      vertex   -7.117706e-01 -5.480000e+00 8.955111e+01
    endloop
  endfacet
  facet normal 0.000000e+00 -1.000000e+00 0.000000e+00
    outer loop
      vertex   -7.117706e-01 -5.480000e+00 8.955111e+01
      vertex   2.613203e+01 -5.480000e+00 3.021875e+01
      vertex   2.648026e+01 -5.480000e+00 3.260635e+01
    endloop
  endfacet
  facet normal 0.000000e+00 -1.000000e+00 0.000000e+00
    outer loop
      vertex   -7.117706e-01 -5.480000e+00 8.955111e+01
      vertex   2.648026e+01 -5.480000e+00 3.260635e+01
      vertex   -3.499992e-01 -5.480000e+00 8.970096e+01
    endloop
  endfacet
  facet normal 0.000000e+00 -1.000000e+00 0.000000e+00
    outer loop
      vertex   -3.499992e-01 -5.480000e+00 8.970096e+01
      vertex   2.648026e+01 -5.480000e+00 3.260635e+01
      vertex   2.705704e+01 -5.480000e+00 3.494926e+01
    endloop
  endfacet
  facet normal 0.000000e+00 -1.000000e+00 0.000000e+00
    outer loop
      vertex   -3.499992e-01 -5.480000e+00 8.970096e+01
      vertex   2.705704e+01 -5.480000e+00 3.494926e+01
      vertex   -3.933898e-02 -5.480000e+00 8.993934e+01
    endloop
  endfacet
  facet normal 0.000000e+00 -1.000000e+00 0.000000e+00
    outer loop
      vertex   -3.933898e-02 -5.480000e+00 8.993934e+01
      vertex   2.705704e+01 -5.480000e+00 3.494926e+01
      vertex   2.785699e+01 -5.480000e+00 3.722566e+01
    endloop
  endfacet
  facet normal 0.000000e+00 -1.000000e+00 0.000000e+00
    outer loop
      vertex   -3.933898e-02 -5.480000e+00 8.993934e+01
      vertex   2.785699e+01 -5.480000e+00 3.722566e+01
      vertex   1.990390e-01 -5.480000e+00 9.025000e+01
    endloop
  endfacet
  facet normal 0.000000e+00 -1.000000e+00 0.000000e+00
    outer loop
      vertex   1.990390e-01 -5.480000e+00 9.025000e+01
      vertex   2.785699e+01 -5.480000e+00 3.722566e+01
      vertex   2.887267e+01 -5.480000e+00 3.941434e+01
    endloop
  endfacet
  facet normal 0.000000e+00 -1.000000e+00 0.000000e+00
    outer loop
      vertex   1.990390e-01 -5.480000e+00 9.025000e+01
      vertex   2.887267e+01 -5.480000e+00 3.941434e+01
      vertex   3.009461e+01 -5.480000e+00 4.149491e+01
    endloop
  endfacet
  facet normal 0.000000e+00 -1.000000e+00 0.000000e+00
    outer loop
      vertex   1.990390e-01 -5.480000e+00 9.025000e+01
      vertex   3.009461e+01 -5.480000e+00 4.149491e+01
      vertex   3.488896e-01 -5.480000e+00 9.061177e+01
    endloop
  endfacet
  facet normal 0.000000e+00 -1.000000e+00 0.000000e+00
    outer loop
      vertex   3.488896e-01 -5.480000e+00 9.061177e+01
      vertex   3.009461e+01 -5.480000e+00 4.149491e+01
      vertex   3.151143e+01 -5.480000e+00 4.344799e+01
    endloop
  endfacet
  facet normal 0.000000e+00 -1.000000e+00 0.000000e+00
    outer loop
      vertex   3.310993e+01 -5.480000e+00 4.525539e+01
      vertex   3.487522e+01 -5.480000e+00 4.690028e+01
      vertex   3.918200e+01 -5.480000e+00 5.758650e+01
    endloop
  endfacet
  facet normal 0.000000e+00 -1.000000e+00 0.000000e+00
    outer loop
      vertex   4.555339e+01 -5.480000e+00 1.117814e+02
      vertex   5.089959e+01 -5.480000e+00 7.464844e+01
      vertex   4.641365e+01 -5.480000e+00 1.110344e+02
    endloop
  endfacet
  facet normal 0.000000e+00 -1.000000e+00 0.000000e+00
    outer loop
      vertex   4.641365e+01 -5.480000e+00 1.110344e+02
      vertex   5.089959e+01 -5.480000e+00 7.464844e+01
      vertex   5.089959e+01 -5.480000e+00 1.050092e+02
    endloop
  endfacet
  facet normal 0.000000e+00 -1.000000e+00 0.000000e+00
    outer loop
      vertex   4.641365e+01 -5.480000e+00 1.110344e+02
      vertex   5.089959e+01 -5.480000e+00 1.050092e+02
      vertex   4.739959e+01 -5.480000e+00 1.104635e+02
    endloop
  endfacet
  facet normal 0.000000e+00 -1.000000e+00 0.000000e+00
    outer loop
      vertex   4.739959e+01 -5.480000e+00 1.104635e+02
      vertex   5.089959e+01 -5.480000e+00 1.050092e+02
      vertex   4.838554e+01 -5.480000e+00 1.098926e+02
    endloop
  endfacet
  facet normal 0.000000e+00 -1.000000e+00 0.000000e+00
    outer loop
      vertex   4.838554e+01 -5.480000e+00 1.098926e+02
      vertex   5.089959e+01 -5.480000e+00 1.050092e+02
      vertex   4.924579e+01 -5.480000e+00 1.091457e+02
    endloop
  endfacet
  facet normal 0.000000e+00 -1.000000e+00 0.000000e+00
    outer loop
      vertex   4.924579e+01 -5.480000e+00 1.091457e+02
      vertex   5.089959e+01 -5.480000e+00 1.050092e+02
      vertex   4.994934e+01 -5.480000e+00 1.082496e+02
    endloop
  endfacet
  facet normal 0.000000e+00 -1.000000e+00 0.000000e+00
    outer loop
      vertex   4.994934e+01 -5.480000e+00 1.082496e+02
      vertex   5.089959e+01 -5.480000e+00 1.050092e+02
      vertex   5.047082e+01 -5.480000e+00 1.072366e+02
    endloop
  endfacet
  facet normal 0.000000e+00 -1.000000e+00 0.000000e+00
    outer loop
      vertex   5.047082e+01 -5.480000e+00 1.072366e+02
      vertex   5.089959e+01 -5.480000e+00 1.050092e+02
      vertex   5.079142e+01 -5.480000e+00 1.061433e+02
    endloop
  endfacet
  facet normal 0.000000e+00 -1.000000e+00 0.000000e+00
    outer loop
      vertex   4.484984e+01 -5.480000e+00 1.126775e+02
      vertex   4.432836e+01 -5.480000e+00 1.136905e+02
      vertex   3.915000e+01 -5.480000e+00 1.194144e+02
    endloop
  endfacet
  facet normal 0.000000e+00 -1.000000e+00 0.000000e+00
    outer loop
      vertex   3.915000e+01 -5.480000e+00 1.194144e+02
      vertex   4.432836e+01 -5.480000e+00 1.136905e+02
      vertex   3.951177e+01 -5.480000e+00 1.192646e+02
    endloop
  endfacet
  facet normal 0.000000e+00 -1.000000e+00 0.000000e+00
    outer loop
      vertex   3.951177e+01 -5.480000e+00 1.192646e+02
      vertex   4.432836e+01 -5.480000e+00 1.136905e+02
      vertex   3.990000e+01 -5.480000e+00 1.192135e+02
    endloop
  endfacet
  facet normal 0.000000e+00 -1.000000e+00 0.000000e+00
    outer loop
      vertex   3.990000e+01 -5.480000e+00 1.192135e+02
      vertex   4.432836e+01 -5.480000e+00 1.136905e+02
      vertex   4.400776e+01 -5.480000e+00 1.147837e+02
    endloop
  endfacet
  facet normal 0.000000e+00 -1.000000e+00 0.000000e+00
    outer loop
      vertex   3.990000e+01 -5.480000e+00 1.192135e+02
      vertex   4.400776e+01 -5.480000e+00 1.147837e+02
      vertex   4.028823e+01 -5.480000e+00 1.192646e+02
    endloop
  endfacet
  facet normal 0.000000e+00 -1.000000e+00 0.000000e+00
    outer loop
      vertex   4.028823e+01 -5.480000e+00 1.192646e+02
      vertex   4.400776e+01 -5.480000e+00 1.147837e+02
      vertex   4.065000e+01 -5.480000e+00 1.194144e+02
    endloop
  endfacet
  facet normal 0.000000e+00 -1.000000e+00 0.000000e+00
    outer loop
      vertex   4.065000e+01 -5.480000e+00 1.194144e+02
      vertex   4.400776e+01 -5.480000e+00 1.147837e+02
      vertex   4.389959e+01 -5.480000e+00 1.159179e+02
    endloop
  endfacet
  facet normal 0.000000e+00 -1.000000e+00 0.000000e+00
    outer loop
      vertex   4.065000e+01 -5.480000e+00 1.194144e+02
      vertex   4.389959e+01 -5.480000e+00 1.159179e+02
      vertex   4.096066e+01 -5.480000e+00 1.196528e+02
    endloop
  endfacet
  facet normal 0.000000e+00 -1.000000e+00 0.000000e+00
    outer loop
      vertex   4.096066e+01 -5.480000e+00 1.196528e+02
      vertex   4.389959e+01 -5.480000e+00 1.159179e+02
      vertex   4.119904e+01 -5.480000e+00 1.199635e+02
    endloop
  endfacet
  facet normal 0.000000e+00 -1.000000e+00 0.000000e+00
    outer loop
      vertex   4.119904e+01 -5.480000e+00 1.199635e+02
      vertex   4.389959e+01 -5.480000e+00 1.159179e+02
      vertex   4.134889e+01 -5.480000e+00 1.203253e+02
    endloop
  endfacet
  facet normal 0.000000e+00 -1.000000e+00 0.000000e+00
    outer loop
      vertex   4.134889e+01 -5.480000e+00 1.203253e+02
      vertex   4.389959e+01 -5.480000e+00 1.159179e+02
      vertex   4.140000e+01 -5.480000e+00 1.207135e+02
    endloop
  endfacet
  facet normal 0.000000e+00 -1.000000e+00 0.000000e+00
    outer loop
      vertex   4.140000e+01 -5.480000e+00 1.207135e+02
      vertex   4.389959e+01 -5.480000e+00 1.159179e+02
      vertex   4.134889e+01 -5.480000e+00 1.211017e+02
    endloop
  endfacet
  facet normal 0.000000e+00 -1.000000e+00 0.000000e+00
    outer loop
      vertex   4.134889e+01 -5.480000e+00 1.211017e+02
      vertex   4.389959e+01 -5.480000e+00 1.159179e+02
      vertex   4.389959e+01 -5.480000e+00 1.659179e+02
    endloop
  endfacet
  facet normal 0.000000e+00 -1.000000e+00 0.000000e+00
    outer loop
      vertex   4.134889e+01 -5.480000e+00 1.211017e+02
      vertex   4.389959e+01 -5.480000e+00 1.659179e+02
      vertex   4.119904e+01 -5.480000e+00 1.214635e+02
    endloop
  endfacet
  facet normal 0.000000e+00 -1.000000e+00 0.000000e+00
    outer loop
      vertex   4.119904e+01 -5.480000e+00 1.214635e+02
      vertex   4.389959e+01 -5.480000e+00 1.659179e+02
      vertex   4.096066e+01 -5.480000e+00 1.217741e+02
    endloop
  endfacet
  facet normal 0.000000e+00 -1.000000e+00 0.000000e+00
    outer loop
      vertex   4.096066e+01 -5.480000e+00 1.217741e+02
      vertex   4.389959e+01 -5.480000e+00 1.659179e+02
      vertex   3.919904e+01 -5.480000e+00 1.602500e+02
    endloop
  endfacet
  facet normal 0.000000e+00 -1.000000e+00 0.000000e+00
    outer loop
      vertex   4.096066e+01 -5.480000e+00 1.217741e+02
      vertex   3.919904e+01 -5.480000e+00 1.602500e+02
      vertex   3.896066e+01 -5.480000e+00 1.599393e+02
    endloop
  endfacet
  facet normal -0.000000e+00 -1.000000e+00 -0.000000e+00
    outer loop
      vertex   4.379737e+01 -5.480000e+00 1.666944e+02
      vertex   4.349767e+01 -5.480000e+00 1.674179e+02
      vertex   4.389959e+01 -5.480000e+00 1.659179e+02
    endloop
  endfacet
  facet normal 0.000000e+00 -1.000000e+00 0.000000e+00
    outer loop
      vertex   4.389959e+01 -5.480000e+00 1.659179e+02
      vertex   4.349767e+01 -5.480000e+00 1.674179e+02
      vertex   4.302091e+01 -5.480000e+00 1.680392e+02
    endloop
  endfacet
  facet normal 0.000000e+00 -1.000000e+00 0.000000e+00
    outer loop
      vertex   4.389959e+01 -5.480000e+00 1.659179e+02
      vertex   4.302091e+01 -5.480000e+00 1.680392e+02
      vertex   4.239959e+01 -5.480000e+00 1.685160e+02
    endloop
  endfacet
  facet normal -0.000000e+00 -1.000000e+00 0.000000e+00
    outer loop
      vertex   4.389959e+01 -5.480000e+00 1.659179e+02
      vertex   4.239959e+01 -5.480000e+00 1.685160e+02
      vertex   3.934889e+01 -5.480000e+00 1.613882e+02
    endloop
  endfacet
  facet normal 0.000000e+00 -1.000000e+00 0.000000e+00
    outer loop
      vertex   3.934889e+01 -5.480000e+00 1.613882e+02
      vertex   4.239959e+01 -5.480000e+00 1.685160e+02
      vertex   4.167605e+01 -5.480000e+00 1.688157e+02
    endloop
  endfacet
  facet normal 0.000000e+00 -1.000000e+00 0.000000e+00
    outer loop
      vertex   3.934889e+01 -5.480000e+00 1.613882e+02
      vertex   4.167605e+01 -5.480000e+00 1.688157e+02
      vertex   3.919904e+01 -5.480000e+00 1.617500e+02
    endloop
  endfacet
  facet normal 0.000000e+00 -1.000000e+00 0.000000e+00
    outer loop
      vertex   3.919904e+01 -5.480000e+00 1.617500e+02
      vertex   4.167605e+01 -5.480000e+00 1.688157e+02
      vertex   4.089959e+01 -5.480000e+00 1.689179e+02
    endloop
  endfacet
  facet normal 0.000000e+00 -1.000000e+00 0.000000e+00
    outer loop
      vertex   3.919904e+01 -5.480000e+00 1.617500e+02
      vertex   4.089959e+01 -5.480000e+00 1.689179e+02
      vertex   3.896066e+01 -5.480000e+00 1.620607e+02
    endloop
  endfacet
  facet normal 0.000000e+00 -1.000000e+00 0.000000e+00
    outer loop
      vertex   3.896066e+01 -5.480000e+00 1.620607e+02
      vertex   4.089959e+01 -5.480000e+00 1.689179e+02
      vertex   3.865000e+01 -5.480000e+00 1.622990e+02
    endloop
  endfacet
  facet normal 0.000000e+00 -1.000000e+00 0.000000e+00
    outer loop
      vertex   3.865000e+01 -5.480000e+00 1.622990e+02
      vertex   4.089959e+01 -5.480000e+00 1.689179e+02
      vertex   3.828823e+01 -5.480000e+00 1.624489e+02
    endloop
  endfacet
  facet normal 0.000000e+00 -1.000000e+00 0.000000e+00
    outer loop
      vertex   3.828823e+01 -5.480000e+00 1.624489e+02
      vertex   4.089959e+01 -5.480000e+00 1.689179e+02
      vertex   3.790000e+01 -5.480000e+00 1.625000e+02
    endloop
  endfacet
  facet normal -0.000000e+00 -1.000000e+00 0.000000e+00
    outer loop
      vertex   3.790000e+01 -5.480000e+00 1.625000e+02
      vertex   4.089959e+01 -5.480000e+00 1.689179e+02
      vertex   3.751177e+01 -5.480000e+00 1.624489e+02
    endloop
  endfacet
  facet normal -0.000000e+00 -1.000000e+00 0.000000e+00
    outer loop
      vertex   3.751177e+01 -5.480000e+00 1.624489e+02
      vertex   4.089959e+01 -5.480000e+00 1.689179e+02
      vertex   3.715000e+01 -5.480000e+00 1.622990e+02
    endloop
  endfacet
  facet normal -0.000000e+00 -1.000000e+00 0.000000e+00
    outer loop
      vertex   3.715000e+01 -5.480000e+00 1.622990e+02
      vertex   4.089959e+01 -5.480000e+00 1.689179e+02
      vertex   3.683934e+01 -5.480000e+00 1.620607e+02
    endloop
  endfacet
  facet normal -0.000000e+00 -1.000000e+00 0.000000e+00
    outer loop
      vertex   3.683934e+01 -5.480000e+00 1.620607e+02
      vertex   4.089959e+01 -5.480000e+00 1.689179e+02
      vertex   3.660096e+01 -5.480000e+00 1.617500e+02
    endloop
  endfacet
  facet normal -0.000000e+00 -1.000000e+00 0.000000e+00
    outer loop
      vertex   3.660096e+01 -5.480000e+00 1.617500e+02
      vertex   4.089959e+01 -5.480000e+00 1.689179e+02
      vertex   1.540000e+01 -5.480000e+00 1.530000e+02
    endloop
  endfacet
  facet normal 0.000000e+00 -1.000000e+00 0.000000e+00
    outer loop
      vertex   3.660096e+01 -5.480000e+00 1.617500e+02
      vertex   1.540000e+01 -5.480000e+00 1.530000e+02
      vertex   3.645111e+01 -5.480000e+00 1.613882e+02
    endloop
  endfacet
  facet normal 2.421147e-07 -1.000000e+00 -6.076117e-07
    outer loop
      vertex   3.645111e+01 -5.480000e+00 1.613882e+02
      vertex   1.540000e+01 -5.480000e+00 1.530000e+02
      vertex   3.640000e+01 -5.480000e+00 1.610000e+02
    endloop
  endfacet
  facet normal 0.000000e+00 -1.000000e+00 2.793968e-08
    outer loop
      vertex   3.640000e+01 -5.480000e+00 1.610000e+02
      vertex   1.540000e+01 -5.480000e+00 1.530000e+02
      vertex   3.540000e+01 -5.480000e+00 1.530000e+02
    endloop
  endfacet
  facet normal -2.134392e-06 -1.000000e+00 2.947386e-07
    outer loop
      vertex   3.640000e+01 -5.480000e+00 1.610000e+02
      vertex   3.540000e+01 -5.480000e+00 1.530000e+02
      vertex   3.645111e+01 -5.480000e+00 1.606118e+02
    endloop
  endfacet
  facet normal 0.000000e+00 -1.000000e+00 -0.000000e+00
    outer loop
      vertex   3.645111e+01 -5.480000e+00 1.606118e+02
      vertex   3.540000e+01 -5.480000e+00 1.530000e+02
      vertex   3.660096e+01 -5.480000e+00 1.602500e+02
    endloop
  endfacet
  facet normal 0.000000e+00 -1.000000e+00 -0.000000e+00
    outer loop
      vertex   3.660096e+01 -5.480000e+00 1.602500e+02
      vertex   3.540000e+01 -5.480000e+00 1.530000e+02
      vertex   3.683934e+01 -5.480000e+00 1.599393e+02
    endloop
  endfacet
  facet normal 0.000000e+00 -1.000000e+00 -0.000000e+00
    outer loop
      vertex   3.683934e+01 -5.480000e+00 1.599393e+02
      vertex   3.540000e+01 -5.480000e+00 1.530000e+02
      vertex   3.715000e+01 -5.480000e+00 1.597010e+02
    endloop
  endfacet
  facet normal 0.000000e+00 -1.000000e+00 -0.000000e+00
    outer loop
      vertex   3.715000e+01 -5.480000e+00 1.597010e+02
      vertex   3.540000e+01 -5.480000e+00 1.530000e+02
      vertex   3.751177e+01 -5.480000e+00 1.595511e+02
    endloop
  endfacet
  facet normal 0.000000e+00 -1.000000e+00 -0.000000e+00
    outer loop
      vertex   3.751177e+01 -5.480000e+00 1.595511e+02
      vertex   3.540000e+01 -5.480000e+00 1.530000e+02
      vertex   3.790000e+01 -5.480000e+00 1.595000e+02
    endloop
  endfacet
  facet normal 0.000000e+00 -1.000000e+00 -0.000000e+00
    outer loop
      vertex   3.790000e+01 -5.480000e+00 1.595000e+02
      vertex   3.540000e+01 -5.480000e+00 1.530000e+02
      vertex   3.828823e+01 -5.480000e+00 1.595511e+02
    endloop
  endfacet
  facet normal 0.000000e+00 -1.000000e+00 -0.000000e+00
    outer loop
      vertex   3.828823e+01 -5.480000e+00 1.595511e+02
      vertex   3.540000e+01 -5.480000e+00 1.530000e+02
      vertex   3.865000e+01 -5.480000e+00 1.597010e+02
    endloop
  endfacet
  facet normal 0.000000e+00 -1.000000e+00 -0.000000e+00
    outer loop
      vertex   3.865000e+01 -5.480000e+00 1.597010e+02
      vertex   3.540000e+01 -5.480000e+00 1.530000e+02
      vertex   3.896066e+01 -5.480000e+00 1.599393e+02
    endloop
  endfacet
  facet normal 0.000000e+00 -1.000000e+00 -0.000000e+00
    outer loop
      vertex   3.896066e+01 -5.480000e+00 1.599393e+02
      vertex   3.540000e+01 -5.480000e+00 1.530000e+02
      vertex   4.096066e+01 -5.480000e+00 1.217741e+02
    endloop
  endfacet
  facet normal 0.000000e+00 -1.000000e+00 0.000000e+00
    outer loop
      vertex   -4.110041e+01 -5.480000e+00 1.689179e+02
      vertex   -9.999987e-02 -5.480000e+00 1.625000e+02
      vertex   4.089959e+01 -5.480000e+00 1.689179e+02
    endloop
  endfacet
  facet normal 0.000000e+00 -1.000000e+00 0.000000e+00
    outer loop
      vertex   4.089959e+01 -5.480000e+00 1.689179e+02
      vertex   -9.999987e-02 -5.480000e+00 1.625000e+02
      vertex   2.882287e-01 -5.480000e+00 1.624489e+02
    endloop
  endfacet
  facet normal 0.000000e+00 -1.000000e+00 0.000000e+00
    outer loop
      vertex   4.089959e+01 -5.480000e+00 1.689179e+02
      vertex   2.882287e-01 -5.480000e+00 1.624489e+02
      vertex   6.500001e-01 -5.480000e+00 1.622990e+02
    endloop
  endfacet
  facet normal 0.000000e+00 -1.000000e+00 0.000000e+00
    outer loop
      vertex   -4.187687e+01 -5.480000e+00 1.688157e+02
      vertex   -3.939904e+01 -5.480000e+00 1.617500e+02
      vertex   -4.110041e+01 -5.480000e+00 1.689179e+02
    endloop
  endfacet
  facet normal 0.000000e+00 -1.000000e+00 0.000000e+00
    outer loop
      vertex   -4.110041e+01 -5.480000e+00 1.689179e+02
      vertex   -3.939904e+01 -5.480000e+00 1.617500e+02
      vertex   -3.916066e+01 -5.480000e+00 1.620607e+02
    endloop
  endfacet
  facet normal 0.000000e+00 -1.000000e+00 0.000000e+00
    outer loop
      vertex   -4.110041e+01 -5.480000e+00 1.689179e+02
      vertex   -3.916066e+01 -5.480000e+00 1.620607e+02
      vertex   -3.885000e+01 -5.480000e+00 1.622990e+02
    endloop
  endfacet
  facet normal -0.000000e+00 -1.000000e+00 0.000000e+00
    outer loop
      vertex   -3.939904e+01 -5.480000e+00 1.617500e+02
      vertex   -4.187687e+01 -5.480000e+00 1.688157e+02
      vertex   -3.954889e+01 -5.480000e+00 1.613882e+02
    endloop
  endfacet
  facet normal 0.000000e+00 -1.000000e+00 0.000000e+00
    outer loop
      vertex   -3.954889e+01 -5.480000e+00 1.613882e+02
      vertex   -4.187687e+01 -5.480000e+00 1.688157e+02
      vertex   -4.260041e+01 -5.480000e+00 1.685160e+02
    endloop
  endfacet
  facet normal 0.000000e+00 -1.000000e+00 0.000000e+00
    outer loop
      vertex   -3.954889e+01 -5.480000e+00 1.613882e+02
      vertex   -4.260041e+01 -5.480000e+00 1.685160e+02
      vertex   -4.410041e+01 -5.480000e+00 1.659179e+02
    endloop
  endfacet
  facet normal 0.000000e+00 -1.000000e+00 0.000000e+00
    outer loop
      vertex   -4.410041e+01 -5.480000e+00 1.659179e+02
      vertex   -4.260041e+01 -5.480000e+00 1.685160e+02
      vertex   -4.322173e+01 -5.480000e+00 1.680392e+02
    endloop
  endfacet
  facet normal 0.000000e+00 -1.000000e+00 0.000000e+00
    outer loop
      vertex   -4.410041e+01 -5.480000e+00 1.659179e+02
      vertex   -4.322173e+01 -5.480000e+00 1.680392e+02
      vertex   -4.369849e+01 -5.480000e+00 1.674179e+02
    endloop
  endfacet
  facet normal 0.000000e+00 -1.000000e+00 0.000000e+00
    outer loop
      vertex   -4.369849e+01 -5.480000e+00 1.674179e+02
      vertex   -4.399819e+01 -5.480000e+00 1.666944e+02
      vertex   -4.410041e+01 -5.480000e+00 1.659179e+02
    endloop
  endfacet
  facet normal 0.000000e+00 -1.000000e+00 0.000000e+00
    outer loop
      vertex   -4.410041e+01 -5.480000e+00 1.159179e+02
      vertex   -3.939904e+01 -5.480000e+00 1.602500e+02
      vertex   -4.410041e+01 -5.480000e+00 1.659179e+02
    endloop
  endfacet
  facet normal 0.000000e+00 -1.000000e+00 0.000000e+00
    outer loop
      vertex   -4.410041e+01 -5.480000e+00 1.659179e+02
      vertex   -3.939904e+01 -5.480000e+00 1.602500e+02
      vertex   -3.954889e+01 -5.480000e+00 1.606118e+02
    endloop
  endfacet
  facet normal 0.000000e+00 -1.000000e+00 0.000000e+00
    outer loop
      vertex   -4.410041e+01 -5.480000e+00 1.659179e+02
      vertex   -3.954889e+01 -5.480000e+00 1.606118e+02
      vertex   -3.960000e+01 -5.480000e+00 1.610000e+02
    endloop
  endfacet
  facet normal 0.000000e+00 -1.000000e+00 0.000000e+00
    outer loop
      vertex   -4.420341e+01 -5.480000e+00 1.148109e+02
      vertex   -3.066066e+01 -5.480000e+00 1.289393e+02
      vertex   -4.410041e+01 -5.480000e+00 1.159179e+02
    endloop
  endfacet
  facet normal 0.000000e+00 -1.000000e+00 0.000000e+00
    outer loop
      vertex   -4.410041e+01 -5.480000e+00 1.159179e+02
      vertex   -3.066066e+01 -5.480000e+00 1.289393e+02
      vertex   -3.089904e+01 -5.480000e+00 1.292500e+02
    endloop
  endfacet
  facet normal 0.000000e+00 -1.000000e+00 0.000000e+00
    outer loop
      vertex   -4.410041e+01 -5.480000e+00 1.159179e+02
      vertex   -3.089904e+01 -5.480000e+00 1.292500e+02
      vertex   -3.104889e+01 -5.480000e+00 1.296118e+02
    endloop
  endfacet
  facet normal 0.000000e+00 -1.000000e+00 0.000000e+00
    outer loop
      vertex   -4.450886e+01 -5.480000e+00 1.137420e+02
      vertex   -2.998823e+01 -5.480000e+00 1.285511e+02
      vertex   -4.420341e+01 -5.480000e+00 1.148109e+02
    endloop
  endfacet
  facet normal 0.000000e+00 -1.000000e+00 0.000000e+00
    outer loop
      vertex   -4.420341e+01 -5.480000e+00 1.148109e+02
      vertex   -2.998823e+01 -5.480000e+00 1.285511e+02
      vertex   -3.035000e+01 -5.480000e+00 1.287010e+02
    endloop
  endfacet
  facet normal 0.000000e+00 -1.000000e+00 0.000000e+00
    outer loop
      vertex   -4.420341e+01 -5.480000e+00 1.148109e+02
      vertex   -3.035000e+01 -5.480000e+00 1.287010e+02
      vertex   -3.066066e+01 -5.480000e+00 1.289393e+02
    endloop
  endfacet
  facet normal 5.047043e-09 -1.000000e+00 -2.525064e-09
    outer loop
      vertex   -4.500629e+01 -5.480000e+00 1.127477e+02
      vertex   -1.160000e+01 -5.480000e+00 9.100000e+01
      vertex   -4.450886e+01 -5.480000e+00 1.137420e+02
    endloop
  endfacet
  facet normal 3.999718e-09 -1.000000e+00 -4.040599e-09
    outer loop
      vertex   -4.450886e+01 -5.480000e+00 1.137420e+02
      vertex   -1.160000e+01 -5.480000e+00 9.100000e+01
      vertex   -2.960000e+01 -5.480000e+00 1.285000e+02
    endloop
  endfacet
  facet normal 0.000000e+00 -1.000000e+00 0.000000e+00
    outer loop
      vertex   -4.450886e+01 -5.480000e+00 1.137420e+02
      vertex   -2.960000e+01 -5.480000e+00 1.285000e+02
      vertex   -2.998823e+01 -5.480000e+00 1.285511e+02
    endloop
  endfacet
  facet normal 0.000000e+00 -1.000000e+00 0.000000e+00
    outer loop
      vertex   -5.080041e+01 -5.480000e+00 7.406315e+01
      vertex   -4.650276e+01 -5.480000e+00 1.111161e+02
      vertex   -5.080041e+01 -5.480000e+00 1.051517e+02
    endloop
  endfacet
  facet normal 0.000000e+00 -1.000000e+00 0.000000e+00
    outer loop
      vertex   -5.080041e+01 -5.480000e+00 1.051517e+02
      vertex   -4.650276e+01 -5.480000e+00 1.111161e+02
      vertex   -4.745041e+01 -5.480000e+00 1.105348e+02
    endloop
  endfacet
  facet normal 0.000000e+00 -1.000000e+00 0.000000e+00
    outer loop
      vertex   -5.080041e+01 -5.480000e+00 1.051517e+02
      vertex   -4.745041e+01 -5.480000e+00 1.105348e+02
      vertex   -4.839806e+01 -5.480000e+00 1.099535e+02
    endloop
  endfacet
  facet normal 0.000000e+00 -1.000000e+00 0.000000e+00
    outer loop
      vertex   -4.839806e+01 -5.480000e+00 1.099535e+02
      vertex   -4.922220e+01 -5.480000e+00 1.092073e+02
      vertex   -5.080041e+01 -5.480000e+00 1.051517e+02
    endloop
  endfacet
  facet normal 0.000000e+00 -1.000000e+00 0.000000e+00
    outer loop
      vertex   -5.080041e+01 -5.480000e+00 1.051517e+02
      vertex   -4.922220e+01 -5.480000e+00 1.092073e+02
      vertex   -4.989452e+01 -5.480000e+00 1.083219e+02
    endloop
  endfacet
  facet normal 0.000000e+00 -1.000000e+00 0.000000e+00
    outer loop
      vertex   -5.080041e+01 -5.480000e+00 1.051517e+02
      vertex   -4.989452e+01 -5.480000e+00 1.083219e+02
      vertex   -5.039195e+01 -5.480000e+00 1.073277e+02
    endloop
  endfacet
  facet normal 0.000000e+00 -1.000000e+00 0.000000e+00
    outer loop
      vertex   -5.039195e+01 -5.480000e+00 1.073277e+02
      vertex   -5.069741e+01 -5.480000e+00 1.062587e+02
      vertex   -5.080041e+01 -5.480000e+00 1.051517e+02
    endloop
  endfacet
  facet normal 0.000000e+00 -1.000000e+00 -0.000000e+00
    outer loop
      vertex   -1.139904e+01 -5.480000e+00 9.025000e+01
      vertex   -3.013130e+01 -5.480000e+00 4.151813e+01
      vertex   -1.116066e+01 -5.480000e+00 8.993934e+01
    endloop
  endfacet
  facet normal 0.000000e+00 -1.000000e+00 0.000000e+00
    outer loop
      vertex   -1.116066e+01 -5.480000e+00 8.993934e+01
      vertex   -3.013130e+01 -5.480000e+00 4.151813e+01
      vertex   -2.889825e+01 -5.480000e+00 3.943076e+01
    endloop
  endfacet
  facet normal 0.000000e+00 -1.000000e+00 -0.000000e+00
    outer loop
      vertex   -1.116066e+01 -5.480000e+00 8.993934e+01
      vertex   -2.889825e+01 -5.480000e+00 3.943076e+01
      vertex   -1.085000e+01 -5.480000e+00 8.970096e+01
    endloop
  endfacet
  facet normal 0.000000e+00 -1.000000e+00 0.000000e+00
    outer loop
      vertex   -1.085000e+01 -5.480000e+00 8.970096e+01
      vertex   -2.889825e+01 -5.480000e+00 3.943076e+01
      vertex   -2.787318e+01 -5.480000e+00 3.723378e+01
    endloop
  endfacet
  facet normal 0.000000e+00 -1.000000e+00 -0.000000e+00
    outer loop
      vertex   -1.085000e+01 -5.480000e+00 8.970096e+01
      vertex   -2.787318e+01 -5.480000e+00 3.723378e+01
      vertex   -1.048823e+01 -5.480000e+00 8.955111e+01
    endloop
  endfacet
  facet normal 0.000000e+00 -1.000000e+00 -0.000000e+00
    outer loop
      vertex   -1.048823e+01 -5.480000e+00 8.955111e+01
      vertex   -2.787318e+01 -5.480000e+00 3.723378e+01
      vertex   -1.010000e+01 -5.480000e+00 8.950000e+01
    endloop
  endfacet
  facet normal 0.000000e+00 -1.000000e+00 0.000000e+00
    outer loop
      vertex   -1.010000e+01 -5.480000e+00 8.950000e+01
      vertex   -2.787318e+01 -5.480000e+00 3.723378e+01
      vertex   -2.706574e+01 -5.480000e+00 3.494784e+01
    endloop
  endfacet
  facet normal 0.000000e+00 -1.000000e+00 -0.000000e+00
    outer loop
      vertex   -1.010000e+01 -5.480000e+00 8.950000e+01
      vertex   -2.706574e+01 -5.480000e+00 3.494784e+01
      vertex   -9.711771e+00 -5.480000e+00 8.955111e+01
    endloop
  endfacet
  facet normal 0.000000e+00 -1.000000e+00 0.000000e+00
    outer loop
      vertex   -9.711771e+00 -5.480000e+00 8.955111e+01
      vertex   -2.706574e+01 -5.480000e+00 3.494784e+01
      vertex   -2.648350e+01 -5.480000e+00 3.259443e+01
    endloop
  endfacet
  facet normal 0.000000e+00 -1.000000e+00 0.000000e+00
    outer loop
      vertex   -1.775441e+01 -5.480000e+00 -1.454725e+01
      vertex   -2.200836e+01 -5.480000e+00 -1.099194e+01
      vertex   -2.601441e+01 -5.480000e+00 -1.454725e+01
    endloop
  endfacet
  facet normal 0.000000e+00 -1.000000e+00 0.000000e+00
    outer loop
      vertex   -2.601441e+01 -5.480000e+00 -1.454725e+01
      vertex   -2.200836e+01 -5.480000e+00 -1.099194e+01
      vertex   -2.237805e+01 -5.480000e+00 -1.091063e+01
    endloop
  endfacet
  facet normal 0.000000e+00 -1.000000e+00 0.000000e+00
    outer loop
      vertex   -2.601441e+01 -5.480000e+00 -1.454725e+01
      vertex   -2.237805e+01 -5.480000e+00 -1.091063e+01
      vertex   -2.271410e+01 -5.480000e+00 -1.073641e+01
    endloop
  endfacet
  facet normal 0.000000e+00 -1.000000e+00 -0.000000e+00
    outer loop
      vertex   -1.775441e+01 -5.480000e+00 -4.547250e+00
      vertex   -2.043972e+01 -5.480000e+00 -9.671202e+00
      vertex   -1.775441e+01 -5.480000e+00 -1.454725e+01
    endloop
  endfacet
  facet normal 0.000000e+00 -1.000000e+00 0.000000e+00
    outer loop
      vertex   -1.775441e+01 -5.480000e+00 -1.454725e+01
      vertex   -2.043972e+01 -5.480000e+00 -9.671202e+00
      vertex   -2.052102e+01 -5.480000e+00 -1.004089e+01
    endloop
  endfacet
  facet normal 0.000000e+00 -1.000000e+00 0.000000e+00
    outer loop
      vertex   -1.775441e+01 -5.480000e+00 -1.454725e+01
      vertex   -2.052102e+01 -5.480000e+00 -1.004089e+01
      vertex   -2.069525e+01 -5.480000e+00 -1.037694e+01
    endloop
  endfacet
  facet normal -0.000000e+00 -1.000000e+00 -5.757367e-07
    outer loop
      vertex   -1.154889e+01 -5.480000e+00 1.613882e+02
      vertex   -3.665111e+01 -5.480000e+00 1.613882e+02
      vertex   -1.160000e+01 -5.480000e+00 1.610000e+02
    endloop
  endfacet
  facet normal 8.940697e-09 -1.000000e+00 1.177065e-09
    outer loop
      vertex   -1.160000e+01 -5.480000e+00 1.610000e+02
      vertex   -3.665111e+01 -5.480000e+00 1.613882e+02
      vertex   -3.660000e+01 -5.480000e+00 1.610000e+02
    endloop
  endfacet
  facet normal 8.940697e-09 -1.000000e+00 -1.177065e-09
    outer loop
      vertex   -1.160000e+01 -5.480000e+00 1.610000e+02
      vertex   -3.660000e+01 -5.480000e+00 1.610000e+02
      vertex   -3.665111e+01 -5.480000e+00 1.606118e+02
    endloop
  endfacet
  facet normal 0.000000e+00 -1.000000e+00 0.000000e+00
    outer loop
      vertex   -3.665111e+01 -5.480000e+00 1.613882e+02
      vertex   -1.154889e+01 -5.480000e+00 1.613882e+02
      vertex   -3.680096e+01 -5.480000e+00 1.617500e+02
    endloop
  endfacet
  facet normal 0.000000e+00 -1.000000e+00 0.000000e+00
    outer loop
      vertex   -3.680096e+01 -5.480000e+00 1.617500e+02
      vertex   -1.154889e+01 -5.480000e+00 1.613882e+02
      vertex   -1.139904e+01 -5.480000e+00 1.617500e+02
    endloop
  endfacet
  facet normal 0.000000e+00 -1.000000e+00 0.000000e+00
    outer loop
      vertex   -3.680096e+01 -5.480000e+00 1.617500e+02
      vertex   -1.139904e+01 -5.480000e+00 1.617500e+02
      vertex   -1.116066e+01 -5.480000e+00 1.620607e+02
    endloop
  endfacet
  facet normal -0.000000e+00 -1.000000e+00 0.000000e+00
    outer loop
      vertex   -1.085000e+01 -5.480000e+00 1.622990e+02
      vertex   -4.110041e+01 -5.480000e+00 1.689179e+02
      vertex   -1.116066e+01 -5.480000e+00 1.620607e+02
    endloop
  endfacet
  facet normal 0.000000e+00 -1.000000e+00 0.000000e+00
    outer loop
      vertex   -1.116066e+01 -5.480000e+00 1.620607e+02
      vertex   -4.110041e+01 -5.480000e+00 1.689179e+02
      vertex   -3.703934e+01 -5.480000e+00 1.620607e+02
    endloop
  endfacet
  facet normal -0.000000e+00 -1.000000e+00 0.000000e+00
    outer loop
      vertex   -1.116066e+01 -5.480000e+00 1.620607e+02
      vertex   -3.703934e+01 -5.480000e+00 1.620607e+02
      vertex   -3.680096e+01 -5.480000e+00 1.617500e+02
    endloop
  endfacet
  facet normal 0.000000e+00 -1.000000e+00 0.000000e+00
    outer loop
      vertex   -1.085000e+01 -5.480000e+00 1.622990e+02
      vertex   -1.048823e+01 -5.480000e+00 1.624489e+02
      vertex   -4.110041e+01 -5.480000e+00 1.689179e+02
    endloop
  endfacet
  facet normal 0.000000e+00 -1.000000e+00 0.000000e+00
    outer loop
      vertex   -4.110041e+01 -5.480000e+00 1.689179e+02
      vertex   -1.048823e+01 -5.480000e+00 1.624489e+02
      vertex   -1.010000e+01 -5.480000e+00 1.625000e+02
    endloop
  endfacet
  facet normal 0.000000e+00 -1.000000e+00 0.000000e+00
    outer loop
      vertex   -4.110041e+01 -5.480000e+00 1.689179e+02
      vertex   -1.010000e+01 -5.480000e+00 1.625000e+02
      vertex   -9.999987e-02 -5.480000e+00 1.625000e+02
    endloop
  endfacet
  facet normal -0.000000e+00 -1.000000e+00 0.000000e+00
    outer loop
      vertex   -9.999987e-02 -5.480000e+00 1.625000e+02
      vertex   -1.010000e+01 -5.480000e+00 1.625000e+02
      vertex   -9.711771e+00 -5.480000e+00 1.624489e+02
    endloop
  endfacet
  facet normal 0.000000e+00 -1.000000e+00 0.000000e+00
    outer loop
      vertex   -9.999987e-02 -5.480000e+00 1.625000e+02
      vertex   -9.711771e+00 -5.480000e+00 1.624489e+02
      vertex   -4.882284e-01 -5.480000e+00 1.624489e+02
    endloop
  endfacet
  facet normal -0.000000e+00 -1.000000e+00 0.000000e+00
    outer loop
      vertex   -4.882284e-01 -5.480000e+00 1.624489e+02
      vertex   -9.711771e+00 -5.480000e+00 1.624489e+02
      vertex   -8.499999e-01 -5.480000e+00 1.622990e+02
    endloop
  endfacet
  facet normal 0.000000e+00 -1.000000e+00 0.000000e+00
    outer loop
      vertex   -8.499999e-01 -5.480000e+00 1.622990e+02
      vertex   -9.711771e+00 -5.480000e+00 1.624489e+02
      vertex   -9.349999e+00 -5.480000e+00 1.622990e+02
    endloop
  endfacet
  facet normal -0.000000e+00 -1.000000e+00 0.000000e+00
    outer loop
      vertex   -8.499999e-01 -5.480000e+00 1.622990e+02
      vertex   -9.349999e+00 -5.480000e+00 1.622990e+02
      vertex   -1.160660e+00 -5.480000e+00 1.620607e+02
    endloop
  endfacet
  facet normal 0.000000e+00 -1.000000e+00 0.000000e+00
    outer loop
      vertex   -1.160660e+00 -5.480000e+00 1.620607e+02
      vertex   -9.349999e+00 -5.480000e+00 1.622990e+02
      vertex   -9.039339e+00 -5.480000e+00 1.620607e+02
    endloop
  endfacet
  facet normal -0.000000e+00 -1.000000e+00 0.000000e+00
    outer loop
      vertex   -1.160660e+00 -5.480000e+00 1.620607e+02
      vertex   -9.039339e+00 -5.480000e+00 1.620607e+02
      vertex   -1.399038e+00 -5.480000e+00 1.617500e+02
    endloop
  endfacet
  facet normal 0.000000e+00 -1.000000e+00 0.000000e+00
    outer loop
      vertex   -1.399038e+00 -5.480000e+00 1.617500e+02
      vertex   -9.039339e+00 -5.480000e+00 1.620607e+02
      vertex   -8.800961e+00 -5.480000e+00 1.617500e+02
    endloop
  endfacet
  facet normal -0.000000e+00 -1.000000e+00 0.000000e+00
    outer loop
      vertex   -1.399038e+00 -5.480000e+00 1.617500e+02
      vertex   -8.800961e+00 -5.480000e+00 1.617500e+02
      vertex   -1.548889e+00 -5.480000e+00 1.613882e+02
    endloop
  endfacet
  facet normal 0.000000e+00 -1.000000e+00 0.000000e+00
    outer loop
      vertex   -1.548889e+00 -5.480000e+00 1.613882e+02
      vertex   -8.800961e+00 -5.480000e+00 1.617500e+02
      vertex   -8.651111e+00 -5.480000e+00 1.613882e+02
    endloop
  endfacet
  facet normal -0.000000e+00 -1.000000e+00 -5.757367e-07
    outer loop
      vertex   -1.548889e+00 -5.480000e+00 1.613882e+02
      vertex   -8.651111e+00 -5.480000e+00 1.613882e+02
      vertex   -1.600000e+00 -5.480000e+00 1.610000e+02
    endloop
  endfacet
  facet normal 3.193106e-08 -1.000000e+00 4.203804e-09
    outer loop
      vertex   -1.600000e+00 -5.480000e+00 1.610000e+02
      vertex   -8.651111e+00 -5.480000e+00 1.613882e+02
      vertex   -8.599999e+00 -5.480000e+00 1.610000e+02
    endloop
  endfacet
  facet normal 3.193106e-08 -1.000000e+00 -4.203804e-09
    outer loop
      vertex   -1.600000e+00 -5.480000e+00 1.610000e+02
      vertex   -8.599999e+00 -5.480000e+00 1.610000e+02
      vertex   -8.651111e+00 -5.480000e+00 1.606118e+02
    endloop
  endfacet
  facet normal 0.000000e+00 -1.000000e+00 5.757367e-07
    outer loop
      vertex   -1.600000e+00 -5.480000e+00 1.610000e+02
      vertex   -8.651111e+00 -5.480000e+00 1.606118e+02
      vertex   -1.548889e+00 -5.480000e+00 1.606118e+02
    endloop
  endfacet
  facet normal -0.000000e+00 -1.000000e+00 0.000000e+00
    outer loop
      vertex   -1.548889e+00 -5.480000e+00 1.606118e+02
      vertex   -8.651111e+00 -5.480000e+00 1.606118e+02
      vertex   -8.800961e+00 -5.480000e+00 1.602500e+02
    endloop
  endfacet
  facet normal 0.000000e+00 -1.000000e+00 -0.000000e+00
    outer loop
      vertex   -1.548889e+00 -5.480000e+00 1.606118e+02
      vertex   -8.800961e+00 -5.480000e+00 1.602500e+02
      vertex   -1.399038e+00 -5.480000e+00 1.602500e+02
    endloop
  endfacet
  facet normal -0.000000e+00 -1.000000e+00 0.000000e+00
    outer loop
      vertex   -1.399038e+00 -5.480000e+00 1.602500e+02
      vertex   -8.800961e+00 -5.480000e+00 1.602500e+02
      vertex   -9.039339e+00 -5.480000e+00 1.599393e+02
    endloop
  endfacet
  facet normal 0.000000e+00 -1.000000e+00 -0.000000e+00
    outer loop
      vertex   -1.399038e+00 -5.480000e+00 1.602500e+02
      vertex   -9.039339e+00 -5.480000e+00 1.599393e+02
      vertex   -1.160660e+00 -5.480000e+00 1.599393e+02
    endloop
  endfacet
  facet normal -0.000000e+00 -1.000000e+00 0.000000e+00
    outer loop
      vertex   -1.160660e+00 -5.480000e+00 1.599393e+02
      vertex   -9.039339e+00 -5.480000e+00 1.599393e+02
      vertex   -9.349999e+00 -5.480000e+00 1.597010e+02
    endloop
  endfacet
  facet normal 0.000000e+00 -1.000000e+00 -0.000000e+00
    outer loop
      vertex   -1.160660e+00 -5.480000e+00 1.599393e+02
      vertex   -9.349999e+00 -5.480000e+00 1.597010e+02
      vertex   -8.499999e-01 -5.480000e+00 1.597010e+02
    endloop
  endfacet
  facet normal -0.000000e+00 -1.000000e+00 0.000000e+00
    outer loop
      vertex   -8.499999e-01 -5.480000e+00 1.597010e+02
      vertex   -9.349999e+00 -5.480000e+00 1.597010e+02
      vertex   -1.488228e+00 -5.480000e+00 9.244889e+01
    endloop
  endfacet
  facet normal 0.000000e+00 -1.000000e+00 -0.000000e+00
    outer loop
      vertex   -8.499999e-01 -5.480000e+00 1.597010e+02
      vertex   -1.488228e+00 -5.480000e+00 9.244889e+01
      vertex   -4.882284e-01 -5.480000e+00 1.595511e+02
    endloop
  endfacet
  facet normal 0.000000e+00 -1.000000e+00 -0.000000e+00
    outer loop
      vertex   -4.882284e-01 -5.480000e+00 1.595511e+02
      vertex   -1.488228e+00 -5.480000e+00 9.244889e+01
      vertex   1.540000e+01 -5.480000e+00 1.250000e+02
    endloop
  endfacet
  facet normal 0.000000e+00 -1.000000e+00 0.000000e+00
    outer loop
      vertex   -4.882284e-01 -5.480000e+00 1.595511e+02
      vertex   1.540000e+01 -5.480000e+00 1.250000e+02
      vertex   -9.999987e-02 -5.480000e+00 1.595000e+02
    endloop
  endfacet
  facet normal 0.000000e+00 -1.000000e+00 0.000000e+00
    outer loop
      vertex   -9.999987e-02 -5.480000e+00 1.595000e+02
      vertex   1.540000e+01 -5.480000e+00 1.250000e+02
      vertex   2.882287e-01 -5.480000e+00 1.595511e+02
    endloop
  endfacet
  facet normal 0.000000e+00 -1.000000e+00 0.000000e+00
    outer loop
      vertex   2.882287e-01 -5.480000e+00 1.595511e+02
      vertex   1.540000e+01 -5.480000e+00 1.250000e+02
      vertex   6.500001e-01 -5.480000e+00 1.597010e+02
    endloop
  endfacet
  facet normal 0.000000e+00 -1.000000e+00 0.000000e+00
    outer loop
      vertex   6.500001e-01 -5.480000e+00 1.597010e+02
      vertex   1.540000e+01 -5.480000e+00 1.250000e+02
      vertex   1.540000e+01 -5.480000e+00 1.530000e+02
    endloop
  endfacet
  facet normal 0.000000e+00 -1.000000e+00 0.000000e+00
    outer loop
      vertex   6.500001e-01 -5.480000e+00 1.597010e+02
      vertex   1.540000e+01 -5.480000e+00 1.530000e+02
      vertex   9.606603e-01 -5.480000e+00 1.599393e+02
    endloop
  endfacet
  facet normal 0.000000e+00 -1.000000e+00 0.000000e+00
    outer loop
      vertex   9.606603e-01 -5.480000e+00 1.599393e+02
      vertex   1.540000e+01 -5.480000e+00 1.530000e+02
      vertex   1.199038e+00 -5.480000e+00 1.602500e+02
    endloop
  endfacet
  facet normal 0.000000e+00 -1.000000e+00 0.000000e+00
    outer loop
      vertex   1.199038e+00 -5.480000e+00 1.602500e+02
      vertex   1.540000e+01 -5.480000e+00 1.530000e+02
      vertex   1.348889e+00 -5.480000e+00 1.606118e+02
    endloop
  endfacet
  facet normal 0.000000e+00 -1.000000e+00 0.000000e+00
    outer loop
      vertex   1.348889e+00 -5.480000e+00 1.606118e+02
      vertex   1.540000e+01 -5.480000e+00 1.530000e+02
      vertex   1.400000e+00 -5.480000e+00 1.610000e+02
    endloop
  endfacet
  facet normal 0.000000e+00 -1.000000e+00 0.000000e+00
    outer loop
      vertex   1.400000e+00 -5.480000e+00 1.610000e+02
      vertex   1.540000e+01 -5.480000e+00 1.530000e+02
      vertex   1.348889e+00 -5.480000e+00 1.613882e+02
    endloop
  endfacet
  facet normal 0.000000e+00 -1.000000e+00 0.000000e+00
    outer loop
      vertex   1.348889e+00 -5.480000e+00 1.613882e+02
      vertex   1.540000e+01 -5.480000e+00 1.530000e+02
      vertex   1.199038e+00 -5.480000e+00 1.617500e+02
    endloop
  endfacet
  facet normal 0.000000e+00 -1.000000e+00 0.000000e+00
    outer loop
      vertex   1.199038e+00 -5.480000e+00 1.617500e+02
      vertex   1.540000e+01 -5.480000e+00 1.530000e+02
      vertex   9.606603e-01 -5.480000e+00 1.620607e+02
    endloop
  endfacet
  facet normal 0.000000e+00 -1.000000e+00 0.000000e+00
    outer loop
      vertex   9.606603e-01 -5.480000e+00 1.620607e+02
      vertex   1.540000e+01 -5.480000e+00 1.530000e+02
      vertex   4.089959e+01 -5.480000e+00 1.689179e+02
    endloop
  endfacet
  facet normal 0.000000e+00 -1.000000e+00 0.000000e+00
    outer loop
      vertex   9.606603e-01 -5.480000e+00 1.620607e+02
      vertex   4.089959e+01 -5.480000e+00 1.689179e+02
      vertex   6.500001e-01 -5.480000e+00 1.622990e+02
    endloop
  endfacet
  facet normal 0.000000e+00 -1.000000e+00 -0.000000e+00
    outer loop
      vertex   -9.349999e+00 -5.480000e+00 1.597010e+02
      vertex   -9.711771e+00 -5.480000e+00 1.595511e+02
      vertex   -1.488228e+00 -5.480000e+00 9.244889e+01
    endloop
  endfacet
  facet normal 0.000000e+00 -1.000000e+00 0.000000e+00
    outer loop
      vertex   -1.488228e+00 -5.480000e+00 9.244889e+01
      vertex   -9.711771e+00 -5.480000e+00 1.595511e+02
      vertex   -9.711771e+00 -5.480000e+00 9.244889e+01
    endloop
  endfacet
  facet normal -0.000000e+00 -1.000000e+00 0.000000e+00
    outer loop
      vertex   -1.488228e+00 -5.480000e+00 9.244889e+01
      vertex   -9.711771e+00 -5.480000e+00 9.244889e+01
      vertex   -1.849999e+00 -5.480000e+00 9.229904e+01
    endloop
  endfacet
  facet normal 0.000000e+00 -1.000000e+00 0.000000e+00
    outer loop
      vertex   -1.849999e+00 -5.480000e+00 9.229904e+01
      vertex   -9.711771e+00 -5.480000e+00 9.244889e+01
      vertex   -9.349999e+00 -5.480000e+00 9.229904e+01
    endloop
  endfacet
  facet normal -0.000000e+00 -1.000000e+00 0.000000e+00
    outer loop
      vertex   -1.849999e+00 -5.480000e+00 9.229904e+01
      vertex   -9.349999e+00 -5.480000e+00 9.229904e+01
      vertex   -9.039339e+00 -5.480000e+00 9.206066e+01
    endloop
  endfacet
  facet normal 0.000000e+00 -1.000000e+00 -0.000000e+00
    outer loop
      vertex   -9.711771e+00 -5.480000e+00 1.595511e+02
      vertex   -1.010000e+01 -5.480000e+00 1.595000e+02
      vertex   -9.711771e+00 -5.480000e+00 9.244889e+01
    endloop
  endfacet
  facet normal 0.000000e+00 -1.000000e+00 0.000000e+00
    outer loop
      vertex   -9.711771e+00 -5.480000e+00 9.244889e+01
      vertex   -1.010000e+01 -5.480000e+00 1.595000e+02
      vertex   -1.010000e+01 -5.480000e+00 9.250000e+01
    endloop
  endfacet
  facet normal 0.000000e+00 -1.000000e+00 0.000000e+00
    outer loop
      vertex   -1.010000e+01 -5.480000e+00 9.250000e+01
      vertex   -1.010000e+01 -5.480000e+00 1.595000e+02
      vertex   -2.810000e+01 -5.480000e+00 1.300000e+02
    endloop
  endfacet
  facet normal -0.000000e+00 -1.000000e+00 0.000000e+00
    outer loop
      vertex   -1.010000e+01 -5.480000e+00 9.250000e+01
      vertex   -2.810000e+01 -5.480000e+00 1.300000e+02
      vertex   -1.048823e+01 -5.480000e+00 9.244889e+01
    endloop
  endfacet
  facet normal 0.000000e+00 -1.000000e+00 0.000000e+00
    outer loop
      vertex   -1.048823e+01 -5.480000e+00 9.244889e+01
      vertex   -2.810000e+01 -5.480000e+00 1.300000e+02
      vertex   -2.815111e+01 -5.480000e+00 1.296118e+02
    endloop
  endfacet
  facet normal -0.000000e+00 -1.000000e+00 0.000000e+00
    outer loop
      vertex   -1.048823e+01 -5.480000e+00 9.244889e+01
      vertex   -2.815111e+01 -5.480000e+00 1.296118e+02
      vertex   -1.085000e+01 -5.480000e+00 9.229904e+01
    endloop
  endfacet
  facet normal -0.000000e+00 -1.000000e+00 0.000000e+00
    outer loop
      vertex   -1.085000e+01 -5.480000e+00 9.229904e+01
      vertex   -2.815111e+01 -5.480000e+00 1.296118e+02
      vertex   -1.116066e+01 -5.480000e+00 9.206066e+01
    endloop
  endfacet
  facet normal 0.000000e+00 -1.000000e+00 0.000000e+00
    outer loop
      vertex   -1.116066e+01 -5.480000e+00 9.206066e+01
      vertex   -2.815111e+01 -5.480000e+00 1.296118e+02
      vertex   -2.830096e+01 -5.480000e+00 1.292500e+02
    endloop
  endfacet
  facet normal -0.000000e+00 -1.000000e+00 0.000000e+00
    outer loop
      vertex   -1.116066e+01 -5.480000e+00 9.206066e+01
      vertex   -2.830096e+01 -5.480000e+00 1.292500e+02
      vertex   -1.139904e+01 -5.480000e+00 9.175000e+01
    endloop
  endfacet
  facet normal 0.000000e+00 -1.000000e+00 0.000000e+00
    outer loop
      vertex   -1.139904e+01 -5.480000e+00 9.175000e+01
      vertex   -2.830096e+01 -5.480000e+00 1.292500e+02
      vertex   -2.853934e+01 -5.480000e+00 1.289393e+02
    endloop
  endfacet
  facet normal -0.000000e+00 -1.000000e+00 0.000000e+00
    outer loop
      vertex   -1.139904e+01 -5.480000e+00 9.175000e+01
      vertex   -2.853934e+01 -5.480000e+00 1.289393e+02
      vertex   -1.154889e+01 -5.480000e+00 9.138823e+01
    endloop
  endfacet
  facet normal 0.000000e+00 -1.000000e+00 0.000000e+00
    outer loop
      vertex   -1.154889e+01 -5.480000e+00 9.138823e+01
      vertex   -2.853934e+01 -5.480000e+00 1.289393e+02
      vertex   -2.885000e+01 -5.480000e+00 1.287010e+02
    endloop
  endfacet
  facet normal 0.000000e+00 -1.000000e+00 0.000000e+00
    outer loop
      vertex   -1.154889e+01 -5.480000e+00 9.138823e+01
      vertex   -2.885000e+01 -5.480000e+00 1.287010e+02
      vertex   -2.921177e+01 -5.480000e+00 1.285511e+02
    endloop
  endfacet
  facet normal -0.000000e+00 -1.000000e+00 0.000000e+00
    outer loop
      vertex   -1.010000e+01 -5.480000e+00 1.595000e+02
      vertex   -1.048823e+01 -5.480000e+00 1.595511e+02
      vertex   -2.810000e+01 -5.480000e+00 1.300000e+02
    endloop
  endfacet
  facet normal 0.000000e+00 -1.000000e+00 0.000000e+00
    outer loop
      vertex   -2.810000e+01 -5.480000e+00 1.300000e+02
      vertex   -1.048823e+01 -5.480000e+00 1.595511e+02
      vertex   -1.085000e+01 -5.480000e+00 1.597010e+02
    endloop
  endfacet
  facet normal 0.000000e+00 -1.000000e+00 0.000000e+00
    outer loop
      vertex   -2.810000e+01 -5.480000e+00 1.300000e+02
      vertex   -1.085000e+01 -5.480000e+00 1.597010e+02
      vertex   -2.815111e+01 -5.480000e+00 1.303882e+02
    endloop
  endfacet
  facet normal 0.000000e+00 -1.000000e+00 0.000000e+00
    outer loop
      vertex   -2.815111e+01 -5.480000e+00 1.303882e+02
      vertex   -1.085000e+01 -5.480000e+00 1.597010e+02
      vertex   -1.116066e+01 -5.480000e+00 1.599393e+02
    endloop
  endfacet
  facet normal 0.000000e+00 -1.000000e+00 0.000000e+00
    outer loop
      vertex   -2.815111e+01 -5.480000e+00 1.303882e+02
      vertex   -1.116066e+01 -5.480000e+00 1.599393e+02
      vertex   -1.139904e+01 -5.480000e+00 1.602500e+02
    endloop
  endfacet
  facet normal 0.000000e+00 -1.000000e+00 0.000000e+00
    outer loop
      vertex   -2.815111e+01 -5.480000e+00 1.303882e+02
      vertex   -1.139904e+01 -5.480000e+00 1.602500e+02
      vertex   -2.830096e+01 -5.480000e+00 1.307500e+02
    endloop
  endfacet
  facet normal 0.000000e+00 -1.000000e+00 0.000000e+00
    outer loop
      vertex   -2.830096e+01 -5.480000e+00 1.307500e+02
      vertex   -1.139904e+01 -5.480000e+00 1.602500e+02
      vertex   -1.154889e+01 -5.480000e+00 1.606118e+02
    endloop
  endfacet
  facet normal 0.000000e+00 -1.000000e+00 0.000000e+00
    outer loop
      vertex   -2.830096e+01 -5.480000e+00 1.307500e+02
      vertex   -1.154889e+01 -5.480000e+00 1.606118e+02
      vertex   -2.853934e+01 -5.480000e+00 1.310607e+02
    endloop
  endfacet
  facet normal 0.000000e+00 -1.000000e+00 0.000000e+00
    outer loop
      vertex   -2.853934e+01 -5.480000e+00 1.310607e+02
      vertex   -1.154889e+01 -5.480000e+00 1.606118e+02
      vertex   -2.885000e+01 -5.480000e+00 1.312990e+02
    endloop
  endfacet
  facet normal 0.000000e+00 -1.000000e+00 0.000000e+00
    outer loop
      vertex   -2.885000e+01 -5.480000e+00 1.312990e+02
      vertex   -1.154889e+01 -5.480000e+00 1.606118e+02
      vertex   -3.665111e+01 -5.480000e+00 1.606118e+02
    endloop
  endfacet
  facet normal 0.000000e+00 -1.000000e+00 0.000000e+00
    outer loop
      vertex   -2.885000e+01 -5.480000e+00 1.312990e+02
      vertex   -3.665111e+01 -5.480000e+00 1.606118e+02
      vertex   -2.921177e+01 -5.480000e+00 1.314489e+02
    endloop
  endfacet
  facet normal 0.000000e+00 -1.000000e+00 0.000000e+00
    outer loop
      vertex   -2.921177e+01 -5.480000e+00 1.314489e+02
      vertex   -3.665111e+01 -5.480000e+00 1.606118e+02
      vertex   -3.680096e+01 -5.480000e+00 1.602500e+02
    endloop
  endfacet
  facet normal 0.000000e+00 -1.000000e+00 0.000000e+00
    outer loop
      vertex   -2.921177e+01 -5.480000e+00 1.314489e+02
      vertex   -3.680096e+01 -5.480000e+00 1.602500e+02
      vertex   -2.960000e+01 -5.480000e+00 1.315000e+02
    endloop
  endfacet
  facet normal -0.000000e+00 -1.000000e+00 0.000000e+00
    outer loop
      vertex   -2.960000e+01 -5.480000e+00 1.315000e+02
      vertex   -3.680096e+01 -5.480000e+00 1.602500e+02
      vertex   -2.998823e+01 -5.480000e+00 1.314489e+02
    endloop
  endfacet
  facet normal 0.000000e+00 -1.000000e+00 0.000000e+00
    outer loop
      vertex   -2.998823e+01 -5.480000e+00 1.314489e+02
      vertex   -3.680096e+01 -5.480000e+00 1.602500e+02
      vertex   -3.703934e+01 -5.480000e+00 1.599393e+02
    endloop
  endfacet
  facet normal -0.000000e+00 -1.000000e+00 0.000000e+00
    outer loop
      vertex   -2.998823e+01 -5.480000e+00 1.314489e+02
      vertex   -3.703934e+01 -5.480000e+00 1.599393e+02
      vertex   -3.035000e+01 -5.480000e+00 1.312990e+02
    endloop
  endfacet
  facet normal 0.000000e+00 -1.000000e+00 0.000000e+00
    outer loop
      vertex   -3.035000e+01 -5.480000e+00 1.312990e+02
      vertex   -3.703934e+01 -5.480000e+00 1.599393e+02
      vertex   -3.735000e+01 -5.480000e+00 1.597010e+02
    endloop
  endfacet
  facet normal -0.000000e+00 -1.000000e+00 0.000000e+00
    outer loop
      vertex   -3.035000e+01 -5.480000e+00 1.312990e+02
      vertex   -3.735000e+01 -5.480000e+00 1.597010e+02
      vertex   -3.066066e+01 -5.480000e+00 1.310607e+02
    endloop
  endfacet
  facet normal 0.000000e+00 -1.000000e+00 0.000000e+00
    outer loop
      vertex   -3.066066e+01 -5.480000e+00 1.310607e+02
      vertex   -3.735000e+01 -5.480000e+00 1.597010e+02
      vertex   -3.771177e+01 -5.480000e+00 1.595511e+02
    endloop
  endfacet
  facet normal -0.000000e+00 -1.000000e+00 0.000000e+00
    outer loop
      vertex   -3.066066e+01 -5.480000e+00 1.310607e+02
      vertex   -3.771177e+01 -5.480000e+00 1.595511e+02
      vertex   -3.089904e+01 -5.480000e+00 1.307500e+02
    endloop
  endfacet
  facet normal 0.000000e+00 -1.000000e+00 0.000000e+00
    outer loop
      vertex   -3.089904e+01 -5.480000e+00 1.307500e+02
      vertex   -3.771177e+01 -5.480000e+00 1.595511e+02
      vertex   -3.810000e+01 -5.480000e+00 1.595000e+02
    endloop
  endfacet
  facet normal 0.000000e+00 -1.000000e+00 0.000000e+00
    outer loop
      vertex   -3.089904e+01 -5.480000e+00 1.307500e+02
      vertex   -3.810000e+01 -5.480000e+00 1.595000e+02
      vertex   -3.848823e+01 -5.480000e+00 1.595511e+02
    endloop
  endfacet
  facet normal 0.000000e+00 -1.000000e+00 5.757367e-07
    outer loop
      vertex   -1.154889e+01 -5.480000e+00 1.606118e+02
      vertex   -1.160000e+01 -5.480000e+00 1.610000e+02
      vertex   -3.665111e+01 -5.480000e+00 1.606118e+02
    endloop
  endfacet
  facet normal -0.000000e+00 -1.000000e+00 0.000000e+00
    outer loop
      vertex   -3.104889e+01 -5.480000e+00 1.296118e+02
      vertex   -3.110000e+01 -5.480000e+00 1.300000e+02
      vertex   -4.410041e+01 -5.480000e+00 1.159179e+02
    endloop
  endfacet
  facet normal 0.000000e+00 -1.000000e+00 0.000000e+00
    outer loop
      vertex   -4.410041e+01 -5.480000e+00 1.159179e+02
      vertex   -3.110000e+01 -5.480000e+00 1.300000e+02
      vertex   -3.104889e+01 -5.480000e+00 1.303882e+02
    endloop
  endfacet
  facet normal 0.000000e+00 -1.000000e+00 0.000000e+00
    outer loop
      vertex   -4.410041e+01 -5.480000e+00 1.159179e+02
      vertex   -3.104889e+01 -5.480000e+00 1.303882e+02
      vertex   -3.885000e+01 -5.480000e+00 1.597010e+02
    endloop
  endfacet
  facet normal 0.000000e+00 -1.000000e+00 0.000000e+00
    outer loop
      vertex   -3.885000e+01 -5.480000e+00 1.597010e+02
      vertex   -3.104889e+01 -5.480000e+00 1.303882e+02
      vertex   -3.848823e+01 -5.480000e+00 1.595511e+02
    endloop
  endfacet
  facet normal 0.000000e+00 -1.000000e+00 0.000000e+00
    outer loop
      vertex   -3.848823e+01 -5.480000e+00 1.595511e+02
      vertex   -3.104889e+01 -5.480000e+00 1.303882e+02
      vertex   -3.089904e+01 -5.480000e+00 1.307500e+02
    endloop
  endfacet
  facet normal -9.485962e-07 -1.000000e+00 -4.508516e-07
    outer loop
      vertex   -1.154889e+01 -5.480000e+00 9.138823e+01
      vertex   -2.921177e+01 -5.480000e+00 1.285511e+02
      vertex   -1.160000e+01 -5.480000e+00 9.100000e+01
    endloop
  endfacet
  facet normal 7.380691e-10 -1.000000e+00 -5.606191e-09
    outer loop
      vertex   -1.160000e+01 -5.480000e+00 9.100000e+01
      vertex   -2.921177e+01 -5.480000e+00 1.285511e+02
      vertex   -2.960000e+01 -5.480000e+00 1.285000e+02
    endloop
  endfacet
  facet normal 0.000000e+00 -1.000000e+00 0.000000e+00
    outer loop
      vertex   -3.960000e+01 -5.480000e+00 1.610000e+02
      vertex   -3.954889e+01 -5.480000e+00 1.613882e+02
      vertex   -4.410041e+01 -5.480000e+00 1.659179e+02
    endloop
  endfacet
  facet normal 0.000000e+00 -1.000000e+00 0.000000e+00
    outer loop
      vertex   -3.885000e+01 -5.480000e+00 1.622990e+02
      vertex   -3.848823e+01 -5.480000e+00 1.624489e+02
      vertex   -4.110041e+01 -5.480000e+00 1.689179e+02
    endloop
  endfacet
  facet normal 0.000000e+00 -1.000000e+00 0.000000e+00
    outer loop
      vertex   -4.110041e+01 -5.480000e+00 1.689179e+02
      vertex   -3.848823e+01 -5.480000e+00 1.624489e+02
      vertex   -3.810000e+01 -5.480000e+00 1.625000e+02
    endloop
  endfacet
  facet normal 0.000000e+00 -1.000000e+00 0.000000e+00
    outer loop
      vertex   -4.110041e+01 -5.480000e+00 1.689179e+02
      vertex   -3.810000e+01 -5.480000e+00 1.625000e+02
      vertex   -3.771177e+01 -5.480000e+00 1.624489e+02
    endloop
  endfacet
  facet normal 0.000000e+00 -1.000000e+00 0.000000e+00
    outer loop
      vertex   -3.771177e+01 -5.480000e+00 1.624489e+02
      vertex   -3.735000e+01 -5.480000e+00 1.622990e+02
      vertex   -4.110041e+01 -5.480000e+00 1.689179e+02
    endloop
  endfacet
  facet normal 0.000000e+00 -1.000000e+00 0.000000e+00
    outer loop
      vertex   -4.110041e+01 -5.480000e+00 1.689179e+02
      vertex   -3.735000e+01 -5.480000e+00 1.622990e+02
      vertex   -3.703934e+01 -5.480000e+00 1.620607e+02
    endloop
  endfacet
  facet normal -0.000000e+00 -1.000000e+00 0.000000e+00
    outer loop
      vertex   -3.885000e+01 -5.480000e+00 1.597010e+02
      vertex   -3.916066e+01 -5.480000e+00 1.599393e+02
      vertex   -4.410041e+01 -5.480000e+00 1.159179e+02
    endloop
  endfacet
  facet normal 0.000000e+00 -1.000000e+00 0.000000e+00
    outer loop
      vertex   -4.410041e+01 -5.480000e+00 1.159179e+02
      vertex   -3.916066e+01 -5.480000e+00 1.599393e+02
      vertex   -3.939904e+01 -5.480000e+00 1.602500e+02
    endloop
  endfacet
  facet normal -6.296809e-07 -1.000000e+00 -4.928376e-07
    outer loop
      vertex   3.840000e+01 -5.480000e+00 1.207135e+02
      vertex   3.845111e+01 -5.480000e+00 1.211017e+02
      vertex   3.540000e+01 -5.480000e+00 1.250000e+02
    endloop
  endfacet
  facet normal 0.000000e+00 -1.000000e+00 0.000000e+00
    outer loop
      vertex   3.540000e+01 -5.480000e+00 1.250000e+02
      vertex   3.845111e+01 -5.480000e+00 1.211017e+02
      vertex   3.860096e+01 -5.480000e+00 1.214635e+02
    endloop
  endfacet
  facet normal 0.000000e+00 -1.000000e+00 0.000000e+00
    outer loop
      vertex   3.540000e+01 -5.480000e+00 1.250000e+02
      vertex   3.860096e+01 -5.480000e+00 1.214635e+02
      vertex   3.883934e+01 -5.480000e+00 1.217741e+02
    endloop
  endfacet
  facet normal 0.000000e+00 -1.000000e+00 0.000000e+00
    outer loop
      vertex   3.883934e+01 -5.480000e+00 1.217741e+02
      vertex   3.915000e+01 -5.480000e+00 1.220125e+02
      vertex   3.540000e+01 -5.480000e+00 1.250000e+02
    endloop
  endfacet
  facet normal 0.000000e+00 -1.000000e+00 0.000000e+00
    outer loop
      vertex   3.540000e+01 -5.480000e+00 1.250000e+02
      vertex   3.915000e+01 -5.480000e+00 1.220125e+02
      vertex   3.951177e+01 -5.480000e+00 1.221624e+02
    endloop
  endfacet
  facet normal 0.000000e+00 -1.000000e+00 0.000000e+00
    outer loop
      vertex   3.540000e+01 -5.480000e+00 1.250000e+02
      vertex   3.951177e+01 -5.480000e+00 1.221624e+02
      vertex   3.990000e+01 -5.480000e+00 1.222135e+02
    endloop
  endfacet
  facet normal 0.000000e+00 -1.000000e+00 0.000000e+00
    outer loop
      vertex   3.540000e+01 -5.480000e+00 1.250000e+02
      vertex   3.990000e+01 -5.480000e+00 1.222135e+02
      vertex   3.540000e+01 -5.480000e+00 1.530000e+02
    endloop
  endfacet
  facet normal 0.000000e+00 -1.000000e+00 0.000000e+00
    outer loop
      vertex   3.540000e+01 -5.480000e+00 1.530000e+02
      vertex   3.990000e+01 -5.480000e+00 1.222135e+02
      vertex   4.028823e+01 -5.480000e+00 1.221624e+02
    endloop
  endfacet
  facet normal 0.000000e+00 -1.000000e+00 0.000000e+00
    outer loop
      vertex   3.540000e+01 -5.480000e+00 1.530000e+02
      vertex   4.028823e+01 -5.480000e+00 1.221624e+02
      vertex   4.065000e+01 -5.480000e+00 1.220125e+02
    endloop
  endfacet
  facet normal 0.000000e+00 -1.000000e+00 0.000000e+00
    outer loop
      vertex   4.065000e+01 -5.480000e+00 1.220125e+02
      vertex   4.096066e+01 -5.480000e+00 1.217741e+02
      vertex   3.540000e+01 -5.480000e+00 1.530000e+02
    endloop
  endfacet
  facet normal 0.000000e+00 -1.000000e+00 0.000000e+00
    outer loop
      vertex   3.934889e+01 -5.480000e+00 1.613882e+02
      vertex   3.940000e+01 -5.480000e+00 1.610000e+02
      vertex   4.389959e+01 -5.480000e+00 1.659179e+02
    endloop
  endfacet
  facet normal 0.000000e+00 -1.000000e+00 0.000000e+00
    outer loop
      vertex   4.389959e+01 -5.480000e+00 1.659179e+02
      vertex   3.940000e+01 -5.480000e+00 1.610000e+02
      vertex   3.934889e+01 -5.480000e+00 1.606118e+02
    endloop
  endfacet
  facet normal 0.000000e+00 -1.000000e+00 0.000000e+00
    outer loop
      vertex   4.389959e+01 -5.480000e+00 1.659179e+02
      vertex   3.934889e+01 -5.480000e+00 1.606118e+02
      vertex   3.919904e+01 -5.480000e+00 1.602500e+02
    endloop
  endfacet
  facet normal 0.000000e+00 -1.000000e+00 0.000000e+00
    outer loop
      vertex   -2.077521e+01 -5.480000e+00 -8.613346e+00
      vertex   -2.057129e+01 -5.480000e+00 -8.932250e+00
      vertex   -1.775441e+01 -5.480000e+00 -4.547250e+00
    endloop
  endfacet
  facet normal 0.000000e+00 -1.000000e+00 0.000000e+00
    outer loop
      vertex   -1.775441e+01 -5.480000e+00 -4.547250e+00
      vertex   -2.057129e+01 -5.480000e+00 -8.932250e+00
      vertex   -2.045686e+01 -5.480000e+00 -9.293065e+00
    endloop
  endfacet
  facet normal 0.000000e+00 -1.000000e+00 0.000000e+00
    outer loop
      vertex   -1.775441e+01 -5.480000e+00 -4.547250e+00
      vertex   -2.045686e+01 -5.480000e+00 -9.293065e+00
      vertex   -2.043972e+01 -5.480000e+00 -9.671202e+00
    endloop
  endfacet
  facet normal 0.000000e+00 -1.000000e+00 -0.000000e+00
    outer loop
      vertex   -2.069525e+01 -5.480000e+00 -1.037694e+01
      vertex   -2.095051e+01 -5.480000e+00 -1.065645e+01
      vertex   -1.775441e+01 -5.480000e+00 -1.454725e+01
    endloop
  endfacet
  facet normal 0.000000e+00 -1.000000e+00 0.000000e+00
    outer loop
      vertex   -1.775441e+01 -5.480000e+00 -1.454725e+01
      vertex   -2.095051e+01 -5.480000e+00 -1.065645e+01
      vertex   -2.126941e+01 -5.480000e+00 -1.086037e+01
    endloop
  endfacet
  facet normal 0.000000e+00 -1.000000e+00 0.000000e+00
    outer loop
      vertex   -1.775441e+01 -5.480000e+00 -1.454725e+01
      vertex   -2.126941e+01 -5.480000e+00 -1.086037e+01
      vertex   -2.163022e+01 -5.480000e+00 -1.097480e+01
    endloop
  endfacet
  facet normal 0.000000e+00 -1.000000e+00 -0.000000e+00
    outer loop
      vertex   -2.163022e+01 -5.480000e+00 -1.097480e+01
      vertex   -2.200836e+01 -5.480000e+00 -1.099194e+01
      vertex   -1.775441e+01 -5.480000e+00 -1.454725e+01
    endloop
  endfacet
  facet normal -0.000000e+00 -1.000000e+00 0.000000e+00
    outer loop
      vertex   -2.271410e+01 -5.480000e+00 -1.073641e+01
      vertex   -2.299361e+01 -5.480000e+00 -1.048115e+01
      vertex   -2.601441e+01 -5.480000e+00 -1.454725e+01
    endloop
  endfacet
  facet normal 0.000000e+00 -1.000000e+00 0.000000e+00
    outer loop
      vertex   -2.601441e+01 -5.480000e+00 -1.454725e+01
      vertex   -2.299361e+01 -5.480000e+00 -1.048115e+01
      vertex   -2.319753e+01 -5.480000e+00 -1.016225e+01
    endloop
  endfacet
  facet normal 0.000000e+00 -1.000000e+00 0.000000e+00
    outer loop
      vertex   -2.601441e+01 -5.480000e+00 -1.454725e+01
      vertex   -2.319753e+01 -5.480000e+00 -1.016225e+01
      vertex   -2.331196e+01 -5.480000e+00 -9.801435e+00
    endloop
  endfacet
  facet normal -0.000000e+00 -1.000000e+00 0.000000e+00
    outer loop
      vertex   -2.331196e+01 -5.480000e+00 -9.801435e+00
      vertex   -2.332910e+01 -5.480000e+00 -9.423297e+00
      vertex   -2.601441e+01 -5.480000e+00 -1.454725e+01
    endloop
  endfacet
  facet normal 0.000000e+00 -1.000000e+00 0.000000e+00
    outer loop
      vertex   -2.601441e+01 -5.480000e+00 -1.454725e+01
      vertex   -2.332910e+01 -5.480000e+00 -9.423297e+00
      vertex   -2.324779e+01 -5.480000e+00 -9.053607e+00
    endloop
  endfacet
  facet normal 0.000000e+00 -1.000000e+00 0.000000e+00
    outer loop
      vertex   -1.849999e+00 -5.480000e+00 9.229904e+01
      vertex   -9.039339e+00 -5.480000e+00 9.206066e+01
      vertex   -2.160659e+00 -5.480000e+00 9.206066e+01
    endloop
  endfacet
  facet normal -0.000000e+00 -1.000000e+00 0.000000e+00
    outer loop
      vertex   -2.160659e+00 -5.480000e+00 9.206066e+01
      vertex   -9.039339e+00 -5.480000e+00 9.206066e+01
      vertex   -8.800961e+00 -5.480000e+00 9.175000e+01
    endloop
  endfacet
  facet normal 0.000000e+00 -1.000000e+00 0.000000e+00
    outer loop
      vertex   -2.160659e+00 -5.480000e+00 9.206066e+01
      vertex   -8.800961e+00 -5.480000e+00 9.175000e+01
      vertex   -2.399037e+00 -5.480000e+00 9.175000e+01
    endloop
  endfacet
  facet normal -0.000000e+00 -1.000000e+00 0.000000e+00
    outer loop
      vertex   -2.399037e+00 -5.480000e+00 9.175000e+01
      vertex   -8.800961e+00 -5.480000e+00 9.175000e+01
      vertex   -8.651111e+00 -5.480000e+00 9.138823e+01
    endloop
  endfacet
  facet normal 0.000000e+00 -1.000000e+00 0.000000e+00
    outer loop
      vertex   -2.399037e+00 -5.480000e+00 9.175000e+01
      vertex   -8.651111e+00 -5.480000e+00 9.138823e+01
      vertex   -2.548888e+00 -5.480000e+00 9.138823e+01
    endloop
  endfacet
  facet normal -0.000000e+00 -1.000000e+00 0.000000e+00
    outer loop
      vertex   -2.548888e+00 -5.480000e+00 9.138823e+01
      vertex   -8.651111e+00 -5.480000e+00 9.138823e+01
      vertex   -8.599999e+00 -5.480000e+00 9.100000e+01
    endloop
  endfacet
  facet normal 0.000000e+00 -1.000000e+00 0.000000e+00
    outer loop
      vertex   -1.488228e+00 -5.480000e+00 9.244889e+01
      vertex   -1.099999e+00 -5.480000e+00 9.250000e+01
      vertex   1.540000e+01 -5.480000e+00 1.250000e+02
    endloop
  endfacet
  facet normal 0.000000e+00 -1.000000e+00 0.000000e+00
    outer loop
      vertex   1.540000e+01 -5.480000e+00 1.250000e+02
      vertex   -1.099999e+00 -5.480000e+00 9.250000e+01
      vertex   -7.117706e-01 -5.480000e+00 9.244889e+01
    endloop
  endfacet
  facet normal 0.000000e+00 -1.000000e+00 0.000000e+00
    outer loop
      vertex   1.540000e+01 -5.480000e+00 1.250000e+02
      vertex   -7.117706e-01 -5.480000e+00 9.244889e+01
      vertex   -3.499992e-01 -5.480000e+00 9.229904e+01
    endloop
  endfacet
  facet normal 0.000000e+00 -1.000000e+00 0.000000e+00
    outer loop
      vertex   -3.499992e-01 -5.480000e+00 9.229904e+01
      vertex   -3.933898e-02 -5.480000e+00 9.206066e+01
      vertex   1.540000e+01 -5.480000e+00 1.250000e+02
    endloop
  endfacet
  facet normal 0.000000e+00 -1.000000e+00 0.000000e+00
    outer loop
      vertex   1.540000e+01 -5.480000e+00 1.250000e+02
      vertex   -3.933898e-02 -5.480000e+00 9.206066e+01
      vertex   1.990390e-01 -5.480000e+00 9.175000e+01
    endloop
  endfacet
  facet normal 0.000000e+00 -1.000000e+00 0.000000e+00
    outer loop
      vertex   1.540000e+01 -5.480000e+00 1.250000e+02
      vertex   1.990390e-01 -5.480000e+00 9.175000e+01
      vertex   3.488896e-01 -5.480000e+00 9.138823e+01
    endloop
  endfacet
  facet normal 0.000000e+00 -1.000000e+00 0.000000e+00
    outer loop
      vertex   3.488896e-01 -5.480000e+00 9.138823e+01
      vertex   4.000009e-01 -5.480000e+00 9.100000e+01
      vertex   1.540000e+01 -5.480000e+00 1.250000e+02
    endloop
  endfacet
  facet normal 0.000000e+00 -1.000000e+00 -0.000000e+00
    outer loop
      vertex   1.540000e+01 -5.480000e+00 1.250000e+02
      vertex   4.000009e-01 -5.480000e+00 9.100000e+01
      vertex   3.932686e+01 -5.480000e+00 5.793621e+01
    endloop
  endfacet
  facet normal 0.000000e+00 -1.000000e+00 -0.000000e+00
    outer loop
      vertex   4.000009e-01 -5.480000e+00 9.100000e+01
      vertex   3.488896e-01 -5.480000e+00 9.061177e+01
      vertex   3.932686e+01 -5.480000e+00 5.793621e+01
    endloop
  endfacet
  facet normal -9.956992e-01 0.000000e+00 9.264536e-02
    outer loop
      vertex   -5.080041e+01 -1.980000e+00 1.051517e+02
      vertex   -5.080041e+01 -5.480000e+00 1.051517e+02
      vertex   -5.069741e+01 -1.980000e+00 1.062587e+02
    endloop
  endfacet
  facet normal -9.956992e-01 0.000000e+00 9.264536e-02
    outer loop
      vertex   -5.069741e+01 -1.980000e+00 1.062587e+02
      vertex   -5.080041e+01 -5.480000e+00 1.051517e+02
      vertex   -5.069741e+01 -5.480000e+00 1.062587e+02
    endloop
  endfacet
  facet normal -9.615142e-01 0.000000e+00 2.747553e-01
    outer loop
      vertex   -5.069741e+01 -1.980000e+00 1.062587e+02
      vertex   -5.069741e+01 -5.480000e+00 1.062587e+02
      vertex   -5.039195e+01 -1.980000e+00 1.073277e+02
    endloop
  endfacet
  facet normal -9.615142e-01 0.000000e+00 2.747553e-01
    outer loop
      vertex   -5.039195e+01 -1.980000e+00 1.073277e+02
      vertex   -5.069741e+01 -5.480000e+00 1.062587e+02
      vertex   -5.039195e+01 -5.480000e+00 1.073277e+02
    endloop
  endfacet
  facet normal -8.943179e-01 0.000000e+00 4.474322e-01
    outer loop
      vertex   -5.039195e+01 -1.980000e+00 1.073277e+02
      vertex   -5.039195e+01 -5.480000e+00 1.073277e+02
      vertex   -4.989452e+01 -1.980000e+00 1.083219e+02
    endloop
  endfacet
  facet normal -8.943179e-01 0.000000e+00 4.474322e-01
    outer loop
      vertex   -4.989452e+01 -1.980000e+00 1.083219e+02
      vertex   -5.039195e+01 -5.480000e+00 1.073277e+02
      vertex   -4.989452e+01 -5.480000e+00 1.083219e+02
    endloop
  endfacet
  facet normal -7.964172e-01 0.000000e+00 6.047475e-01
    outer loop
      vertex   -4.989452e+01 -1.980000e+00 1.083219e+02
      vertex   -4.989452e+01 -5.480000e+00 1.083219e+02
      vertex   -4.922220e+01 -1.980000e+00 1.092073e+02
    endloop
  endfacet
  facet normal -7.964172e-01 0.000000e+00 6.047475e-01
    outer loop
      vertex   -4.922220e+01 -1.980000e+00 1.092073e+02
      vertex   -4.989452e+01 -5.480000e+00 1.083219e+02
      vertex   -4.922220e+01 -5.480000e+00 1.092073e+02
    endloop
  endfacet
  facet normal -6.711735e-01 0.000000e+00 7.413003e-01
    outer loop
      vertex   -4.922220e+01 -1.980000e+00 1.092073e+02
      vertex   -4.922220e+01 -5.480000e+00 1.092073e+02
      vertex   -4.839806e+01 -1.980000e+00 1.099535e+02
    endloop
  endfacet
  facet normal -6.711735e-01 0.000000e+00 7.413003e-01
    outer loop
      vertex   -4.839806e+01 -1.980000e+00 1.099535e+02
      vertex   -4.922220e+01 -5.480000e+00 1.092073e+02
      vertex   -4.839806e+01 -5.480000e+00 1.099535e+02
    endloop
  endfacet
  facet normal -5.228866e-01 0.000000e+00 8.524022e-01
    outer loop
      vertex   -4.839806e+01 -1.980000e+00 1.099535e+02
      vertex   -4.839806e+01 -5.480000e+00 1.099535e+02
      vertex   -4.745041e+01 -1.980000e+00 1.105348e+02
    endloop
  endfacet
  facet normal -5.228866e-01 0.000000e+00 8.524022e-01
    outer loop
      vertex   -4.745041e+01 -1.980000e+00 1.105348e+02
      vertex   -4.839806e+01 -5.480000e+00 1.099535e+02
      vertex   -4.745041e+01 -5.480000e+00 1.105348e+02
    endloop
  endfacet
  facet normal -5.228866e-01 0.000000e+00 8.524022e-01
    outer loop
      vertex   -4.745041e+01 -1.980000e+00 1.105348e+02
      vertex   -4.745041e+01 -5.480000e+00 1.105348e+02
      vertex   -4.650276e+01 -1.980000e+00 1.111161e+02
    endloop
  endfacet
  facet normal -5.228866e-01 0.000000e+00 8.524022e-01
    outer loop
      vertex   -4.650276e+01 -1.980000e+00 1.111161e+02
      vertex   -4.745041e+01 -5.480000e+00 1.105348e+02
      vertex   -4.650276e+01 -5.480000e+00 1.111161e+02
    endloop
  endfacet
  facet normal -6.711735e-01 0.000000e+00 7.413003e-01
    outer loop
      vertex   -4.650276e+01 -1.980000e+00 1.111161e+02
      vertex   -4.650276e+01 -5.480000e+00 1.111161e+02
      vertex   -4.567862e+01 -1.980000e+00 1.118623e+02
    endloop
  endfacet
  facet normal -6.711735e-01 0.000000e+00 7.413003e-01
    outer loop
      vertex   -4.567862e+01 -1.980000e+00 1.118623e+02
      vertex   -4.650276e+01 -5.480000e+00 1.111161e+02
      vertex   -4.567862e+01 -5.480000e+00 1.118623e+02
    endloop
  endfacet
  facet normal -7.964172e-01 0.000000e+00 6.047475e-01
    outer loop
      vertex   -4.567862e+01 -1.980000e+00 1.118623e+02
      vertex   -4.567862e+01 -5.480000e+00 1.118623e+02
      vertex   -4.500629e+01 -1.980000e+00 1.127477e+02
    endloop
  endfacet
  facet normal -7.964172e-01 0.000000e+00 6.047475e-01
    outer loop
      vertex   -4.500629e+01 -1.980000e+00 1.127477e+02
      vertex   -4.567862e+01 -5.480000e+00 1.118623e+02
      vertex   -4.500629e+01 -5.480000e+00 1.127477e+02
    endloop
  endfacet
  facet normal -8.943179e-01 0.000000e+00 4.474322e-01
    outer loop
      vertex   -4.500629e+01 -1.980000e+00 1.127477e+02
      vertex   -4.500629e+01 -5.480000e+00 1.127477e+02
      vertex   -4.450886e+01 -1.980000e+00 1.137420e+02
    endloop
  endfacet
  facet normal -8.943179e-01 0.000000e+00 4.474322e-01
    outer loop
      vertex   -4.450886e+01 -1.980000e+00 1.137420e+02
      vertex   -4.500629e+01 -5.480000e+00 1.127477e+02
      vertex   -4.450886e+01 -5.480000e+00 1.137420e+02
    endloop
  endfacet
  facet normal -9.615142e-01 0.000000e+00 2.747553e-01
    outer loop
      vertex   -4.450886e+01 -1.980000e+00 1.137420e+02
      vertex   -4.450886e+01 -5.480000e+00 1.137420e+02
      vertex   -4.420341e+01 -1.980000e+00 1.148109e+02
    endloop
  endfacet
  facet normal -9.615142e-01 0.000000e+00 2.747553e-01
    outer loop
      vertex   -4.420341e+01 -1.980000e+00 1.148109e+02
      vertex   -4.450886e+01 -5.480000e+00 1.137420e+02
      vertex   -4.420341e+01 -5.480000e+00 1.148109e+02
    endloop
  endfacet
  facet normal -9.956992e-01 0.000000e+00 9.264536e-02
    outer loop
      vertex   -4.420341e+01 -1.980000e+00 1.148109e+02
      vertex   -4.420341e+01 -5.480000e+00 1.148109e+02
      vertex   -4.410041e+01 -1.980000e+00 1.159179e+02
    endloop
  endfacet
  facet normal -9.956992e-01 -4.042782e-15 9.264536e-02
    outer loop
      vertex   -4.410041e+01 -1.980000e+00 1.159179e+02
      vertex   -4.420341e+01 -5.480000e+00 1.148109e+02
      vertex   -4.410041e+01 -5.480000e+00 1.159179e+02
    endloop
  endfacet
  facet normal -1.000000e+00 -0.000000e+00 -0.000000e+00
    outer loop
      vertex   -5.080041e+01 -1.980000e+00 1.051517e+02
      vertex   -5.080041e+01 -1.980000e+00 7.406315e+01
      vertex   -5.080041e+01 -5.480000e+00 1.051517e+02
    endloop
  endfacet
  facet normal -1.000000e+00 0.000000e+00 0.000000e+00
    outer loop
      vertex   -5.080041e+01 -5.480000e+00 1.051517e+02
      vertex   -5.080041e+01 -1.980000e+00 7.406315e+01
      vertex   -5.080041e+01 -5.480000e+00 7.406315e+01
    endloop
  endfacet
  facet normal 1.000000e+00 -0.000000e+00 0.000000e+00
    outer loop
      vertex   2.601559e+01 -5.480000e+00 2.780870e+01
      vertex   2.601559e+01 -5.480000e+00 -1.454725e+01
      vertex   2.601559e+01 -1.980000e+00 2.780870e+01
    endloop
  endfacet
  facet normal 1.000000e+00 0.000000e+00 0.000000e+00
    outer loop
      vertex   2.601559e+01 -1.980000e+00 2.780870e+01
      vertex   2.601559e+01 -5.480000e+00 -1.454725e+01
      vertex   2.601559e+01 -1.980000e+00 -1.454725e+01
    endloop
  endfacet
  facet normal -1.000000e+00 -0.000000e+00 0.000000e+00
    outer loop
      vertex   -2.601441e+01 -1.980000e+00 2.777420e+01
      vertex   -2.601441e+01 -1.980000e+00 -1.454725e+01
      vertex   -2.601441e+01 -5.480000e+00 2.777420e+01
    endloop
  endfacet
  facet normal -1.000000e+00 0.000000e+00 0.000000e+00
    outer loop
      vertex   -2.601441e+01 -5.480000e+00 2.777420e+01
      vertex   -2.601441e+01 -1.980000e+00 -1.454725e+01
      vertex   -2.601441e+01 -5.480000e+00 -1.454725e+01
    endloop
  endfacet
  facet normal -9.119757e-01 -0.000000e+00 -4.102441e-01
    outer loop
      vertex   -4.573877e+01 -1.980000e+00 5.221121e+01
      vertex   -4.573877e+01 -5.480000e+00 5.221121e+01
      vertex   -4.706452e+01 -1.980000e+00 5.515837e+01
    endloop
  endfacet
  facet normal -9.119757e-01 -0.000000e+00 -4.102441e-01
    outer loop
      vertex   -4.706452e+01 -1.980000e+00 5.515837e+01
      vertex   -4.573877e+01 -5.480000e+00 5.221121e+01
      vertex   -4.706452e+01 -5.480000e+00 5.515837e+01
    endloop
  endfacet
  facet normal -9.367089e-01 -0.000000e+00 -3.501092e-01
    outer loop
      vertex   -4.706452e+01 -1.980000e+00 5.515837e+01
      vertex   -4.706452e+01 -5.480000e+00 5.515837e+01
      vertex   -4.819594e+01 -1.980000e+00 5.818547e+01
    endloop
  endfacet
  facet normal -9.367089e-01 -0.000000e+00 -3.501092e-01
    outer loop
      vertex   -4.819594e+01 -1.980000e+00 5.818547e+01
      vertex   -4.706452e+01 -5.480000e+00 5.515837e+01
      vertex   -4.819594e+01 -5.480000e+00 5.818547e+01
    endloop
  endfacet
  facet normal -9.574817e-01 -0.000000e+00 -2.884939e-01
    outer loop
      vertex   -4.819594e+01 -1.980000e+00 5.818547e+01
      vertex   -4.819594e+01 -5.480000e+00 5.818547e+01
      vertex   -4.912825e+01 -1.980000e+00 6.127969e+01
    endloop
  endfacet
  facet normal -9.574817e-01 -0.000000e+00 -2.884939e-01
    outer loop
      vertex   -4.912825e+01 -1.980000e+00 6.127969e+01
      vertex   -4.819594e+01 -5.480000e+00 5.818547e+01
      vertex   -4.912825e+01 -5.480000e+00 6.127969e+01
    endloop
  endfacet
  facet normal -9.742064e-01 -0.000000e+00 -2.256590e-01
    outer loop
      vertex   -4.912825e+01 -1.980000e+00 6.127969e+01
      vertex   -4.912825e+01 -5.480000e+00 6.127969e+01
      vertex   -4.985749e+01 -1.980000e+00 6.442796e+01
    endloop
  endfacet
  facet normal -9.742064e-01 -0.000000e+00 -2.256590e-01
    outer loop
      vertex   -4.985749e+01 -1.980000e+00 6.442796e+01
      vertex   -4.912825e+01 -5.480000e+00 6.127969e+01
      vertex   -4.985749e+01 -5.480000e+00 6.442796e+01
    endloop
  endfacet
  facet normal -9.868121e-01 -0.000000e+00 -1.618699e-01
    outer loop
      vertex   -4.985749e+01 -1.980000e+00 6.442796e+01
      vertex   -4.985749e+01 -5.480000e+00 6.442796e+01
      vertex   -5.038060e+01 -1.980000e+00 6.761697e+01
    endloop
  endfacet
  facet normal -9.868121e-01 -0.000000e+00 -1.618699e-01
    outer loop
      vertex   -5.038060e+01 -1.980000e+00 6.761697e+01
      vertex   -4.985749e+01 -5.480000e+00 6.442796e+01
      vertex   -5.038060e+01 -5.480000e+00 6.761697e+01
    endloop
  endfacet
  facet normal -9.952457e-01 -0.000000e+00 -9.739652e-02
    outer loop
      vertex   -5.038060e+01 -1.980000e+00 6.761697e+01
      vertex   -5.038060e+01 -5.480000e+00 6.761697e+01
      vertex   -5.069534e+01 -1.980000e+00 7.083323e+01
    endloop
  endfacet
  facet normal -9.952457e-01 -0.000000e+00 -9.739652e-02
    outer loop
      vertex   -5.069534e+01 -1.980000e+00 7.083323e+01
      vertex   -5.038060e+01 -5.480000e+00 6.761697e+01
      vertex   -5.069534e+01 -5.480000e+00 7.083323e+01
    endloop
  endfacet
  facet normal -9.994714e-01 -0.000000e+00 -3.251133e-02
    outer loop
      vertex   -5.069534e+01 -1.980000e+00 7.083323e+01
      vertex   -5.069534e+01 -5.480000e+00 7.083323e+01
      vertex   -5.080041e+01 -1.980000e+00 7.406315e+01
    endloop
  endfacet
  facet normal -9.994714e-01 -0.000000e+00 -3.251133e-02
    outer loop
      vertex   -5.080041e+01 -1.980000e+00 7.406315e+01
      vertex   -5.069534e+01 -5.480000e+00 7.083323e+01
      vertex   -5.080041e+01 -5.480000e+00 7.406315e+01
    endloop
  endfacet
  facet normal 0.000000e+00 7.071068e-01 -7.071068e-01
    outer loop
      vertex   6.885591e+00 -3.680000e+00 4.045275e+01
      vertex   -8.114409e+00 -3.680000e+00 4.045275e+01
      vertex   6.885591e+00 -1.980000e+00 4.215275e+01
    endloop
  endfacet
  facet normal 0.000000e+00 7.071068e-01 -7.071068e-01
    outer loop
      vertex   6.885591e+00 -1.980000e+00 4.215275e+01
      vertex   -8.114409e+00 -3.680000e+00 4.045275e+01
      vertex   -8.114409e+00 -1.980000e+00 4.215275e+01
    endloop
  endfacet
  facet normal 1.000000e+00 0.000000e+00 0.000000e+00
    outer loop
      vertex   -8.114409e+00 -1.980000e+00 4.215275e+01
      vertex   -8.114409e+00 -3.680000e+00 4.045275e+01
      vertex   -8.114409e+00 -1.980000e+00 -4.547250e+00
    endloop
  endfacet
  facet normal 1.000000e+00 0.000000e+00 0.000000e+00
    outer loop
      vertex   -8.114409e+00 -1.980000e+00 -4.547250e+00
      vertex   -8.114409e+00 -3.680000e+00 4.045275e+01
      vertex   -8.114409e+00 -3.680000e+00 -4.547250e+00
    endloop
  endfacet
  facet normal -1.000000e+00 0.000000e+00 -0.000000e+00
    outer loop
      vertex   6.885591e+00 -1.980000e+00 4.215275e+01
      vertex   6.885591e+00 -1.980000e+00 -4.547250e+00
      vertex   6.885591e+00 -3.680000e+00 4.045275e+01
    endloop
  endfacet
  facet normal -1.000000e+00 0.000000e+00 0.000000e+00
    outer loop
      vertex   6.885591e+00 -3.680000e+00 4.045275e+01
      vertex   6.885591e+00 -1.980000e+00 -4.547250e+00
      vertex   6.885591e+00 -3.680000e+00 -4.547250e+00
    endloop
  endfacet
  facet normal 0.000000e+00 1.000000e+00 0.000000e+00
    outer loop
      vertex   -8.114409e+00 -3.680000e+00 -4.547250e+00
      vertex   -8.114409e+00 -3.680000e+00 4.045275e+01
      vertex   6.885591e+00 -3.680000e+00 -4.547250e+00
    endloop
  endfacet
  facet normal 0.000000e+00 1.000000e+00 -0.000000e+00
    outer loop
      vertex   6.885591e+00 -3.680000e+00 -4.547250e+00
      vertex   -8.114409e+00 -3.680000e+00 4.045275e+01
      vertex   6.885591e+00 -3.680000e+00 4.045275e+01
    endloop
  endfacet
  facet normal -7.552538e-17 1.000000e+00 -9.696271e-17
    outer loop
      vertex   -3.384709e+01 2.200000e+00 8.812568e+01
      vertex   -1.914709e+01 2.200000e+00 7.667568e+01
      vertex   -3.384709e+01 2.200000e+00 6.522568e+01
    endloop
  endfacet
  facet normal -3.253401e-17 1.000000e+00 -1.521569e-16
    outer loop
      vertex   -3.384709e+01 2.200000e+00 6.522568e+01
      vertex   -1.914709e+01 2.200000e+00 7.667568e+01
      vertex   8.152906e+00 2.200000e+00 7.667568e+01
    endloop
  endfacet
  facet normal -4.378344e-17 1.000000e+00 -1.108926e-16
    outer loop
      vertex   -3.384709e+01 2.200000e+00 6.522568e+01
      vertex   8.152906e+00 2.200000e+00 7.667568e+01
      vertex   3.715291e+01 2.200000e+00 6.522568e+01
    endloop
  endfacet
  facet normal 7.656711e-17 1.000000e+00 1.939254e-16
    outer loop
      vertex   3.715291e+01 2.200000e+00 6.522568e+01
      vertex   8.152906e+00 2.200000e+00 7.667568e+01
      vertex   3.715291e+01 2.200000e+00 8.812568e+01
    endloop
  endfacet
  facet normal 1.990745e-16 1.000000e+00 -1.163553e-16
    outer loop
      vertex   3.715291e+01 2.200000e+00 8.812568e+01
      vertex   8.152906e+00 2.200000e+00 7.667568e+01
      vertex   8.152906e+00 2.200000e+00 8.812568e+01
    endloop
  endfacet
  facet normal -6.042030e-17 1.000000e+00 -7.757017e-17
    outer loop
      vertex   -3.384709e+01 2.200000e+00 8.812568e+01
      vertex   -1.914709e+01 2.200000e+00 8.812568e+01
      vertex   -1.914709e+01 2.200000e+00 7.667568e+01
    endloop
  endfacet
  facet normal 0.000000e+00 0.000000e+00 1.000000e+00
    outer loop
      vertex   8.152906e+00 2.200000e+00 7.667568e+01
      vertex   -1.914709e+01 2.200000e+00 7.667568e+01
      vertex   8.152906e+00 -9.800000e-01 7.667568e+01
    endloop
  endfacet
  facet normal 0.000000e+00 0.000000e+00 1.000000e+00
    outer loop
      vertex   8.152906e+00 -9.800000e-01 7.667568e+01
      vertex   -1.914709e+01 2.200000e+00 7.667568e+01
      vertex   -1.914709e+01 -9.800000e-01 7.667568e+01
    endloop
  endfacet
  facet normal 1.000000e+00 0.000000e+00 3.102807e-16
    outer loop
      vertex   -1.914709e+01 2.200000e+00 7.667568e+01
      vertex   -1.914709e+01 2.200000e+00 8.812568e+01
      vertex   -1.914709e+01 -9.800000e-01 7.667568e+01
    endloop
  endfacet
  facet normal 1.000000e+00 1.294060e-16 2.743408e-16
    outer loop
      vertex   -1.914709e+01 -9.800000e-01 7.667568e+01
      vertex   -1.914709e+01 2.200000e+00 8.812568e+01
      vertex   -1.914709e+01 -9.800000e-01 8.962568e+01
    endloop
  endfacet
  facet normal 1.000000e+00 -0.000000e+00 0.000000e+00
    outer loop
      vertex   -1.914709e+01 -9.800000e-01 8.962568e+01
      vertex   -1.914709e+01 2.200000e+00 8.812568e+01
      vertex   -1.914709e+01 1.960000e+01 8.962568e+01
    endloop
  endfacet
  facet normal 1.000000e+00 0.000000e+00 0.000000e+00
    outer loop
      vertex   -1.914709e+01 1.960000e+01 8.962568e+01
      vertex   -1.914709e+01 2.200000e+00 8.812568e+01
      vertex   -1.914709e+01 1.960000e+01 8.812568e+01
    endloop
  endfacet
  facet normal -1.000000e+00 0.000000e+00 0.000000e+00
    outer loop
      vertex   -3.384709e+01 1.960000e+01 8.812568e+01
      vertex   -3.384709e+01 2.200000e+00 8.812568e+01
      vertex   -3.384709e+01 1.960000e+01 8.962568e+01
    endloop
  endfacet
  facet normal -1.000000e+00 -0.000000e+00 0.000000e+00
    outer loop
      vertex   -3.384709e+01 1.960000e+01 8.962568e+01
      vertex   -3.384709e+01 2.200000e+00 8.812568e+01
      vertex   -3.384709e+01 -9.800000e-01 8.962568e+01
    endloop
  endfacet
  facet normal -1.000000e+00 1.463588e-16 3.102807e-16
    outer loop
      vertex   -3.384709e+01 -9.800000e-01 8.962568e+01
      vertex   -3.384709e+01 2.200000e+00 8.812568e+01
      vertex   -3.384709e+01 2.200000e+00 6.522568e+01
    endloop
  endfacet
  facet normal -1.000000e+00 -2.234411e-15 -0.000000e+00
    outer loop
      vertex   -3.384709e+01 -9.800000e-01 8.962568e+01
      vertex   -3.384709e+01 2.200000e+00 6.522568e+01
      vertex   -3.384709e+01 -9.800000e-01 6.372568e+01
    endloop
  endfacet
  facet normal -1.000000e+00 0.000000e+00 -4.736952e-15
    outer loop
      vertex   -3.384709e+01 -9.800000e-01 6.372568e+01
      vertex   -3.384709e+01 2.200000e+00 6.522568e+01
      vertex   -3.384709e+01 1.960000e+01 6.372568e+01
    endloop
  endfacet
  facet normal -1.000000e+00 0.000000e+00 -4.736952e-15
    outer loop
      vertex   -3.384709e+01 1.960000e+01 6.372568e+01
      vertex   -3.384709e+01 2.200000e+00 6.522568e+01
      vertex   -3.384709e+01 1.960000e+01 6.522568e+01
    endloop
  endfacet
  facet normal 0.000000e+00 1.000000e+00 -0.000000e+00
    outer loop
      vertex   8.152906e+00 1.960000e+01 8.812568e+01
      vertex   8.152906e+00 1.960000e+01 8.962568e+01
      vertex   3.715291e+01 1.960000e+01 8.812568e+01
    endloop
  endfacet
  facet normal -1.225074e-16 1.000000e+00 -2.368476e-15
    outer loop
      vertex   3.715291e+01 1.960000e+01 8.812568e+01
      vertex   8.152906e+00 1.960000e+01 8.962568e+01
      vertex   3.715291e+01 1.960000e+01 8.962568e+01
    endloop
  endfacet
  facet normal 0.000000e+00 1.000000e+00 0.000000e+00
    outer loop
      vertex   3.715291e+01 1.960000e+01 6.522568e+01
      vertex   3.715291e+01 1.960000e+01 6.372568e+01
      vertex   -3.384709e+01 1.960000e+01 6.522568e+01
    endloop
  endfacet
  facet normal 0.000000e+00 1.000000e+00 0.000000e+00
    outer loop
      vertex   -3.384709e+01 1.960000e+01 6.522568e+01
      vertex   3.715291e+01 1.960000e+01 6.372568e+01
      vertex   -3.384709e+01 1.960000e+01 6.372568e+01
    endloop
  endfacet
  facet normal 0.000000e+00 1.000000e+00 0.000000e+00
    outer loop
      vertex   -1.914709e+01 1.960000e+01 8.962568e+01
      vertex   -1.914709e+01 1.960000e+01 8.812568e+01
      vertex   -3.384709e+01 1.960000e+01 8.962568e+01
    endloop
  endfacet
  facet normal 0.000000e+00 1.000000e+00 0.000000e+00
    outer loop
      vertex   -3.384709e+01 1.960000e+01 8.962568e+01
      vertex   -1.914709e+01 1.960000e+01 8.812568e+01
      vertex   -3.384709e+01 1.960000e+01 8.812568e+01
    endloop
  endfacet
  facet normal 0.000000e+00 0.000000e+00 1.000000e+00
    outer loop
      vertex   3.715291e+01 1.960000e+01 8.962568e+01
      vertex   8.152906e+00 1.960000e+01 8.962568e+01
      vertex   3.715291e+01 -9.800000e-01 8.962568e+01
    endloop
  endfacet
  facet normal 0.000000e+00 0.000000e+00 1.000000e+00
    outer loop
      vertex   3.715291e+01 -9.800000e-01 8.962568e+01
      vertex   8.152906e+00 1.960000e+01 8.962568e+01
      vertex   8.152906e+00 -9.800000e-01 8.962568e+01
    endloop
  endfacet
  facet normal -1.000000e+00 1.117206e-15 -1.299927e-31
    outer loop
      vertex   8.152906e+00 2.200000e+00 7.667568e+01
      vertex   8.152906e+00 -9.800000e-01 7.667568e+01
      vertex   8.152906e+00 2.200000e+00 8.812568e+01
    endloop
  endfacet
  facet normal -1.000000e+00 1.117206e-15 0.000000e+00
    outer loop
      vertex   8.152906e+00 2.200000e+00 8.812568e+01
      vertex   8.152906e+00 -9.800000e-01 7.667568e+01
      vertex   8.152906e+00 -9.800000e-01 8.962568e+01
    endloop
  endfacet
  facet normal -1.000000e+00 -8.631472e-17 -2.551463e-15
    outer loop
      vertex   8.152906e+00 2.200000e+00 8.812568e+01
      vertex   8.152906e+00 -9.800000e-01 8.962568e+01
      vertex   8.152906e+00 1.960000e+01 8.962568e+01
    endloop
  endfacet
  facet normal -1.000000e+00 -2.041789e-16 -1.184238e-15
    outer loop
      vertex   8.152906e+00 1.960000e+01 8.962568e+01
      vertex   8.152906e+00 1.960000e+01 8.812568e+01
      vertex   8.152906e+00 2.200000e+00 8.812568e+01
    endloop
  endfacet
  facet normal 0.000000e+00 1.633432e-15 1.000000e+00
    outer loop
      vertex   3.715291e+01 1.960000e+01 6.522568e+01
      vertex   -3.384709e+01 1.960000e+01 6.522568e+01
      vertex   3.715291e+01 2.200000e+00 6.522568e+01
    endloop
  endfacet
  facet normal -4.003058e-16 0.000000e+00 1.000000e+00
    outer loop
      vertex   3.715291e+01 2.200000e+00 6.522568e+01
      vertex   -3.384709e+01 1.960000e+01 6.522568e+01
      vertex   -3.384709e+01 2.200000e+00 6.522568e+01
    endloop
  endfacet
  facet normal 0.000000e+00 0.000000e+00 1.000000e+00
    outer loop
      vertex   -1.914709e+01 1.960000e+01 8.962568e+01
      vertex   -3.384709e+01 1.960000e+01 8.962568e+01
      vertex   -1.914709e+01 -9.800000e-01 8.962568e+01
    endloop
  endfacet
  facet normal 0.000000e+00 0.000000e+00 1.000000e+00
    outer loop
      vertex   -1.914709e+01 -9.800000e-01 8.962568e+01
      vertex   -3.384709e+01 1.960000e+01 8.962568e+01
      vertex   -3.384709e+01 -9.800000e-01 8.962568e+01
    endloop
  endfacet
  facet normal 0.000000e+00 9.951847e-01 -9.801714e-02
    outer loop
      vertex   3.815291e+01 -1.980000e+00 6.272568e+01
      vertex   -3.484709e+01 -1.980000e+00 6.272568e+01
      vertex   3.795782e+01 -1.960785e+00 6.292077e+01
    endloop
  endfacet
  facet normal 1.838048e-04 9.861724e-01 -1.657228e-01
    outer loop
      vertex   3.795782e+01 -1.960785e+00 6.292077e+01
      vertex   -3.484709e+01 -1.980000e+00 6.272568e+01
      vertex   1.569137e+01 -1.945926e+00 6.298450e+01
    endloop
  endfacet
  facet normal 0.000000e+00 9.738770e-01 -2.270763e-01
    outer loop
      vertex   3.795782e+01 -1.960785e+00 6.292077e+01
      vertex   1.569137e+01 -1.945926e+00 6.298450e+01
      vertex   2.130675e+01 -1.945926e+00 6.298450e+01
    endloop
  endfacet
  facet normal 0.000000e+00 9.238795e-01 -3.826834e-01
    outer loop
      vertex   2.130675e+01 -1.945926e+00 6.298450e+01
      vertex   1.569137e+01 -1.945926e+00 6.298450e+01
      vertex   2.130675e+01 -1.846025e+00 6.322568e+01
    endloop
  endfacet
  facet normal 0.000000e+00 9.238795e-01 -3.826834e-01
    outer loop
      vertex   2.130675e+01 -1.945926e+00 6.298450e+01
      vertex   2.130675e+01 -1.846025e+00 6.322568e+01
      vertex   2.692214e+01 -1.846025e+00 6.322568e+01
    endloop
  endfacet
  facet normal 0.000000e+00 7.933533e-01 -6.087614e-01
    outer loop
      vertex   2.692214e+01 -1.846025e+00 6.322568e+01
      vertex   2.130675e+01 -1.846025e+00 6.322568e+01
      vertex   2.692214e+01 -1.687107e+00 6.343279e+01
    endloop
  endfacet
  facet normal 6.153560e-16 7.933533e-01 -6.087614e-01
    outer loop
      vertex   2.692214e+01 -1.846025e+00 6.322568e+01
      vertex   2.692214e+01 -1.687107e+00 6.343279e+01
      vertex   3.253752e+01 -1.687107e+00 6.343279e+01
    endloop
  endfacet
  facet normal 8.835109e-16 6.087614e-01 -7.933533e-01
    outer loop
      vertex   3.253752e+01 -1.687107e+00 6.343279e+01
      vertex   2.692214e+01 -1.687107e+00 6.343279e+01
      vertex   3.253752e+01 -1.480000e+00 6.359170e+01
    endloop
  endfacet
  facet normal 1.340755e-03 6.087609e-01 -7.933526e-01
    outer loop
      vertex   3.253752e+01 -1.687107e+00 6.343279e+01
      vertex   3.253752e+01 -1.480000e+00 6.359170e+01
      vertex   3.732144e+01 -1.535570e+00 6.355715e+01
    endloop
  endfacet
  facet normal -9.004288e-04 4.710222e-01 -8.821209e-01
    outer loop
      vertex   3.732144e+01 -1.535570e+00 6.355715e+01
      vertex   3.253752e+01 -1.480000e+00 6.359170e+01
      vertex   3.722903e+01 -1.362683e+00 6.364956e+01
    endloop
  endfacet
  facet normal 1.823535e-03 3.826828e-01 -9.238780e-01
    outer loop
      vertex   3.722903e+01 -1.362683e+00 6.364956e+01
      vertex   3.253752e+01 -1.480000e+00 6.359170e+01
      vertex   3.253752e+01 -1.238819e+00 6.369161e+01
    endloop
  endfacet
  facet normal -9.196968e-04 2.900291e-01 -9.570174e-01
    outer loop
      vertex   3.722903e+01 -1.362683e+00 6.364956e+01
      vertex   3.253752e+01 -1.238819e+00 6.369161e+01
      vertex   3.717212e+01 -1.175090e+00 6.370646e+01
    endloop
  endfacet
  facet normal 1.151481e-03 1.468975e-01 -9.891510e-01
    outer loop
      vertex   3.717212e+01 -1.175090e+00 6.370646e+01
      vertex   3.253752e+01 -1.238819e+00 6.369161e+01
      vertex   3.715772e+01 -1.078017e+00 6.372086e+01
    endloop
  endfacet
  facet normal 0.000000e+00 1.790169e-01 -9.838460e-01
    outer loop
      vertex   3.715772e+01 -1.078017e+00 6.372086e+01
      vertex   3.253752e+01 -1.238819e+00 6.369161e+01
      vertex   2.692214e+01 -1.238819e+00 6.369161e+01
    endloop
  endfacet
  facet normal 0.000000e+00 1.790169e-01 -9.838460e-01
    outer loop
      vertex   3.715772e+01 -1.078017e+00 6.372086e+01
      vertex   2.692214e+01 -1.238819e+00 6.369161e+01
      vertex   2.130675e+01 -1.238819e+00 6.369161e+01
    endloop
  endfacet
  facet normal 0.000000e+00 3.826834e-01 -9.238795e-01
    outer loop
      vertex   2.130675e+01 -1.238819e+00 6.369161e+01
      vertex   2.692214e+01 -1.238819e+00 6.369161e+01
      vertex   2.130675e+01 -1.480000e+00 6.359170e+01
    endloop
  endfacet
  facet normal 0.000000e+00 3.826834e-01 -9.238795e-01
    outer loop
      vertex   2.130675e+01 -1.238819e+00 6.369161e+01
      vertex   2.130675e+01 -1.480000e+00 6.359170e+01
      vertex   1.569137e+01 -1.480000e+00 6.359170e+01
    endloop
  endfacet
  facet normal 0.000000e+00 6.087614e-01 -7.933533e-01
    outer loop
      vertex   1.569137e+01 -1.480000e+00 6.359170e+01
      vertex   2.130675e+01 -1.480000e+00 6.359170e+01
      vertex   1.569137e+01 -1.687107e+00 6.343279e+01
    endloop
  endfacet
  facet normal -1.183377e-16 6.087614e-01 -7.933533e-01
    outer loop
      vertex   1.569137e+01 -1.480000e+00 6.359170e+01
      vertex   1.569137e+01 -1.687107e+00 6.343279e+01
      vertex   1.007598e+01 -1.687107e+00 6.343279e+01
    endloop
  endfacet
  facet normal -1.568546e-16 7.933533e-01 -6.087614e-01
    outer loop
      vertex   1.007598e+01 -1.687107e+00 6.343279e+01
      vertex   1.569137e+01 -1.687107e+00 6.343279e+01
      vertex   1.007598e+01 -1.846025e+00 6.322568e+01
    endloop
  endfacet
  facet normal 0.000000e+00 7.933533e-01 -6.087614e-01
    outer loop
      vertex   1.007598e+01 -1.687107e+00 6.343279e+01
      vertex   1.007598e+01 -1.846025e+00 6.322568e+01
      vertex   4.460598e+00 -1.846025e+00 6.322568e+01
    endloop
  endfacet
  facet normal 0.000000e+00 9.238795e-01 -3.826834e-01
    outer loop
      vertex   4.460598e+00 -1.846025e+00 6.322568e+01
      vertex   1.007598e+01 -1.846025e+00 6.322568e+01
      vertex   4.460598e+00 -1.945926e+00 6.298450e+01
    endloop
  endfacet
  facet normal 0.000000e+00 9.238795e-01 -3.826834e-01
    outer loop
      vertex   4.460598e+00 -1.846025e+00 6.322568e+01
      vertex   4.460598e+00 -1.945926e+00 6.298450e+01
      vertex   -1.154787e+00 -1.945926e+00 6.298450e+01
    endloop
  endfacet
  facet normal 0.000000e+00 9.914449e-01 -1.305262e-01
    outer loop
      vertex   -1.154787e+00 -1.945926e+00 6.298450e+01
      vertex   4.460598e+00 -1.945926e+00 6.298450e+01
      vertex   -3.484709e+01 -1.980000e+00 6.272568e+01
    endloop
  endfacet
  facet normal 0.000000e+00 9.914449e-01 -1.305262e-01
    outer loop
      vertex   -1.154787e+00 -1.945926e+00 6.298450e+01
      vertex   -3.484709e+01 -1.980000e+00 6.272568e+01
      vertex   -6.770171e+00 -1.945926e+00 6.298450e+01
    endloop
  endfacet
  facet normal 0.000000e+00 9.914449e-01 -1.305262e-01
    outer loop
      vertex   -6.770171e+00 -1.945926e+00 6.298450e+01
      vertex   -3.484709e+01 -1.980000e+00 6.272568e+01
      vertex   -1.238556e+01 -1.945926e+00 6.298450e+01
    endloop
  endfacet
  facet normal 0.000000e+00 9.238795e-01 -3.826834e-01
    outer loop
      vertex   -6.770171e+00 -1.945926e+00 6.298450e+01
      vertex   -1.238556e+01 -1.945926e+00 6.298450e+01
      vertex   -6.770171e+00 -1.846025e+00 6.322568e+01
    endloop
  endfacet
  facet normal 0.000000e+00 9.238795e-01 -3.826834e-01
    outer loop
      vertex   -6.770171e+00 -1.846025e+00 6.322568e+01
      vertex   -1.238556e+01 -1.945926e+00 6.298450e+01
      vertex   -1.238556e+01 -1.846025e+00 6.322568e+01
    endloop
  endfacet
  facet normal 0.000000e+00 7.933533e-01 -6.087614e-01
    outer loop
      vertex   -6.770171e+00 -1.846025e+00 6.322568e+01
      vertex   -1.238556e+01 -1.846025e+00 6.322568e+01
      vertex   -6.770171e+00 -1.687107e+00 6.343279e+01
    endloop
  endfacet
  facet normal -1.882256e-16 7.933533e-01 -6.087614e-01
    outer loop
      vertex   -6.770171e+00 -1.687107e+00 6.343279e+01
      vertex   -1.238556e+01 -1.846025e+00 6.322568e+01
      vertex   -1.238556e+01 -1.687107e+00 6.343279e+01
    endloop
  endfacet
  facet normal -1.444306e-16 6.087614e-01 -7.933533e-01
    outer loop
      vertex   -6.770171e+00 -1.687107e+00 6.343279e+01
      vertex   -1.238556e+01 -1.687107e+00 6.343279e+01
      vertex   -6.770171e+00 -1.480000e+00 6.359170e+01
    endloop
  endfacet
  facet normal 0.000000e+00 6.087614e-01 -7.933533e-01
    outer loop
      vertex   -6.770171e+00 -1.480000e+00 6.359170e+01
      vertex   -1.238556e+01 -1.687107e+00 6.343279e+01
      vertex   -1.238556e+01 -1.480000e+00 6.359170e+01
    endloop
  endfacet
  facet normal 0.000000e+00 3.826834e-01 -9.238795e-01
    outer loop
      vertex   -6.770171e+00 -1.480000e+00 6.359170e+01
      vertex   -1.238556e+01 -1.480000e+00 6.359170e+01
      vertex   -6.770171e+00 -1.238819e+00 6.369161e+01
    endloop
  endfacet
  facet normal 0.000000e+00 3.826834e-01 -9.238795e-01
    outer loop
      vertex   -6.770171e+00 -1.238819e+00 6.369161e+01
      vertex   -1.238556e+01 -1.480000e+00 6.359170e+01
      vertex   -1.238556e+01 -1.238819e+00 6.369161e+01
    endloop
  endfacet
  facet normal 0.000000e+00 2.270763e-01 -9.738770e-01
    outer loop
      vertex   -6.770171e+00 -1.238819e+00 6.369161e+01
      vertex   -1.238556e+01 -1.238819e+00 6.369161e+01
      vertex   -3.386631e+01 -1.175090e+00 6.370646e+01
    endloop
  endfacet
  facet normal 0.000000e+00 2.270763e-01 -9.738770e-01
    outer loop
      vertex   -3.386631e+01 -1.175090e+00 6.370646e+01
      vertex   -1.238556e+01 -1.238819e+00 6.369161e+01
      vertex   -1.800094e+01 -1.238819e+00 6.369161e+01
    endloop
  endfacet
  facet normal 0.000000e+00 2.270763e-01 -9.738770e-01
    outer loop
      vertex   -3.386631e+01 -1.175090e+00 6.370646e+01
      vertex   -1.800094e+01 -1.238819e+00 6.369161e+01
      vertex   -2.361633e+01 -1.238819e+00 6.369161e+01
    endloop
  endfacet
  facet normal 0.000000e+00 3.826834e-01 -9.238795e-01
    outer loop
      vertex   -2.361633e+01 -1.238819e+00 6.369161e+01
      vertex   -1.800094e+01 -1.238819e+00 6.369161e+01
      vertex   -2.361633e+01 -1.480000e+00 6.359170e+01
    endloop
  endfacet
  facet normal 0.000000e+00 3.826834e-01 -9.238795e-01
    outer loop
      vertex   -2.361633e+01 -1.238819e+00 6.369161e+01
      vertex   -2.361633e+01 -1.480000e+00 6.359170e+01
      vertex   -2.923171e+01 -1.480000e+00 6.359170e+01
    endloop
  endfacet
  facet normal 0.000000e+00 6.087614e-01 -7.933533e-01
    outer loop
      vertex   -2.923171e+01 -1.480000e+00 6.359170e+01
      vertex   -2.361633e+01 -1.480000e+00 6.359170e+01
      vertex   -2.923171e+01 -1.687107e+00 6.343279e+01
    endloop
  endfacet
  facet normal -1.340755e-03 6.087609e-01 -7.933526e-01
    outer loop
      vertex   -2.923171e+01 -1.480000e+00 6.359170e+01
      vertex   -2.923171e+01 -1.687107e+00 6.343279e+01
      vertex   -3.401562e+01 -1.535570e+00 6.355715e+01
    endloop
  endfacet
  facet normal -2.884623e-17 6.343933e-01 -7.730105e-01
    outer loop
      vertex   -3.401562e+01 -1.535570e+00 6.355715e+01
      vertex   -2.923171e+01 -1.687107e+00 6.343279e+01
      vertex   -3.413999e+01 -1.687107e+00 6.343279e+01
    endloop
  endfacet
  facet normal -3.497007e-17 7.730105e-01 -6.343933e-01
    outer loop
      vertex   -3.413999e+01 -1.687107e+00 6.343279e+01
      vertex   -2.923171e+01 -1.687107e+00 6.343279e+01
      vertex   -3.429152e+01 -1.811470e+00 6.328125e+01
    endloop
  endfacet
  facet normal -1.267647e-03 7.933527e-01 -6.087609e-01
    outer loop
      vertex   -3.429152e+01 -1.811470e+00 6.328125e+01
      vertex   -2.923171e+01 -1.687107e+00 6.343279e+01
      vertex   -2.923171e+01 -1.846025e+00 6.322568e+01
    endloop
  endfacet
  facet normal 8.363341e-04 8.815730e-01 -4.720469e-01
    outer loop
      vertex   -3.429152e+01 -1.811470e+00 6.328125e+01
      vertex   -2.923171e+01 -1.846025e+00 6.322568e+01
      vertex   -3.446441e+01 -1.903880e+00 6.310836e+01
    endloop
  endfacet
  facet normal -1.634935e-03 9.238783e-01 -3.826829e-01
    outer loop
      vertex   -3.446441e+01 -1.903880e+00 6.310836e+01
      vertex   -2.923171e+01 -1.846025e+00 6.322568e+01
      vertex   -2.923171e+01 -1.945926e+00 6.298450e+01
    endloop
  endfacet
  facet normal 7.988077e-04 9.567179e-01 -2.910160e-01
    outer loop
      vertex   -3.446441e+01 -1.903880e+00 6.310836e+01
      vertex   -2.923171e+01 -1.945926e+00 6.298450e+01
      vertex   -3.465200e+01 -1.960785e+00 6.292077e+01
    endloop
  endfacet
  facet normal -1.594811e-03 9.953378e-01 -9.643740e-02
    outer loop
      vertex   -3.465200e+01 -1.960785e+00 6.292077e+01
      vertex   -2.923171e+01 -1.945926e+00 6.298450e+01
      vertex   -3.484709e+01 -1.980000e+00 6.272568e+01
    endloop
  endfacet
  facet normal 0.000000e+00 9.914449e-01 -1.305262e-01
    outer loop
      vertex   -3.484709e+01 -1.980000e+00 6.272568e+01
      vertex   -2.923171e+01 -1.945926e+00 6.298450e+01
      vertex   -2.361633e+01 -1.945926e+00 6.298450e+01
    endloop
  endfacet
  facet normal 0.000000e+00 9.914449e-01 -1.305262e-01
    outer loop
      vertex   -3.484709e+01 -1.980000e+00 6.272568e+01
      vertex   -2.361633e+01 -1.945926e+00 6.298450e+01
      vertex   -1.800094e+01 -1.945926e+00 6.298450e+01
    endloop
  endfacet
  facet normal 0.000000e+00 9.238795e-01 -3.826834e-01
    outer loop
      vertex   -1.800094e+01 -1.945926e+00 6.298450e+01
      vertex   -2.361633e+01 -1.945926e+00 6.298450e+01
      vertex   -1.800094e+01 -1.846025e+00 6.322568e+01
    endloop
  endfacet
  facet normal 0.000000e+00 9.238795e-01 -3.826834e-01
    outer loop
      vertex   -1.800094e+01 -1.945926e+00 6.298450e+01
      vertex   -1.800094e+01 -1.846025e+00 6.322568e+01
      vertex   -1.238556e+01 -1.846025e+00 6.322568e+01
    endloop
  endfacet
  facet normal 0.000000e+00 7.933533e-01 -6.087614e-01
    outer loop
      vertex   -1.238556e+01 -1.846025e+00 6.322568e+01
      vertex   -1.800094e+01 -1.846025e+00 6.322568e+01
      vertex   -1.238556e+01 -1.687107e+00 6.343279e+01
    endloop
  endfacet
  facet normal 9.004288e-04 4.710222e-01 -8.821209e-01
    outer loop
      vertex   -3.401562e+01 -1.535570e+00 6.355715e+01
      vertex   -3.392321e+01 -1.362683e+00 6.364956e+01
      vertex   -2.923171e+01 -1.480000e+00 6.359170e+01
    endloop
  endfacet
  facet normal -1.823535e-03 3.826828e-01 -9.238780e-01
    outer loop
      vertex   -2.923171e+01 -1.480000e+00 6.359170e+01
      vertex   -3.392321e+01 -1.362683e+00 6.364956e+01
      vertex   -2.923171e+01 -1.238819e+00 6.369161e+01
    endloop
  endfacet
  facet normal 0.000000e+00 3.826834e-01 -9.238795e-01
    outer loop
      vertex   -2.923171e+01 -1.480000e+00 6.359170e+01
      vertex   -2.923171e+01 -1.238819e+00 6.369161e+01
      vertex   -2.361633e+01 -1.238819e+00 6.369161e+01
    endloop
  endfacet
  facet normal 0.000000e+00 2.270763e-01 -9.738770e-01
    outer loop
      vertex   -2.361633e+01 -1.238819e+00 6.369161e+01
      vertex   -2.923171e+01 -1.238819e+00 6.369161e+01
      vertex   -3.386631e+01 -1.175090e+00 6.370646e+01
    endloop
  endfacet
  facet normal 9.196968e-04 2.900291e-01 -9.570174e-01
    outer loop
      vertex   -3.392321e+01 -1.362683e+00 6.364956e+01
      vertex   -3.386631e+01 -1.175090e+00 6.370646e+01
      vertex   -2.923171e+01 -1.238819e+00 6.369161e+01
    endloop
  endfacet
  facet normal -7.187894e-05 1.979901e-01 -9.802040e-01
    outer loop
      vertex   -6.770171e+00 -1.238819e+00 6.369161e+01
      vertex   -3.386631e+01 -1.175090e+00 6.370646e+01
      vertex   3.715772e+01 -1.078017e+00 6.372086e+01
    endloop
  endfacet
  facet normal 5.929614e-16 1.467305e-01 -9.891765e-01
    outer loop
      vertex   3.715772e+01 -1.078017e+00 6.372086e+01
      vertex   -3.386631e+01 -1.175090e+00 6.370646e+01
      vertex   -3.385191e+01 -1.078017e+00 6.372086e+01
    endloop
  endfacet
  facet normal 5.993472e-16 4.906767e-02 -9.987955e-01
    outer loop
      vertex   3.715772e+01 -1.078017e+00 6.372086e+01
      vertex   -3.385191e+01 -1.078017e+00 6.372086e+01
      vertex   -3.384709e+01 -9.800000e-01 6.372568e+01
    endloop
  endfacet
  facet normal 0.000000e+00 4.906767e-02 -9.987955e-01
    outer loop
      vertex   -3.384709e+01 -9.800000e-01 6.372568e+01
      vertex   3.715291e+01 -9.800000e-01 6.372568e+01
      vertex   3.715772e+01 -1.078017e+00 6.372086e+01
    endloop
  endfacet
  facet normal 2.466353e-15 6.343933e-01 -7.730105e-01
    outer loop
      vertex   3.732144e+01 -1.535570e+00 6.355715e+01
      vertex   3.744580e+01 -1.687107e+00 6.343279e+01
      vertex   3.253752e+01 -1.687107e+00 6.343279e+01
    endloop
  endfacet
  facet normal 2.561967e-15 7.730105e-01 -6.343933e-01
    outer loop
      vertex   3.253752e+01 -1.687107e+00 6.343279e+01
      vertex   3.744580e+01 -1.687107e+00 6.343279e+01
      vertex   3.759734e+01 -1.811470e+00 6.328125e+01
    endloop
  endfacet
  facet normal 1.267647e-03 7.933527e-01 -6.087609e-01
    outer loop
      vertex   3.253752e+01 -1.687107e+00 6.343279e+01
      vertex   3.759734e+01 -1.811470e+00 6.328125e+01
      vertex   3.253752e+01 -1.846025e+00 6.322568e+01
    endloop
  endfacet
  facet normal -8.363341e-04 8.815730e-01 -4.720469e-01
    outer loop
      vertex   3.253752e+01 -1.846025e+00 6.322568e+01
      vertex   3.759734e+01 -1.811470e+00 6.328125e+01
      vertex   3.777022e+01 -1.903880e+00 6.310836e+01
    endloop
  endfacet
  facet normal 1.634935e-03 9.238783e-01 -3.826829e-01
    outer loop
      vertex   3.253752e+01 -1.846025e+00 6.322568e+01
      vertex   3.777022e+01 -1.903880e+00 6.310836e+01
      vertex   3.253752e+01 -1.945926e+00 6.298450e+01
    endloop
  endfacet
  facet normal -7.988077e-04 9.567179e-01 -2.910160e-01
    outer loop
      vertex   3.253752e+01 -1.945926e+00 6.298450e+01
      vertex   3.777022e+01 -1.903880e+00 6.310836e+01
      vertex   3.795782e+01 -1.960785e+00 6.292077e+01
    endloop
  endfacet
  facet normal 0.000000e+00 9.738770e-01 -2.270763e-01
    outer loop
      vertex   3.253752e+01 -1.945926e+00 6.298450e+01
      vertex   3.795782e+01 -1.960785e+00 6.292077e+01
      vertex   2.692214e+01 -1.945926e+00 6.298450e+01
    endloop
  endfacet
  facet normal 0.000000e+00 9.738770e-01 -2.270763e-01
    outer loop
      vertex   2.692214e+01 -1.945926e+00 6.298450e+01
      vertex   3.795782e+01 -1.960785e+00 6.292077e+01
      vertex   2.130675e+01 -1.945926e+00 6.298450e+01
    endloop
  endfacet
  facet normal 0.000000e+00 9.238795e-01 -3.826834e-01
    outer loop
      vertex   2.692214e+01 -1.945926e+00 6.298450e+01
      vertex   2.130675e+01 -1.945926e+00 6.298450e+01
      vertex   2.692214e+01 -1.846025e+00 6.322568e+01
    endloop
  endfacet
  facet normal 0.000000e+00 9.914449e-01 -1.305262e-01
    outer loop
      vertex   -1.238556e+01 -1.945926e+00 6.298450e+01
      vertex   -3.484709e+01 -1.980000e+00 6.272568e+01
      vertex   -1.800094e+01 -1.945926e+00 6.298450e+01
    endloop
  endfacet
  facet normal 0.000000e+00 9.238795e-01 -3.826834e-01
    outer loop
      vertex   -2.361633e+01 -1.945926e+00 6.298450e+01
      vertex   -2.923171e+01 -1.945926e+00 6.298450e+01
      vertex   -2.361633e+01 -1.846025e+00 6.322568e+01
    endloop
  endfacet
  facet normal 0.000000e+00 9.238795e-01 -3.826834e-01
    outer loop
      vertex   -2.361633e+01 -1.846025e+00 6.322568e+01
      vertex   -2.923171e+01 -1.945926e+00 6.298450e+01
      vertex   -2.923171e+01 -1.846025e+00 6.322568e+01
    endloop
  endfacet
  facet normal 0.000000e+00 7.933533e-01 -6.087614e-01
    outer loop
      vertex   -2.361633e+01 -1.846025e+00 6.322568e+01
      vertex   -2.923171e+01 -1.846025e+00 6.322568e+01
      vertex   -2.361633e+01 -1.687107e+00 6.343279e+01
    endloop
  endfacet
  facet normal -1.568546e-16 7.933533e-01 -6.087614e-01
    outer loop
      vertex   -2.361633e+01 -1.687107e+00 6.343279e+01
      vertex   -2.923171e+01 -1.846025e+00 6.322568e+01
      vertex   -2.923171e+01 -1.687107e+00 6.343279e+01
    endloop
  endfacet
  facet normal -1.203588e-16 6.087614e-01 -7.933533e-01
    outer loop
      vertex   -2.361633e+01 -1.687107e+00 6.343279e+01
      vertex   -2.923171e+01 -1.687107e+00 6.343279e+01
      vertex   -2.361633e+01 -1.480000e+00 6.359170e+01
    endloop
  endfacet
  facet normal 0.000000e+00 9.238795e-01 -3.826834e-01
    outer loop
      vertex   -1.238556e+01 -1.846025e+00 6.322568e+01
      vertex   -1.238556e+01 -1.945926e+00 6.298450e+01
      vertex   -1.800094e+01 -1.945926e+00 6.298450e+01
    endloop
  endfacet
  facet normal 0.000000e+00 9.238795e-01 -3.826834e-01
    outer loop
      vertex   -1.154787e+00 -1.945926e+00 6.298450e+01
      vertex   -6.770171e+00 -1.945926e+00 6.298450e+01
      vertex   -1.154787e+00 -1.846025e+00 6.322568e+01
    endloop
  endfacet
  facet normal 0.000000e+00 9.238795e-01 -3.826834e-01
    outer loop
      vertex   -1.154787e+00 -1.846025e+00 6.322568e+01
      vertex   -6.770171e+00 -1.945926e+00 6.298450e+01
      vertex   -6.770171e+00 -1.846025e+00 6.322568e+01
    endloop
  endfacet
  facet normal 0.000000e+00 7.933533e-01 -6.087614e-01
    outer loop
      vertex   -1.154787e+00 -1.846025e+00 6.322568e+01
      vertex   -6.770171e+00 -1.846025e+00 6.322568e+01
      vertex   -1.154787e+00 -1.687107e+00 6.343279e+01
    endloop
  endfacet
  facet normal -1.568546e-16 7.933533e-01 -6.087614e-01
    outer loop
      vertex   -1.154787e+00 -1.687107e+00 6.343279e+01
      vertex   -6.770171e+00 -1.846025e+00 6.322568e+01
      vertex   -6.770171e+00 -1.687107e+00 6.343279e+01
    endloop
  endfacet
  facet normal -1.203588e-16 6.087614e-01 -7.933533e-01
    outer loop
      vertex   -1.154787e+00 -1.687107e+00 6.343279e+01
      vertex   -6.770171e+00 -1.687107e+00 6.343279e+01
      vertex   -1.154787e+00 -1.480000e+00 6.359170e+01
    endloop
  endfacet
  facet normal 0.000000e+00 6.087614e-01 -7.933533e-01
    outer loop
      vertex   -1.154787e+00 -1.480000e+00 6.359170e+01
      vertex   -6.770171e+00 -1.687107e+00 6.343279e+01
      vertex   -6.770171e+00 -1.480000e+00 6.359170e+01
    endloop
  endfacet
  facet normal 0.000000e+00 3.826834e-01 -9.238795e-01
    outer loop
      vertex   -1.154787e+00 -1.480000e+00 6.359170e+01
      vertex   -6.770171e+00 -1.480000e+00 6.359170e+01
      vertex   -1.154787e+00 -1.238819e+00 6.369161e+01
    endloop
  endfacet
  facet normal 0.000000e+00 3.826834e-01 -9.238795e-01
    outer loop
      vertex   -1.154787e+00 -1.238819e+00 6.369161e+01
      vertex   -6.770171e+00 -1.480000e+00 6.359170e+01
      vertex   -6.770171e+00 -1.238819e+00 6.369161e+01
    endloop
  endfacet
  facet normal 0.000000e+00 1.790169e-01 -9.838460e-01
    outer loop
      vertex   -1.154787e+00 -1.238819e+00 6.369161e+01
      vertex   -6.770171e+00 -1.238819e+00 6.369161e+01
      vertex   3.715772e+01 -1.078017e+00 6.372086e+01
    endloop
  endfacet
  facet normal 0.000000e+00 9.914449e-01 -1.305262e-01
    outer loop
      vertex   1.569137e+01 -1.945926e+00 6.298450e+01
      vertex   -3.484709e+01 -1.980000e+00 6.272568e+01
      vertex   1.007598e+01 -1.945926e+00 6.298450e+01
    endloop
  endfacet
  facet normal 0.000000e+00 9.914449e-01 -1.305262e-01
    outer loop
      vertex   1.007598e+01 -1.945926e+00 6.298450e+01
      vertex   -3.484709e+01 -1.980000e+00 6.272568e+01
      vertex   4.460598e+00 -1.945926e+00 6.298450e+01
    endloop
  endfacet
  facet normal 0.000000e+00 9.238795e-01 -3.826834e-01
    outer loop
      vertex   1.007598e+01 -1.945926e+00 6.298450e+01
      vertex   4.460598e+00 -1.945926e+00 6.298450e+01
      vertex   1.007598e+01 -1.846025e+00 6.322568e+01
    endloop
  endfacet
  facet normal 0.000000e+00 9.238795e-01 -3.826834e-01
    outer loop
      vertex   1.569137e+01 -1.945926e+00 6.298450e+01
      vertex   1.007598e+01 -1.945926e+00 6.298450e+01
      vertex   1.569137e+01 -1.846025e+00 6.322568e+01
    endloop
  endfacet
  facet normal 0.000000e+00 9.238795e-01 -3.826834e-01
    outer loop
      vertex   1.569137e+01 -1.846025e+00 6.322568e+01
      vertex   1.007598e+01 -1.945926e+00 6.298450e+01
      vertex   1.007598e+01 -1.846025e+00 6.322568e+01
    endloop
  endfacet
  facet normal 0.000000e+00 7.933533e-01 -6.087614e-01
    outer loop
      vertex   1.569137e+01 -1.846025e+00 6.322568e+01
      vertex   1.007598e+01 -1.846025e+00 6.322568e+01
      vertex   1.569137e+01 -1.687107e+00 6.343279e+01
    endloop
  endfacet
  facet normal 0.000000e+00 9.238795e-01 -3.826834e-01
    outer loop
      vertex   3.253752e+01 -1.846025e+00 6.322568e+01
      vertex   3.253752e+01 -1.945926e+00 6.298450e+01
      vertex   2.692214e+01 -1.945926e+00 6.298450e+01
    endloop
  endfacet
  facet normal 0.000000e+00 9.238795e-01 -3.826834e-01
    outer loop
      vertex   3.253752e+01 -1.846025e+00 6.322568e+01
      vertex   2.692214e+01 -1.945926e+00 6.298450e+01
      vertex   2.692214e+01 -1.846025e+00 6.322568e+01
    endloop
  endfacet
  facet normal 0.000000e+00 9.238795e-01 -3.826834e-01
    outer loop
      vertex   -2.361633e+01 -1.945926e+00 6.298450e+01
      vertex   -2.361633e+01 -1.846025e+00 6.322568e+01
      vertex   -1.800094e+01 -1.846025e+00 6.322568e+01
    endloop
  endfacet
  facet normal 0.000000e+00 7.933533e-01 -6.087614e-01
    outer loop
      vertex   -1.800094e+01 -1.846025e+00 6.322568e+01
      vertex   -2.361633e+01 -1.846025e+00 6.322568e+01
      vertex   -1.800094e+01 -1.687107e+00 6.343279e+01
    endloop
  endfacet
  facet normal 6.106225e-16 7.933533e-01 -6.087614e-01
    outer loop
      vertex   -1.800094e+01 -1.846025e+00 6.322568e+01
      vertex   -1.800094e+01 -1.687107e+00 6.343279e+01
      vertex   -1.238556e+01 -1.687107e+00 6.343279e+01
    endloop
  endfacet
  facet normal 8.835109e-16 6.087614e-01 -7.933533e-01
    outer loop
      vertex   -1.238556e+01 -1.687107e+00 6.343279e+01
      vertex   -1.800094e+01 -1.687107e+00 6.343279e+01
      vertex   -1.238556e+01 -1.480000e+00 6.359170e+01
    endloop
  endfacet
  facet normal -1.568546e-16 7.933533e-01 -6.087614e-01
    outer loop
      vertex   -1.800094e+01 -1.687107e+00 6.343279e+01
      vertex   -2.361633e+01 -1.846025e+00 6.322568e+01
      vertex   -2.361633e+01 -1.687107e+00 6.343279e+01
    endloop
  endfacet
  facet normal 0.000000e+00 9.238795e-01 -3.826834e-01
    outer loop
      vertex   -1.154787e+00 -1.945926e+00 6.298450e+01
      vertex   -1.154787e+00 -1.846025e+00 6.322568e+01
      vertex   4.460598e+00 -1.846025e+00 6.322568e+01
    endloop
  endfacet
  facet normal 0.000000e+00 7.933533e-01 -6.087614e-01
    outer loop
      vertex   4.460598e+00 -1.846025e+00 6.322568e+01
      vertex   -1.154787e+00 -1.846025e+00 6.322568e+01
      vertex   4.460598e+00 -1.687107e+00 6.343279e+01
    endloop
  endfacet
  facet normal -1.562057e-16 7.933533e-01 -6.087614e-01
    outer loop
      vertex   4.460598e+00 -1.846025e+00 6.322568e+01
      vertex   4.460598e+00 -1.687107e+00 6.343279e+01
      vertex   1.007598e+01 -1.687107e+00 6.343279e+01
    endloop
  endfacet
  facet normal -1.203588e-16 6.087614e-01 -7.933533e-01
    outer loop
      vertex   1.007598e+01 -1.687107e+00 6.343279e+01
      vertex   4.460598e+00 -1.687107e+00 6.343279e+01
      vertex   1.007598e+01 -1.480000e+00 6.359170e+01
    endloop
  endfacet
  facet normal 0.000000e+00 6.087614e-01 -7.933533e-01
    outer loop
      vertex   1.007598e+01 -1.687107e+00 6.343279e+01
      vertex   1.007598e+01 -1.480000e+00 6.359170e+01
      vertex   1.569137e+01 -1.480000e+00 6.359170e+01
    endloop
  endfacet
  facet normal 0.000000e+00 3.826834e-01 -9.238795e-01
    outer loop
      vertex   1.569137e+01 -1.480000e+00 6.359170e+01
      vertex   1.007598e+01 -1.480000e+00 6.359170e+01
      vertex   1.569137e+01 -1.238819e+00 6.369161e+01
    endloop
  endfacet
  facet normal 0.000000e+00 3.826834e-01 -9.238795e-01
    outer loop
      vertex   1.569137e+01 -1.480000e+00 6.359170e+01
      vertex   1.569137e+01 -1.238819e+00 6.369161e+01
      vertex   2.130675e+01 -1.238819e+00 6.369161e+01
    endloop
  endfacet
  facet normal 0.000000e+00 1.790169e-01 -9.838460e-01
    outer loop
      vertex   2.130675e+01 -1.238819e+00 6.369161e+01
      vertex   1.569137e+01 -1.238819e+00 6.369161e+01
      vertex   3.715772e+01 -1.078017e+00 6.372086e+01
    endloop
  endfacet
  facet normal -1.568546e-16 7.933533e-01 -6.087614e-01
    outer loop
      vertex   4.460598e+00 -1.687107e+00 6.343279e+01
      vertex   -1.154787e+00 -1.846025e+00 6.322568e+01
      vertex   -1.154787e+00 -1.687107e+00 6.343279e+01
    endloop
  endfacet
  facet normal 0.000000e+00 9.238795e-01 -3.826834e-01
    outer loop
      vertex   1.569137e+01 -1.945926e+00 6.298450e+01
      vertex   1.569137e+01 -1.846025e+00 6.322568e+01
      vertex   2.130675e+01 -1.846025e+00 6.322568e+01
    endloop
  endfacet
  facet normal 0.000000e+00 7.933533e-01 -6.087614e-01
    outer loop
      vertex   2.130675e+01 -1.846025e+00 6.322568e+01
      vertex   1.569137e+01 -1.846025e+00 6.322568e+01
      vertex   2.130675e+01 -1.687107e+00 6.343279e+01
    endloop
  endfacet
  facet normal -1.562057e-16 7.933533e-01 -6.087614e-01
    outer loop
      vertex   2.130675e+01 -1.846025e+00 6.322568e+01
      vertex   2.130675e+01 -1.687107e+00 6.343279e+01
      vertex   2.692214e+01 -1.687107e+00 6.343279e+01
    endloop
  endfacet
  facet normal -1.203588e-16 6.087614e-01 -7.933533e-01
    outer loop
      vertex   2.692214e+01 -1.687107e+00 6.343279e+01
      vertex   2.130675e+01 -1.687107e+00 6.343279e+01
      vertex   2.692214e+01 -1.480000e+00 6.359170e+01
    endloop
  endfacet
  facet normal 0.000000e+00 6.087614e-01 -7.933533e-01
    outer loop
      vertex   2.692214e+01 -1.687107e+00 6.343279e+01
      vertex   2.692214e+01 -1.480000e+00 6.359170e+01
      vertex   3.253752e+01 -1.480000e+00 6.359170e+01
    endloop
  endfacet
  facet normal 0.000000e+00 3.826834e-01 -9.238795e-01
    outer loop
      vertex   3.253752e+01 -1.480000e+00 6.359170e+01
      vertex   2.692214e+01 -1.480000e+00 6.359170e+01
      vertex   3.253752e+01 -1.238819e+00 6.369161e+01
    endloop
  endfacet
  facet normal -1.568546e-16 7.933533e-01 -6.087614e-01
    outer loop
      vertex   2.130675e+01 -1.687107e+00 6.343279e+01
      vertex   1.569137e+01 -1.846025e+00 6.322568e+01
      vertex   1.569137e+01 -1.687107e+00 6.343279e+01
    endloop
  endfacet
  facet normal 0.000000e+00 7.933533e-01 -6.087614e-01
    outer loop
      vertex   3.253752e+01 -1.687107e+00 6.343279e+01
      vertex   3.253752e+01 -1.846025e+00 6.322568e+01
      vertex   2.692214e+01 -1.846025e+00 6.322568e+01
    endloop
  endfacet
  facet normal -1.203588e-16 6.087614e-01 -7.933533e-01
    outer loop
      vertex   -1.800094e+01 -1.687107e+00 6.343279e+01
      vertex   -2.361633e+01 -1.687107e+00 6.343279e+01
      vertex   -1.800094e+01 -1.480000e+00 6.359170e+01
    endloop
  endfacet
  facet normal 0.000000e+00 6.087614e-01 -7.933533e-01
    outer loop
      vertex   -1.800094e+01 -1.480000e+00 6.359170e+01
      vertex   -2.361633e+01 -1.687107e+00 6.343279e+01
      vertex   -2.361633e+01 -1.480000e+00 6.359170e+01
    endloop
  endfacet
  facet normal 0.000000e+00 3.826834e-01 -9.238795e-01
    outer loop
      vertex   -1.800094e+01 -1.480000e+00 6.359170e+01
      vertex   -2.361633e+01 -1.480000e+00 6.359170e+01
      vertex   -1.800094e+01 -1.238819e+00 6.369161e+01
    endloop
  endfacet
  facet normal -1.203588e-16 6.087614e-01 -7.933533e-01
    outer loop
      vertex   4.460598e+00 -1.687107e+00 6.343279e+01
      vertex   -1.154787e+00 -1.687107e+00 6.343279e+01
      vertex   4.460598e+00 -1.480000e+00 6.359170e+01
    endloop
  endfacet
  facet normal 0.000000e+00 6.087614e-01 -7.933533e-01
    outer loop
      vertex   4.460598e+00 -1.480000e+00 6.359170e+01
      vertex   -1.154787e+00 -1.687107e+00 6.343279e+01
      vertex   -1.154787e+00 -1.480000e+00 6.359170e+01
    endloop
  endfacet
  facet normal 0.000000e+00 3.826834e-01 -9.238795e-01
    outer loop
      vertex   4.460598e+00 -1.480000e+00 6.359170e+01
      vertex   -1.154787e+00 -1.480000e+00 6.359170e+01
      vertex   4.460598e+00 -1.238819e+00 6.369161e+01
    endloop
  endfacet
  facet normal 0.000000e+00 3.826834e-01 -9.238795e-01
    outer loop
      vertex   4.460598e+00 -1.238819e+00 6.369161e+01
      vertex   -1.154787e+00 -1.480000e+00 6.359170e+01
      vertex   -1.154787e+00 -1.238819e+00 6.369161e+01
    endloop
  endfacet
  facet normal 0.000000e+00 1.790169e-01 -9.838460e-01
    outer loop
      vertex   4.460598e+00 -1.238819e+00 6.369161e+01
      vertex   -1.154787e+00 -1.238819e+00 6.369161e+01
      vertex   3.715772e+01 -1.078017e+00 6.372086e+01
    endloop
  endfacet
  facet normal 0.000000e+00 6.087614e-01 -7.933533e-01
    outer loop
      vertex   2.692214e+01 -1.480000e+00 6.359170e+01
      vertex   2.130675e+01 -1.687107e+00 6.343279e+01
      vertex   2.130675e+01 -1.480000e+00 6.359170e+01
    endloop
  endfacet
  facet normal -1.230712e-16 6.087614e-01 -7.933533e-01
    outer loop
      vertex   2.130675e+01 -1.480000e+00 6.359170e+01
      vertex   2.130675e+01 -1.687107e+00 6.343279e+01
      vertex   1.569137e+01 -1.687107e+00 6.343279e+01
    endloop
  endfacet
  facet normal 0.000000e+00 3.826834e-01 -9.238795e-01
    outer loop
      vertex   -1.238556e+01 -1.238819e+00 6.369161e+01
      vertex   -1.238556e+01 -1.480000e+00 6.359170e+01
      vertex   -1.800094e+01 -1.480000e+00 6.359170e+01
    endloop
  endfacet
  facet normal 0.000000e+00 6.087614e-01 -7.933533e-01
    outer loop
      vertex   -1.800094e+01 -1.480000e+00 6.359170e+01
      vertex   -1.238556e+01 -1.480000e+00 6.359170e+01
      vertex   -1.800094e+01 -1.687107e+00 6.343279e+01
    endloop
  endfacet
  facet normal 0.000000e+00 3.826834e-01 -9.238795e-01
    outer loop
      vertex   -1.238556e+01 -1.238819e+00 6.369161e+01
      vertex   -1.800094e+01 -1.480000e+00 6.359170e+01
      vertex   -1.800094e+01 -1.238819e+00 6.369161e+01
    endloop
  endfacet
  facet normal 0.000000e+00 6.087614e-01 -7.933533e-01
    outer loop
      vertex   4.460598e+00 -1.687107e+00 6.343279e+01
      vertex   4.460598e+00 -1.480000e+00 6.359170e+01
      vertex   1.007598e+01 -1.480000e+00 6.359170e+01
    endloop
  endfacet
  facet normal 0.000000e+00 3.826834e-01 -9.238795e-01
    outer loop
      vertex   1.007598e+01 -1.480000e+00 6.359170e+01
      vertex   4.460598e+00 -1.480000e+00 6.359170e+01
      vertex   1.007598e+01 -1.238819e+00 6.369161e+01
    endloop
  endfacet
  facet normal 0.000000e+00 3.826834e-01 -9.238795e-01
    outer loop
      vertex   1.007598e+01 -1.480000e+00 6.359170e+01
      vertex   1.007598e+01 -1.238819e+00 6.369161e+01
      vertex   1.569137e+01 -1.238819e+00 6.369161e+01
    endloop
  endfacet
  facet normal 0.000000e+00 1.790169e-01 -9.838460e-01
    outer loop
      vertex   1.569137e+01 -1.238819e+00 6.369161e+01
      vertex   1.007598e+01 -1.238819e+00 6.369161e+01
      vertex   3.715772e+01 -1.078017e+00 6.372086e+01
    endloop
  endfacet
  facet normal 0.000000e+00 3.826834e-01 -9.238795e-01
    outer loop
      vertex   1.007598e+01 -1.238819e+00 6.369161e+01
      vertex   4.460598e+00 -1.480000e+00 6.359170e+01
      vertex   4.460598e+00 -1.238819e+00 6.369161e+01
    endloop
  endfacet
  facet normal 0.000000e+00 3.826834e-01 -9.238795e-01
    outer loop
      vertex   3.253752e+01 -1.238819e+00 6.369161e+01
      vertex   2.692214e+01 -1.480000e+00 6.359170e+01
      vertex   2.692214e+01 -1.238819e+00 6.369161e+01
    endloop
  endfacet
  facet normal 0.000000e+00 3.826834e-01 -9.238795e-01
    outer loop
      vertex   2.692214e+01 -1.238819e+00 6.369161e+01
      vertex   2.692214e+01 -1.480000e+00 6.359170e+01
      vertex   2.130675e+01 -1.480000e+00 6.359170e+01
    endloop
  endfacet
  facet normal 0.000000e+00 1.790169e-01 -9.838460e-01
    outer loop
      vertex   3.715772e+01 -1.078017e+00 6.372086e+01
      vertex   1.007598e+01 -1.238819e+00 6.369161e+01
      vertex   4.460598e+00 -1.238819e+00 6.369161e+01
    endloop
  endfacet
  facet normal -0.000000e+00 9.951847e-01 9.801714e-02
    outer loop
      vertex   -3.484709e+01 -1.980000e+00 9.062568e+01
      vertex   -1.814709e+01 -1.980000e+00 9.062568e+01
      vertex   -3.465200e+01 -1.960785e+00 9.043059e+01
    endloop
  endfacet
  facet normal -7.866607e-04 9.865074e-01 1.637151e-01
    outer loop
      vertex   -3.465200e+01 -1.960785e+00 9.043059e+01
      vertex   -1.814709e+01 -1.980000e+00 9.062568e+01
      vertex   -2.928043e+01 -1.945926e+00 9.036686e+01
    endloop
  endfacet
  facet normal 8.061378e-04 9.567158e-01 2.910227e-01
    outer loop
      vertex   -3.465200e+01 -1.960785e+00 9.043059e+01
      vertex   -2.928043e+01 -1.945926e+00 9.036686e+01
      vertex   -3.446441e+01 -1.903880e+00 9.024300e+01
    endloop
  endfacet
  facet normal -1.650300e-03 9.238783e-01 3.826829e-01
    outer loop
      vertex   -3.446441e+01 -1.903880e+00 9.024300e+01
      vertex   -2.928043e+01 -1.945926e+00 9.036686e+01
      vertex   -2.928043e+01 -1.846025e+00 9.012568e+01
    endloop
  endfacet
  facet normal 8.443726e-04 8.815697e-01 4.720532e-01
    outer loop
      vertex   -3.446441e+01 -1.903880e+00 9.024300e+01
      vertex   -2.928043e+01 -1.846025e+00 9.012568e+01
      vertex   -3.429152e+01 -1.811470e+00 9.007011e+01
    endloop
  endfacet
  facet normal -1.279971e-03 7.933527e-01 6.087609e-01
    outer loop
      vertex   -3.429152e+01 -1.811470e+00 9.007011e+01
      vertex   -2.928043e+01 -1.846025e+00 9.012568e+01
      vertex   -2.928043e+01 -1.687107e+00 8.991857e+01
    endloop
  endfacet
  facet normal 1.092578e-16 7.730105e-01 6.343933e-01
    outer loop
      vertex   -3.429152e+01 -1.811470e+00 9.007011e+01
      vertex   -2.928043e+01 -1.687107e+00 8.991857e+01
      vertex   -3.413999e+01 -1.687107e+00 8.991857e+01
    endloop
  endfacet
  facet normal 8.696072e-17 6.343933e-01 7.730105e-01
    outer loop
      vertex   -3.413999e+01 -1.687107e+00 8.991857e+01
      vertex   -2.928043e+01 -1.687107e+00 8.991857e+01
      vertex   -3.401562e+01 -1.535570e+00 8.979421e+01
    endloop
  endfacet
  facet normal -1.354549e-03 6.087609e-01 7.933526e-01
    outer loop
      vertex   -3.401562e+01 -1.535570e+00 8.979421e+01
      vertex   -2.928043e+01 -1.687107e+00 8.991857e+01
      vertex   -2.928043e+01 -1.480000e+00 8.975965e+01
    endloop
  endfacet
  facet normal 9.097535e-04 4.710183e-01 8.821230e-01
    outer loop
      vertex   -3.401562e+01 -1.535570e+00 8.979421e+01
      vertex   -2.928043e+01 -1.480000e+00 8.975965e+01
      vertex   -3.392321e+01 -1.362683e+00 8.970180e+01
    endloop
  endfacet
  facet normal -1.842670e-03 3.826828e-01 9.238780e-01
    outer loop
      vertex   -3.392321e+01 -1.362683e+00 8.970180e+01
      vertex   -2.928043e+01 -1.480000e+00 8.975965e+01
      vertex   -2.928043e+01 -1.238819e+00 8.965975e+01
    endloop
  endfacet
  facet normal 9.294269e-04 2.900264e-01 9.570182e-01
    outer loop
      vertex   -3.392321e+01 -1.362683e+00 8.970180e+01
      vertex   -2.928043e+01 -1.238819e+00 8.965975e+01
      vertex   -3.386631e+01 -1.175090e+00 8.964489e+01
    endloop
  endfacet
  facet normal -1.163688e-03 1.468993e-01 9.891508e-01
    outer loop
      vertex   -3.386631e+01 -1.175090e+00 8.964489e+01
      vertex   -2.928043e+01 -1.238819e+00 8.965975e+01
      vertex   -3.385191e+01 -1.078017e+00 8.963049e+01
    endloop
  endfacet
  facet normal 0.000000e+00 1.790169e-01 9.838460e-01
    outer loop
      vertex   -3.385191e+01 -1.078017e+00 8.963049e+01
      vertex   -2.928043e+01 -1.238819e+00 8.965975e+01
      vertex   -2.371376e+01 -1.238819e+00 8.965975e+01
    endloop
  endfacet
  facet normal 3.715307e-04 2.016427e-01 9.794591e-01
    outer loop
      vertex   -3.385191e+01 -1.078017e+00 8.963049e+01
      vertex   -2.371376e+01 -1.238819e+00 8.965975e+01
      vertex   -1.912788e+01 -1.175090e+00 8.964489e+01
    endloop
  endfacet
  facet normal -9.294269e-04 2.900264e-01 9.570182e-01
    outer loop
      vertex   -1.912788e+01 -1.175090e+00 8.964489e+01
      vertex   -2.371376e+01 -1.238819e+00 8.965975e+01
      vertex   -1.907097e+01 -1.362683e+00 8.970180e+01
    endloop
  endfacet
  facet normal 1.842670e-03 3.826828e-01 9.238780e-01
    outer loop
      vertex   -1.907097e+01 -1.362683e+00 8.970180e+01
      vertex   -2.371376e+01 -1.238819e+00 8.965975e+01
      vertex   -2.371376e+01 -1.480000e+00 8.975965e+01
    endloop
  endfacet
  facet normal -9.097535e-04 4.710183e-01 8.821230e-01
    outer loop
      vertex   -1.907097e+01 -1.362683e+00 8.970180e+01
      vertex   -2.371376e+01 -1.480000e+00 8.975965e+01
      vertex   -1.897856e+01 -1.535570e+00 8.979421e+01
    endloop
  endfacet
  facet normal 1.354549e-03 6.087609e-01 7.933526e-01
    outer loop
      vertex   -1.897856e+01 -1.535570e+00 8.979421e+01
      vertex   -2.371376e+01 -1.480000e+00 8.975965e+01
      vertex   -2.371376e+01 -1.687107e+00 8.991857e+01
    endloop
  endfacet
  facet normal -8.740626e-17 6.343933e-01 7.730105e-01
    outer loop
      vertex   -1.897856e+01 -1.535570e+00 8.979421e+01
      vertex   -2.371376e+01 -1.687107e+00 8.991857e+01
      vertex   -1.885420e+01 -1.687107e+00 8.991857e+01
    endloop
  endfacet
  facet normal -1.059619e-16 7.730105e-01 6.343933e-01
    outer loop
      vertex   -1.885420e+01 -1.687107e+00 8.991857e+01
      vertex   -2.371376e+01 -1.687107e+00 8.991857e+01
      vertex   -1.870266e+01 -1.811470e+00 9.007011e+01
    endloop
  endfacet
  facet normal 1.279971e-03 7.933527e-01 6.087609e-01
    outer loop
      vertex   -1.870266e+01 -1.811470e+00 9.007011e+01
      vertex   -2.371376e+01 -1.687107e+00 8.991857e+01
      vertex   -2.371376e+01 -1.846025e+00 9.012568e+01
    endloop
  endfacet
  facet normal -8.443726e-04 8.815697e-01 4.720532e-01
    outer loop
      vertex   -1.870266e+01 -1.811470e+00 9.007011e+01
      vertex   -2.371376e+01 -1.846025e+00 9.012568e+01
      vertex   -1.852978e+01 -1.903880e+00 9.024300e+01
    endloop
  endfacet
  facet normal 1.650300e-03 9.238783e-01 3.826829e-01
    outer loop
      vertex   -1.852978e+01 -1.903880e+00 9.024300e+01
      vertex   -2.371376e+01 -1.846025e+00 9.012568e+01
      vertex   -2.371376e+01 -1.945926e+00 9.036686e+01
    endloop
  endfacet
  facet normal -8.061378e-04 9.567158e-01 2.910227e-01
    outer loop
      vertex   -1.852978e+01 -1.903880e+00 9.024300e+01
      vertex   -2.371376e+01 -1.945926e+00 9.036686e+01
      vertex   -1.834218e+01 -1.960785e+00 9.043059e+01
    endloop
  endfacet
  facet normal 1.609451e-03 9.953392e-01 9.642290e-02
    outer loop
      vertex   -1.834218e+01 -1.960785e+00 9.043059e+01
      vertex   -2.371376e+01 -1.945926e+00 9.036686e+01
      vertex   -1.814709e+01 -1.980000e+00 9.062568e+01
    endloop
  endfacet
  facet normal 0.000000e+00 9.914449e-01 1.305262e-01
    outer loop
      vertex   -1.814709e+01 -1.980000e+00 9.062568e+01
      vertex   -2.371376e+01 -1.945926e+00 9.036686e+01
      vertex   -2.928043e+01 -1.945926e+00 9.036686e+01
    endloop
  endfacet
  facet normal 2.253224e-18 1.467305e-01 9.891765e-01
    outer loop
      vertex   -1.912788e+01 -1.175090e+00 8.964489e+01
      vertex   -1.914228e+01 -1.078017e+00 8.963049e+01
      vertex   -3.385191e+01 -1.078017e+00 8.963049e+01
    endloop
  endfacet
  facet normal 7.406857e-19 4.906767e-02 9.987955e-01
    outer loop
      vertex   -3.385191e+01 -1.078017e+00 8.963049e+01
      vertex   -1.914228e+01 -1.078017e+00 8.963049e+01
      vertex   -1.914709e+01 -9.800000e-01 8.962568e+01
    endloop
  endfacet
  facet normal 0.000000e+00 4.906767e-02 9.987955e-01
    outer loop
      vertex   -3.385191e+01 -1.078017e+00 8.963049e+01
      vertex   -1.914709e+01 -9.800000e-01 8.962568e+01
      vertex   -3.384709e+01 -9.800000e-01 8.962568e+01
    endloop
  endfacet
  facet normal 0.000000e+00 9.238795e-01 3.826834e-01
    outer loop
      vertex   -2.928043e+01 -1.846025e+00 9.012568e+01
      vertex   -2.928043e+01 -1.945926e+00 9.036686e+01
      vertex   -2.371376e+01 -1.945926e+00 9.036686e+01
    endloop
  endfacet
  facet normal 0.000000e+00 7.933533e-01 6.087614e-01
    outer loop
      vertex   -2.928043e+01 -1.687107e+00 8.991857e+01
      vertex   -2.928043e+01 -1.846025e+00 9.012568e+01
      vertex   -2.371376e+01 -1.846025e+00 9.012568e+01
    endloop
  endfacet
  facet normal 0.000000e+00 9.238795e-01 3.826834e-01
    outer loop
      vertex   -2.371376e+01 -1.846025e+00 9.012568e+01
      vertex   -2.928043e+01 -1.846025e+00 9.012568e+01
      vertex   -2.371376e+01 -1.945926e+00 9.036686e+01
    endloop
  endfacet
  facet normal 0.000000e+00 6.087614e-01 7.933533e-01
    outer loop
      vertex   -2.928043e+01 -1.480000e+00 8.975965e+01
      vertex   -2.928043e+01 -1.687107e+00 8.991857e+01
      vertex   -2.371376e+01 -1.687107e+00 8.991857e+01
    endloop
  endfacet
  facet normal 0.000000e+00 7.933533e-01 6.087614e-01
    outer loop
      vertex   -2.371376e+01 -1.687107e+00 8.991857e+01
      vertex   -2.928043e+01 -1.687107e+00 8.991857e+01
      vertex   -2.371376e+01 -1.846025e+00 9.012568e+01
    endloop
  endfacet
  facet normal 0.000000e+00 3.826834e-01 9.238795e-01
    outer loop
      vertex   -2.928043e+01 -1.238819e+00 8.965975e+01
      vertex   -2.928043e+01 -1.480000e+00 8.975965e+01
      vertex   -2.371376e+01 -1.480000e+00 8.975965e+01
    endloop
  endfacet
  facet normal 0.000000e+00 6.087614e-01 7.933533e-01
    outer loop
      vertex   -2.371376e+01 -1.480000e+00 8.975965e+01
      vertex   -2.928043e+01 -1.480000e+00 8.975965e+01
      vertex   -2.371376e+01 -1.687107e+00 8.991857e+01
    endloop
  endfacet
  facet normal 0.000000e+00 3.826834e-01 9.238795e-01
    outer loop
      vertex   -2.371376e+01 -1.238819e+00 8.965975e+01
      vertex   -2.928043e+01 -1.238819e+00 8.965975e+01
      vertex   -2.371376e+01 -1.480000e+00 8.975965e+01
    endloop
  endfacet
  facet normal -0.000000e+00 4.906767e-02 9.987955e-01
    outer loop
      vertex   8.152906e+00 -9.800000e-01 8.962568e+01
      vertex   8.148090e+00 -1.078017e+00 8.963049e+01
      vertex   3.715291e+01 -9.800000e-01 8.962568e+01
    endloop
  endfacet
  facet normal 3.808400e-19 4.906767e-02 9.987955e-01
    outer loop
      vertex   3.715291e+01 -9.800000e-01 8.962568e+01
      vertex   8.148090e+00 -1.078017e+00 8.963049e+01
      vertex   3.715772e+01 -1.078017e+00 8.963049e+01
    endloop
  endfacet
  facet normal 1.123100e-18 1.467305e-01 9.891765e-01
    outer loop
      vertex   3.715772e+01 -1.078017e+00 8.963049e+01
      vertex   8.148090e+00 -1.078017e+00 8.963049e+01
      vertex   3.717212e+01 -1.175090e+00 8.964489e+01
    endloop
  endfacet
  facet normal 1.864269e-04 2.010472e-01 9.795815e-01
    outer loop
      vertex   3.717212e+01 -1.175090e+00 8.964489e+01
      vertex   8.148090e+00 -1.078017e+00 8.963049e+01
      vertex   2.781957e+01 -1.238819e+00 8.965975e+01
    endloop
  endfacet
  facet normal 0.000000e+00 2.270763e-01 9.738770e-01
    outer loop
      vertex   3.717212e+01 -1.175090e+00 8.964489e+01
      vertex   2.781957e+01 -1.238819e+00 8.965975e+01
      vertex   3.298624e+01 -1.238819e+00 8.965975e+01
    endloop
  endfacet
  facet normal 0.000000e+00 3.826834e-01 9.238795e-01
    outer loop
      vertex   3.298624e+01 -1.238819e+00 8.965975e+01
      vertex   2.781957e+01 -1.238819e+00 8.965975e+01
      vertex   3.298624e+01 -1.480000e+00 8.975965e+01
    endloop
  endfacet
  facet normal 2.016392e-03 3.826827e-01 9.238777e-01
    outer loop
      vertex   3.298624e+01 -1.238819e+00 8.965975e+01
      vertex   3.298624e+01 -1.480000e+00 8.975965e+01
      vertex   3.722903e+01 -1.362683e+00 8.970180e+01
    endloop
  endfacet
  facet normal -9.942948e-04 4.709831e-01 8.821417e-01
    outer loop
      vertex   3.722903e+01 -1.362683e+00 8.970180e+01
      vertex   3.298624e+01 -1.480000e+00 8.975965e+01
      vertex   3.732144e+01 -1.535570e+00 8.979421e+01
    endloop
  endfacet
  facet normal 1.479530e-03 6.087608e-01 7.933525e-01
    outer loop
      vertex   3.732144e+01 -1.535570e+00 8.979421e+01
      vertex   3.298624e+01 -1.480000e+00 8.975965e+01
      vertex   3.298624e+01 -1.687107e+00 8.991857e+01
    endloop
  endfacet
  facet normal -9.524616e-17 6.343933e-01 7.730105e-01
    outer loop
      vertex   3.732144e+01 -1.535570e+00 8.979421e+01
      vertex   3.298624e+01 -1.687107e+00 8.991857e+01
      vertex   3.744580e+01 -1.687107e+00 8.991857e+01
    endloop
  endfacet
  facet normal -1.154662e-16 7.730105e-01 6.343933e-01
    outer loop
      vertex   3.744580e+01 -1.687107e+00 8.991857e+01
      vertex   3.298624e+01 -1.687107e+00 8.991857e+01
      vertex   3.759734e+01 -1.811470e+00 9.007011e+01
    endloop
  endfacet
  facet normal 1.391004e-03 7.933526e-01 6.087608e-01
    outer loop
      vertex   3.759734e+01 -1.811470e+00 9.007011e+01
      vertex   3.298624e+01 -1.687107e+00 8.991857e+01
      vertex   3.298624e+01 -1.846025e+00 9.012568e+01
    endloop
  endfacet
  facet normal -9.167160e-04 8.815395e-01 4.721094e-01
    outer loop
      vertex   3.759734e+01 -1.811470e+00 9.007011e+01
      vertex   3.298624e+01 -1.846025e+00 9.012568e+01
      vertex   3.777022e+01 -1.903880e+00 9.024300e+01
    endloop
  endfacet
  facet normal 1.788285e-03 9.238781e-01 3.826828e-01
    outer loop
      vertex   3.777022e+01 -1.903880e+00 9.024300e+01
      vertex   3.298624e+01 -1.846025e+00 9.012568e+01
      vertex   3.298624e+01 -1.945926e+00 9.036686e+01
    endloop
  endfacet
  facet normal -8.718230e-04 9.566975e-01 2.910828e-01
    outer loop
      vertex   3.777022e+01 -1.903880e+00 9.024300e+01
      vertex   3.298624e+01 -1.945926e+00 9.036686e+01
      vertex   3.795782e+01 -1.960785e+00 9.043059e+01
    endloop
  endfacet
  facet normal 1.740646e-03 9.953515e-01 9.629292e-02
    outer loop
      vertex   3.795782e+01 -1.960785e+00 9.043059e+01
      vertex   3.298624e+01 -1.945926e+00 9.036686e+01
      vertex   3.815291e+01 -1.980000e+00 9.062568e+01
    endloop
  endfacet
  facet normal 0.000000e+00 9.914449e-01 1.305262e-01
    outer loop
      vertex   3.815291e+01 -1.980000e+00 9.062568e+01
      vertex   3.298624e+01 -1.945926e+00 9.036686e+01
      vertex   2.781957e+01 -1.945926e+00 9.036686e+01
    endloop
  endfacet
  facet normal 0.000000e+00 9.914449e-01 1.305262e-01
    outer loop
      vertex   3.815291e+01 -1.980000e+00 9.062568e+01
      vertex   2.781957e+01 -1.945926e+00 9.036686e+01
      vertex   2.265291e+01 -1.945926e+00 9.036686e+01
    endloop
  endfacet
  facet normal -0.000000e+00 9.238795e-01 3.826834e-01
    outer loop
      vertex   2.265291e+01 -1.945926e+00 9.036686e+01
      vertex   2.781957e+01 -1.945926e+00 9.036686e+01
      vertex   2.265291e+01 -1.846025e+00 9.012568e+01
    endloop
  endfacet
  facet normal 0.000000e+00 9.238795e-01 3.826834e-01
    outer loop
      vertex   2.265291e+01 -1.945926e+00 9.036686e+01
      vertex   2.265291e+01 -1.846025e+00 9.012568e+01
      vertex   1.748624e+01 -1.846025e+00 9.012568e+01
    endloop
  endfacet
  facet normal -0.000000e+00 7.933533e-01 6.087614e-01
    outer loop
      vertex   1.748624e+01 -1.846025e+00 9.012568e+01
      vertex   2.265291e+01 -1.846025e+00 9.012568e+01
      vertex   1.748624e+01 -1.687107e+00 8.991857e+01
    endloop
  endfacet
  facet normal 0.000000e+00 7.933533e-01 6.087614e-01
    outer loop
      vertex   1.748624e+01 -1.846025e+00 9.012568e+01
      vertex   1.748624e+01 -1.687107e+00 8.991857e+01
      vertex   1.231957e+01 -1.687107e+00 8.991857e+01
    endloop
  endfacet
  facet normal -0.000000e+00 6.087614e-01 7.933533e-01
    outer loop
      vertex   1.231957e+01 -1.687107e+00 8.991857e+01
      vertex   1.748624e+01 -1.687107e+00 8.991857e+01
      vertex   1.231957e+01 -1.480000e+00 8.975965e+01
    endloop
  endfacet
  facet normal -1.479530e-03 6.087608e-01 7.933525e-01
    outer loop
      vertex   1.231957e+01 -1.687107e+00 8.991857e+01
      vertex   1.231957e+01 -1.480000e+00 8.975965e+01
      vertex   7.984375e+00 -1.535570e+00 8.979421e+01
    endloop
  endfacet
  facet normal 9.942948e-04 4.709831e-01 8.821417e-01
    outer loop
      vertex   7.984375e+00 -1.535570e+00 8.979421e+01
      vertex   1.231957e+01 -1.480000e+00 8.975965e+01
      vertex   8.076785e+00 -1.362683e+00 8.970180e+01
    endloop
  endfacet
  facet normal -2.016392e-03 3.826827e-01 9.238777e-01
    outer loop
      vertex   8.076785e+00 -1.362683e+00 8.970180e+01
      vertex   1.231957e+01 -1.480000e+00 8.975965e+01
      vertex   1.231957e+01 -1.238819e+00 8.965975e+01
    endloop
  endfacet
  facet normal 1.017842e-03 2.900018e-01 9.570256e-01
    outer loop
      vertex   8.076785e+00 -1.362683e+00 8.970180e+01
      vertex   1.231957e+01 -1.238819e+00 8.965975e+01
      vertex   8.133691e+00 -1.175090e+00 8.964489e+01
    endloop
  endfacet
  facet normal -1.274636e-03 1.469154e-01 9.891482e-01
    outer loop
      vertex   8.133691e+00 -1.175090e+00 8.964489e+01
      vertex   1.231957e+01 -1.238819e+00 8.965975e+01
      vertex   8.148090e+00 -1.078017e+00 8.963049e+01
    endloop
  endfacet
  facet normal 0.000000e+00 1.790169e-01 9.838460e-01
    outer loop
      vertex   8.148090e+00 -1.078017e+00 8.963049e+01
      vertex   1.231957e+01 -1.238819e+00 8.965975e+01
      vertex   1.748624e+01 -1.238819e+00 8.965975e+01
    endloop
  endfacet
  facet normal 0.000000e+00 1.790169e-01 9.838460e-01
    outer loop
      vertex   8.148090e+00 -1.078017e+00 8.963049e+01
      vertex   1.748624e+01 -1.238819e+00 8.965975e+01
      vertex   2.265291e+01 -1.238819e+00 8.965975e+01
    endloop
  endfacet
  facet normal 0.000000e+00 3.826834e-01 9.238795e-01
    outer loop
      vertex   2.265291e+01 -1.238819e+00 8.965975e+01
      vertex   1.748624e+01 -1.238819e+00 8.965975e+01
      vertex   2.265291e+01 -1.480000e+00 8.975965e+01
    endloop
  endfacet
  facet normal 0.000000e+00 3.826834e-01 9.238795e-01
    outer loop
      vertex   2.265291e+01 -1.238819e+00 8.965975e+01
      vertex   2.265291e+01 -1.480000e+00 8.975965e+01
      vertex   2.781957e+01 -1.480000e+00 8.975965e+01
    endloop
  endfacet
  facet normal 0.000000e+00 6.087614e-01 7.933533e-01
    outer loop
      vertex   2.781957e+01 -1.480000e+00 8.975965e+01
      vertex   2.265291e+01 -1.480000e+00 8.975965e+01
      vertex   2.781957e+01 -1.687107e+00 8.991857e+01
    endloop
  endfacet
  facet normal 0.000000e+00 6.087614e-01 7.933533e-01
    outer loop
      vertex   2.781957e+01 -1.480000e+00 8.975965e+01
      vertex   2.781957e+01 -1.687107e+00 8.991857e+01
      vertex   3.298624e+01 -1.687107e+00 8.991857e+01
    endloop
  endfacet
  facet normal 0.000000e+00 7.933533e-01 6.087614e-01
    outer loop
      vertex   3.298624e+01 -1.687107e+00 8.991857e+01
      vertex   2.781957e+01 -1.687107e+00 8.991857e+01
      vertex   3.298624e+01 -1.846025e+00 9.012568e+01
    endloop
  endfacet
  facet normal 1.269949e-16 6.343933e-01 7.730105e-01
    outer loop
      vertex   7.984375e+00 -1.535570e+00 8.979421e+01
      vertex   7.860012e+00 -1.687107e+00 8.991857e+01
      vertex   1.231957e+01 -1.687107e+00 8.991857e+01
    endloop
  endfacet
  facet normal 1.539549e-16 7.730105e-01 6.343933e-01
    outer loop
      vertex   1.231957e+01 -1.687107e+00 8.991857e+01
      vertex   7.860012e+00 -1.687107e+00 8.991857e+01
      vertex   7.708476e+00 -1.811470e+00 9.007011e+01
    endloop
  endfacet
  facet normal -1.391004e-03 7.933526e-01 6.087608e-01
    outer loop
      vertex   1.231957e+01 -1.687107e+00 8.991857e+01
      vertex   7.708476e+00 -1.811470e+00 9.007011e+01
      vertex   1.231957e+01 -1.846025e+00 9.012568e+01
    endloop
  endfacet
  facet normal 9.167160e-04 8.815395e-01 4.721094e-01
    outer loop
      vertex   1.231957e+01 -1.846025e+00 9.012568e+01
      vertex   7.708476e+00 -1.811470e+00 9.007011e+01
      vertex   7.535589e+00 -1.903880e+00 9.024300e+01
    endloop
  endfacet
  facet normal -1.788285e-03 9.238781e-01 3.826828e-01
    outer loop
      vertex   1.231957e+01 -1.846025e+00 9.012568e+01
      vertex   7.535589e+00 -1.903880e+00 9.024300e+01
      vertex   1.231957e+01 -1.945926e+00 9.036686e+01
    endloop
  endfacet
  facet normal 8.718230e-04 9.566975e-01 2.910828e-01
    outer loop
      vertex   1.231957e+01 -1.945926e+00 9.036686e+01
      vertex   7.535589e+00 -1.903880e+00 9.024300e+01
      vertex   7.347996e+00 -1.960785e+00 9.043059e+01
    endloop
  endfacet
  facet normal -0.000000e+00 9.738770e-01 2.270763e-01
    outer loop
      vertex   1.231957e+01 -1.945926e+00 9.036686e+01
      vertex   7.347996e+00 -1.960785e+00 9.043059e+01
      vertex   1.748624e+01 -1.945926e+00 9.036686e+01
    endloop
  endfacet
  facet normal -4.191580e-04 9.865675e-01 1.633538e-01
    outer loop
      vertex   1.748624e+01 -1.945926e+00 9.036686e+01
      vertex   7.347996e+00 -1.960785e+00 9.043059e+01
      vertex   3.815291e+01 -1.980000e+00 9.062568e+01
    endloop
  endfacet
  facet normal -0.000000e+00 9.914449e-01 1.305262e-01
    outer loop
      vertex   1.748624e+01 -1.945926e+00 9.036686e+01
      vertex   3.815291e+01 -1.980000e+00 9.062568e+01
      vertex   2.265291e+01 -1.945926e+00 9.036686e+01
    endloop
  endfacet
  facet normal 0.000000e+00 9.951847e-01 9.801714e-02
    outer loop
      vertex   7.347996e+00 -1.960785e+00 9.043059e+01
      vertex   7.152906e+00 -1.980000e+00 9.062568e+01
      vertex   3.815291e+01 -1.980000e+00 9.062568e+01
    endloop
  endfacet
  facet normal -1.017842e-03 2.900018e-01 9.570256e-01
    outer loop
      vertex   3.722903e+01 -1.362683e+00 8.970180e+01
      vertex   3.717212e+01 -1.175090e+00 8.964489e+01
      vertex   3.298624e+01 -1.238819e+00 8.965975e+01
    endloop
  endfacet
  facet normal 0.000000e+00 1.790169e-01 9.838460e-01
    outer loop
      vertex   2.781957e+01 -1.238819e+00 8.965975e+01
      vertex   8.148090e+00 -1.078017e+00 8.963049e+01
      vertex   2.265291e+01 -1.238819e+00 8.965975e+01
    endloop
  endfacet
  facet normal 0.000000e+00 3.826834e-01 9.238795e-01
    outer loop
      vertex   1.748624e+01 -1.238819e+00 8.965975e+01
      vertex   1.231957e+01 -1.238819e+00 8.965975e+01
      vertex   1.748624e+01 -1.480000e+00 8.975965e+01
    endloop
  endfacet
  facet normal 0.000000e+00 3.826834e-01 9.238795e-01
    outer loop
      vertex   1.748624e+01 -1.480000e+00 8.975965e+01
      vertex   1.231957e+01 -1.238819e+00 8.965975e+01
      vertex   1.231957e+01 -1.480000e+00 8.975965e+01
    endloop
  endfacet
  facet normal 0.000000e+00 6.087614e-01 7.933533e-01
    outer loop
      vertex   1.748624e+01 -1.480000e+00 8.975965e+01
      vertex   1.231957e+01 -1.480000e+00 8.975965e+01
      vertex   1.748624e+01 -1.687107e+00 8.991857e+01
    endloop
  endfacet
  facet normal 0.000000e+00 3.826834e-01 9.238795e-01
    outer loop
      vertex   3.298624e+01 -1.480000e+00 8.975965e+01
      vertex   2.781957e+01 -1.238819e+00 8.965975e+01
      vertex   2.781957e+01 -1.480000e+00 8.975965e+01
    endloop
  endfacet
  facet normal 0.000000e+00 3.826834e-01 9.238795e-01
    outer loop
      vertex   2.781957e+01 -1.480000e+00 8.975965e+01
      vertex   2.781957e+01 -1.238819e+00 8.965975e+01
      vertex   2.265291e+01 -1.238819e+00 8.965975e+01
    endloop
  endfacet
  facet normal 0.000000e+00 3.826834e-01 9.238795e-01
    outer loop
      vertex   1.748624e+01 -1.238819e+00 8.965975e+01
      vertex   1.748624e+01 -1.480000e+00 8.975965e+01
      vertex   2.265291e+01 -1.480000e+00 8.975965e+01
    endloop
  endfacet
  facet normal 0.000000e+00 6.087614e-01 7.933533e-01
    outer loop
      vertex   2.265291e+01 -1.480000e+00 8.975965e+01
      vertex   1.748624e+01 -1.480000e+00 8.975965e+01
      vertex   2.265291e+01 -1.687107e+00 8.991857e+01
    endloop
  endfacet
  facet normal 0.000000e+00 6.087614e-01 7.933533e-01
    outer loop
      vertex   2.265291e+01 -1.480000e+00 8.975965e+01
      vertex   2.265291e+01 -1.687107e+00 8.991857e+01
      vertex   2.781957e+01 -1.687107e+00 8.991857e+01
    endloop
  endfacet
  facet normal 0.000000e+00 7.933533e-01 6.087614e-01
    outer loop
      vertex   2.781957e+01 -1.687107e+00 8.991857e+01
      vertex   2.265291e+01 -1.687107e+00 8.991857e+01
      vertex   2.781957e+01 -1.846025e+00 9.012568e+01
    endloop
  endfacet
  facet normal 0.000000e+00 7.933533e-01 6.087614e-01
    outer loop
      vertex   2.781957e+01 -1.687107e+00 8.991857e+01
      vertex   2.781957e+01 -1.846025e+00 9.012568e+01
      vertex   3.298624e+01 -1.846025e+00 9.012568e+01
    endloop
  endfacet
  facet normal 0.000000e+00 9.238795e-01 3.826834e-01
    outer loop
      vertex   3.298624e+01 -1.846025e+00 9.012568e+01
      vertex   2.781957e+01 -1.846025e+00 9.012568e+01
      vertex   3.298624e+01 -1.945926e+00 9.036686e+01
    endloop
  endfacet
  facet normal 0.000000e+00 6.087614e-01 7.933533e-01
    outer loop
      vertex   2.265291e+01 -1.687107e+00 8.991857e+01
      vertex   1.748624e+01 -1.480000e+00 8.975965e+01
      vertex   1.748624e+01 -1.687107e+00 8.991857e+01
    endloop
  endfacet
  facet normal 0.000000e+00 6.087614e-01 7.933533e-01
    outer loop
      vertex   3.298624e+01 -1.687107e+00 8.991857e+01
      vertex   3.298624e+01 -1.480000e+00 8.975965e+01
      vertex   2.781957e+01 -1.480000e+00 8.975965e+01
    endloop
  endfacet
  facet normal 0.000000e+00 7.933533e-01 6.087614e-01
    outer loop
      vertex   2.781957e+01 -1.846025e+00 9.012568e+01
      vertex   2.265291e+01 -1.687107e+00 8.991857e+01
      vertex   2.265291e+01 -1.846025e+00 9.012568e+01
    endloop
  endfacet
  facet normal 0.000000e+00 7.933533e-01 6.087614e-01
    outer loop
      vertex   2.265291e+01 -1.846025e+00 9.012568e+01
      vertex   2.265291e+01 -1.687107e+00 8.991857e+01
      vertex   1.748624e+01 -1.687107e+00 8.991857e+01
    endloop
  endfacet
  facet normal 0.000000e+00 7.933533e-01 6.087614e-01
    outer loop
      vertex   1.231957e+01 -1.687107e+00 8.991857e+01
      vertex   1.231957e+01 -1.846025e+00 9.012568e+01
      vertex   1.748624e+01 -1.846025e+00 9.012568e+01
    endloop
  endfacet
  facet normal 0.000000e+00 9.238795e-01 3.826834e-01
    outer loop
      vertex   1.748624e+01 -1.846025e+00 9.012568e+01
      vertex   1.231957e+01 -1.846025e+00 9.012568e+01
      vertex   1.748624e+01 -1.945926e+00 9.036686e+01
    endloop
  endfacet
  facet normal 0.000000e+00 9.238795e-01 3.826834e-01
    outer loop
      vertex   1.748624e+01 -1.846025e+00 9.012568e+01
      vertex   1.748624e+01 -1.945926e+00 9.036686e+01
      vertex   2.265291e+01 -1.945926e+00 9.036686e+01
    endloop
  endfacet
  facet normal -0.000000e+00 9.238795e-01 3.826834e-01
    outer loop
      vertex   1.231957e+01 -1.945926e+00 9.036686e+01
      vertex   1.748624e+01 -1.945926e+00 9.036686e+01
      vertex   1.231957e+01 -1.846025e+00 9.012568e+01
    endloop
  endfacet
  facet normal 0.000000e+00 9.238795e-01 3.826834e-01
    outer loop
      vertex   3.298624e+01 -1.945926e+00 9.036686e+01
      vertex   2.781957e+01 -1.846025e+00 9.012568e+01
      vertex   2.781957e+01 -1.945926e+00 9.036686e+01
    endloop
  endfacet
  facet normal 0.000000e+00 9.238795e-01 3.826834e-01
    outer loop
      vertex   2.781957e+01 -1.945926e+00 9.036686e+01
      vertex   2.781957e+01 -1.846025e+00 9.012568e+01
      vertex   2.265291e+01 -1.846025e+00 9.012568e+01
    endloop
  endfacet
  facet normal 9.801714e-02 9.951847e-01 0.000000e+00
    outer loop
      vertex   -1.814709e+01 -1.980000e+00 9.062568e+01
      vertex   -1.814709e+01 -1.980000e+00 7.767568e+01
      vertex   -1.834218e+01 -1.960785e+00 9.043059e+01
    endloop
  endfacet
  facet normal 1.614316e-01 9.868834e-01 9.824490e-04
    outer loop
      vertex   -1.834218e+01 -1.960785e+00 9.043059e+01
      vertex   -1.814709e+01 -1.980000e+00 7.767568e+01
      vertex   -1.840591e+01 -1.945926e+00 8.597568e+01
    endloop
  endfacet
  facet normal 2.911767e-01 9.566688e-01 -9.743726e-04
    outer loop
      vertex   -1.834218e+01 -1.960785e+00 9.043059e+01
      vertex   -1.840591e+01 -1.945926e+00 8.597568e+01
      vertex   -1.852978e+01 -1.903880e+00 9.024300e+01
    endloop
  endfacet
  facet normal 3.826827e-01 9.238777e-01 2.004801e-03
    outer loop
      vertex   -1.852978e+01 -1.903880e+00 9.024300e+01
      vertex   -1.840591e+01 -1.945926e+00 8.597568e+01
      vertex   -1.864709e+01 -1.846025e+00 8.597568e+01
    endloop
  endfacet
  facet normal 4.721980e-01 8.814919e-01 -1.030790e-03
    outer loop
      vertex   -1.852978e+01 -1.903880e+00 9.024300e+01
      vertex   -1.864709e+01 -1.846025e+00 8.597568e+01
      vertex   -1.870266e+01 -1.811470e+00 9.007011e+01
    endloop
  endfacet
  facet normal 6.087607e-01 7.933524e-01 1.566532e-03
    outer loop
      vertex   -1.870266e+01 -1.811470e+00 9.007011e+01
      vertex   -1.864709e+01 -1.846025e+00 8.597568e+01
      vertex   -1.885420e+01 -1.687107e+00 8.597568e+01
    endloop
  endfacet
  facet normal 6.343933e-01 7.730105e-01 7.002253e-16
    outer loop
      vertex   -1.870266e+01 -1.811470e+00 9.007011e+01
      vertex   -1.885420e+01 -1.687107e+00 8.597568e+01
      vertex   -1.885420e+01 -1.687107e+00 8.991857e+01
    endloop
  endfacet
  facet normal 7.730105e-01 6.343933e-01 8.036930e-16
    outer loop
      vertex   -1.885420e+01 -1.687107e+00 8.991857e+01
      vertex   -1.885420e+01 -1.687107e+00 8.597568e+01
      vertex   -1.897856e+01 -1.535570e+00 8.979421e+01
    endloop
  endfacet
  facet normal 7.933522e-01 6.087606e-01 1.679718e-03
    outer loop
      vertex   -1.897856e+01 -1.535570e+00 8.979421e+01
      vertex   -1.885420e+01 -1.687107e+00 8.597568e+01
      vertex   -1.901312e+01 -1.480000e+00 8.597568e+01
    endloop
  endfacet
  facet normal 8.821717e-01 4.709266e-01 -1.129921e-03
    outer loop
      vertex   -1.897856e+01 -1.535570e+00 8.979421e+01
      vertex   -1.901312e+01 -1.480000e+00 8.597568e+01
      vertex   -1.907097e+01 -1.362683e+00 8.970180e+01
    endloop
  endfacet
  facet normal 9.238771e-01 3.826824e-01 2.295985e-03
    outer loop
      vertex   -1.907097e+01 -1.362683e+00 8.970180e+01
      vertex   -1.901312e+01 -1.480000e+00 8.597568e+01
      vertex   -1.911302e+01 -1.238819e+00 8.597568e+01
    endloop
  endfacet
  facet normal 9.570374e-01 2.899621e-01 -1.160429e-03
    outer loop
      vertex   -1.907097e+01 -1.362683e+00 8.970180e+01
      vertex   -1.911302e+01 -1.238819e+00 8.597568e+01
      vertex   -1.912788e+01 -1.175090e+00 8.964489e+01
    endloop
  endfacet
  facet normal 9.891441e-01 1.469413e-01 1.453652e-03
    outer loop
      vertex   -1.912788e+01 -1.175090e+00 8.964489e+01
      vertex   -1.911302e+01 -1.238819e+00 8.597568e+01
      vertex   -1.914228e+01 -1.078017e+00 8.963049e+01
    endloop
  endfacet
  facet normal 9.838460e-01 1.790169e-01 0.000000e+00
    outer loop
      vertex   -1.914228e+01 -1.078017e+00 8.963049e+01
      vertex   -1.911302e+01 -1.238819e+00 8.597568e+01
      vertex   -1.911302e+01 -1.238819e+00 8.132568e+01
    endloop
  endfacet
  facet normal 9.799667e-01 1.991611e-01 -4.037091e-04
    outer loop
      vertex   -1.914228e+01 -1.078017e+00 8.963049e+01
      vertex   -1.911302e+01 -1.238819e+00 8.132568e+01
      vertex   -1.912788e+01 -1.175090e+00 7.669489e+01
    endloop
  endfacet
  facet normal 9.568617e-01 2.905423e-01 9.280174e-04
    outer loop
      vertex   -1.912788e+01 -1.175090e+00 7.669489e+01
      vertex   -1.911302e+01 -1.238819e+00 8.132568e+01
      vertex   -1.907097e+01 -1.362683e+00 7.675180e+01
    endloop
  endfacet
  facet normal 9.238779e-01 3.826828e-01 -1.870430e-03
    outer loop
      vertex   -1.907097e+01 -1.362683e+00 7.675180e+01
      vertex   -1.911302e+01 -1.238819e+00 8.132568e+01
      vertex   -1.901312e+01 -1.480000e+00 8.132568e+01
    endloop
  endfacet
  facet normal 8.817100e-01 4.717908e-01 9.484974e-04
    outer loop
      vertex   -1.907097e+01 -1.362683e+00 7.675180e+01
      vertex   -1.901312e+01 -1.480000e+00 8.132568e+01
      vertex   -1.897856e+01 -1.535570e+00 7.684421e+01
    endloop
  endfacet
  facet normal 7.933525e-01 6.087608e-01 -1.431239e-03
    outer loop
      vertex   -1.897856e+01 -1.535570e+00 7.684421e+01
      vertex   -1.901312e+01 -1.480000e+00 8.132568e+01
      vertex   -1.885420e+01 -1.687107e+00 8.132568e+01
    endloop
  endfacet
  facet normal 7.730105e-01 6.343933e-01 5.361718e-16
    outer loop
      vertex   -1.897856e+01 -1.535570e+00 7.684421e+01
      vertex   -1.885420e+01 -1.687107e+00 8.132568e+01
      vertex   -1.885420e+01 -1.687107e+00 7.696857e+01
    endloop
  endfacet
  facet normal 6.343933e-01 7.730105e-01 3.990927e-16
    outer loop
      vertex   -1.885420e+01 -1.687107e+00 7.696857e+01
      vertex   -1.885420e+01 -1.687107e+00 8.132568e+01
      vertex   -1.870266e+01 -1.811470e+00 7.712011e+01
    endloop
  endfacet
  facet normal 6.087607e-01 7.933524e-01 -1.525133e-03
    outer loop
      vertex   -1.870266e+01 -1.811470e+00 7.712011e+01
      vertex   -1.885420e+01 -1.687107e+00 8.132568e+01
      vertex   -1.864709e+01 -1.846025e+00 8.132568e+01
    endloop
  endfacet
  facet normal 4.705938e-01 8.823494e-01 1.031792e-03
    outer loop
      vertex   -1.870266e+01 -1.811470e+00 7.712011e+01
      vertex   -1.864709e+01 -1.846025e+00 8.132568e+01
      vertex   -1.852978e+01 -1.903880e+00 7.729300e+01
    endloop
  endfacet
  facet normal 3.826826e-01 9.238775e-01 -2.121446e-03
    outer loop
      vertex   -1.852978e+01 -1.903880e+00 7.729300e+01
      vertex   -1.864709e+01 -1.846025e+00 8.132568e+01
      vertex   -1.840591e+01 -1.945926e+00 8.132568e+01
    endloop
  endfacet
  facet normal 2.892814e-01 9.572435e-01 1.095271e-03
    outer loop
      vertex   -1.852978e+01 -1.903880e+00 7.729300e+01
      vertex   -1.840591e+01 -1.945926e+00 8.132568e+01
      vertex   -1.834218e+01 -1.960785e+00 7.748059e+01
    endloop
  endfacet
  facet normal 1.001804e-01 9.949669e-01 -2.184682e-03
    outer loop
      vertex   -1.834218e+01 -1.960785e+00 7.748059e+01
      vertex   -1.840591e+01 -1.945926e+00 8.132568e+01
      vertex   -1.814709e+01 -1.980000e+00 7.767568e+01
    endloop
  endfacet
  facet normal 1.305262e-01 9.914449e-01 0.000000e+00
    outer loop
      vertex   -1.814709e+01 -1.980000e+00 7.767568e+01
      vertex   -1.840591e+01 -1.945926e+00 8.132568e+01
      vertex   -1.840591e+01 -1.945926e+00 8.597568e+01
    endloop
  endfacet
  facet normal 9.891765e-01 1.467305e-01 2.388763e-18
    outer loop
      vertex   -1.912788e+01 -1.175090e+00 7.669489e+01
      vertex   -1.914228e+01 -1.078017e+00 7.668049e+01
      vertex   -1.914228e+01 -1.078017e+00 8.963049e+01
    endloop
  endfacet
  facet normal 9.987955e-01 4.906767e-02 8.413291e-19
    outer loop
      vertex   -1.914228e+01 -1.078017e+00 8.963049e+01
      vertex   -1.914228e+01 -1.078017e+00 7.668049e+01
      vertex   -1.914709e+01 -9.800000e-01 8.962568e+01
    endloop
  endfacet
  facet normal 9.987955e-01 4.906767e-02 2.740104e-16
    outer loop
      vertex   -1.914709e+01 -9.800000e-01 8.962568e+01
      vertex   -1.914228e+01 -1.078017e+00 7.668049e+01
      vertex   -1.914709e+01 -9.800000e-01 7.667568e+01
    endloop
  endfacet
  facet normal 3.826834e-01 9.238795e-01 0.000000e+00
    outer loop
      vertex   -1.864709e+01 -1.846025e+00 8.597568e+01
      vertex   -1.840591e+01 -1.945926e+00 8.597568e+01
      vertex   -1.840591e+01 -1.945926e+00 8.132568e+01
    endloop
  endfacet
  facet normal 6.087614e-01 7.933533e-01 0.000000e+00
    outer loop
      vertex   -1.885420e+01 -1.687107e+00 8.597568e+01
      vertex   -1.864709e+01 -1.846025e+00 8.597568e+01
      vertex   -1.864709e+01 -1.846025e+00 8.132568e+01
    endloop
  endfacet
  facet normal 3.826834e-01 9.238795e-01 -0.000000e+00
    outer loop
      vertex   -1.864709e+01 -1.846025e+00 8.132568e+01
      vertex   -1.864709e+01 -1.846025e+00 8.597568e+01
      vertex   -1.840591e+01 -1.945926e+00 8.132568e+01
    endloop
  endfacet
  facet normal 7.933533e-01 6.087614e-01 -8.574344e-17
    outer loop
      vertex   -1.901312e+01 -1.480000e+00 8.597568e+01
      vertex   -1.885420e+01 -1.687107e+00 8.597568e+01
      vertex   -1.885420e+01 -1.687107e+00 8.132568e+01
    endloop
  endfacet
  facet normal 6.087614e-01 7.933533e-01 -1.136515e-16
    outer loop
      vertex   -1.885420e+01 -1.687107e+00 8.132568e+01
      vertex   -1.885420e+01 -1.687107e+00 8.597568e+01
      vertex   -1.864709e+01 -1.846025e+00 8.132568e+01
    endloop
  endfacet
  facet normal 9.238795e-01 3.826834e-01 0.000000e+00
    outer loop
      vertex   -1.911302e+01 -1.238819e+00 8.597568e+01
      vertex   -1.901312e+01 -1.480000e+00 8.597568e+01
      vertex   -1.901312e+01 -1.480000e+00 8.132568e+01
    endloop
  endfacet
  facet normal 7.933533e-01 6.087614e-01 -0.000000e+00
    outer loop
      vertex   -1.901312e+01 -1.480000e+00 8.132568e+01
      vertex   -1.901312e+01 -1.480000e+00 8.597568e+01
      vertex   -1.885420e+01 -1.687107e+00 8.132568e+01
    endloop
  endfacet
  facet normal 9.238795e-01 3.826834e-01 -0.000000e+00
    outer loop
      vertex   -1.911302e+01 -1.238819e+00 8.132568e+01
      vertex   -1.911302e+01 -1.238819e+00 8.597568e+01
      vertex   -1.901312e+01 -1.480000e+00 8.132568e+01
    endloop
  endfacet
  facet normal -0.000000e+00 9.951847e-01 9.801714e-02
    outer loop
      vertex   -1.814709e+01 -1.980000e+00 7.767568e+01
      vertex   7.152906e+00 -1.980000e+00 7.767568e+01
      vertex   -1.834218e+01 -1.960785e+00 7.748059e+01
    endloop
  endfacet
  facet normal -4.595602e-04 9.875473e-01 1.573219e-01
    outer loop
      vertex   -1.834218e+01 -1.960785e+00 7.748059e+01
      vertex   7.152906e+00 -1.980000e+00 7.767568e+01
      vertex   -8.227094e+00 -1.945926e+00 7.741686e+01
    endloop
  endfacet
  facet normal 0.000000e+00 9.738770e-01 2.270763e-01
    outer loop
      vertex   -1.834218e+01 -1.960785e+00 7.748059e+01
      vertex   -8.227094e+00 -1.945926e+00 7.741686e+01
      vertex   -1.368709e+01 -1.945926e+00 7.741686e+01
    endloop
  endfacet
  facet normal -0.000000e+00 9.238795e-01 3.826834e-01
    outer loop
      vertex   -1.368709e+01 -1.945926e+00 7.741686e+01
      vertex   -8.227094e+00 -1.945926e+00 7.741686e+01
      vertex   -1.368709e+01 -1.846025e+00 7.717568e+01
    endloop
  endfacet
  facet normal -1.766608e-03 9.238781e-01 3.826828e-01
    outer loop
      vertex   -1.368709e+01 -1.945926e+00 7.741686e+01
      vertex   -1.368709e+01 -1.846025e+00 7.717568e+01
      vertex   -1.852978e+01 -1.903880e+00 7.729300e+01
    endloop
  endfacet
  facet normal 8.632257e-04 8.822796e-01 4.707250e-01
    outer loop
      vertex   -1.852978e+01 -1.903880e+00 7.729300e+01
      vertex   -1.368709e+01 -1.846025e+00 7.717568e+01
      vertex   -1.870266e+01 -1.811470e+00 7.712011e+01
    endloop
  endfacet
  facet normal -1.278829e-03 7.933527e-01 6.087609e-01
    outer loop
      vertex   -1.870266e+01 -1.811470e+00 7.712011e+01
      vertex   -1.368709e+01 -1.846025e+00 7.717568e+01
      vertex   -1.368709e+01 -1.687107e+00 7.696857e+01
    endloop
  endfacet
  facet normal 9.932962e-17 7.730105e-01 6.343933e-01
    outer loop
      vertex   -1.870266e+01 -1.811470e+00 7.712011e+01
      vertex   -1.368709e+01 -1.687107e+00 7.696857e+01
      vertex   -1.885420e+01 -1.687107e+00 7.696857e+01
    endloop
  endfacet
  facet normal 8.178480e-17 6.343933e-01 7.730105e-01
    outer loop
      vertex   -1.885420e+01 -1.687107e+00 7.696857e+01
      vertex   -1.368709e+01 -1.687107e+00 7.696857e+01
      vertex   -1.897856e+01 -1.535570e+00 7.684421e+01
    endloop
  endfacet
  facet normal -1.212150e-03 6.087610e-01 7.933528e-01
    outer loop
      vertex   -1.897856e+01 -1.535570e+00 7.684421e+01
      vertex   -1.368709e+01 -1.687107e+00 7.696857e+01
      vertex   -1.368709e+01 -1.480000e+00 7.680965e+01
    endloop
  endfacet
  facet normal 8.041446e-04 4.717309e-01 8.817422e-01
    outer loop
      vertex   -1.897856e+01 -1.535570e+00 7.684421e+01
      vertex   -1.368709e+01 -1.480000e+00 7.680965e+01
      vertex   -1.907097e+01 -1.362683e+00 7.675180e+01
    endloop
  endfacet
  facet normal -1.589027e-03 3.826829e-01 9.238784e-01
    outer loop
      vertex   -1.907097e+01 -1.362683e+00 7.675180e+01
      vertex   -1.368709e+01 -1.480000e+00 7.680965e+01
      vertex   -1.368709e+01 -1.238819e+00 7.670975e+01
    endloop
  endfacet
  facet normal 7.893754e-04 2.905039e-01 9.568735e-01
    outer loop
      vertex   -1.907097e+01 -1.362683e+00 7.675180e+01
      vertex   -1.368709e+01 -1.238819e+00 7.670975e+01
      vertex   -1.912788e+01 -1.175090e+00 7.669489e+01
    endloop
  endfacet
  facet normal -9.846183e-04 1.465875e-01 9.891972e-01
    outer loop
      vertex   -1.912788e+01 -1.175090e+00 7.669489e+01
      vertex   -1.368709e+01 -1.238819e+00 7.670975e+01
      vertex   -1.914228e+01 -1.078017e+00 7.668049e+01
    endloop
  endfacet
  facet normal -3.916358e-03 4.887536e-02 9.987972e-01
    outer loop
      vertex   -1.914228e+01 -1.078017e+00 7.668049e+01
      vertex   -1.368709e+01 -1.238819e+00 7.670975e+01
      vertex   -1.914709e+01 -9.800000e-01 7.667568e+01
    endloop
  endfacet
  facet normal 0.000000e+00 1.305262e-01 9.914449e-01
    outer loop
      vertex   -1.914709e+01 -9.800000e-01 7.667568e+01
      vertex   -1.368709e+01 -1.238819e+00 7.670975e+01
      vertex   -8.227094e+00 -1.238819e+00 7.670975e+01
    endloop
  endfacet
  facet normal 0.000000e+00 1.305262e-01 9.914449e-01
    outer loop
      vertex   -1.914709e+01 -9.800000e-01 7.667568e+01
      vertex   -8.227094e+00 -1.238819e+00 7.670975e+01
      vertex   -2.767094e+00 -1.238819e+00 7.670975e+01
    endloop
  endfacet
  facet normal 0.000000e+00 3.826834e-01 9.238795e-01
    outer loop
      vertex   -2.767094e+00 -1.238819e+00 7.670975e+01
      vertex   -8.227094e+00 -1.238819e+00 7.670975e+01
      vertex   -2.767094e+00 -1.480000e+00 7.680965e+01
    endloop
  endfacet
  facet normal 0.000000e+00 3.826834e-01 9.238795e-01
    outer loop
      vertex   -2.767094e+00 -1.238819e+00 7.670975e+01
      vertex   -2.767094e+00 -1.480000e+00 7.680965e+01
      vertex   2.692906e+00 -1.480000e+00 7.680965e+01
    endloop
  endfacet
  facet normal 0.000000e+00 6.087614e-01 7.933533e-01
    outer loop
      vertex   2.692906e+00 -1.480000e+00 7.680965e+01
      vertex   -2.767094e+00 -1.480000e+00 7.680965e+01
      vertex   2.692906e+00 -1.687107e+00 7.696857e+01
    endloop
  endfacet
  facet normal 1.212150e-03 6.087610e-01 7.933528e-01
    outer loop
      vertex   2.692906e+00 -1.480000e+00 7.680965e+01
      vertex   2.692906e+00 -1.687107e+00 7.696857e+01
      vertex   7.984375e+00 -1.535570e+00 7.684421e+01
    endloop
  endfacet
  facet normal -1.096051e-16 6.343933e-01 7.730105e-01
    outer loop
      vertex   7.984375e+00 -1.535570e+00 7.684421e+01
      vertex   2.692906e+00 -1.687107e+00 7.696857e+01
      vertex   7.860012e+00 -1.687107e+00 7.696857e+01
    endloop
  endfacet
  facet normal -1.328734e-16 7.730105e-01 6.343933e-01
    outer loop
      vertex   7.860012e+00 -1.687107e+00 7.696857e+01
      vertex   2.692906e+00 -1.687107e+00 7.696857e+01
      vertex   7.708476e+00 -1.811470e+00 7.712011e+01
    endloop
  endfacet
  facet normal 1.278829e-03 7.933527e-01 6.087609e-01
    outer loop
      vertex   7.708476e+00 -1.811470e+00 7.712011e+01
      vertex   2.692906e+00 -1.687107e+00 7.696857e+01
      vertex   2.692906e+00 -1.846025e+00 7.717568e+01
    endloop
  endfacet
  facet normal -8.632257e-04 8.822796e-01 4.707250e-01
    outer loop
      vertex   7.708476e+00 -1.811470e+00 7.712011e+01
      vertex   2.692906e+00 -1.846025e+00 7.717568e+01
      vertex   7.535589e+00 -1.903880e+00 7.729300e+01
    endloop
  endfacet
  facet normal 1.766608e-03 9.238781e-01 3.826828e-01
    outer loop
      vertex   7.535589e+00 -1.903880e+00 7.729300e+01
      vertex   2.692906e+00 -1.846025e+00 7.717568e+01
      vertex   2.692906e+00 -1.945926e+00 7.741686e+01
    endloop
  endfacet
  facet normal -9.072152e-04 9.571916e-01 2.894537e-01
    outer loop
      vertex   7.535589e+00 -1.903880e+00 7.729300e+01
      vertex   2.692906e+00 -1.945926e+00 7.741686e+01
      vertex   7.347996e+00 -1.960785e+00 7.748059e+01
    endloop
  endfacet
  facet normal 1.809743e-03 9.950050e-01 9.980918e-02
    outer loop
      vertex   7.347996e+00 -1.960785e+00 7.748059e+01
      vertex   2.692906e+00 -1.945926e+00 7.741686e+01
      vertex   7.152906e+00 -1.980000e+00 7.767568e+01
    endloop
  endfacet
  facet normal 0.000000e+00 9.914449e-01 1.305262e-01
    outer loop
      vertex   7.152906e+00 -1.980000e+00 7.767568e+01
      vertex   2.692906e+00 -1.945926e+00 7.741686e+01
      vertex   -2.767094e+00 -1.945926e+00 7.741686e+01
    endloop
  endfacet
  facet normal 0.000000e+00 9.914449e-01 1.305262e-01
    outer loop
      vertex   7.152906e+00 -1.980000e+00 7.767568e+01
      vertex   -2.767094e+00 -1.945926e+00 7.741686e+01
      vertex   -8.227094e+00 -1.945926e+00 7.741686e+01
    endloop
  endfacet
  facet normal -0.000000e+00 9.238795e-01 3.826834e-01
    outer loop
      vertex   -8.227094e+00 -1.945926e+00 7.741686e+01
      vertex   -2.767094e+00 -1.945926e+00 7.741686e+01
      vertex   -8.227094e+00 -1.846025e+00 7.717568e+01
    endloop
  endfacet
  facet normal 0.000000e+00 9.238795e-01 3.826834e-01
    outer loop
      vertex   -8.227094e+00 -1.945926e+00 7.741686e+01
      vertex   -8.227094e+00 -1.846025e+00 7.717568e+01
      vertex   -1.368709e+01 -1.846025e+00 7.717568e+01
    endloop
  endfacet
  facet normal -0.000000e+00 7.933533e-01 6.087614e-01
    outer loop
      vertex   -1.368709e+01 -1.846025e+00 7.717568e+01
      vertex   -8.227094e+00 -1.846025e+00 7.717568e+01
      vertex   -1.368709e+01 -1.687107e+00 7.696857e+01
    endloop
  endfacet
  facet normal -8.041446e-04 4.717309e-01 8.817422e-01
    outer loop
      vertex   7.984375e+00 -1.535570e+00 7.684421e+01
      vertex   8.076785e+00 -1.362683e+00 7.675180e+01
      vertex   2.692906e+00 -1.480000e+00 7.680965e+01
    endloop
  endfacet
  facet normal 1.589027e-03 3.826829e-01 9.238784e-01
    outer loop
      vertex   2.692906e+00 -1.480000e+00 7.680965e+01
      vertex   8.076785e+00 -1.362683e+00 7.675180e+01
      vertex   2.692906e+00 -1.238819e+00 7.670975e+01
    endloop
  endfacet
  facet normal 0.000000e+00 3.826834e-01 9.238795e-01
    outer loop
      vertex   2.692906e+00 -1.480000e+00 7.680965e+01
      vertex   2.692906e+00 -1.238819e+00 7.670975e+01
      vertex   -2.767094e+00 -1.238819e+00 7.670975e+01
    endloop
  endfacet
  facet normal -0.000000e+00 1.790169e-01 9.838460e-01
    outer loop
      vertex   -2.767094e+00 -1.238819e+00 7.670975e+01
      vertex   2.692906e+00 -1.238819e+00 7.670975e+01
      vertex   8.148090e+00 -1.078017e+00 7.668049e+01
    endloop
  endfacet
  facet normal 3.789295e-04 1.540622e-01 9.880611e-01
    outer loop
      vertex   -2.767094e+00 -1.238819e+00 7.670975e+01
      vertex   8.148090e+00 -1.078017e+00 7.668049e+01
      vertex   -1.914709e+01 -9.800000e-01 7.667568e+01
    endloop
  endfacet
  facet normal -0.000000e+00 4.906767e-02 9.987955e-01
    outer loop
      vertex   -1.914709e+01 -9.800000e-01 7.667568e+01
      vertex   8.148090e+00 -1.078017e+00 7.668049e+01
      vertex   8.152906e+00 -9.800000e-01 7.667568e+01
    endloop
  endfacet
  facet normal -7.893754e-04 2.905039e-01 9.568735e-01
    outer loop
      vertex   8.076785e+00 -1.362683e+00 7.675180e+01
      vertex   8.133691e+00 -1.175090e+00 7.669489e+01
      vertex   2.692906e+00 -1.238819e+00 7.670975e+01
    endloop
  endfacet
  facet normal 9.846183e-04 1.465875e-01 9.891972e-01
    outer loop
      vertex   2.692906e+00 -1.238819e+00 7.670975e+01
      vertex   8.133691e+00 -1.175090e+00 7.669489e+01
      vertex   8.148090e+00 -1.078017e+00 7.668049e+01
    endloop
  endfacet
  facet normal 9.072152e-04 9.571916e-01 2.894537e-01
    outer loop
      vertex   -1.852978e+01 -1.903880e+00 7.729300e+01
      vertex   -1.834218e+01 -1.960785e+00 7.748059e+01
      vertex   -1.368709e+01 -1.945926e+00 7.741686e+01
    endloop
  endfacet
  facet normal -0.000000e+00 9.238795e-01 3.826834e-01
    outer loop
      vertex   -2.767094e+00 -1.945926e+00 7.741686e+01
      vertex   2.692906e+00 -1.945926e+00 7.741686e+01
      vertex   -2.767094e+00 -1.846025e+00 7.717568e+01
    endloop
  endfacet
  facet normal -0.000000e+00 9.238795e-01 3.826834e-01
    outer loop
      vertex   -2.767094e+00 -1.846025e+00 7.717568e+01
      vertex   2.692906e+00 -1.945926e+00 7.741686e+01
      vertex   2.692906e+00 -1.846025e+00 7.717568e+01
    endloop
  endfacet
  facet normal -0.000000e+00 7.933533e-01 6.087614e-01
    outer loop
      vertex   -2.767094e+00 -1.846025e+00 7.717568e+01
      vertex   2.692906e+00 -1.846025e+00 7.717568e+01
      vertex   -2.767094e+00 -1.687107e+00 7.696857e+01
    endloop
  endfacet
  facet normal -0.000000e+00 7.933533e-01 6.087614e-01
    outer loop
      vertex   -2.767094e+00 -1.687107e+00 7.696857e+01
      vertex   2.692906e+00 -1.846025e+00 7.717568e+01
      vertex   2.692906e+00 -1.687107e+00 7.696857e+01
    endloop
  endfacet
  facet normal -0.000000e+00 6.087614e-01 7.933533e-01
    outer loop
      vertex   -2.767094e+00 -1.687107e+00 7.696857e+01
      vertex   2.692906e+00 -1.687107e+00 7.696857e+01
      vertex   -2.767094e+00 -1.480000e+00 7.680965e+01
    endloop
  endfacet
  facet normal 0.000000e+00 9.238795e-01 3.826834e-01
    outer loop
      vertex   -2.767094e+00 -1.945926e+00 7.741686e+01
      vertex   -2.767094e+00 -1.846025e+00 7.717568e+01
      vertex   -8.227094e+00 -1.846025e+00 7.717568e+01
    endloop
  endfacet
  facet normal -0.000000e+00 7.933533e-01 6.087614e-01
    outer loop
      vertex   -8.227094e+00 -1.846025e+00 7.717568e+01
      vertex   -2.767094e+00 -1.846025e+00 7.717568e+01
      vertex   -8.227094e+00 -1.687107e+00 7.696857e+01
    endloop
  endfacet
  facet normal -6.815504e-17 7.933533e-01 6.087614e-01
    outer loop
      vertex   -8.227094e+00 -1.846025e+00 7.717568e+01
      vertex   -8.227094e+00 -1.687107e+00 7.696857e+01
      vertex   -1.368709e+01 -1.687107e+00 7.696857e+01
    endloop
  endfacet
  facet normal -4.951362e-17 6.087614e-01 7.933533e-01
    outer loop
      vertex   -1.368709e+01 -1.687107e+00 7.696857e+01
      vertex   -8.227094e+00 -1.687107e+00 7.696857e+01
      vertex   -1.368709e+01 -1.480000e+00 7.680965e+01
    endloop
  endfacet
  facet normal -0.000000e+00 7.933533e-01 6.087614e-01
    outer loop
      vertex   -8.227094e+00 -1.687107e+00 7.696857e+01
      vertex   -2.767094e+00 -1.846025e+00 7.717568e+01
      vertex   -2.767094e+00 -1.687107e+00 7.696857e+01
    endloop
  endfacet
  facet normal -0.000000e+00 6.087614e-01 7.933533e-01
    outer loop
      vertex   -8.227094e+00 -1.687107e+00 7.696857e+01
      vertex   -2.767094e+00 -1.687107e+00 7.696857e+01
      vertex   -8.227094e+00 -1.480000e+00 7.680965e+01
    endloop
  endfacet
  facet normal -0.000000e+00 6.087614e-01 7.933533e-01
    outer loop
      vertex   -8.227094e+00 -1.480000e+00 7.680965e+01
      vertex   -2.767094e+00 -1.687107e+00 7.696857e+01
      vertex   -2.767094e+00 -1.480000e+00 7.680965e+01
    endloop
  endfacet
  facet normal -0.000000e+00 3.826834e-01 9.238795e-01
    outer loop
      vertex   -8.227094e+00 -1.480000e+00 7.680965e+01
      vertex   -2.767094e+00 -1.480000e+00 7.680965e+01
      vertex   -8.227094e+00 -1.238819e+00 7.670975e+01
    endloop
  endfacet
  facet normal 0.000000e+00 3.826834e-01 9.238795e-01
    outer loop
      vertex   -1.368709e+01 -1.238819e+00 7.670975e+01
      vertex   -1.368709e+01 -1.480000e+00 7.680965e+01
      vertex   -8.227094e+00 -1.480000e+00 7.680965e+01
    endloop
  endfacet
  facet normal 0.000000e+00 6.087614e-01 7.933533e-01
    outer loop
      vertex   -8.227094e+00 -1.480000e+00 7.680965e+01
      vertex   -1.368709e+01 -1.480000e+00 7.680965e+01
      vertex   -8.227094e+00 -1.687107e+00 7.696857e+01
    endloop
  endfacet
  facet normal -0.000000e+00 3.826834e-01 9.238795e-01
    outer loop
      vertex   -1.368709e+01 -1.238819e+00 7.670975e+01
      vertex   -8.227094e+00 -1.480000e+00 7.680965e+01
      vertex   -8.227094e+00 -1.238819e+00 7.670975e+01
    endloop
  endfacet
  facet normal -9.987955e-01 4.906767e-02 0.000000e+00
    outer loop
      vertex   8.152906e+00 -9.800000e-01 8.962568e+01
      vertex   8.152906e+00 -9.800000e-01 7.667568e+01
      vertex   8.148090e+00 -1.078017e+00 8.963049e+01
    endloop
  endfacet
  facet normal -9.870577e-01 1.603630e-01 8.464318e-04
    outer loop
      vertex   8.148090e+00 -1.078017e+00 8.963049e+01
      vertex   8.152906e+00 -9.800000e-01 7.667568e+01
      vertex   8.118831e+00 -1.238819e+00 8.597568e+01
    endloop
  endfacet
  facet normal -9.891441e-01 1.469413e-01 1.453652e-03
    outer loop
      vertex   8.148090e+00 -1.078017e+00 8.963049e+01
      vertex   8.118831e+00 -1.238819e+00 8.597568e+01
      vertex   8.133691e+00 -1.175090e+00 8.964489e+01
    endloop
  endfacet
  facet normal -9.570374e-01 2.899621e-01 -1.160429e-03
    outer loop
      vertex   8.133691e+00 -1.175090e+00 8.964489e+01
      vertex   8.118831e+00 -1.238819e+00 8.597568e+01
      vertex   8.076785e+00 -1.362683e+00 8.970180e+01
    endloop
  endfacet
  facet normal -9.238771e-01 3.826824e-01 2.295985e-03
    outer loop
      vertex   8.076785e+00 -1.362683e+00 8.970180e+01
      vertex   8.118831e+00 -1.238819e+00 8.597568e+01
      vertex   8.018931e+00 -1.480000e+00 8.597568e+01
    endloop
  endfacet
  facet normal -8.821717e-01 4.709266e-01 -1.129921e-03
    outer loop
      vertex   8.076785e+00 -1.362683e+00 8.970180e+01
      vertex   8.018931e+00 -1.480000e+00 8.597568e+01
      vertex   7.984375e+00 -1.535570e+00 8.979421e+01
    endloop
  endfacet
  facet normal -7.933522e-01 6.087606e-01 1.679718e-03
    outer loop
      vertex   7.984375e+00 -1.535570e+00 8.979421e+01
      vertex   8.018931e+00 -1.480000e+00 8.597568e+01
      vertex   7.860012e+00 -1.687107e+00 8.597568e+01
    endloop
  endfacet
  facet normal -7.730105e-01 6.343933e-01 3.860217e-16
    outer loop
      vertex   7.984375e+00 -1.535570e+00 8.979421e+01
      vertex   7.860012e+00 -1.687107e+00 8.597568e+01
      vertex   7.860012e+00 -1.687107e+00 8.991857e+01
    endloop
  endfacet
  facet normal -6.343933e-01 7.730105e-01 4.040970e-16
    outer loop
      vertex   7.860012e+00 -1.687107e+00 8.991857e+01
      vertex   7.860012e+00 -1.687107e+00 8.597568e+01
      vertex   7.708476e+00 -1.811470e+00 9.007011e+01
    endloop
  endfacet
  facet normal -6.087607e-01 7.933524e-01 1.566532e-03
    outer loop
      vertex   7.708476e+00 -1.811470e+00 9.007011e+01
      vertex   7.860012e+00 -1.687107e+00 8.597568e+01
      vertex   7.652906e+00 -1.846025e+00 8.597568e+01
    endloop
  endfacet
  facet normal -4.721980e-01 8.814919e-01 -1.030790e-03
    outer loop
      vertex   7.708476e+00 -1.811470e+00 9.007011e+01
      vertex   7.652906e+00 -1.846025e+00 8.597568e+01
      vertex   7.535589e+00 -1.903880e+00 9.024300e+01
    endloop
  endfacet
  facet normal -3.826827e-01 9.238777e-01 2.004801e-03
    outer loop
      vertex   7.535589e+00 -1.903880e+00 9.024300e+01
      vertex   7.652906e+00 -1.846025e+00 8.597568e+01
      vertex   7.411725e+00 -1.945926e+00 8.597568e+01
    endloop
  endfacet
  facet normal -2.911767e-01 9.566688e-01 -9.743726e-04
    outer loop
      vertex   7.535589e+00 -1.903880e+00 9.024300e+01
      vertex   7.411725e+00 -1.945926e+00 8.597568e+01
      vertex   7.347996e+00 -1.960785e+00 9.043059e+01
    endloop
  endfacet
  facet normal -9.608997e-02 9.953708e-01 1.945488e-03
    outer loop
      vertex   7.347996e+00 -1.960785e+00 9.043059e+01
      vertex   7.411725e+00 -1.945926e+00 8.597568e+01
      vertex   7.152906e+00 -1.980000e+00 9.062568e+01
    endloop
  endfacet
  facet normal -1.305262e-01 9.914449e-01 0.000000e+00
    outer loop
      vertex   7.152906e+00 -1.980000e+00 9.062568e+01
      vertex   7.411725e+00 -1.945926e+00 8.597568e+01
      vertex   7.411725e+00 -1.945926e+00 8.132568e+01
    endloop
  endfacet
  facet normal -1.671579e-01 9.859296e-01 -1.039668e-03
    outer loop
      vertex   7.152906e+00 -1.980000e+00 9.062568e+01
      vertex   7.411725e+00 -1.945926e+00 8.132568e+01
      vertex   7.347996e+00 -1.960785e+00 7.748059e+01
    endloop
  endfacet
  facet normal -2.892814e-01 9.572435e-01 1.095271e-03
    outer loop
      vertex   7.347996e+00 -1.960785e+00 7.748059e+01
      vertex   7.411725e+00 -1.945926e+00 8.132568e+01
      vertex   7.535589e+00 -1.903880e+00 7.729300e+01
    endloop
  endfacet
  facet normal -3.826826e-01 9.238775e-01 -2.121446e-03
    outer loop
      vertex   7.535589e+00 -1.903880e+00 7.729300e+01
      vertex   7.411725e+00 -1.945926e+00 8.132568e+01
      vertex   7.652906e+00 -1.846025e+00 8.132568e+01
    endloop
  endfacet
  facet normal -4.705938e-01 8.823494e-01 1.031792e-03
    outer loop
      vertex   7.535589e+00 -1.903880e+00 7.729300e+01
      vertex   7.652906e+00 -1.846025e+00 8.132568e+01
      vertex   7.708476e+00 -1.811470e+00 7.712011e+01
    endloop
  endfacet
  facet normal -6.087607e-01 7.933524e-01 -1.525133e-03
    outer loop
      vertex   7.708476e+00 -1.811470e+00 7.712011e+01
      vertex   7.652906e+00 -1.846025e+00 8.132568e+01
      vertex   7.860012e+00 -1.687107e+00 8.132568e+01
    endloop
  endfacet
  facet normal -6.343933e-01 7.730105e-01 -3.655717e-16
    outer loop
      vertex   7.708476e+00 -1.811470e+00 7.712011e+01
      vertex   7.860012e+00 -1.687107e+00 8.132568e+01
      vertex   7.860012e+00 -1.687107e+00 7.696857e+01
    endloop
  endfacet
  facet normal -7.730105e-01 6.343933e-01 -3.515527e-16
    outer loop
      vertex   7.860012e+00 -1.687107e+00 7.696857e+01
      vertex   7.860012e+00 -1.687107e+00 8.132568e+01
      vertex   7.984375e+00 -1.535570e+00 7.684421e+01
    endloop
  endfacet
  facet normal -7.933525e-01 6.087608e-01 -1.431239e-03
    outer loop
      vertex   7.984375e+00 -1.535570e+00 7.684421e+01
      vertex   7.860012e+00 -1.687107e+00 8.132568e+01
      vertex   8.018931e+00 -1.480000e+00 8.132568e+01
    endloop
  endfacet
  facet normal -8.817100e-01 4.717908e-01 9.484974e-04
    outer loop
      vertex   7.984375e+00 -1.535570e+00 7.684421e+01
      vertex   8.018931e+00 -1.480000e+00 8.132568e+01
      vertex   8.076785e+00 -1.362683e+00 7.675180e+01
    endloop
  endfacet
  facet normal -9.238779e-01 3.826828e-01 -1.870430e-03
    outer loop
      vertex   8.076785e+00 -1.362683e+00 7.675180e+01
      vertex   8.018931e+00 -1.480000e+00 8.132568e+01
      vertex   8.118831e+00 -1.238819e+00 8.132568e+01
    endloop
  endfacet
  facet normal -9.568617e-01 2.905423e-01 9.280174e-04
    outer loop
      vertex   8.076785e+00 -1.362683e+00 7.675180e+01
      vertex   8.118831e+00 -1.238819e+00 8.132568e+01
      vertex   8.133691e+00 -1.175090e+00 7.669489e+01
    endloop
  endfacet
  facet normal -9.892007e-01 1.465624e-01 -1.157201e-03
    outer loop
      vertex   8.133691e+00 -1.175090e+00 7.669489e+01
      vertex   8.118831e+00 -1.238819e+00 8.132568e+01
      vertex   8.148090e+00 -1.078017e+00 7.668049e+01
    endloop
  endfacet
  facet normal -9.987959e-01 4.884169e-02 -4.600427e-03
    outer loop
      vertex   8.148090e+00 -1.078017e+00 7.668049e+01
      vertex   8.118831e+00 -1.238819e+00 8.132568e+01
      vertex   8.152906e+00 -9.800000e-01 7.667568e+01
    endloop
  endfacet
  facet normal -9.914449e-01 1.305262e-01 0.000000e+00
    outer loop
      vertex   8.152906e+00 -9.800000e-01 7.667568e+01
      vertex   8.118831e+00 -1.238819e+00 8.132568e+01
      vertex   8.118831e+00 -1.238819e+00 8.597568e+01
    endloop
  endfacet
  facet normal -9.801714e-02 9.951847e-01 -6.833268e-18
    outer loop
      vertex   7.347996e+00 -1.960785e+00 7.748059e+01
      vertex   7.152906e+00 -1.980000e+00 7.767568e+01
      vertex   7.152906e+00 -1.980000e+00 9.062568e+01
    endloop
  endfacet
  facet normal -9.238795e-01 3.826834e-01 0.000000e+00
    outer loop
      vertex   8.018931e+00 -1.480000e+00 8.597568e+01
      vertex   8.118831e+00 -1.238819e+00 8.597568e+01
      vertex   8.118831e+00 -1.238819e+00 8.132568e+01
    endloop
  endfacet
  facet normal -7.933533e-01 6.087614e-01 0.000000e+00
    outer loop
      vertex   7.860012e+00 -1.687107e+00 8.597568e+01
      vertex   8.018931e+00 -1.480000e+00 8.597568e+01
      vertex   8.018931e+00 -1.480000e+00 8.132568e+01
    endloop
  endfacet
  facet normal -9.238795e-01 3.826834e-01 0.000000e+00
    outer loop
      vertex   8.018931e+00 -1.480000e+00 8.132568e+01
      vertex   8.018931e+00 -1.480000e+00 8.597568e+01
      vertex   8.118831e+00 -1.238819e+00 8.132568e+01
    endloop
  endfacet
  facet normal -6.087614e-01 7.933533e-01 8.002721e-17
    outer loop
      vertex   7.652906e+00 -1.846025e+00 8.597568e+01
      vertex   7.860012e+00 -1.687107e+00 8.597568e+01
      vertex   7.860012e+00 -1.687107e+00 8.132568e+01
    endloop
  endfacet
  facet normal -7.933533e-01 6.087614e-01 1.224660e-16
    outer loop
      vertex   7.860012e+00 -1.687107e+00 8.132568e+01
      vertex   7.860012e+00 -1.687107e+00 8.597568e+01
      vertex   8.018931e+00 -1.480000e+00 8.132568e+01
    endloop
  endfacet
  facet normal -3.826834e-01 9.238795e-01 0.000000e+00
    outer loop
      vertex   7.411725e+00 -1.945926e+00 8.597568e+01
      vertex   7.652906e+00 -1.846025e+00 8.597568e+01
      vertex   7.652906e+00 -1.846025e+00 8.132568e+01
    endloop
  endfacet
  facet normal -6.087614e-01 7.933533e-01 0.000000e+00
    outer loop
      vertex   7.652906e+00 -1.846025e+00 8.132568e+01
      vertex   7.652906e+00 -1.846025e+00 8.597568e+01
      vertex   7.860012e+00 -1.687107e+00 8.132568e+01
    endloop
  endfacet
  facet normal -3.826834e-01 9.238795e-01 0.000000e+00
    outer loop
      vertex   7.411725e+00 -1.945926e+00 8.132568e+01
      vertex   7.411725e+00 -1.945926e+00 8.597568e+01
      vertex   7.652906e+00 -1.846025e+00 8.132568e+01
    endloop
  endfacet
  facet normal 9.987955e-01 4.906767e-02 1.644062e-15
    outer loop
      vertex   3.715291e+01 -9.800000e-01 8.962568e+01
      vertex   3.715772e+01 -1.078017e+00 8.963049e+01
      vertex   3.715291e+01 -9.800000e-01 6.372568e+01
    endloop
  endfacet
  facet normal 9.987955e-01 4.906767e-02 2.747336e-16
    outer loop
      vertex   3.715291e+01 -9.800000e-01 6.372568e+01
      vertex   3.715772e+01 -1.078017e+00 8.963049e+01
      vertex   3.715772e+01 -1.078017e+00 6.372086e+01
    endloop
  endfacet
  facet normal 9.891765e-01 1.467305e-01 2.737856e-16
    outer loop
      vertex   3.715772e+01 -1.078017e+00 6.372086e+01
      vertex   3.715772e+01 -1.078017e+00 8.963049e+01
      vertex   3.717212e+01 -1.175090e+00 6.370646e+01
    endloop
  endfacet
  facet normal 9.803123e-01 1.974530e-01 -1.948555e-04
    outer loop
      vertex   3.717212e+01 -1.175090e+00 6.370646e+01
      vertex   3.715772e+01 -1.078017e+00 8.963049e+01
      vertex   3.718698e+01 -1.238819e+00 7.388568e+01
    endloop
  endfacet
  facet normal 9.738770e-01 2.270763e-01 0.000000e+00
    outer loop
      vertex   3.717212e+01 -1.175090e+00 6.370646e+01
      vertex   3.718698e+01 -1.238819e+00 7.388568e+01
      vertex   3.718698e+01 -1.238819e+00 6.830568e+01
    endloop
  endfacet
  facet normal 9.238795e-01 3.826834e-01 -0.000000e+00
    outer loop
      vertex   3.718698e+01 -1.238819e+00 6.830568e+01
      vertex   3.718698e+01 -1.238819e+00 7.388568e+01
      vertex   3.728688e+01 -1.480000e+00 6.830568e+01
    endloop
  endfacet
  facet normal 9.238780e-01 3.826828e-01 -1.837393e-03
    outer loop
      vertex   3.718698e+01 -1.238819e+00 6.830568e+01
      vertex   3.728688e+01 -1.480000e+00 6.830568e+01
      vertex   3.722903e+01 -1.362683e+00 6.364956e+01
    endloop
  endfacet
  facet normal 8.821224e-01 4.710194e-01 9.071823e-04
    outer loop
      vertex   3.722903e+01 -1.362683e+00 6.364956e+01
      vertex   3.728688e+01 -1.480000e+00 6.830568e+01
      vertex   3.732144e+01 -1.535570e+00 6.355715e+01
    endloop
  endfacet
  facet normal 7.933526e-01 6.087609e-01 -1.350745e-03
    outer loop
      vertex   3.732144e+01 -1.535570e+00 6.355715e+01
      vertex   3.728688e+01 -1.480000e+00 6.830568e+01
      vertex   3.744580e+01 -1.687107e+00 6.830568e+01
    endloop
  endfacet
  facet normal 7.730105e-01 6.343933e-01 -2.542374e-17
    outer loop
      vertex   3.732144e+01 -1.535570e+00 6.355715e+01
      vertex   3.744580e+01 -1.687107e+00 6.830568e+01
      vertex   3.744580e+01 -1.687107e+00 6.343279e+01
    endloop
  endfacet
  facet normal 6.343933e-01 7.730105e-01 -3.522400e-17
    outer loop
      vertex   3.744580e+01 -1.687107e+00 6.343279e+01
      vertex   3.744580e+01 -1.687107e+00 6.830568e+01
      vertex   3.759734e+01 -1.811470e+00 6.328125e+01
    endloop
  endfacet
  facet normal 6.087609e-01 7.933527e-01 -1.276574e-03
    outer loop
      vertex   3.759734e+01 -1.811470e+00 6.328125e+01
      vertex   3.744580e+01 -1.687107e+00 6.830568e+01
      vertex   3.765291e+01 -1.846025e+00 6.830568e+01
    endloop
  endfacet
  facet normal 4.720515e-01 8.815706e-01 8.421573e-04
    outer loop
      vertex   3.759734e+01 -1.811470e+00 6.328125e+01
      vertex   3.765291e+01 -1.846025e+00 6.830568e+01
      vertex   3.777022e+01 -1.903880e+00 6.310836e+01
    endloop
  endfacet
  facet normal 3.826829e-01 9.238783e-01 -1.646066e-03
    outer loop
      vertex   3.777022e+01 -1.903880e+00 6.310836e+01
      vertex   3.765291e+01 -1.846025e+00 6.830568e+01
      vertex   3.789409e+01 -1.945926e+00 6.830568e+01
    endloop
  endfacet
  facet normal 2.910209e-01 9.567164e-01 8.041183e-04
    outer loop
      vertex   3.777022e+01 -1.903880e+00 6.310836e+01
      vertex   3.789409e+01 -1.945926e+00 6.830568e+01
      vertex   3.795782e+01 -1.960785e+00 6.292077e+01
    endloop
  endfacet
  facet normal 9.642690e-02 9.953388e-01 -1.605417e-03
    outer loop
      vertex   3.795782e+01 -1.960785e+00 6.292077e+01
      vertex   3.789409e+01 -1.945926e+00 6.830568e+01
      vertex   3.815291e+01 -1.980000e+00 6.272568e+01
    endloop
  endfacet
  facet normal 1.305262e-01 9.914449e-01 0.000000e+00
    outer loop
      vertex   3.815291e+01 -1.980000e+00 6.272568e+01
      vertex   3.789409e+01 -1.945926e+00 6.830568e+01
      vertex   3.789409e+01 -1.945926e+00 7.388568e+01
    endloop
  endfacet
  facet normal 1.305262e-01 9.914449e-01 0.000000e+00
    outer loop
      vertex   3.815291e+01 -1.980000e+00 6.272568e+01
      vertex   3.789409e+01 -1.945926e+00 7.388568e+01
      vertex   3.789409e+01 -1.945926e+00 7.946568e+01
    endloop
  endfacet
  facet normal 3.826834e-01 9.238795e-01 0.000000e+00
    outer loop
      vertex   3.789409e+01 -1.945926e+00 7.946568e+01
      vertex   3.789409e+01 -1.945926e+00 7.388568e+01
      vertex   3.765291e+01 -1.846025e+00 7.946568e+01
    endloop
  endfacet
  facet normal 3.826834e-01 9.238795e-01 0.000000e+00
    outer loop
      vertex   3.789409e+01 -1.945926e+00 7.946568e+01
      vertex   3.765291e+01 -1.846025e+00 7.946568e+01
      vertex   3.765291e+01 -1.846025e+00 8.504568e+01
    endloop
  endfacet
  facet normal 6.087614e-01 7.933533e-01 0.000000e+00
    outer loop
      vertex   3.765291e+01 -1.846025e+00 8.504568e+01
      vertex   3.765291e+01 -1.846025e+00 7.946568e+01
      vertex   3.744580e+01 -1.687107e+00 8.504568e+01
    endloop
  endfacet
  facet normal 6.087609e-01 7.933527e-01 1.276574e-03
    outer loop
      vertex   3.765291e+01 -1.846025e+00 8.504568e+01
      vertex   3.744580e+01 -1.687107e+00 8.504568e+01
      vertex   3.759734e+01 -1.811470e+00 9.007011e+01
    endloop
  endfacet
  facet normal 6.343933e-01 7.730105e-01 2.796611e-16
    outer loop
      vertex   3.759734e+01 -1.811470e+00 9.007011e+01
      vertex   3.744580e+01 -1.687107e+00 8.504568e+01
      vertex   3.744580e+01 -1.687107e+00 8.991857e+01
    endloop
  endfacet
  facet normal 7.730105e-01 6.343933e-01 2.312607e-16
    outer loop
      vertex   3.744580e+01 -1.687107e+00 8.991857e+01
      vertex   3.744580e+01 -1.687107e+00 8.504568e+01
      vertex   3.732144e+01 -1.535570e+00 8.979421e+01
    endloop
  endfacet
  facet normal 7.933526e-01 6.087609e-01 1.350745e-03
    outer loop
      vertex   3.732144e+01 -1.535570e+00 8.979421e+01
      vertex   3.744580e+01 -1.687107e+00 8.504568e+01
      vertex   3.728688e+01 -1.480000e+00 8.504568e+01
    endloop
  endfacet
  facet normal 8.821224e-01 4.710194e-01 -9.071823e-04
    outer loop
      vertex   3.732144e+01 -1.535570e+00 8.979421e+01
      vertex   3.728688e+01 -1.480000e+00 8.504568e+01
      vertex   3.722903e+01 -1.362683e+00 8.970180e+01
    endloop
  endfacet
  facet normal 9.238780e-01 3.826828e-01 1.837393e-03
    outer loop
      vertex   3.722903e+01 -1.362683e+00 8.970180e+01
      vertex   3.728688e+01 -1.480000e+00 8.504568e+01
      vertex   3.718698e+01 -1.238819e+00 8.504568e+01
    endloop
  endfacet
  facet normal 9.570180e-01 2.900271e-01 -9.267435e-04
    outer loop
      vertex   3.722903e+01 -1.362683e+00 8.970180e+01
      vertex   3.718698e+01 -1.238819e+00 8.504568e+01
      vertex   3.717212e+01 -1.175090e+00 8.964489e+01
    endloop
  endfacet
  facet normal 9.891508e-01 1.468988e-01 1.160322e-03
    outer loop
      vertex   3.717212e+01 -1.175090e+00 8.964489e+01
      vertex   3.718698e+01 -1.238819e+00 8.504568e+01
      vertex   3.715772e+01 -1.078017e+00 8.963049e+01
    endloop
  endfacet
  facet normal 9.838460e-01 1.790169e-01 0.000000e+00
    outer loop
      vertex   3.715772e+01 -1.078017e+00 8.963049e+01
      vertex   3.718698e+01 -1.238819e+00 8.504568e+01
      vertex   3.718698e+01 -1.238819e+00 7.946568e+01
    endloop
  endfacet
  facet normal 9.838460e-01 1.790169e-01 0.000000e+00
    outer loop
      vertex   3.715772e+01 -1.078017e+00 8.963049e+01
      vertex   3.718698e+01 -1.238819e+00 7.946568e+01
      vertex   3.718698e+01 -1.238819e+00 7.388568e+01
    endloop
  endfacet
  facet normal 9.238795e-01 3.826834e-01 -0.000000e+00
    outer loop
      vertex   3.718698e+01 -1.238819e+00 7.388568e+01
      vertex   3.718698e+01 -1.238819e+00 7.946568e+01
      vertex   3.728688e+01 -1.480000e+00 7.388568e+01
    endloop
  endfacet
  facet normal 9.238795e-01 3.826834e-01 0.000000e+00
    outer loop
      vertex   3.718698e+01 -1.238819e+00 7.388568e+01
      vertex   3.728688e+01 -1.480000e+00 7.388568e+01
      vertex   3.728688e+01 -1.480000e+00 6.830568e+01
    endloop
  endfacet
  facet normal 7.933533e-01 6.087614e-01 -0.000000e+00
    outer loop
      vertex   3.728688e+01 -1.480000e+00 6.830568e+01
      vertex   3.728688e+01 -1.480000e+00 7.388568e+01
      vertex   3.744580e+01 -1.687107e+00 6.830568e+01
    endloop
  endfacet
  facet normal 4.720515e-01 8.815706e-01 -8.421573e-04
    outer loop
      vertex   3.759734e+01 -1.811470e+00 9.007011e+01
      vertex   3.777022e+01 -1.903880e+00 9.024300e+01
      vertex   3.765291e+01 -1.846025e+00 8.504568e+01
    endloop
  endfacet
  facet normal 3.826829e-01 9.238783e-01 1.646066e-03
    outer loop
      vertex   3.765291e+01 -1.846025e+00 8.504568e+01
      vertex   3.777022e+01 -1.903880e+00 9.024300e+01
      vertex   3.789409e+01 -1.945926e+00 8.504568e+01
    endloop
  endfacet
  facet normal 3.826834e-01 9.238795e-01 0.000000e+00
    outer loop
      vertex   3.765291e+01 -1.846025e+00 8.504568e+01
      vertex   3.789409e+01 -1.945926e+00 8.504568e+01
      vertex   3.789409e+01 -1.945926e+00 7.946568e+01
    endloop
  endfacet
  facet normal 2.270763e-01 9.738770e-01 -0.000000e+00
    outer loop
      vertex   3.789409e+01 -1.945926e+00 7.946568e+01
      vertex   3.789409e+01 -1.945926e+00 8.504568e+01
      vertex   3.795782e+01 -1.960785e+00 9.043059e+01
    endloop
  endfacet
  facet normal 1.574006e-01 9.875347e-01 4.234678e-04
    outer loop
      vertex   3.789409e+01 -1.945926e+00 7.946568e+01
      vertex   3.795782e+01 -1.960785e+00 9.043059e+01
      vertex   3.815291e+01 -1.980000e+00 6.272568e+01
    endloop
  endfacet
  facet normal 9.801714e-02 9.951847e-01 -2.496250e-17
    outer loop
      vertex   3.815291e+01 -1.980000e+00 6.272568e+01
      vertex   3.795782e+01 -1.960785e+00 9.043059e+01
      vertex   3.815291e+01 -1.980000e+00 9.062568e+01
    endloop
  endfacet
  facet normal 2.910209e-01 9.567164e-01 -8.041183e-04
    outer loop
      vertex   3.777022e+01 -1.903880e+00 9.024300e+01
      vertex   3.795782e+01 -1.960785e+00 9.043059e+01
      vertex   3.789409e+01 -1.945926e+00 8.504568e+01
    endloop
  endfacet
  facet normal 9.570180e-01 2.900271e-01 9.267435e-04
    outer loop
      vertex   3.722903e+01 -1.362683e+00 6.364956e+01
      vertex   3.717212e+01 -1.175090e+00 6.370646e+01
      vertex   3.718698e+01 -1.238819e+00 6.830568e+01
    endloop
  endfacet
  facet normal 9.238795e-01 3.826834e-01 -0.000000e+00
    outer loop
      vertex   3.718698e+01 -1.238819e+00 7.946568e+01
      vertex   3.718698e+01 -1.238819e+00 8.504568e+01
      vertex   3.728688e+01 -1.480000e+00 7.946568e+01
    endloop
  endfacet
  facet normal 9.238795e-01 3.826834e-01 -0.000000e+00
    outer loop
      vertex   3.728688e+01 -1.480000e+00 7.946568e+01
      vertex   3.718698e+01 -1.238819e+00 8.504568e+01
      vertex   3.728688e+01 -1.480000e+00 8.504568e+01
    endloop
  endfacet
  facet normal 7.933533e-01 6.087614e-01 -0.000000e+00
    outer loop
      vertex   3.728688e+01 -1.480000e+00 7.946568e+01
      vertex   3.728688e+01 -1.480000e+00 8.504568e+01
      vertex   3.744580e+01 -1.687107e+00 7.946568e+01
    endloop
  endfacet
  facet normal 7.933533e-01 6.087614e-01 4.844881e-17
    outer loop
      vertex   3.744580e+01 -1.687107e+00 7.946568e+01
      vertex   3.728688e+01 -1.480000e+00 8.504568e+01
      vertex   3.744580e+01 -1.687107e+00 8.504568e+01
    endloop
  endfacet
  facet normal 6.087614e-01 7.933533e-01 6.313972e-17
    outer loop
      vertex   3.744580e+01 -1.687107e+00 7.946568e+01
      vertex   3.744580e+01 -1.687107e+00 8.504568e+01
      vertex   3.765291e+01 -1.846025e+00 7.946568e+01
    endloop
  endfacet
  facet normal 9.238795e-01 3.826834e-01 0.000000e+00
    outer loop
      vertex   3.718698e+01 -1.238819e+00 7.946568e+01
      vertex   3.728688e+01 -1.480000e+00 7.946568e+01
      vertex   3.728688e+01 -1.480000e+00 7.388568e+01
    endloop
  endfacet
  facet normal 7.933533e-01 6.087614e-01 -0.000000e+00
    outer loop
      vertex   3.728688e+01 -1.480000e+00 7.388568e+01
      vertex   3.728688e+01 -1.480000e+00 7.946568e+01
      vertex   3.744580e+01 -1.687107e+00 7.388568e+01
    endloop
  endfacet
  facet normal 7.933533e-01 6.087614e-01 2.858115e-17
    outer loop
      vertex   3.728688e+01 -1.480000e+00 7.388568e+01
      vertex   3.744580e+01 -1.687107e+00 7.388568e+01
      vertex   3.744580e+01 -1.687107e+00 6.830568e+01
    endloop
  endfacet
  facet normal 6.087614e-01 7.933533e-01 3.156986e-17
    outer loop
      vertex   3.744580e+01 -1.687107e+00 6.830568e+01
      vertex   3.744580e+01 -1.687107e+00 7.388568e+01
      vertex   3.765291e+01 -1.846025e+00 6.830568e+01
    endloop
  endfacet
  facet normal 7.933533e-01 6.087614e-01 -0.000000e+00
    outer loop
      vertex   3.744580e+01 -1.687107e+00 7.388568e+01
      vertex   3.728688e+01 -1.480000e+00 7.946568e+01
      vertex   3.744580e+01 -1.687107e+00 7.946568e+01
    endloop
  endfacet
  facet normal 6.087614e-01 7.933533e-01 -0.000000e+00
    outer loop
      vertex   3.744580e+01 -1.687107e+00 7.388568e+01
      vertex   3.744580e+01 -1.687107e+00 7.946568e+01
      vertex   3.765291e+01 -1.846025e+00 7.388568e+01
    endloop
  endfacet
  facet normal 6.087614e-01 7.933533e-01 -0.000000e+00
    outer loop
      vertex   3.765291e+01 -1.846025e+00 7.388568e+01
      vertex   3.744580e+01 -1.687107e+00 7.946568e+01
      vertex   3.765291e+01 -1.846025e+00 7.946568e+01
    endloop
  endfacet
  facet normal 3.826834e-01 9.238795e-01 -0.000000e+00
    outer loop
      vertex   3.765291e+01 -1.846025e+00 7.388568e+01
      vertex   3.765291e+01 -1.846025e+00 7.946568e+01
      vertex   3.789409e+01 -1.945926e+00 7.388568e+01
    endloop
  endfacet
  facet normal 3.826834e-01 9.238795e-01 0.000000e+00
    outer loop
      vertex   3.789409e+01 -1.945926e+00 6.830568e+01
      vertex   3.765291e+01 -1.846025e+00 6.830568e+01
      vertex   3.765291e+01 -1.846025e+00 7.388568e+01
    endloop
  endfacet
  facet normal 6.087614e-01 7.933533e-01 0.000000e+00
    outer loop
      vertex   3.765291e+01 -1.846025e+00 7.388568e+01
      vertex   3.765291e+01 -1.846025e+00 6.830568e+01
      vertex   3.744580e+01 -1.687107e+00 7.388568e+01
    endloop
  endfacet
  facet normal 3.826834e-01 9.238795e-01 -0.000000e+00
    outer loop
      vertex   3.789409e+01 -1.945926e+00 6.830568e+01
      vertex   3.765291e+01 -1.846025e+00 7.388568e+01
      vertex   3.789409e+01 -1.945926e+00 7.388568e+01
    endloop
  endfacet
  facet normal -9.801714e-02 9.951847e-01 0.000000e+00
    outer loop
      vertex   -3.484709e+01 -1.980000e+00 6.272568e+01
      vertex   -3.484709e+01 -1.980000e+00 9.062568e+01
      vertex   -3.465200e+01 -1.960785e+00 6.292077e+01
    endloop
  endfacet
  facet normal -1.574006e-01 9.875347e-01 -4.234678e-04
    outer loop
      vertex   -3.465200e+01 -1.960785e+00 6.292077e+01
      vertex   -3.484709e+01 -1.980000e+00 9.062568e+01
      vertex   -3.458828e+01 -1.945926e+00 7.388568e+01
    endloop
  endfacet
  facet normal -2.270763e-01 9.738770e-01 0.000000e+00
    outer loop
      vertex   -3.465200e+01 -1.960785e+00 6.292077e+01
      vertex   -3.458828e+01 -1.945926e+00 7.388568e+01
      vertex   -3.458828e+01 -1.945926e+00 6.830568e+01
    endloop
  endfacet
  facet normal -3.826834e-01 9.238795e-01 0.000000e+00
    outer loop
      vertex   -3.458828e+01 -1.945926e+00 6.830568e+01
      vertex   -3.458828e+01 -1.945926e+00 7.388568e+01
      vertex   -3.434709e+01 -1.846025e+00 6.830568e+01
    endloop
  endfacet
  facet normal -3.826829e-01 9.238783e-01 -1.646066e-03
    outer loop
      vertex   -3.458828e+01 -1.945926e+00 6.830568e+01
      vertex   -3.434709e+01 -1.846025e+00 6.830568e+01
      vertex   -3.446441e+01 -1.903880e+00 6.310836e+01
    endloop
  endfacet
  facet normal -4.720515e-01 8.815706e-01 8.421573e-04
    outer loop
      vertex   -3.446441e+01 -1.903880e+00 6.310836e+01
      vertex   -3.434709e+01 -1.846025e+00 6.830568e+01
      vertex   -3.429152e+01 -1.811470e+00 6.328125e+01
    endloop
  endfacet
  facet normal -6.087609e-01 7.933527e-01 -1.276574e-03
    outer loop
      vertex   -3.429152e+01 -1.811470e+00 6.328125e+01
      vertex   -3.434709e+01 -1.846025e+00 6.830568e+01
      vertex   -3.413999e+01 -1.687107e+00 6.830568e+01
    endloop
  endfacet
  facet normal -6.343933e-01 7.730105e-01 -2.469734e-16
    outer loop
      vertex   -3.429152e+01 -1.811470e+00 6.328125e+01
      vertex   -3.413999e+01 -1.687107e+00 6.830568e+01
      vertex   -3.413999e+01 -1.687107e+00 6.343279e+01
    endloop
  endfacet
  facet normal -7.730105e-01 6.343933e-01 -2.023531e-16
    outer loop
      vertex   -3.413999e+01 -1.687107e+00 6.343279e+01
      vertex   -3.413999e+01 -1.687107e+00 6.830568e+01
      vertex   -3.401562e+01 -1.535570e+00 6.355715e+01
    endloop
  endfacet
  facet normal -7.933526e-01 6.087609e-01 -1.350745e-03
    outer loop
      vertex   -3.401562e+01 -1.535570e+00 6.355715e+01
      vertex   -3.413999e+01 -1.687107e+00 6.830568e+01
      vertex   -3.398107e+01 -1.480000e+00 6.830568e+01
    endloop
  endfacet
  facet normal -8.821224e-01 4.710194e-01 9.071823e-04
    outer loop
      vertex   -3.401562e+01 -1.535570e+00 6.355715e+01
      vertex   -3.398107e+01 -1.480000e+00 6.830568e+01
      vertex   -3.392321e+01 -1.362683e+00 6.364956e+01
    endloop
  endfacet
  facet normal -9.238780e-01 3.826828e-01 -1.837393e-03
    outer loop
      vertex   -3.392321e+01 -1.362683e+00 6.364956e+01
      vertex   -3.398107e+01 -1.480000e+00 6.830568e+01
      vertex   -3.388117e+01 -1.238819e+00 6.830568e+01
    endloop
  endfacet
  facet normal -9.570180e-01 2.900271e-01 9.267435e-04
    outer loop
      vertex   -3.392321e+01 -1.362683e+00 6.364956e+01
      vertex   -3.388117e+01 -1.238819e+00 6.830568e+01
      vertex   -3.386631e+01 -1.175090e+00 6.370646e+01
    endloop
  endfacet
  facet normal -9.891508e-01 1.468988e-01 -1.160322e-03
    outer loop
      vertex   -3.386631e+01 -1.175090e+00 6.370646e+01
      vertex   -3.388117e+01 -1.238819e+00 6.830568e+01
      vertex   -3.385191e+01 -1.078017e+00 6.372086e+01
    endloop
  endfacet
  facet normal -9.838460e-01 1.790169e-01 0.000000e+00
    outer loop
      vertex   -3.385191e+01 -1.078017e+00 6.372086e+01
      vertex   -3.388117e+01 -1.238819e+00 6.830568e+01
      vertex   -3.388117e+01 -1.238819e+00 7.388568e+01
    endloop
  endfacet
  facet normal -9.838460e-01 1.790169e-01 0.000000e+00
    outer loop
      vertex   -3.385191e+01 -1.078017e+00 6.372086e+01
      vertex   -3.388117e+01 -1.238819e+00 7.388568e+01
      vertex   -3.388117e+01 -1.238819e+00 7.946568e+01
    endloop
  endfacet
  facet normal -9.238795e-01 3.826834e-01 0.000000e+00
    outer loop
      vertex   -3.388117e+01 -1.238819e+00 7.946568e+01
      vertex   -3.388117e+01 -1.238819e+00 7.388568e+01
      vertex   -3.398107e+01 -1.480000e+00 7.946568e+01
    endloop
  endfacet
  facet normal -9.238795e-01 3.826834e-01 0.000000e+00
    outer loop
      vertex   -3.388117e+01 -1.238819e+00 7.946568e+01
      vertex   -3.398107e+01 -1.480000e+00 7.946568e+01
      vertex   -3.398107e+01 -1.480000e+00 8.504568e+01
    endloop
  endfacet
  facet normal -7.933533e-01 6.087614e-01 0.000000e+00
    outer loop
      vertex   -3.398107e+01 -1.480000e+00 8.504568e+01
      vertex   -3.398107e+01 -1.480000e+00 7.946568e+01
      vertex   -3.413999e+01 -1.687107e+00 8.504568e+01
    endloop
  endfacet
  facet normal -7.933526e-01 6.087609e-01 1.350745e-03
    outer loop
      vertex   -3.398107e+01 -1.480000e+00 8.504568e+01
      vertex   -3.413999e+01 -1.687107e+00 8.504568e+01
      vertex   -3.401562e+01 -1.535570e+00 8.979421e+01
    endloop
  endfacet
  facet normal -7.730105e-01 6.343933e-01 1.997579e-16
    outer loop
      vertex   -3.401562e+01 -1.535570e+00 8.979421e+01
      vertex   -3.413999e+01 -1.687107e+00 8.504568e+01
      vertex   -3.413999e+01 -1.687107e+00 8.991857e+01
    endloop
  endfacet
  facet normal -6.343933e-01 7.730105e-01 2.465680e-16
    outer loop
      vertex   -3.413999e+01 -1.687107e+00 8.991857e+01
      vertex   -3.413999e+01 -1.687107e+00 8.504568e+01
      vertex   -3.429152e+01 -1.811470e+00 9.007011e+01
    endloop
  endfacet
  facet normal -6.087609e-01 7.933527e-01 1.276574e-03
    outer loop
      vertex   -3.429152e+01 -1.811470e+00 9.007011e+01
      vertex   -3.413999e+01 -1.687107e+00 8.504568e+01
      vertex   -3.434709e+01 -1.846025e+00 8.504568e+01
    endloop
  endfacet
  facet normal -4.720515e-01 8.815706e-01 -8.421573e-04
    outer loop
      vertex   -3.429152e+01 -1.811470e+00 9.007011e+01
      vertex   -3.434709e+01 -1.846025e+00 8.504568e+01
      vertex   -3.446441e+01 -1.903880e+00 9.024300e+01
    endloop
  endfacet
  facet normal -3.826829e-01 9.238783e-01 1.646066e-03
    outer loop
      vertex   -3.446441e+01 -1.903880e+00 9.024300e+01
      vertex   -3.434709e+01 -1.846025e+00 8.504568e+01
      vertex   -3.458828e+01 -1.945926e+00 8.504568e+01
    endloop
  endfacet
  facet normal -2.910209e-01 9.567164e-01 -8.041183e-04
    outer loop
      vertex   -3.446441e+01 -1.903880e+00 9.024300e+01
      vertex   -3.458828e+01 -1.945926e+00 8.504568e+01
      vertex   -3.465200e+01 -1.960785e+00 9.043059e+01
    endloop
  endfacet
  facet normal -9.642690e-02 9.953388e-01 1.605417e-03
    outer loop
      vertex   -3.465200e+01 -1.960785e+00 9.043059e+01
      vertex   -3.458828e+01 -1.945926e+00 8.504568e+01
      vertex   -3.484709e+01 -1.980000e+00 9.062568e+01
    endloop
  endfacet
  facet normal -1.305262e-01 9.914449e-01 0.000000e+00
    outer loop
      vertex   -3.484709e+01 -1.980000e+00 9.062568e+01
      vertex   -3.458828e+01 -1.945926e+00 8.504568e+01
      vertex   -3.458828e+01 -1.945926e+00 7.946568e+01
    endloop
  endfacet
  facet normal -1.305262e-01 9.914449e-01 0.000000e+00
    outer loop
      vertex   -3.484709e+01 -1.980000e+00 9.062568e+01
      vertex   -3.458828e+01 -1.945926e+00 7.946568e+01
      vertex   -3.458828e+01 -1.945926e+00 7.388568e+01
    endloop
  endfacet
  facet normal -3.826834e-01 9.238795e-01 0.000000e+00
    outer loop
      vertex   -3.458828e+01 -1.945926e+00 7.388568e+01
      vertex   -3.458828e+01 -1.945926e+00 7.946568e+01
      vertex   -3.434709e+01 -1.846025e+00 7.388568e+01
    endloop
  endfacet
  facet normal -3.826834e-01 9.238795e-01 0.000000e+00
    outer loop
      vertex   -3.458828e+01 -1.945926e+00 7.388568e+01
      vertex   -3.434709e+01 -1.846025e+00 7.388568e+01
      vertex   -3.434709e+01 -1.846025e+00 6.830568e+01
    endloop
  endfacet
  facet normal -6.087614e-01 7.933533e-01 0.000000e+00
    outer loop
      vertex   -3.434709e+01 -1.846025e+00 6.830568e+01
      vertex   -3.434709e+01 -1.846025e+00 7.388568e+01
      vertex   -3.413999e+01 -1.687107e+00 6.830568e+01
    endloop
  endfacet
  facet normal -8.821224e-01 4.710194e-01 -9.071823e-04
    outer loop
      vertex   -3.401562e+01 -1.535570e+00 8.979421e+01
      vertex   -3.392321e+01 -1.362683e+00 8.970180e+01
      vertex   -3.398107e+01 -1.480000e+00 8.504568e+01
    endloop
  endfacet
  facet normal -9.238780e-01 3.826828e-01 1.837393e-03
    outer loop
      vertex   -3.398107e+01 -1.480000e+00 8.504568e+01
      vertex   -3.392321e+01 -1.362683e+00 8.970180e+01
      vertex   -3.388117e+01 -1.238819e+00 8.504568e+01
    endloop
  endfacet
  facet normal -9.238795e-01 3.826834e-01 0.000000e+00
    outer loop
      vertex   -3.398107e+01 -1.480000e+00 8.504568e+01
      vertex   -3.388117e+01 -1.238819e+00 8.504568e+01
      vertex   -3.388117e+01 -1.238819e+00 7.946568e+01
    endloop
  endfacet
  facet normal -9.738770e-01 2.270763e-01 0.000000e+00
    outer loop
      vertex   -3.388117e+01 -1.238819e+00 7.946568e+01
      vertex   -3.388117e+01 -1.238819e+00 8.504568e+01
      vertex   -3.386631e+01 -1.175090e+00 8.964489e+01
    endloop
  endfacet
  facet normal -9.803123e-01 1.974530e-01 1.948555e-04
    outer loop
      vertex   -3.388117e+01 -1.238819e+00 7.946568e+01
      vertex   -3.386631e+01 -1.175090e+00 8.964489e+01
      vertex   -3.385191e+01 -1.078017e+00 6.372086e+01
    endloop
  endfacet
  facet normal -9.891765e-01 1.467305e-01 -1.257475e-18
    outer loop
      vertex   -3.385191e+01 -1.078017e+00 6.372086e+01
      vertex   -3.386631e+01 -1.175090e+00 8.964489e+01
      vertex   -3.385191e+01 -1.078017e+00 8.963049e+01
    endloop
  endfacet
  facet normal -9.987955e-01 4.906767e-02 -4.205082e-19
    outer loop
      vertex   -3.385191e+01 -1.078017e+00 6.372086e+01
      vertex   -3.385191e+01 -1.078017e+00 8.963049e+01
      vertex   -3.384709e+01 -9.800000e-01 8.962568e+01
    endloop
  endfacet
  facet normal -9.570180e-01 2.900271e-01 -9.267435e-04
    outer loop
      vertex   -3.392321e+01 -1.362683e+00 8.970180e+01
      vertex   -3.386631e+01 -1.175090e+00 8.964489e+01
      vertex   -3.388117e+01 -1.238819e+00 8.504568e+01
    endloop
  endfacet
  facet normal -9.987955e-01 4.906767e-02 0.000000e+00
    outer loop
      vertex   -3.384709e+01 -9.800000e-01 8.962568e+01
      vertex   -3.384709e+01 -9.800000e-01 6.372568e+01
      vertex   -3.385191e+01 -1.078017e+00 6.372086e+01
    endloop
  endfacet
  facet normal -2.910209e-01 9.567164e-01 8.041183e-04
    outer loop
      vertex   -3.446441e+01 -1.903880e+00 6.310836e+01
      vertex   -3.465200e+01 -1.960785e+00 6.292077e+01
      vertex   -3.458828e+01 -1.945926e+00 6.830568e+01
    endloop
  endfacet
  facet normal -3.826834e-01 9.238795e-01 0.000000e+00
    outer loop
      vertex   -3.458828e+01 -1.945926e+00 7.946568e+01
      vertex   -3.458828e+01 -1.945926e+00 8.504568e+01
      vertex   -3.434709e+01 -1.846025e+00 7.946568e+01
    endloop
  endfacet
  facet normal -3.826834e-01 9.238795e-01 0.000000e+00
    outer loop
      vertex   -3.434709e+01 -1.846025e+00 7.946568e+01
      vertex   -3.458828e+01 -1.945926e+00 8.504568e+01
      vertex   -3.434709e+01 -1.846025e+00 8.504568e+01
    endloop
  endfacet
  facet normal -6.087614e-01 7.933533e-01 0.000000e+00
    outer loop
      vertex   -3.434709e+01 -1.846025e+00 7.946568e+01
      vertex   -3.434709e+01 -1.846025e+00 8.504568e+01
      vertex   -3.413999e+01 -1.687107e+00 7.946568e+01
    endloop
  endfacet
  facet normal -6.087614e-01 7.933533e-01 0.000000e+00
    outer loop
      vertex   -3.413999e+01 -1.687107e+00 7.946568e+01
      vertex   -3.434709e+01 -1.846025e+00 8.504568e+01
      vertex   -3.413999e+01 -1.687107e+00 8.504568e+01
    endloop
  endfacet
  facet normal -7.933533e-01 6.087614e-01 0.000000e+00
    outer loop
      vertex   -3.413999e+01 -1.687107e+00 7.946568e+01
      vertex   -3.413999e+01 -1.687107e+00 8.504568e+01
      vertex   -3.398107e+01 -1.480000e+00 7.946568e+01
    endloop
  endfacet
  facet normal -3.826834e-01 9.238795e-01 0.000000e+00
    outer loop
      vertex   -3.458828e+01 -1.945926e+00 7.946568e+01
      vertex   -3.434709e+01 -1.846025e+00 7.946568e+01
      vertex   -3.434709e+01 -1.846025e+00 7.388568e+01
    endloop
  endfacet
  facet normal -6.087614e-01 7.933533e-01 0.000000e+00
    outer loop
      vertex   -3.434709e+01 -1.846025e+00 7.388568e+01
      vertex   -3.434709e+01 -1.846025e+00 7.946568e+01
      vertex   -3.413999e+01 -1.687107e+00 7.388568e+01
    endloop
  endfacet
  facet normal -6.087614e-01 7.933533e-01 0.000000e+00
    outer loop
      vertex   -3.434709e+01 -1.846025e+00 7.388568e+01
      vertex   -3.413999e+01 -1.687107e+00 7.388568e+01
      vertex   -3.413999e+01 -1.687107e+00 6.830568e+01
    endloop
  endfacet
  facet normal -7.933533e-01 6.087614e-01 0.000000e+00
    outer loop
      vertex   -3.413999e+01 -1.687107e+00 6.830568e+01
      vertex   -3.413999e+01 -1.687107e+00 7.388568e+01
      vertex   -3.398107e+01 -1.480000e+00 6.830568e+01
    endloop
  endfacet
  facet normal -6.087614e-01 7.933533e-01 0.000000e+00
    outer loop
      vertex   -3.413999e+01 -1.687107e+00 7.388568e+01
      vertex   -3.434709e+01 -1.846025e+00 7.946568e+01
      vertex   -3.413999e+01 -1.687107e+00 7.946568e+01
    endloop
  endfacet
  facet normal -7.933533e-01 6.087614e-01 0.000000e+00
    outer loop
      vertex   -3.413999e+01 -1.687107e+00 7.388568e+01
      vertex   -3.413999e+01 -1.687107e+00 7.946568e+01
      vertex   -3.398107e+01 -1.480000e+00 7.388568e+01
    endloop
  endfacet
  facet normal -7.933533e-01 6.087614e-01 0.000000e+00
    outer loop
      vertex   -3.398107e+01 -1.480000e+00 7.388568e+01
      vertex   -3.413999e+01 -1.687107e+00 7.946568e+01
      vertex   -3.398107e+01 -1.480000e+00 7.946568e+01
    endloop
  endfacet
  facet normal -9.238795e-01 3.826834e-01 0.000000e+00
    outer loop
      vertex   -3.398107e+01 -1.480000e+00 7.388568e+01
      vertex   -3.398107e+01 -1.480000e+00 7.946568e+01
      vertex   -3.388117e+01 -1.238819e+00 7.388568e+01
    endloop
  endfacet
  facet normal -9.238795e-01 3.826834e-01 0.000000e+00
    outer loop
      vertex   -3.388117e+01 -1.238819e+00 6.830568e+01
      vertex   -3.398107e+01 -1.480000e+00 6.830568e+01
      vertex   -3.398107e+01 -1.480000e+00 7.388568e+01
    endloop
  endfacet
  facet normal -7.933533e-01 6.087614e-01 0.000000e+00
    outer loop
      vertex   -3.398107e+01 -1.480000e+00 7.388568e+01
      vertex   -3.398107e+01 -1.480000e+00 6.830568e+01
      vertex   -3.413999e+01 -1.687107e+00 7.388568e+01
    endloop
  endfacet
  facet normal -9.238795e-01 3.826834e-01 0.000000e+00
    outer loop
      vertex   -3.388117e+01 -1.238819e+00 6.830568e+01
      vertex   -3.398107e+01 -1.480000e+00 7.388568e+01
      vertex   -3.388117e+01 -1.238819e+00 7.388568e+01
    endloop
  endfacet
  facet normal 0.000000e+00 0.000000e+00 -1.000000e+00
    outer loop
      vertex   8.152906e+00 1.960000e+01 8.812568e+01
      vertex   3.715291e+01 1.960000e+01 8.812568e+01
      vertex   8.152906e+00 2.200000e+00 8.812568e+01
    endloop
  endfacet
  facet normal 0.000000e+00 0.000000e+00 -1.000000e+00
    outer loop
      vertex   8.152906e+00 2.200000e+00 8.812568e+01
      vertex   3.715291e+01 1.960000e+01 8.812568e+01
      vertex   3.715291e+01 2.200000e+00 8.812568e+01
    endloop
  endfacet
  facet normal 0.000000e+00 0.000000e+00 -1.000000e+00
    outer loop
      vertex   -3.384709e+01 1.960000e+01 8.812568e+01
      vertex   -1.914709e+01 1.960000e+01 8.812568e+01
      vertex   -3.384709e+01 2.200000e+00 8.812568e+01
    endloop
  endfacet
  facet normal 0.000000e+00 0.000000e+00 -1.000000e+00
    outer loop
      vertex   -3.384709e+01 2.200000e+00 8.812568e+01
      vertex   -1.914709e+01 1.960000e+01 8.812568e+01
      vertex   -1.914709e+01 2.200000e+00 8.812568e+01
    endloop
  endfacet
  facet normal 0.000000e+00 0.000000e+00 -1.000000e+00
    outer loop
      vertex   -3.384709e+01 1.960000e+01 6.372568e+01
      vertex   3.715291e+01 1.960000e+01 6.372568e+01
      vertex   -3.384709e+01 -9.800000e-01 6.372568e+01
    endloop
  endfacet
  facet normal 0.000000e+00 0.000000e+00 -1.000000e+00
    outer loop
      vertex   -3.384709e+01 -9.800000e-01 6.372568e+01
      vertex   3.715291e+01 1.960000e+01 6.372568e+01
      vertex   3.715291e+01 -9.800000e-01 6.372568e+01
    endloop
  endfacet
  facet normal 1.000000e+00 0.000000e+00 -0.000000e+00
    outer loop
      vertex   3.715291e+01 1.960000e+01 8.812568e+01
      vertex   3.715291e+01 1.960000e+01 8.962568e+01
      vertex   3.715291e+01 2.200000e+00 8.812568e+01
    endloop
  endfacet
  facet normal 1.000000e+00 0.000000e+00 -0.000000e+00
    outer loop
      vertex   3.715291e+01 2.200000e+00 8.812568e+01
      vertex   3.715291e+01 1.960000e+01 8.962568e+01
      vertex   3.715291e+01 -9.800000e-01 8.962568e+01
    endloop
  endfacet
  facet normal 1.000000e+00 7.764363e-16 1.646045e-15
    outer loop
      vertex   3.715291e+01 2.200000e+00 8.812568e+01
      vertex   3.715291e+01 -9.800000e-01 8.962568e+01
      vertex   3.715291e+01 -9.800000e-01 6.372568e+01
    endloop
  endfacet
  facet normal 1.000000e+00 1.340647e-14 2.599855e-30
    outer loop
      vertex   3.715291e+01 2.200000e+00 8.812568e+01
      vertex   3.715291e+01 -9.800000e-01 6.372568e+01
      vertex   3.715291e+01 2.200000e+00 6.522568e+01
    endloop
  endfacet
  facet normal 1.000000e+00 0.000000e+00 2.842171e-14
    outer loop
      vertex   3.715291e+01 2.200000e+00 6.522568e+01
      vertex   3.715291e+01 -9.800000e-01 6.372568e+01
      vertex   3.715291e+01 1.960000e+01 6.372568e+01
    endloop
  endfacet
  facet normal 1.000000e+00 -2.450147e-15 0.000000e+00
    outer loop
      vertex   3.715291e+01 2.200000e+00 6.522568e+01
      vertex   3.715291e+01 1.960000e+01 6.372568e+01
      vertex   3.715291e+01 1.960000e+01 6.522568e+01
    endloop
  endfacet
  facet normal 9.914449e-01 6.624603e-17 -1.305262e-01
    outer loop
      vertex   2.048500e+01 -1.980000e+00 -9.171962e+00
      vertex   2.048500e+01 -5.480000e+00 -9.171962e+00
      vertex   2.043559e+01 -1.980000e+00 -9.547250e+00
    endloop
  endfacet
  facet normal 9.914449e-01 0.000000e+00 -1.305262e-01
    outer loop
      vertex   2.043559e+01 -1.980000e+00 -9.547250e+00
      vertex   2.048500e+01 -5.480000e+00 -9.171962e+00
      vertex   2.043559e+01 -5.480000e+00 -9.547250e+00
    endloop
  endfacet
  facet normal 9.914449e-01 0.000000e+00 1.305262e-01
    outer loop
      vertex   2.043559e+01 -1.980000e+00 -9.547250e+00
      vertex   2.043559e+01 -5.480000e+00 -9.547250e+00
      vertex   2.048500e+01 -1.980000e+00 -9.922537e+00
    endloop
  endfacet
  facet normal 9.914449e-01 -6.624603e-17 1.305262e-01
    outer loop
      vertex   2.048500e+01 -1.980000e+00 -9.922537e+00
      vertex   2.043559e+01 -5.480000e+00 -9.547250e+00
      vertex   2.048500e+01 -5.480000e+00 -9.922537e+00
    endloop
  endfacet
  facet normal 9.238795e-01 -1.942235e-16 3.826834e-01
    outer loop
      vertex   2.048500e+01 -1.980000e+00 -9.922537e+00
      vertex   2.048500e+01 -5.480000e+00 -9.922537e+00
      vertex   2.062985e+01 -1.980000e+00 -1.027225e+01
    endloop
  endfacet
  facet normal 9.238795e-01 0.000000e+00 3.826834e-01
    outer loop
      vertex   2.062985e+01 -1.980000e+00 -1.027225e+01
      vertex   2.048500e+01 -5.480000e+00 -9.922537e+00
      vertex   2.062985e+01 -5.480000e+00 -1.027225e+01
    endloop
  endfacet
  facet normal 7.933533e-01 0.000000e+00 6.087614e-01
    outer loop
      vertex   2.062985e+01 -1.980000e+00 -1.027225e+01
      vertex   2.062985e+01 -5.480000e+00 -1.027225e+01
      vertex   2.086029e+01 -1.980000e+00 -1.057255e+01
    endloop
  endfacet
  facet normal 7.933533e-01 0.000000e+00 6.087614e-01
    outer loop
      vertex   2.086029e+01 -1.980000e+00 -1.057255e+01
      vertex   2.062985e+01 -5.480000e+00 -1.027225e+01
      vertex   2.086029e+01 -5.480000e+00 -1.057255e+01
    endloop
  endfacet
  facet normal 6.087614e-01 0.000000e+00 7.933533e-01
    outer loop
      vertex   2.086029e+01 -1.980000e+00 -1.057255e+01
      vertex   2.086029e+01 -5.480000e+00 -1.057255e+01
      vertex   2.116059e+01 -1.980000e+00 -1.080299e+01
    endloop
  endfacet
  facet normal 6.087614e-01 2.152790e-16 7.933533e-01
    outer loop
      vertex   2.116059e+01 -1.980000e+00 -1.080299e+01
      vertex   2.086029e+01 -5.480000e+00 -1.057255e+01
      vertex   2.116059e+01 -5.480000e+00 -1.080299e+01
    endloop
  endfacet
  facet normal 3.826834e-01 -8.045002e-17 9.238795e-01
    outer loop
      vertex   2.116059e+01 -1.980000e+00 -1.080299e+01
      vertex   2.116059e+01 -5.480000e+00 -1.080299e+01
      vertex   2.151030e+01 -1.980000e+00 -1.094784e+01
    endloop
  endfacet
  facet normal 3.826834e-01 0.000000e+00 9.238795e-01
    outer loop
      vertex   2.151030e+01 -1.980000e+00 -1.094784e+01
      vertex   2.116059e+01 -5.480000e+00 -1.080299e+01
      vertex   2.151030e+01 -5.480000e+00 -1.094784e+01
    endloop
  endfacet
  facet normal 1.305262e-01 0.000000e+00 9.914449e-01
    outer loop
      vertex   2.151030e+01 -1.980000e+00 -1.094784e+01
      vertex   2.151030e+01 -5.480000e+00 -1.094784e+01
      vertex   2.188559e+01 -1.980000e+00 -1.099725e+01
    endloop
  endfacet
  facet normal 1.305262e-01 0.000000e+00 9.914449e-01
    outer loop
      vertex   2.188559e+01 -1.980000e+00 -1.099725e+01
      vertex   2.151030e+01 -5.480000e+00 -1.094784e+01
      vertex   2.188559e+01 -5.480000e+00 -1.099725e+01
    endloop
  endfacet
  facet normal -1.305262e-01 0.000000e+00 9.914449e-01
    outer loop
      vertex   2.188559e+01 -1.980000e+00 -1.099725e+01
      vertex   2.188559e+01 -5.480000e+00 -1.099725e+01
      vertex   2.226088e+01 -1.980000e+00 -1.094784e+01
    endloop
  endfacet
  facet normal -1.305262e-01 0.000000e+00 9.914449e-01
    outer loop
      vertex   2.226088e+01 -1.980000e+00 -1.094784e+01
      vertex   2.188559e+01 -5.480000e+00 -1.099725e+01
      vertex   2.226088e+01 -5.480000e+00 -1.094784e+01
    endloop
  endfacet
  facet normal -3.826834e-01 0.000000e+00 9.238795e-01
    outer loop
      vertex   2.226088e+01 -1.980000e+00 -1.094784e+01
      vertex   2.226088e+01 -5.480000e+00 -1.094784e+01
      vertex   2.261059e+01 -1.980000e+00 -1.080299e+01
    endloop
  endfacet
  facet normal -3.826834e-01 -3.884470e-16 9.238795e-01
    outer loop
      vertex   2.261059e+01 -1.980000e+00 -1.080299e+01
      vertex   2.226088e+01 -5.480000e+00 -1.094784e+01
      vertex   2.261059e+01 -5.480000e+00 -1.080299e+01
    endloop
  endfacet
  facet normal -6.087614e-01 -6.179300e-16 7.933533e-01
    outer loop
      vertex   2.261059e+01 -1.980000e+00 -1.080299e+01
      vertex   2.261059e+01 -5.480000e+00 -1.080299e+01
      vertex   2.291090e+01 -1.980000e+00 -1.057255e+01
    endloop
  endfacet
  facet normal -6.087614e-01 4.026510e-16 7.933533e-01
    outer loop
      vertex   2.291090e+01 -1.980000e+00 -1.057255e+01
      vertex   2.261059e+01 -5.480000e+00 -1.080299e+01
      vertex   2.291090e+01 -5.480000e+00 -1.057255e+01
    endloop
  endfacet
  facet normal -7.933533e-01 3.089650e-16 6.087614e-01
    outer loop
      vertex   2.291090e+01 -1.980000e+00 -1.057255e+01
      vertex   2.291090e+01 -5.480000e+00 -1.057255e+01
      vertex   2.314133e+01 -1.980000e+00 -1.027225e+01
    endloop
  endfacet
  facet normal -7.933533e-01 0.000000e+00 6.087614e-01
    outer loop
      vertex   2.314133e+01 -1.980000e+00 -1.027225e+01
      vertex   2.291090e+01 -5.480000e+00 -1.057255e+01
      vertex   2.314133e+01 -5.480000e+00 -1.027225e+01
    endloop
  endfacet
  facet normal -9.238795e-01 0.000000e+00 3.826834e-01
    outer loop
      vertex   2.314133e+01 -1.980000e+00 -1.027225e+01
      vertex   2.314133e+01 -5.480000e+00 -1.027225e+01
      vertex   2.328618e+01 -1.980000e+00 -9.922537e+00
    endloop
  endfacet
  facet normal -9.238795e-01 0.000000e+00 3.826834e-01
    outer loop
      vertex   2.328618e+01 -1.980000e+00 -9.922537e+00
      vertex   2.314133e+01 -5.480000e+00 -1.027225e+01
      vertex   2.328618e+01 -5.480000e+00 -9.922537e+00
    endloop
  endfacet
  facet normal -9.914449e-01 0.000000e+00 1.305262e-01
    outer loop
      vertex   2.328618e+01 -1.980000e+00 -9.922537e+00
      vertex   2.328618e+01 -5.480000e+00 -9.922537e+00
      vertex   2.333559e+01 -1.980000e+00 -9.547250e+00
    endloop
  endfacet
  facet normal -9.914449e-01 0.000000e+00 1.305262e-01
    outer loop
      vertex   2.333559e+01 -1.980000e+00 -9.547250e+00
      vertex   2.328618e+01 -5.480000e+00 -9.922537e+00
      vertex   2.333559e+01 -5.480000e+00 -9.547250e+00
    endloop
  endfacet
  facet normal -9.914449e-01 -0.000000e+00 -1.305262e-01
    outer loop
      vertex   2.333559e+01 -1.980000e+00 -9.547250e+00
      vertex   2.333559e+01 -5.480000e+00 -9.547250e+00
      vertex   2.328618e+01 -1.980000e+00 -9.171962e+00
    endloop
  endfacet
  facet normal -9.914449e-01 -0.000000e+00 -1.305262e-01
    outer loop
      vertex   2.328618e+01 -1.980000e+00 -9.171962e+00
      vertex   2.333559e+01 -5.480000e+00 -9.547250e+00
      vertex   2.328618e+01 -5.480000e+00 -9.171962e+00
    endloop
  endfacet
  facet normal -9.238795e-01 -0.000000e+00 -3.826834e-01
    outer loop
      vertex   2.328618e+01 -1.980000e+00 -9.171962e+00
      vertex   2.328618e+01 -5.480000e+00 -9.171962e+00
      vertex   2.314133e+01 -1.980000e+00 -8.822250e+00
    endloop
  endfacet
  facet normal -9.238795e-01 -0.000000e+00 -3.826834e-01
    outer loop
      vertex   2.314133e+01 -1.980000e+00 -8.822250e+00
      vertex   2.328618e+01 -5.480000e+00 -9.171962e+00
      vertex   2.314133e+01 -5.480000e+00 -8.822250e+00
    endloop
  endfacet
  facet normal -7.933533e-01 -0.000000e+00 -6.087614e-01
    outer loop
      vertex   2.314133e+01 -1.980000e+00 -8.822250e+00
      vertex   2.314133e+01 -5.480000e+00 -8.822250e+00
      vertex   2.291090e+01 -1.980000e+00 -8.521945e+00
    endloop
  endfacet
  facet normal -7.933533e-01 -0.000000e+00 -6.087614e-01
    outer loop
      vertex   2.291090e+01 -1.980000e+00 -8.521945e+00
      vertex   2.314133e+01 -5.480000e+00 -8.822250e+00
      vertex   2.291090e+01 -5.480000e+00 -8.521945e+00
    endloop
  endfacet
  facet normal -6.087614e-01 -0.000000e+00 -7.933533e-01
    outer loop
      vertex   2.291090e+01 -1.980000e+00 -8.521945e+00
      vertex   2.291090e+01 -5.480000e+00 -8.521945e+00
      vertex   2.261059e+01 -1.980000e+00 -8.291513e+00
    endloop
  endfacet
  facet normal -6.087614e-01 6.179300e-16 -7.933533e-01
    outer loop
      vertex   2.261059e+01 -1.980000e+00 -8.291513e+00
      vertex   2.291090e+01 -5.480000e+00 -8.521945e+00
      vertex   2.261059e+01 -5.480000e+00 -8.291513e+00
    endloop
  endfacet
  facet normal -3.826834e-01 3.884470e-16 -9.238795e-01
    outer loop
      vertex   2.261059e+01 -1.980000e+00 -8.291513e+00
      vertex   2.261059e+01 -5.480000e+00 -8.291513e+00
      vertex   2.226088e+01 -1.980000e+00 -8.146657e+00
    endloop
  endfacet
  facet normal -3.826834e-01 -0.000000e+00 -9.238795e-01
    outer loop
      vertex   2.226088e+01 -1.980000e+00 -8.146657e+00
      vertex   2.261059e+01 -5.480000e+00 -8.291513e+00
      vertex   2.226088e+01 -5.480000e+00 -8.146657e+00
    endloop
  endfacet
  facet normal -1.305262e-01 -0.000000e+00 -9.914449e-01
    outer loop
      vertex   2.226088e+01 -1.980000e+00 -8.146657e+00
      vertex   2.226088e+01 -5.480000e+00 -8.146657e+00
      vertex   2.188559e+01 -1.980000e+00 -8.097250e+00
    endloop
  endfacet
  facet normal -1.305262e-01 -0.000000e+00 -9.914449e-01
    outer loop
      vertex   2.188559e+01 -1.980000e+00 -8.097250e+00
      vertex   2.226088e+01 -5.480000e+00 -8.146657e+00
      vertex   2.188559e+01 -5.480000e+00 -8.097250e+00
    endloop
  endfacet
  facet normal 1.305262e-01 0.000000e+00 -9.914449e-01
    outer loop
      vertex   2.188559e+01 -1.980000e+00 -8.097250e+00
      vertex   2.188559e+01 -5.480000e+00 -8.097250e+00
      vertex   2.151030e+01 -1.980000e+00 -8.146657e+00
    endloop
  endfacet
  facet normal 1.305262e-01 0.000000e+00 -9.914449e-01
    outer loop
      vertex   2.151030e+01 -1.980000e+00 -8.146657e+00
      vertex   2.188559e+01 -5.480000e+00 -8.097250e+00
      vertex   2.151030e+01 -5.480000e+00 -8.146657e+00
    endloop
  endfacet
  facet normal 3.826834e-01 0.000000e+00 -9.238795e-01
    outer loop
      vertex   2.151030e+01 -1.980000e+00 -8.146657e+00
      vertex   2.151030e+01 -5.480000e+00 -8.146657e+00
      vertex   2.116059e+01 -1.980000e+00 -8.291513e+00
    endloop
  endfacet
  facet normal 3.826834e-01 -3.884470e-16 -9.238795e-01
    outer loop
      vertex   2.116059e+01 -1.980000e+00 -8.291513e+00
      vertex   2.151030e+01 -5.480000e+00 -8.146657e+00
      vertex   2.116059e+01 -5.480000e+00 -8.291513e+00
    endloop
  endfacet
  facet normal 6.087614e-01 -6.179300e-16 -7.933533e-01
    outer loop
      vertex   2.116059e+01 -1.980000e+00 -8.291513e+00
      vertex   2.116059e+01 -5.480000e+00 -8.291513e+00
      vertex   2.086029e+01 -1.980000e+00 -8.521945e+00
    endloop
  endfacet
  facet normal 6.087614e-01 0.000000e+00 -7.933533e-01
    outer loop
      vertex   2.086029e+01 -1.980000e+00 -8.521945e+00
      vertex   2.116059e+01 -5.480000e+00 -8.291513e+00
      vertex   2.086029e+01 -5.480000e+00 -8.521945e+00
    endloop
  endfacet
  facet normal 7.933533e-01 0.000000e+00 -6.087614e-01
    outer loop
      vertex   2.086029e+01 -1.980000e+00 -8.521945e+00
      vertex   2.086029e+01 -5.480000e+00 -8.521945e+00
      vertex   2.062985e+01 -1.980000e+00 -8.822250e+00
    endloop
  endfacet
  facet normal 7.933533e-01 0.000000e+00 -6.087614e-01
    outer loop
      vertex   2.062985e+01 -1.980000e+00 -8.822250e+00
      vertex   2.086029e+01 -5.480000e+00 -8.521945e+00
      vertex   2.062985e+01 -5.480000e+00 -8.822250e+00
    endloop
  endfacet
  facet normal 9.238795e-01 0.000000e+00 -3.826834e-01
    outer loop
      vertex   2.062985e+01 -1.980000e+00 -8.822250e+00
      vertex   2.062985e+01 -5.480000e+00 -8.822250e+00
      vertex   2.048500e+01 -1.980000e+00 -9.171962e+00
    endloop
  endfacet
  facet normal 9.238795e-01 1.942235e-16 -3.826834e-01
    outer loop
      vertex   2.048500e+01 -1.980000e+00 -9.171962e+00
      vertex   2.062985e+01 -5.480000e+00 -8.822250e+00
      vertex   2.048500e+01 -5.480000e+00 -9.171962e+00
    endloop
  endfacet
  facet normal 0.000000e+00 0.000000e+00 -1.000000e+00
    outer loop
      vertex   1.775559e+01 -1.980000e+00 -1.454725e+01
      vertex   2.601559e+01 -1.980000e+00 -1.454725e+01
      vertex   1.775559e+01 -5.480000e+00 -1.454725e+01
    endloop
  endfacet
  facet normal 0.000000e+00 0.000000e+00 -1.000000e+00
    outer loop
      vertex   1.775559e+01 -5.480000e+00 -1.454725e+01
      vertex   2.601559e+01 -1.980000e+00 -1.454725e+01
      vertex   2.601559e+01 -5.480000e+00 -1.454725e+01
    endloop
  endfacet
  facet normal -0.000000e+00 7.071068e-01 7.071068e-01
    outer loop
      vertex   1.540000e+01 -3.480000e+00 1.250000e+02
      vertex   3.540000e+01 -3.480000e+00 1.250000e+02
      vertex   1.540000e+01 -1.980000e+00 1.235000e+02
    endloop
  endfacet
  facet normal -0.000000e+00 7.071068e-01 7.071068e-01
    outer loop
      vertex   1.540000e+01 -1.980000e+00 1.235000e+02
      vertex   3.540000e+01 -3.480000e+00 1.250000e+02
      vertex   3.540000e+01 -1.980000e+00 1.235000e+02
    endloop
  endfacet
  facet normal 0.000000e+00 0.000000e+00 1.000000e+00
    outer loop
      vertex   3.540000e+01 -3.480000e+00 1.250000e+02
      vertex   1.540000e+01 -3.480000e+00 1.250000e+02
      vertex   3.540000e+01 -5.480000e+00 1.250000e+02
    endloop
  endfacet
  facet normal 0.000000e+00 0.000000e+00 1.000000e+00
    outer loop
      vertex   3.540000e+01 -5.480000e+00 1.250000e+02
      vertex   1.540000e+01 -3.480000e+00 1.250000e+02
      vertex   1.540000e+01 -5.480000e+00 1.250000e+02
    endloop
  endfacet
  facet normal 0.000000e+00 7.071068e-01 -7.071068e-01
    outer loop
      vertex   3.540000e+01 -3.480000e+00 1.530000e+02
      vertex   1.540000e+01 -3.480000e+00 1.530000e+02
      vertex   3.540000e+01 -1.980000e+00 1.545000e+02
    endloop
  endfacet
  facet normal 0.000000e+00 7.071068e-01 -7.071068e-01
    outer loop
      vertex   3.540000e+01 -1.980000e+00 1.545000e+02
      vertex   1.540000e+01 -3.480000e+00 1.530000e+02
      vertex   1.540000e+01 -1.980000e+00 1.545000e+02
    endloop
  endfacet
  facet normal 0.000000e+00 0.000000e+00 -1.000000e+00
    outer loop
      vertex   1.540000e+01 -3.480000e+00 1.530000e+02
      vertex   3.540000e+01 -3.480000e+00 1.530000e+02
      vertex   1.540000e+01 -5.480000e+00 1.530000e+02
    endloop
  endfacet
  facet normal 0.000000e+00 0.000000e+00 -1.000000e+00
    outer loop
      vertex   1.540000e+01 -5.480000e+00 1.530000e+02
      vertex   3.540000e+01 -3.480000e+00 1.530000e+02
      vertex   3.540000e+01 -5.480000e+00 1.530000e+02
    endloop
  endfacet
  facet normal -1.000000e+00 0.000000e+00 0.000000e+00
    outer loop
      vertex   3.540000e+01 -5.480000e+00 1.250000e+02
      vertex   3.540000e+01 -5.480000e+00 1.530000e+02
      vertex   3.540000e+01 -3.480000e+00 1.250000e+02
    endloop
  endfacet
  facet normal -1.000000e+00 0.000000e+00 0.000000e+00
    outer loop
      vertex   3.540000e+01 -3.480000e+00 1.250000e+02
      vertex   3.540000e+01 -5.480000e+00 1.530000e+02
      vertex   3.540000e+01 -3.480000e+00 1.530000e+02
    endloop
  endfacet
  facet normal -1.000000e+00 0.000000e+00 0.000000e+00
    outer loop
      vertex   3.540000e+01 -3.480000e+00 1.250000e+02
      vertex   3.540000e+01 -3.480000e+00 1.530000e+02
      vertex   3.540000e+01 -1.980000e+00 1.235000e+02
    endloop
  endfacet
  facet normal -1.000000e+00 0.000000e+00 0.000000e+00
    outer loop
      vertex   3.540000e+01 -1.980000e+00 1.235000e+02
      vertex   3.540000e+01 -3.480000e+00 1.530000e+02
      vertex   3.540000e+01 -1.980000e+00 1.545000e+02
    endloop
  endfacet
  facet normal 1.000000e+00 -0.000000e+00 0.000000e+00
    outer loop
      vertex   1.540000e+01 -5.480000e+00 1.530000e+02
      vertex   1.540000e+01 -5.480000e+00 1.250000e+02
      vertex   1.540000e+01 -3.480000e+00 1.530000e+02
    endloop
  endfacet
  facet normal 1.000000e+00 0.000000e+00 0.000000e+00
    outer loop
      vertex   1.540000e+01 -3.480000e+00 1.530000e+02
      vertex   1.540000e+01 -5.480000e+00 1.250000e+02
      vertex   1.540000e+01 -3.480000e+00 1.250000e+02
    endloop
  endfacet
  facet normal 1.000000e+00 -0.000000e+00 0.000000e+00
    outer loop
      vertex   1.540000e+01 -3.480000e+00 1.530000e+02
      vertex   1.540000e+01 -3.480000e+00 1.250000e+02
      vertex   1.540000e+01 -1.980000e+00 1.545000e+02
    endloop
  endfacet
  facet normal 1.000000e+00 0.000000e+00 0.000000e+00
    outer loop
      vertex   1.540000e+01 -1.980000e+00 1.545000e+02
      vertex   1.540000e+01 -3.480000e+00 1.250000e+02
      vertex   1.540000e+01 -1.980000e+00 1.235000e+02
    endloop
  endfacet
  facet normal 9.080799e-01 0.000000e+00 -4.187969e-01
    outer loop
      vertex   4.558259e+01 -5.480000e+00 5.221121e+01
      vertex   4.558259e+01 -1.980000e+00 5.221121e+01
      vertex   4.697442e+01 -5.480000e+00 5.522911e+01
    endloop
  endfacet
  facet normal 9.080799e-01 0.000000e+00 -4.187969e-01
    outer loop
      vertex   4.697442e+01 -5.480000e+00 5.522911e+01
      vertex   4.558259e+01 -1.980000e+00 5.221121e+01
      vertex   4.697442e+01 -1.980000e+00 5.522911e+01
    endloop
  endfacet
  facet normal 9.338951e-01 0.000000e+00 -3.575471e-01
    outer loop
      vertex   4.697442e+01 -5.480000e+00 5.522911e+01
      vertex   4.697442e+01 -1.980000e+00 5.522911e+01
      vertex   4.816269e+01 -5.480000e+00 5.833281e+01
    endloop
  endfacet
  facet normal 9.338951e-01 0.000000e+00 -3.575471e-01
    outer loop
      vertex   4.816269e+01 -5.480000e+00 5.833281e+01
      vertex   4.697442e+01 -1.980000e+00 5.522911e+01
      vertex   4.816269e+01 -1.980000e+00 5.833281e+01
    endloop
  endfacet
  facet normal 9.555844e-01 0.000000e+00 -2.947176e-01
    outer loop
      vertex   4.816269e+01 -5.480000e+00 5.833281e+01
      vertex   4.816269e+01 -1.980000e+00 5.833281e+01
      vertex   4.914215e+01 -5.480000e+00 6.150858e+01
    endloop
  endfacet
  facet normal 9.555844e-01 0.000000e+00 -2.947176e-01
    outer loop
      vertex   4.914215e+01 -5.480000e+00 6.150858e+01
      vertex   4.816269e+01 -1.980000e+00 5.833281e+01
      vertex   4.914215e+01 -1.980000e+00 6.150858e+01
    endloop
  endfacet
  facet normal 9.730519e-01 0.000000e+00 -2.305861e-01
    outer loop
      vertex   4.914215e+01 -5.480000e+00 6.150858e+01
      vertex   4.914215e+01 -1.980000e+00 6.150858e+01
      vertex   4.990847e+01 -5.480000e+00 6.474241e+01
    endloop
  endfacet
  facet normal 9.730519e-01 0.000000e+00 -2.305861e-01
    outer loop
      vertex   4.990847e+01 -5.480000e+00 6.474241e+01
      vertex   4.914215e+01 -1.980000e+00 6.150858e+01
      vertex   4.990847e+01 -1.980000e+00 6.474241e+01
    endloop
  endfacet
  facet normal 9.862205e-01 0.000000e+00 -1.654359e-01
    outer loop
      vertex   4.990847e+01 -5.480000e+00 6.474241e+01
      vertex   4.990847e+01 -1.980000e+00 6.474241e+01
      vertex   5.045828e+01 -5.480000e+00 6.802001e+01
    endloop
  endfacet
  facet normal 9.862205e-01 0.000000e+00 -1.654359e-01
    outer loop
      vertex   5.045828e+01 -5.480000e+00 6.802001e+01
      vertex   4.990847e+01 -1.980000e+00 6.474241e+01
      vertex   5.045828e+01 -1.980000e+00 6.802001e+01
    endloop
  endfacet
  facet normal 9.950321e-01 0.000000e+00 -9.955481e-02
    outer loop
      vertex   5.045828e+01 -5.480000e+00 6.802001e+01
      vertex   5.045828e+01 -1.980000e+00 6.802001e+01
      vertex   5.078914e+01 -5.480000e+00 7.132688e+01
    endloop
  endfacet
  facet normal 9.950321e-01 0.000000e+00 -9.955481e-02
    outer loop
      vertex   5.078914e+01 -5.480000e+00 7.132688e+01
      vertex   5.045828e+01 -1.980000e+00 6.802001e+01
      vertex   5.078914e+01 -1.980000e+00 7.132688e+01
    endloop
  endfacet
  facet normal 9.994476e-01 0.000000e+00 -3.323388e-02
    outer loop
      vertex   5.078914e+01 -5.480000e+00 7.132688e+01
      vertex   5.078914e+01 -1.980000e+00 7.132688e+01
      vertex   5.089959e+01 -5.480000e+00 7.464844e+01
    endloop
  endfacet
  facet normal 9.994476e-01 0.000000e+00 -3.323388e-02
    outer loop
      vertex   5.089959e+01 -5.480000e+00 7.464844e+01
      vertex   5.078914e+01 -1.980000e+00 7.132688e+01
      vertex   5.089959e+01 -1.980000e+00 7.464844e+01
    endloop
  endfacet
  facet normal 5.010923e-01 0.000000e+00 8.653938e-01
    outer loop
      vertex   4.739959e+01 -1.980000e+00 1.104635e+02
      vertex   4.739959e+01 -5.480000e+00 1.104635e+02
      vertex   4.838554e+01 -1.980000e+00 1.098926e+02
    endloop
  endfacet
  facet normal 5.010923e-01 0.000000e+00 8.653938e-01
    outer loop
      vertex   4.838554e+01 -1.980000e+00 1.098926e+02
      vertex   4.739959e+01 -5.480000e+00 1.104635e+02
      vertex   4.838554e+01 -5.480000e+00 1.098926e+02
    endloop
  endfacet
  facet normal 6.556406e-01 0.000000e+00 7.550731e-01
    outer loop
      vertex   4.838554e+01 -1.980000e+00 1.098926e+02
      vertex   4.838554e+01 -5.480000e+00 1.098926e+02
      vertex   4.924579e+01 -1.980000e+00 1.091457e+02
    endloop
  endfacet
  facet normal 6.556406e-01 0.000000e+00 7.550731e-01
    outer loop
      vertex   4.924579e+01 -1.980000e+00 1.091457e+02
      vertex   4.838554e+01 -5.480000e+00 1.098926e+02
      vertex   4.924579e+01 -5.480000e+00 1.091457e+02
    endloop
  endfacet
  facet normal 7.865492e-01 0.000000e+00 6.175276e-01
    outer loop
      vertex   4.924579e+01 -1.980000e+00 1.091457e+02
      vertex   4.924579e+01 -5.480000e+00 1.091457e+02
      vertex   4.994934e+01 -1.980000e+00 1.082496e+02
    endloop
  endfacet
  facet normal 7.865492e-01 0.000000e+00 6.175276e-01
    outer loop
      vertex   4.994934e+01 -1.980000e+00 1.082496e+02
      vertex   4.924579e+01 -5.480000e+00 1.091457e+02
      vertex   4.994934e+01 -5.480000e+00 1.082496e+02
    endloop
  endfacet
  facet normal 8.890981e-01 0.000000e+00 4.577167e-01
    outer loop
      vertex   4.994934e+01 -1.980000e+00 1.082496e+02
      vertex   4.994934e+01 -5.480000e+00 1.082496e+02
      vertex   5.047082e+01 -1.980000e+00 1.072366e+02
    endloop
  endfacet
  facet normal 8.890981e-01 0.000000e+00 4.577167e-01
    outer loop
      vertex   5.047082e+01 -1.980000e+00 1.072366e+02
      vertex   4.994934e+01 -5.480000e+00 1.082496e+02
      vertex   5.047082e+01 -5.480000e+00 1.072366e+02
    endloop
  endfacet
  facet normal 9.595899e-01 0.000000e+00 2.814024e-01
    outer loop
      vertex   5.047082e+01 -1.980000e+00 1.072366e+02
      vertex   5.047082e+01 -5.480000e+00 1.072366e+02
      vertex   5.079142e+01 -1.980000e+00 1.061433e+02
    endloop
  endfacet
  facet normal 9.595899e-01 0.000000e+00 2.814024e-01
    outer loop
      vertex   5.079142e+01 -1.980000e+00 1.061433e+02
      vertex   5.047082e+01 -5.480000e+00 1.072366e+02
      vertex   5.079142e+01 -5.480000e+00 1.061433e+02
    endloop
  endfacet
  facet normal 9.954828e-01 0.000000e+00 9.494186e-02
    outer loop
      vertex   5.079142e+01 -1.980000e+00 1.061433e+02
      vertex   5.079142e+01 -5.480000e+00 1.061433e+02
      vertex   5.089959e+01 -1.980000e+00 1.050092e+02
    endloop
  endfacet
  facet normal 9.954828e-01 0.000000e+00 9.494186e-02
    outer loop
      vertex   5.089959e+01 -1.980000e+00 1.050092e+02
      vertex   5.079142e+01 -5.480000e+00 1.061433e+02
      vertex   5.089959e+01 -5.480000e+00 1.050092e+02
    endloop
  endfacet
  facet normal 5.010923e-01 -0.000000e+00 8.653938e-01
    outer loop
      vertex   4.739959e+01 -5.480000e+00 1.104635e+02
      vertex   4.739959e+01 -1.980000e+00 1.104635e+02
      vertex   4.641365e+01 -5.480000e+00 1.110344e+02
    endloop
  endfacet
  facet normal 5.010923e-01 -0.000000e+00 8.653938e-01
    outer loop
      vertex   4.641365e+01 -5.480000e+00 1.110344e+02
      vertex   4.739959e+01 -1.980000e+00 1.104635e+02
      vertex   4.641365e+01 -1.980000e+00 1.110344e+02
    endloop
  endfacet
  facet normal 6.556406e-01 -0.000000e+00 7.550731e-01
    outer loop
      vertex   4.641365e+01 -5.480000e+00 1.110344e+02
      vertex   4.641365e+01 -1.980000e+00 1.110344e+02
      vertex   4.555339e+01 -5.480000e+00 1.117814e+02
    endloop
  endfacet
  facet normal 6.556406e-01 -0.000000e+00 7.550731e-01
    outer loop
      vertex   4.555339e+01 -5.480000e+00 1.117814e+02
      vertex   4.641365e+01 -1.980000e+00 1.110344e+02
      vertex   4.555339e+01 -1.980000e+00 1.117814e+02
    endloop
  endfacet
  facet normal 7.865492e-01 -0.000000e+00 6.175276e-01
    outer loop
      vertex   4.555339e+01 -5.480000e+00 1.117814e+02
      vertex   4.555339e+01 -1.980000e+00 1.117814e+02
      vertex   4.484984e+01 -5.480000e+00 1.126775e+02
    endloop
  endfacet
  facet normal 7.865492e-01 -0.000000e+00 6.175276e-01
    outer loop
      vertex   4.484984e+01 -5.480000e+00 1.126775e+02
      vertex   4.555339e+01 -1.980000e+00 1.117814e+02
      vertex   4.484984e+01 -1.980000e+00 1.126775e+02
    endloop
  endfacet
  facet normal 8.890981e-01 -0.000000e+00 4.577167e-01
    outer loop
      vertex   4.484984e+01 -5.480000e+00 1.126775e+02
      vertex   4.484984e+01 -1.980000e+00 1.126775e+02
      vertex   4.432836e+01 -5.480000e+00 1.136905e+02
    endloop
  endfacet
  facet normal 8.890981e-01 -0.000000e+00 4.577167e-01
    outer loop
      vertex   4.432836e+01 -5.480000e+00 1.136905e+02
      vertex   4.484984e+01 -1.980000e+00 1.126775e+02
      vertex   4.432836e+01 -1.980000e+00 1.136905e+02
    endloop
  endfacet
  facet normal 9.595899e-01 -0.000000e+00 2.814024e-01
    outer loop
      vertex   4.432836e+01 -5.480000e+00 1.136905e+02
      vertex   4.432836e+01 -1.980000e+00 1.136905e+02
      vertex   4.400776e+01 -5.480000e+00 1.147837e+02
    endloop
  endfacet
  facet normal 9.595899e-01 -0.000000e+00 2.814024e-01
    outer loop
      vertex   4.400776e+01 -5.480000e+00 1.147837e+02
      vertex   4.432836e+01 -1.980000e+00 1.136905e+02
      vertex   4.400776e+01 -1.980000e+00 1.147837e+02
    endloop
  endfacet
  facet normal 9.954828e-01 -0.000000e+00 9.494186e-02
    outer loop
      vertex   4.400776e+01 -5.480000e+00 1.147837e+02
      vertex   4.400776e+01 -1.980000e+00 1.147837e+02
      vertex   4.389959e+01 -5.480000e+00 1.159179e+02
    endloop
  endfacet
  facet normal 9.954828e-01 -0.000000e+00 9.494186e-02
    outer loop
      vertex   4.389959e+01 -5.480000e+00 1.159179e+02
      vertex   4.400776e+01 -1.980000e+00 1.147837e+02
      vertex   4.389959e+01 -1.980000e+00 1.159179e+02
    endloop
  endfacet
  facet normal 1.000000e+00 0.000000e+00 -0.000000e+00
    outer loop
      vertex   5.089959e+01 -1.980000e+00 7.464844e+01
      vertex   5.089959e+01 -1.980000e+00 1.050092e+02
      vertex   5.089959e+01 -5.480000e+00 7.464844e+01
    endloop
  endfacet
  facet normal 1.000000e+00 0.000000e+00 0.000000e+00
    outer loop
      vertex   5.089959e+01 -5.480000e+00 7.464844e+01
      vertex   5.089959e+01 -1.980000e+00 1.050092e+02
      vertex   5.089959e+01 -5.480000e+00 1.050092e+02
    endloop
  endfacet
  facet normal 1.000000e+00 0.000000e+00 -0.000000e+00
    outer loop
      vertex   4.389959e+01 -1.980000e+00 1.159179e+02
      vertex   4.389959e+01 -1.980000e+00 1.659179e+02
      vertex   4.389959e+01 -5.480000e+00 1.159179e+02
    endloop
  endfacet
  facet normal 1.000000e+00 0.000000e+00 0.000000e+00
    outer loop
      vertex   4.389959e+01 -5.480000e+00 1.159179e+02
      vertex   4.389959e+01 -1.980000e+00 1.659179e+02
      vertex   4.389959e+01 -5.480000e+00 1.659179e+02
    endloop
  endfacet
  facet normal -9.914449e-01 -4.025508e-15 1.305262e-01
    outer loop
      vertex   -4.410041e+01 -1.980000e+00 1.659179e+02
      vertex   -4.410041e+01 -5.480000e+00 1.659179e+02
      vertex   -4.399819e+01 -1.980000e+00 1.666944e+02
    endloop
  endfacet
  facet normal -9.914449e-01 0.000000e+00 1.305262e-01
    outer loop
      vertex   -4.399819e+01 -1.980000e+00 1.666944e+02
      vertex   -4.410041e+01 -5.480000e+00 1.659179e+02
      vertex   -4.399819e+01 -5.480000e+00 1.666944e+02
    endloop
  endfacet
  facet normal -9.238795e-01 0.000000e+00 3.826834e-01
    outer loop
      vertex   -4.399819e+01 -1.980000e+00 1.666944e+02
      vertex   -4.399819e+01 -5.480000e+00 1.666944e+02
      vertex   -4.369849e+01 -1.980000e+00 1.674179e+02
    endloop
  endfacet
  facet normal -9.238795e-01 0.000000e+00 3.826834e-01
    outer loop
      vertex   -4.369849e+01 -1.980000e+00 1.674179e+02
      vertex   -4.399819e+01 -5.480000e+00 1.666944e+02
      vertex   -4.369849e+01 -5.480000e+00 1.674179e+02
    endloop
  endfacet
  facet normal -7.933533e-01 0.000000e+00 6.087614e-01
    outer loop
      vertex   -4.369849e+01 -1.980000e+00 1.674179e+02
      vertex   -4.369849e+01 -5.480000e+00 1.674179e+02
      vertex   -4.322173e+01 -1.980000e+00 1.680392e+02
    endloop
  endfacet
  facet normal -7.933533e-01 0.000000e+00 6.087614e-01
    outer loop
      vertex   -4.322173e+01 -1.980000e+00 1.680392e+02
      vertex   -4.369849e+01 -5.480000e+00 1.674179e+02
      vertex   -4.322173e+01 -5.480000e+00 1.680392e+02
    endloop
  endfacet
  facet normal -6.087614e-01 0.000000e+00 7.933533e-01
    outer loop
      vertex   -4.322173e+01 -1.980000e+00 1.680392e+02
      vertex   -4.322173e+01 -5.480000e+00 1.680392e+02
      vertex   -4.260041e+01 -1.980000e+00 1.685160e+02
    endloop
  endfacet
  facet normal -6.087614e-01 0.000000e+00 7.933533e-01
    outer loop
      vertex   -4.260041e+01 -1.980000e+00 1.685160e+02
      vertex   -4.322173e+01 -5.480000e+00 1.680392e+02
      vertex   -4.260041e+01 -5.480000e+00 1.685160e+02
    endloop
  endfacet
  facet normal -3.826834e-01 0.000000e+00 9.238795e-01
    outer loop
      vertex   -4.260041e+01 -1.980000e+00 1.685160e+02
      vertex   -4.260041e+01 -5.480000e+00 1.685160e+02
      vertex   -4.187687e+01 -1.980000e+00 1.688157e+02
    endloop
  endfacet
  facet normal -3.826834e-01 0.000000e+00 9.238795e-01
    outer loop
      vertex   -4.187687e+01 -1.980000e+00 1.688157e+02
      vertex   -4.260041e+01 -5.480000e+00 1.685160e+02
      vertex   -4.187687e+01 -5.480000e+00 1.688157e+02
    endloop
  endfacet
  facet normal -1.305262e-01 0.000000e+00 9.914449e-01
    outer loop
      vertex   -4.187687e+01 -1.980000e+00 1.688157e+02
      vertex   -4.187687e+01 -5.480000e+00 1.688157e+02
      vertex   -4.110041e+01 -1.980000e+00 1.689179e+02
    endloop
  endfacet
  facet normal -1.305262e-01 0.000000e+00 9.914449e-01
    outer loop
      vertex   -4.110041e+01 -1.980000e+00 1.689179e+02
      vertex   -4.187687e+01 -5.480000e+00 1.688157e+02
      vertex   -4.110041e+01 -5.480000e+00 1.689179e+02
    endloop
  endfacet
  facet normal 0.000000e+00 0.000000e+00 1.000000e+00
    outer loop
      vertex   -4.110041e+01 -5.480000e+00 1.689179e+02
      vertex   4.089959e+01 -5.480000e+00 1.689179e+02
      vertex   -4.110041e+01 -1.980000e+00 1.689179e+02
    endloop
  endfacet
  facet normal -0.000000e+00 0.000000e+00 1.000000e+00
    outer loop
      vertex   -4.110041e+01 -1.980000e+00 1.689179e+02
      vertex   4.089959e+01 -5.480000e+00 1.689179e+02
      vertex   4.089959e+01 -1.980000e+00 1.689179e+02
    endloop
  endfacet
  facet normal 1.305262e-01 0.000000e+00 9.914449e-01
    outer loop
      vertex   4.089959e+01 -1.980000e+00 1.689179e+02
      vertex   4.089959e+01 -5.480000e+00 1.689179e+02
      vertex   4.167605e+01 -1.980000e+00 1.688157e+02
    endloop
  endfacet
  facet normal 1.305262e-01 0.000000e+00 9.914449e-01
    outer loop
      vertex   4.167605e+01 -1.980000e+00 1.688157e+02
      vertex   4.089959e+01 -5.480000e+00 1.689179e+02
      vertex   4.167605e+01 -5.480000e+00 1.688157e+02
    endloop
  endfacet
  facet normal 3.826834e-01 0.000000e+00 9.238795e-01
    outer loop
      vertex   4.167605e+01 -1.980000e+00 1.688157e+02
      vertex   4.167605e+01 -5.480000e+00 1.688157e+02
      vertex   4.239959e+01 -1.980000e+00 1.685160e+02
    endloop
  endfacet
  facet normal 3.826834e-01 0.000000e+00 9.238795e-01
    outer loop
      vertex   4.239959e+01 -1.980000e+00 1.685160e+02
      vertex   4.167605e+01 -5.480000e+00 1.688157e+02
      vertex   4.239959e+01 -5.480000e+00 1.685160e+02
    endloop
  endfacet
  facet normal 6.087614e-01 0.000000e+00 7.933533e-01
    outer loop
      vertex   4.239959e+01 -1.980000e+00 1.685160e+02
      vertex   4.239959e+01 -5.480000e+00 1.685160e+02
      vertex   4.302091e+01 -1.980000e+00 1.680392e+02
    endloop
  endfacet
  facet normal 6.087614e-01 0.000000e+00 7.933533e-01
    outer loop
      vertex   4.302091e+01 -1.980000e+00 1.680392e+02
      vertex   4.239959e+01 -5.480000e+00 1.685160e+02
      vertex   4.302091e+01 -5.480000e+00 1.680392e+02
    endloop
  endfacet
  facet normal 7.933533e-01 0.000000e+00 6.087614e-01
    outer loop
      vertex   4.302091e+01 -1.980000e+00 1.680392e+02
      vertex   4.302091e+01 -5.480000e+00 1.680392e+02
      vertex   4.349767e+01 -1.980000e+00 1.674179e+02
    endloop
  endfacet
  facet normal 7.933533e-01 0.000000e+00 6.087614e-01
    outer loop
      vertex   4.349767e+01 -1.980000e+00 1.674179e+02
      vertex   4.302091e+01 -5.480000e+00 1.680392e+02
      vertex   4.349767e+01 -5.480000e+00 1.674179e+02
    endloop
  endfacet
  facet normal 9.238795e-01 0.000000e+00 3.826834e-01
    outer loop
      vertex   4.349767e+01 -1.980000e+00 1.674179e+02
      vertex   4.349767e+01 -5.480000e+00 1.674179e+02
      vertex   4.379737e+01 -1.980000e+00 1.666944e+02
    endloop
  endfacet
  facet normal 9.238795e-01 0.000000e+00 3.826834e-01
    outer loop
      vertex   4.379737e+01 -1.980000e+00 1.666944e+02
      vertex   4.349767e+01 -5.480000e+00 1.674179e+02
      vertex   4.379737e+01 -5.480000e+00 1.666944e+02
    endloop
  endfacet
  facet normal 9.914449e-01 0.000000e+00 1.305262e-01
    outer loop
      vertex   4.379737e+01 -1.980000e+00 1.666944e+02
      vertex   4.379737e+01 -5.480000e+00 1.666944e+02
      vertex   4.389959e+01 -1.980000e+00 1.659179e+02
    endloop
  endfacet
  facet normal 9.914449e-01 0.000000e+00 1.305262e-01
    outer loop
      vertex   4.389959e+01 -1.980000e+00 1.659179e+02
      vertex   4.379737e+01 -5.480000e+00 1.666944e+02
      vertex   4.389959e+01 -5.480000e+00 1.659179e+02
    endloop
  endfacet
  facet normal 9.914449e-01 0.000000e+00 1.305262e-01
    outer loop
      vertex   3.645111e+01 -1.980000e+00 1.606118e+02
      vertex   3.640000e+01 -1.980000e+00 1.610000e+02
      vertex   3.640000e+01 -5.480000e+00 1.610000e+02
    endloop
  endfacet
  facet normal 9.914449e-01 0.000000e+00 -1.305262e-01
    outer loop
      vertex   3.640000e+01 -5.480000e+00 1.610000e+02
      vertex   3.640000e+01 -1.980000e+00 1.610000e+02
      vertex   3.645111e+01 -1.980000e+00 1.613882e+02
    endloop
  endfacet
  facet normal 9.914449e-01 0.000000e+00 -1.305262e-01
    outer loop
      vertex   3.640000e+01 -5.480000e+00 1.610000e+02
      vertex   3.645111e+01 -1.980000e+00 1.613882e+02
      vertex   3.645111e+01 -5.480000e+00 1.613882e+02
    endloop
  endfacet
  facet normal 9.238795e-01 0.000000e+00 -3.826834e-01
    outer loop
      vertex   3.645111e+01 -5.480000e+00 1.613882e+02
      vertex   3.645111e+01 -1.980000e+00 1.613882e+02
      vertex   3.660096e+01 -5.480000e+00 1.617500e+02
    endloop
  endfacet
  facet normal 9.238795e-01 0.000000e+00 -3.826834e-01
    outer loop
      vertex   3.660096e+01 -5.480000e+00 1.617500e+02
      vertex   3.645111e+01 -1.980000e+00 1.613882e+02
      vertex   3.660096e+01 -1.980000e+00 1.617500e+02
    endloop
  endfacet
  facet normal 7.933533e-01 0.000000e+00 -6.087614e-01
    outer loop
      vertex   3.660096e+01 -5.480000e+00 1.617500e+02
      vertex   3.660096e+01 -1.980000e+00 1.617500e+02
      vertex   3.683934e+01 -5.480000e+00 1.620607e+02
    endloop
  endfacet
  facet normal 7.933533e-01 0.000000e+00 -6.087614e-01
    outer loop
      vertex   3.683934e+01 -5.480000e+00 1.620607e+02
      vertex   3.660096e+01 -1.980000e+00 1.617500e+02
      vertex   3.683934e+01 -1.980000e+00 1.620607e+02
    endloop
  endfacet
  facet normal 6.087614e-01 0.000000e+00 -7.933533e-01
    outer loop
      vertex   3.683934e+01 -5.480000e+00 1.620607e+02
      vertex   3.683934e+01 -1.980000e+00 1.620607e+02
      vertex   3.715000e+01 -5.480000e+00 1.622990e+02
    endloop
  endfacet
  facet normal 6.087614e-01 0.000000e+00 -7.933533e-01
    outer loop
      vertex   3.715000e+01 -5.480000e+00 1.622990e+02
      vertex   3.683934e+01 -1.980000e+00 1.620607e+02
      vertex   3.715000e+01 -1.980000e+00 1.622990e+02
    endloop
  endfacet
  facet normal 3.826834e-01 0.000000e+00 -9.238795e-01
    outer loop
      vertex   3.715000e+01 -5.480000e+00 1.622990e+02
      vertex   3.715000e+01 -1.980000e+00 1.622990e+02
      vertex   3.751177e+01 -5.480000e+00 1.624489e+02
    endloop
  endfacet
  facet normal 3.826834e-01 0.000000e+00 -9.238795e-01
    outer loop
      vertex   3.751177e+01 -5.480000e+00 1.624489e+02
      vertex   3.715000e+01 -1.980000e+00 1.622990e+02
      vertex   3.751177e+01 -1.980000e+00 1.624489e+02
    endloop
  endfacet
  facet normal 1.305262e-01 0.000000e+00 -9.914449e-01
    outer loop
      vertex   3.751177e+01 -5.480000e+00 1.624489e+02
      vertex   3.751177e+01 -1.980000e+00 1.624489e+02
      vertex   3.790000e+01 -5.480000e+00 1.625000e+02
    endloop
  endfacet
  facet normal 1.305262e-01 0.000000e+00 -9.914449e-01
    outer loop
      vertex   3.790000e+01 -5.480000e+00 1.625000e+02
      vertex   3.751177e+01 -1.980000e+00 1.624489e+02
      vertex   3.790000e+01 -1.980000e+00 1.625000e+02
    endloop
  endfacet
  facet normal -1.305262e-01 0.000000e+00 -9.914449e-01
    outer loop
      vertex   3.790000e+01 -5.480000e+00 1.625000e+02
      vertex   3.790000e+01 -1.980000e+00 1.625000e+02
      vertex   3.828823e+01 -5.480000e+00 1.624489e+02
    endloop
  endfacet
  facet normal -1.305262e-01 0.000000e+00 -9.914449e-01
    outer loop
      vertex   3.828823e+01 -5.480000e+00 1.624489e+02
      vertex   3.790000e+01 -1.980000e+00 1.625000e+02
      vertex   3.828823e+01 -1.980000e+00 1.624489e+02
    endloop
  endfacet
  facet normal -3.826834e-01 0.000000e+00 -9.238795e-01
    outer loop
      vertex   3.828823e+01 -5.480000e+00 1.624489e+02
      vertex   3.828823e+01 -1.980000e+00 1.624489e+02
      vertex   3.865000e+01 -5.480000e+00 1.622990e+02
    endloop
  endfacet
  facet normal -3.826834e-01 0.000000e+00 -9.238795e-01
    outer loop
      vertex   3.865000e+01 -5.480000e+00 1.622990e+02
      vertex   3.828823e+01 -1.980000e+00 1.624489e+02
      vertex   3.865000e+01 -1.980000e+00 1.622990e+02
    endloop
  endfacet
  facet normal -6.087614e-01 0.000000e+00 -7.933533e-01
    outer loop
      vertex   3.865000e+01 -5.480000e+00 1.622990e+02
      vertex   3.865000e+01 -1.980000e+00 1.622990e+02
      vertex   3.896066e+01 -5.480000e+00 1.620607e+02
    endloop
  endfacet
  facet normal -6.087614e-01 0.000000e+00 -7.933533e-01
    outer loop
      vertex   3.896066e+01 -5.480000e+00 1.620607e+02
      vertex   3.865000e+01 -1.980000e+00 1.622990e+02
      vertex   3.896066e+01 -1.980000e+00 1.620607e+02
    endloop
  endfacet
  facet normal -7.933533e-01 0.000000e+00 -6.087614e-01
    outer loop
      vertex   3.896066e+01 -5.480000e+00 1.620607e+02
      vertex   3.896066e+01 -1.980000e+00 1.620607e+02
      vertex   3.919904e+01 -5.480000e+00 1.617500e+02
    endloop
  endfacet
  facet normal -7.933533e-01 0.000000e+00 -6.087614e-01
    outer loop
      vertex   3.919904e+01 -5.480000e+00 1.617500e+02
      vertex   3.896066e+01 -1.980000e+00 1.620607e+02
      vertex   3.919904e+01 -1.980000e+00 1.617500e+02
    endloop
  endfacet
  facet normal -9.238795e-01 0.000000e+00 -3.826834e-01
    outer loop
      vertex   3.919904e+01 -5.480000e+00 1.617500e+02
      vertex   3.919904e+01 -1.980000e+00 1.617500e+02
      vertex   3.934889e+01 -5.480000e+00 1.613882e+02
    endloop
  endfacet
  facet normal -9.238795e-01 0.000000e+00 -3.826834e-01
    outer loop
      vertex   3.934889e+01 -5.480000e+00 1.613882e+02
      vertex   3.919904e+01 -1.980000e+00 1.617500e+02
      vertex   3.934889e+01 -1.980000e+00 1.613882e+02
    endloop
  endfacet
  facet normal -9.914449e-01 0.000000e+00 -1.305262e-01
    outer loop
      vertex   3.934889e+01 -5.480000e+00 1.613882e+02
      vertex   3.934889e+01 -1.980000e+00 1.613882e+02
      vertex   3.940000e+01 -5.480000e+00 1.610000e+02
    endloop
  endfacet
  facet normal -9.914449e-01 0.000000e+00 -1.305262e-01
    outer loop
      vertex   3.940000e+01 -5.480000e+00 1.610000e+02
      vertex   3.934889e+01 -1.980000e+00 1.613882e+02
      vertex   3.940000e+01 -1.980000e+00 1.610000e+02
    endloop
  endfacet
  facet normal -9.914449e-01 0.000000e+00 1.305262e-01
    outer loop
      vertex   3.940000e+01 -5.480000e+00 1.610000e+02
      vertex   3.940000e+01 -1.980000e+00 1.610000e+02
      vertex   3.934889e+01 -5.480000e+00 1.606118e+02
    endloop
  endfacet
  facet normal -9.914449e-01 0.000000e+00 1.305262e-01
    outer loop
      vertex   3.934889e+01 -5.480000e+00 1.606118e+02
      vertex   3.940000e+01 -1.980000e+00 1.610000e+02
      vertex   3.934889e+01 -1.980000e+00 1.606118e+02
    endloop
  endfacet
  facet normal -9.238795e-01 0.000000e+00 3.826834e-01
    outer loop
      vertex   3.934889e+01 -5.480000e+00 1.606118e+02
      vertex   3.934889e+01 -1.980000e+00 1.606118e+02
      vertex   3.919904e+01 -5.480000e+00 1.602500e+02
    endloop
  endfacet
  facet normal -9.238795e-01 0.000000e+00 3.826834e-01
    outer loop
      vertex   3.919904e+01 -5.480000e+00 1.602500e+02
      vertex   3.934889e+01 -1.980000e+00 1.606118e+02
      vertex   3.919904e+01 -1.980000e+00 1.602500e+02
    endloop
  endfacet
  facet normal -7.933533e-01 0.000000e+00 6.087614e-01
    outer loop
      vertex   3.919904e+01 -5.480000e+00 1.602500e+02
      vertex   3.919904e+01 -1.980000e+00 1.602500e+02
      vertex   3.896066e+01 -5.480000e+00 1.599393e+02
    endloop
  endfacet
  facet normal -7.933533e-01 0.000000e+00 6.087614e-01
    outer loop
      vertex   3.896066e+01 -5.480000e+00 1.599393e+02
      vertex   3.919904e+01 -1.980000e+00 1.602500e+02
      vertex   3.896066e+01 -1.980000e+00 1.599393e+02
    endloop
  endfacet
  facet normal -6.087614e-01 0.000000e+00 7.933533e-01
    outer loop
      vertex   3.896066e+01 -5.480000e+00 1.599393e+02
      vertex   3.896066e+01 -1.980000e+00 1.599393e+02
      vertex   3.865000e+01 -5.480000e+00 1.597010e+02
    endloop
  endfacet
  facet normal -6.087614e-01 0.000000e+00 7.933533e-01
    outer loop
      vertex   3.865000e+01 -5.480000e+00 1.597010e+02
      vertex   3.896066e+01 -1.980000e+00 1.599393e+02
      vertex   3.865000e+01 -1.980000e+00 1.597010e+02
    endloop
  endfacet
  facet normal -3.826834e-01 0.000000e+00 9.238795e-01
    outer loop
      vertex   3.865000e+01 -5.480000e+00 1.597010e+02
      vertex   3.865000e+01 -1.980000e+00 1.597010e+02
      vertex   3.828823e+01 -5.480000e+00 1.595511e+02
    endloop
  endfacet
  facet normal -3.826834e-01 0.000000e+00 9.238795e-01
    outer loop
      vertex   3.828823e+01 -5.480000e+00 1.595511e+02
      vertex   3.865000e+01 -1.980000e+00 1.597010e+02
      vertex   3.828823e+01 -1.980000e+00 1.595511e+02
    endloop
  endfacet
  facet normal -1.305262e-01 0.000000e+00 9.914449e-01
    outer loop
      vertex   3.828823e+01 -5.480000e+00 1.595511e+02
      vertex   3.828823e+01 -1.980000e+00 1.595511e+02
      vertex   3.790000e+01 -5.480000e+00 1.595000e+02
    endloop
  endfacet
  facet normal -1.305262e-01 0.000000e+00 9.914449e-01
    outer loop
      vertex   3.790000e+01 -5.480000e+00 1.595000e+02
      vertex   3.828823e+01 -1.980000e+00 1.595511e+02
      vertex   3.790000e+01 -1.980000e+00 1.595000e+02
    endloop
  endfacet
  facet normal 1.305262e-01 -0.000000e+00 9.914449e-01
    outer loop
      vertex   3.790000e+01 -5.480000e+00 1.595000e+02
      vertex   3.790000e+01 -1.980000e+00 1.595000e+02
      vertex   3.751177e+01 -5.480000e+00 1.595511e+02
    endloop
  endfacet
  facet normal 1.305262e-01 -0.000000e+00 9.914449e-01
    outer loop
      vertex   3.751177e+01 -5.480000e+00 1.595511e+02
      vertex   3.790000e+01 -1.980000e+00 1.595000e+02
      vertex   3.751177e+01 -1.980000e+00 1.595511e+02
    endloop
  endfacet
  facet normal 3.826834e-01 -0.000000e+00 9.238795e-01
    outer loop
      vertex   3.751177e+01 -5.480000e+00 1.595511e+02
      vertex   3.751177e+01 -1.980000e+00 1.595511e+02
      vertex   3.715000e+01 -5.480000e+00 1.597010e+02
    endloop
  endfacet
  facet normal 3.826834e-01 -0.000000e+00 9.238795e-01
    outer loop
      vertex   3.715000e+01 -5.480000e+00 1.597010e+02
      vertex   3.751177e+01 -1.980000e+00 1.595511e+02
      vertex   3.715000e+01 -1.980000e+00 1.597010e+02
    endloop
  endfacet
  facet normal 6.087614e-01 -0.000000e+00 7.933533e-01
    outer loop
      vertex   3.715000e+01 -5.480000e+00 1.597010e+02
      vertex   3.715000e+01 -1.980000e+00 1.597010e+02
      vertex   3.683934e+01 -5.480000e+00 1.599393e+02
    endloop
  endfacet
  facet normal 6.087614e-01 -0.000000e+00 7.933533e-01
    outer loop
      vertex   3.683934e+01 -5.480000e+00 1.599393e+02
      vertex   3.715000e+01 -1.980000e+00 1.597010e+02
      vertex   3.683934e+01 -1.980000e+00 1.599393e+02
    endloop
  endfacet
  facet normal 7.933533e-01 -0.000000e+00 6.087614e-01
    outer loop
      vertex   3.683934e+01 -5.480000e+00 1.599393e+02
      vertex   3.683934e+01 -1.980000e+00 1.599393e+02
      vertex   3.660096e+01 -5.480000e+00 1.602500e+02
    endloop
  endfacet
  facet normal 7.933533e-01 -0.000000e+00 6.087614e-01
    outer loop
      vertex   3.660096e+01 -5.480000e+00 1.602500e+02
      vertex   3.683934e+01 -1.980000e+00 1.599393e+02
      vertex   3.660096e+01 -1.980000e+00 1.602500e+02
    endloop
  endfacet
  facet normal 9.238795e-01 -0.000000e+00 3.826834e-01
    outer loop
      vertex   3.660096e+01 -5.480000e+00 1.602500e+02
      vertex   3.660096e+01 -1.980000e+00 1.602500e+02
      vertex   3.645111e+01 -5.480000e+00 1.606118e+02
    endloop
  endfacet
  facet normal 9.238795e-01 -0.000000e+00 3.826834e-01
    outer loop
      vertex   3.645111e+01 -5.480000e+00 1.606118e+02
      vertex   3.660096e+01 -1.980000e+00 1.602500e+02
      vertex   3.645111e+01 -1.980000e+00 1.606118e+02
    endloop
  endfacet
  facet normal 9.914449e-01 -0.000000e+00 1.305262e-01
    outer loop
      vertex   3.645111e+01 -5.480000e+00 1.606118e+02
      vertex   3.645111e+01 -1.980000e+00 1.606118e+02
      vertex   3.640000e+01 -5.480000e+00 1.610000e+02
    endloop
  endfacet
  facet normal 9.914449e-01 0.000000e+00 1.305262e-01
    outer loop
      vertex   3.845111e+01 -1.980000e+00 1.203253e+02
      vertex   3.840000e+01 -1.980000e+00 1.207135e+02
      vertex   3.840000e+01 -5.480000e+00 1.207135e+02
    endloop
  endfacet
  facet normal 9.914449e-01 0.000000e+00 -1.305262e-01
    outer loop
      vertex   3.840000e+01 -5.480000e+00 1.207135e+02
      vertex   3.840000e+01 -1.980000e+00 1.207135e+02
      vertex   3.845111e+01 -1.980000e+00 1.211017e+02
    endloop
  endfacet
  facet normal 9.914449e-01 0.000000e+00 -1.305262e-01
    outer loop
      vertex   3.840000e+01 -5.480000e+00 1.207135e+02
      vertex   3.845111e+01 -1.980000e+00 1.211017e+02
      vertex   3.845111e+01 -5.480000e+00 1.211017e+02
    endloop
  endfacet
  facet normal 9.238795e-01 0.000000e+00 -3.826834e-01
    outer loop
      vertex   3.845111e+01 -5.480000e+00 1.211017e+02
      vertex   3.845111e+01 -1.980000e+00 1.211017e+02
      vertex   3.860096e+01 -5.480000e+00 1.214635e+02
    endloop
  endfacet
  facet normal 9.238795e-01 1.553788e-15 -3.826834e-01
    outer loop
      vertex   3.860096e+01 -5.480000e+00 1.214635e+02
      vertex   3.845111e+01 -1.980000e+00 1.211017e+02
      vertex   3.860096e+01 -1.980000e+00 1.214635e+02
    endloop
  endfacet
  facet normal 7.933533e-01 2.471720e-15 -6.087614e-01
    outer loop
      vertex   3.860096e+01 -5.480000e+00 1.214635e+02
      vertex   3.860096e+01 -1.980000e+00 1.214635e+02
      vertex   3.883934e+01 -5.480000e+00 1.217741e+02
    endloop
  endfacet
  facet normal 7.933533e-01 0.000000e+00 -6.087614e-01
    outer loop
      vertex   3.883934e+01 -5.480000e+00 1.217741e+02
      vertex   3.860096e+01 -1.980000e+00 1.214635e+02
      vertex   3.883934e+01 -1.980000e+00 1.217741e+02
    endloop
  endfacet
  facet normal 6.087614e-01 0.000000e+00 -7.933533e-01
    outer loop
      vertex   3.883934e+01 -5.480000e+00 1.217741e+02
      vertex   3.883934e+01 -1.980000e+00 1.217741e+02
      vertex   3.915000e+01 -5.480000e+00 1.220125e+02
    endloop
  endfacet
  facet normal 6.087614e-01 0.000000e+00 -7.933533e-01
    outer loop
      vertex   3.915000e+01 -5.480000e+00 1.220125e+02
      vertex   3.883934e+01 -1.980000e+00 1.217741e+02
      vertex   3.915000e+01 -1.980000e+00 1.220125e+02
    endloop
  endfacet
  facet normal 3.826834e-01 0.000000e+00 -9.238795e-01
    outer loop
      vertex   3.915000e+01 -5.480000e+00 1.220125e+02
      vertex   3.915000e+01 -1.980000e+00 1.220125e+02
      vertex   3.951177e+01 -5.480000e+00 1.221624e+02
    endloop
  endfacet
  facet normal 3.826834e-01 0.000000e+00 -9.238795e-01
    outer loop
      vertex   3.951177e+01 -5.480000e+00 1.221624e+02
      vertex   3.915000e+01 -1.980000e+00 1.220125e+02
      vertex   3.951177e+01 -1.980000e+00 1.221624e+02
    endloop
  endfacet
  facet normal 1.305262e-01 0.000000e+00 -9.914449e-01
    outer loop
      vertex   3.951177e+01 -5.480000e+00 1.221624e+02
      vertex   3.951177e+01 -1.980000e+00 1.221624e+02
      vertex   3.990000e+01 -5.480000e+00 1.222135e+02
    endloop
  endfacet
  facet normal 1.305262e-01 0.000000e+00 -9.914449e-01
    outer loop
      vertex   3.990000e+01 -5.480000e+00 1.222135e+02
      vertex   3.951177e+01 -1.980000e+00 1.221624e+02
      vertex   3.990000e+01 -1.980000e+00 1.222135e+02
    endloop
  endfacet
  facet normal -1.305262e-01 0.000000e+00 -9.914449e-01
    outer loop
      vertex   3.990000e+01 -5.480000e+00 1.222135e+02
      vertex   3.990000e+01 -1.980000e+00 1.222135e+02
      vertex   4.028823e+01 -5.480000e+00 1.221624e+02
    endloop
  endfacet
  facet normal -1.305262e-01 0.000000e+00 -9.914449e-01
    outer loop
      vertex   4.028823e+01 -5.480000e+00 1.221624e+02
      vertex   3.990000e+01 -1.980000e+00 1.222135e+02
      vertex   4.028823e+01 -1.980000e+00 1.221624e+02
    endloop
  endfacet
  facet normal -3.826834e-01 0.000000e+00 -9.238795e-01
    outer loop
      vertex   4.028823e+01 -5.480000e+00 1.221624e+02
      vertex   4.028823e+01 -1.980000e+00 1.221624e+02
      vertex   4.065000e+01 -5.480000e+00 1.220125e+02
    endloop
  endfacet
  facet normal -3.826834e-01 0.000000e+00 -9.238795e-01
    outer loop
      vertex   4.065000e+01 -5.480000e+00 1.220125e+02
      vertex   4.028823e+01 -1.980000e+00 1.221624e+02
      vertex   4.065000e+01 -1.980000e+00 1.220125e+02
    endloop
  endfacet
  facet normal -6.087614e-01 0.000000e+00 -7.933533e-01
    outer loop
      vertex   4.065000e+01 -5.480000e+00 1.220125e+02
      vertex   4.065000e+01 -1.980000e+00 1.220125e+02
      vertex   4.096066e+01 -5.480000e+00 1.217741e+02
    endloop
  endfacet
  facet normal -6.087614e-01 0.000000e+00 -7.933533e-01
    outer loop
      vertex   4.096066e+01 -5.480000e+00 1.217741e+02
      vertex   4.065000e+01 -1.980000e+00 1.220125e+02
      vertex   4.096066e+01 -1.980000e+00 1.217741e+02
    endloop
  endfacet
  facet normal -7.933533e-01 0.000000e+00 -6.087614e-01
    outer loop
      vertex   4.096066e+01 -5.480000e+00 1.217741e+02
      vertex   4.096066e+01 -1.980000e+00 1.217741e+02
      vertex   4.119904e+01 -5.480000e+00 1.214635e+02
    endloop
  endfacet
  facet normal -7.933533e-01 -2.471720e-15 -6.087614e-01
    outer loop
      vertex   4.119904e+01 -5.480000e+00 1.214635e+02
      vertex   4.096066e+01 -1.980000e+00 1.217741e+02
      vertex   4.119904e+01 -1.980000e+00 1.214635e+02
    endloop
  endfacet
  facet normal -9.238795e-01 -1.553788e-15 -3.826834e-01
    outer loop
      vertex   4.119904e+01 -5.480000e+00 1.214635e+02
      vertex   4.119904e+01 -1.980000e+00 1.214635e+02
      vertex   4.134889e+01 -5.480000e+00 1.211017e+02
    endloop
  endfacet
  facet normal -9.238795e-01 0.000000e+00 -3.826834e-01
    outer loop
      vertex   4.134889e+01 -5.480000e+00 1.211017e+02
      vertex   4.119904e+01 -1.980000e+00 1.214635e+02
      vertex   4.134889e+01 -1.980000e+00 1.211017e+02
    endloop
  endfacet
  facet normal -9.914449e-01 0.000000e+00 -1.305262e-01
    outer loop
      vertex   4.134889e+01 -5.480000e+00 1.211017e+02
      vertex   4.134889e+01 -1.980000e+00 1.211017e+02
      vertex   4.140000e+01 -5.480000e+00 1.207135e+02
    endloop
  endfacet
  facet normal -9.914449e-01 0.000000e+00 -1.305262e-01
    outer loop
      vertex   4.140000e+01 -5.480000e+00 1.207135e+02
      vertex   4.134889e+01 -1.980000e+00 1.211017e+02
      vertex   4.140000e+01 -1.980000e+00 1.207135e+02
    endloop
  endfacet
  facet normal -9.914449e-01 0.000000e+00 1.305262e-01
    outer loop
      vertex   4.140000e+01 -5.480000e+00 1.207135e+02
      vertex   4.140000e+01 -1.980000e+00 1.207135e+02
      vertex   4.134889e+01 -5.480000e+00 1.203253e+02
    endloop
  endfacet
  facet normal -9.914449e-01 0.000000e+00 1.305262e-01
    outer loop
      vertex   4.134889e+01 -5.480000e+00 1.203253e+02
      vertex   4.140000e+01 -1.980000e+00 1.207135e+02
      vertex   4.134889e+01 -1.980000e+00 1.203253e+02
    endloop
  endfacet
  facet normal -9.238795e-01 0.000000e+00 3.826834e-01
    outer loop
      vertex   4.134889e+01 -5.480000e+00 1.203253e+02
      vertex   4.134889e+01 -1.980000e+00 1.203253e+02
      vertex   4.119904e+01 -5.480000e+00 1.199635e+02
    endloop
  endfacet
  facet normal -9.238795e-01 1.553788e-15 3.826834e-01
    outer loop
      vertex   4.119904e+01 -5.480000e+00 1.199635e+02
      vertex   4.134889e+01 -1.980000e+00 1.203253e+02
      vertex   4.119904e+01 -1.980000e+00 1.199635e+02
    endloop
  endfacet
  facet normal -7.933533e-01 2.471720e-15 6.087614e-01
    outer loop
      vertex   4.119904e+01 -5.480000e+00 1.199635e+02
      vertex   4.119904e+01 -1.980000e+00 1.199635e+02
      vertex   4.096066e+01 -5.480000e+00 1.196528e+02
    endloop
  endfacet
  facet normal -7.933533e-01 0.000000e+00 6.087614e-01
    outer loop
      vertex   4.096066e+01 -5.480000e+00 1.196528e+02
      vertex   4.119904e+01 -1.980000e+00 1.199635e+02
      vertex   4.096066e+01 -1.980000e+00 1.196528e+02
    endloop
  endfacet
  facet normal -6.087614e-01 0.000000e+00 7.933533e-01
    outer loop
      vertex   4.096066e+01 -5.480000e+00 1.196528e+02
      vertex   4.096066e+01 -1.980000e+00 1.196528e+02
      vertex   4.065000e+01 -5.480000e+00 1.194144e+02
    endloop
  endfacet
  facet normal -6.087614e-01 0.000000e+00 7.933533e-01
    outer loop
      vertex   4.065000e+01 -5.480000e+00 1.194144e+02
      vertex   4.096066e+01 -1.980000e+00 1.196528e+02
      vertex   4.065000e+01 -1.980000e+00 1.194144e+02
    endloop
  endfacet
  facet normal -3.826834e-01 0.000000e+00 9.238795e-01
    outer loop
      vertex   4.065000e+01 -5.480000e+00 1.194144e+02
      vertex   4.065000e+01 -1.980000e+00 1.194144e+02
      vertex   4.028823e+01 -5.480000e+00 1.192646e+02
    endloop
  endfacet
  facet normal -3.826834e-01 0.000000e+00 9.238795e-01
    outer loop
      vertex   4.028823e+01 -5.480000e+00 1.192646e+02
      vertex   4.065000e+01 -1.980000e+00 1.194144e+02
      vertex   4.028823e+01 -1.980000e+00 1.192646e+02
    endloop
  endfacet
  facet normal -1.305262e-01 0.000000e+00 9.914449e-01
    outer loop
      vertex   4.028823e+01 -5.480000e+00 1.192646e+02
      vertex   4.028823e+01 -1.980000e+00 1.192646e+02
      vertex   3.990000e+01 -5.480000e+00 1.192135e+02
    endloop
  endfacet
  facet normal -1.305262e-01 0.000000e+00 9.914449e-01
    outer loop
      vertex   3.990000e+01 -5.480000e+00 1.192135e+02
      vertex   4.028823e+01 -1.980000e+00 1.192646e+02
      vertex   3.990000e+01 -1.980000e+00 1.192135e+02
    endloop
  endfacet
  facet normal 1.305262e-01 -0.000000e+00 9.914449e-01
    outer loop
      vertex   3.990000e+01 -5.480000e+00 1.192135e+02
      vertex   3.990000e+01 -1.980000e+00 1.192135e+02
      vertex   3.951177e+01 -5.480000e+00 1.192646e+02
    endloop
  endfacet
  facet normal 1.305262e-01 -0.000000e+00 9.914449e-01
    outer loop
      vertex   3.951177e+01 -5.480000e+00 1.192646e+02
      vertex   3.990000e+01 -1.980000e+00 1.192135e+02
      vertex   3.951177e+01 -1.980000e+00 1.192646e+02
    endloop
  endfacet
  facet normal 3.826834e-01 -0.000000e+00 9.238795e-01
    outer loop
      vertex   3.951177e+01 -5.480000e+00 1.192646e+02
      vertex   3.951177e+01 -1.980000e+00 1.192646e+02
      vertex   3.915000e+01 -5.480000e+00 1.194144e+02
    endloop
  endfacet
  facet normal 3.826834e-01 -0.000000e+00 9.238795e-01
    outer loop
      vertex   3.915000e+01 -5.480000e+00 1.194144e+02
      vertex   3.951177e+01 -1.980000e+00 1.192646e+02
      vertex   3.915000e+01 -1.980000e+00 1.194144e+02
    endloop
  endfacet
  facet normal 6.087614e-01 -0.000000e+00 7.933533e-01
    outer loop
      vertex   3.915000e+01 -5.480000e+00 1.194144e+02
      vertex   3.915000e+01 -1.980000e+00 1.194144e+02
      vertex   3.883934e+01 -5.480000e+00 1.196528e+02
    endloop
  endfacet
  facet normal 6.087614e-01 -0.000000e+00 7.933533e-01
    outer loop
      vertex   3.883934e+01 -5.480000e+00 1.196528e+02
      vertex   3.915000e+01 -1.980000e+00 1.194144e+02
      vertex   3.883934e+01 -1.980000e+00 1.196528e+02
    endloop
  endfacet
  facet normal 7.933533e-01 -0.000000e+00 6.087614e-01
    outer loop
      vertex   3.883934e+01 -5.480000e+00 1.196528e+02
      vertex   3.883934e+01 -1.980000e+00 1.196528e+02
      vertex   3.860096e+01 -5.480000e+00 1.199635e+02
    endloop
  endfacet
  facet normal 7.933533e-01 -2.471720e-15 6.087614e-01
    outer loop
      vertex   3.860096e+01 -5.480000e+00 1.199635e+02
      vertex   3.883934e+01 -1.980000e+00 1.196528e+02
      vertex   3.860096e+01 -1.980000e+00 1.199635e+02
    endloop
  endfacet
  facet normal 9.238795e-01 -1.553788e-15 3.826834e-01
    outer loop
      vertex   3.860096e+01 -5.480000e+00 1.199635e+02
      vertex   3.860096e+01 -1.980000e+00 1.199635e+02
      vertex   3.845111e+01 -5.480000e+00 1.203253e+02
    endloop
  endfacet
  facet normal 9.238795e-01 -0.000000e+00 3.826834e-01
    outer loop
      vertex   3.845111e+01 -5.480000e+00 1.203253e+02
      vertex   3.860096e+01 -1.980000e+00 1.199635e+02
      vertex   3.845111e+01 -1.980000e+00 1.203253e+02
    endloop
  endfacet
  facet normal 9.914449e-01 -0.000000e+00 1.305262e-01
    outer loop
      vertex   3.845111e+01 -5.480000e+00 1.203253e+02
      vertex   3.845111e+01 -1.980000e+00 1.203253e+02
      vertex   3.840000e+01 -5.480000e+00 1.207135e+02
    endloop
  endfacet
  facet normal 9.914449e-01 0.000000e+00 1.305262e-01
    outer loop
      vertex   -1.154889e+01 -1.980000e+00 1.606118e+02
      vertex   -1.160000e+01 -1.980000e+00 1.610000e+02
      vertex   -1.160000e+01 -5.480000e+00 1.610000e+02
    endloop
  endfacet
  facet normal 9.914449e-01 0.000000e+00 -1.305262e-01
    outer loop
      vertex   -1.160000e+01 -5.480000e+00 1.610000e+02
      vertex   -1.160000e+01 -1.980000e+00 1.610000e+02
      vertex   -1.154889e+01 -1.980000e+00 1.613882e+02
    endloop
  endfacet
  facet normal 9.914449e-01 -5.012316e-16 -1.305262e-01
    outer loop
      vertex   -1.160000e+01 -5.480000e+00 1.610000e+02
      vertex   -1.154889e+01 -1.980000e+00 1.613882e+02
      vertex   -1.154889e+01 -5.480000e+00 1.613882e+02
    endloop
  endfacet
  facet normal 9.238795e-01 -4.688971e-16 -3.826834e-01
    outer loop
      vertex   -1.154889e+01 -5.480000e+00 1.613882e+02
      vertex   -1.154889e+01 -1.980000e+00 1.613882e+02
      vertex   -1.139904e+01 -5.480000e+00 1.617500e+02
    endloop
  endfacet
  facet normal 9.238795e-01 -4.688971e-16 -3.826834e-01
    outer loop
      vertex   -1.139904e+01 -5.480000e+00 1.617500e+02
      vertex   -1.154889e+01 -1.980000e+00 1.613882e+02
      vertex   -1.139904e+01 -1.980000e+00 1.617500e+02
    endloop
  endfacet
  facet normal 7.933533e-01 -4.026510e-16 -6.087614e-01
    outer loop
      vertex   -1.139904e+01 -5.480000e+00 1.617500e+02
      vertex   -1.139904e+01 -1.980000e+00 1.617500e+02
      vertex   -1.116066e+01 -5.480000e+00 1.620607e+02
    endloop
  endfacet
  facet normal 7.933533e-01 0.000000e+00 -6.087614e-01
    outer loop
      vertex   -1.116066e+01 -5.480000e+00 1.620607e+02
      vertex   -1.139904e+01 -1.980000e+00 1.617500e+02
      vertex   -1.116066e+01 -1.980000e+00 1.620607e+02
    endloop
  endfacet
  facet normal 6.087614e-01 0.000000e+00 -7.933533e-01
    outer loop
      vertex   -1.116066e+01 -5.480000e+00 1.620607e+02
      vertex   -1.116066e+01 -1.980000e+00 1.620607e+02
      vertex   -1.085000e+01 -5.480000e+00 1.622990e+02
    endloop
  endfacet
  facet normal 6.087614e-01 0.000000e+00 -7.933533e-01
    outer loop
      vertex   -1.085000e+01 -5.480000e+00 1.622990e+02
      vertex   -1.116066e+01 -1.980000e+00 1.620607e+02
      vertex   -1.085000e+01 -1.980000e+00 1.622990e+02
    endloop
  endfacet
  facet normal 3.826834e-01 0.000000e+00 -9.238795e-01
    outer loop
      vertex   -1.085000e+01 -5.480000e+00 1.622990e+02
      vertex   -1.085000e+01 -1.980000e+00 1.622990e+02
      vertex   -1.048823e+01 -5.480000e+00 1.624489e+02
    endloop
  endfacet
  facet normal 3.826834e-01 -1.942235e-16 -9.238795e-01
    outer loop
      vertex   -1.048823e+01 -5.480000e+00 1.624489e+02
      vertex   -1.085000e+01 -1.980000e+00 1.622990e+02
      vertex   -1.048823e+01 -1.980000e+00 1.624489e+02
    endloop
  endfacet
  facet normal 1.305262e-01 -6.624603e-17 -9.914449e-01
    outer loop
      vertex   -1.048823e+01 -5.480000e+00 1.624489e+02
      vertex   -1.048823e+01 -1.980000e+00 1.624489e+02
      vertex   -1.010000e+01 -5.480000e+00 1.625000e+02
    endloop
  endfacet
  facet normal 1.305262e-01 0.000000e+00 -9.914449e-01
    outer loop
      vertex   -1.010000e+01 -5.480000e+00 1.625000e+02
      vertex   -1.048823e+01 -1.980000e+00 1.624489e+02
      vertex   -1.010000e+01 -1.980000e+00 1.625000e+02
    endloop
  endfacet
  facet normal -1.305262e-01 0.000000e+00 -9.914449e-01
    outer loop
      vertex   -1.010000e+01 -5.480000e+00 1.625000e+02
      vertex   -1.010000e+01 -1.980000e+00 1.625000e+02
      vertex   -9.711771e+00 -5.480000e+00 1.624489e+02
    endloop
  endfacet
  facet normal -1.305262e-01 6.624603e-17 -9.914449e-01
    outer loop
      vertex   -9.711771e+00 -5.480000e+00 1.624489e+02
      vertex   -1.010000e+01 -1.980000e+00 1.625000e+02
      vertex   -9.711771e+00 -1.980000e+00 1.624489e+02
    endloop
  endfacet
  facet normal -3.826834e-01 1.942235e-16 -9.238795e-01
    outer loop
      vertex   -9.711771e+00 -5.480000e+00 1.624489e+02
      vertex   -9.711771e+00 -1.980000e+00 1.624489e+02
      vertex   -9.349999e+00 -5.480000e+00 1.622990e+02
    endloop
  endfacet
  facet normal -3.826834e-01 0.000000e+00 -9.238795e-01
    outer loop
      vertex   -9.349999e+00 -5.480000e+00 1.622990e+02
      vertex   -9.711771e+00 -1.980000e+00 1.624489e+02
      vertex   -9.349999e+00 -1.980000e+00 1.622990e+02
    endloop
  endfacet
  facet normal -6.087614e-01 0.000000e+00 -7.933533e-01
    outer loop
      vertex   -9.349999e+00 -5.480000e+00 1.622990e+02
      vertex   -9.349999e+00 -1.980000e+00 1.622990e+02
      vertex   -9.039339e+00 -5.480000e+00 1.620607e+02
    endloop
  endfacet
  facet normal -6.087614e-01 0.000000e+00 -7.933533e-01
    outer loop
      vertex   -9.039339e+00 -5.480000e+00 1.620607e+02
      vertex   -9.349999e+00 -1.980000e+00 1.622990e+02
      vertex   -9.039339e+00 -1.980000e+00 1.620607e+02
    endloop
  endfacet
  facet normal -7.933533e-01 0.000000e+00 -6.087614e-01
    outer loop
      vertex   -9.039339e+00 -5.480000e+00 1.620607e+02
      vertex   -9.039339e+00 -1.980000e+00 1.620607e+02
      vertex   -8.800961e+00 -5.480000e+00 1.617500e+02
    endloop
  endfacet
  facet normal -7.933533e-01 0.000000e+00 -6.087614e-01
    outer loop
      vertex   -8.800961e+00 -5.480000e+00 1.617500e+02
      vertex   -9.039339e+00 -1.980000e+00 1.620607e+02
      vertex   -8.800961e+00 -1.980000e+00 1.617500e+02
    endloop
  endfacet
  facet normal -9.238795e-01 0.000000e+00 -3.826834e-01
    outer loop
      vertex   -8.800961e+00 -5.480000e+00 1.617500e+02
      vertex   -8.800961e+00 -1.980000e+00 1.617500e+02
      vertex   -8.651111e+00 -5.480000e+00 1.613882e+02
    endloop
  endfacet
  facet normal -9.238795e-01 0.000000e+00 -3.826834e-01
    outer loop
      vertex   -8.651111e+00 -5.480000e+00 1.613882e+02
      vertex   -8.800961e+00 -1.980000e+00 1.617500e+02
      vertex   -8.651111e+00 -1.980000e+00 1.613882e+02
    endloop
  endfacet
  facet normal -9.914449e-01 0.000000e+00 -1.305262e-01
    outer loop
      vertex   -8.651111e+00 -5.480000e+00 1.613882e+02
      vertex   -8.651111e+00 -1.980000e+00 1.613882e+02
      vertex   -8.599999e+00 -5.480000e+00 1.610000e+02
    endloop
  endfacet
  facet normal -9.914449e-01 0.000000e+00 -1.305262e-01
    outer loop
      vertex   -8.599999e+00 -5.480000e+00 1.610000e+02
      vertex   -8.651111e+00 -1.980000e+00 1.613882e+02
      vertex   -8.599999e+00 -1.980000e+00 1.610000e+02
    endloop
  endfacet
  facet normal -9.914449e-01 0.000000e+00 1.305262e-01
    outer loop
      vertex   -8.599999e+00 -5.480000e+00 1.610000e+02
      vertex   -8.599999e+00 -1.980000e+00 1.610000e+02
      vertex   -8.651111e+00 -5.480000e+00 1.606118e+02
    endloop
  endfacet
  facet normal -9.914449e-01 0.000000e+00 1.305262e-01
    outer loop
      vertex   -8.651111e+00 -5.480000e+00 1.606118e+02
      vertex   -8.599999e+00 -1.980000e+00 1.610000e+02
      vertex   -8.651111e+00 -1.980000e+00 1.606118e+02
    endloop
  endfacet
  facet normal -9.238795e-01 0.000000e+00 3.826834e-01
    outer loop
      vertex   -8.651111e+00 -5.480000e+00 1.606118e+02
      vertex   -8.651111e+00 -1.980000e+00 1.606118e+02
      vertex   -8.800961e+00 -5.480000e+00 1.602500e+02
    endloop
  endfacet
  facet normal -9.238795e-01 0.000000e+00 3.826834e-01
    outer loop
      vertex   -8.800961e+00 -5.480000e+00 1.602500e+02
      vertex   -8.651111e+00 -1.980000e+00 1.606118e+02
      vertex   -8.800961e+00 -1.980000e+00 1.602500e+02
    endloop
  endfacet
  facet normal -7.933533e-01 0.000000e+00 6.087614e-01
    outer loop
      vertex   -8.800961e+00 -5.480000e+00 1.602500e+02
      vertex   -8.800961e+00 -1.980000e+00 1.602500e+02
      vertex   -9.039339e+00 -5.480000e+00 1.599393e+02
    endloop
  endfacet
  facet normal -7.933533e-01 0.000000e+00 6.087614e-01
    outer loop
      vertex   -9.039339e+00 -5.480000e+00 1.599393e+02
      vertex   -8.800961e+00 -1.980000e+00 1.602500e+02
      vertex   -9.039339e+00 -1.980000e+00 1.599393e+02
    endloop
  endfacet
  facet normal -6.087614e-01 0.000000e+00 7.933533e-01
    outer loop
      vertex   -9.039339e+00 -5.480000e+00 1.599393e+02
      vertex   -9.039339e+00 -1.980000e+00 1.599393e+02
      vertex   -9.349999e+00 -5.480000e+00 1.597010e+02
    endloop
  endfacet
  facet normal -6.087614e-01 0.000000e+00 7.933533e-01
    outer loop
      vertex   -9.349999e+00 -5.480000e+00 1.597010e+02
      vertex   -9.039339e+00 -1.980000e+00 1.599393e+02
      vertex   -9.349999e+00 -1.980000e+00 1.597010e+02
    endloop
  endfacet
  facet normal -3.826834e-01 0.000000e+00 9.238795e-01
    outer loop
      vertex   -9.349999e+00 -5.480000e+00 1.597010e+02
      vertex   -9.349999e+00 -1.980000e+00 1.597010e+02
      vertex   -9.711771e+00 -5.480000e+00 1.595511e+02
    endloop
  endfacet
  facet normal -3.826834e-01 -1.942235e-16 9.238795e-01
    outer loop
      vertex   -9.711771e+00 -5.480000e+00 1.595511e+02
      vertex   -9.349999e+00 -1.980000e+00 1.597010e+02
      vertex   -9.711771e+00 -1.980000e+00 1.595511e+02
    endloop
  endfacet
  facet normal -1.305262e-01 -6.624603e-17 9.914449e-01
    outer loop
      vertex   -9.711771e+00 -5.480000e+00 1.595511e+02
      vertex   -9.711771e+00 -1.980000e+00 1.595511e+02
      vertex   -1.010000e+01 -5.480000e+00 1.595000e+02
    endloop
  endfacet
  facet normal -1.305262e-01 0.000000e+00 9.914449e-01
    outer loop
      vertex   -1.010000e+01 -5.480000e+00 1.595000e+02
      vertex   -9.711771e+00 -1.980000e+00 1.595511e+02
      vertex   -1.010000e+01 -1.980000e+00 1.595000e+02
    endloop
  endfacet
  facet normal 1.305262e-01 -0.000000e+00 9.914449e-01
    outer loop
      vertex   -1.010000e+01 -5.480000e+00 1.595000e+02
      vertex   -1.010000e+01 -1.980000e+00 1.595000e+02
      vertex   -1.048823e+01 -5.480000e+00 1.595511e+02
    endloop
  endfacet
  facet normal 1.305262e-01 6.624603e-17 9.914449e-01
    outer loop
      vertex   -1.048823e+01 -5.480000e+00 1.595511e+02
      vertex   -1.010000e+01 -1.980000e+00 1.595000e+02
      vertex   -1.048823e+01 -1.980000e+00 1.595511e+02
    endloop
  endfacet
  facet normal 3.826834e-01 1.942235e-16 9.238795e-01
    outer loop
      vertex   -1.048823e+01 -5.480000e+00 1.595511e+02
      vertex   -1.048823e+01 -1.980000e+00 1.595511e+02
      vertex   -1.085000e+01 -5.480000e+00 1.597010e+02
    endloop
  endfacet
  facet normal 3.826834e-01 -0.000000e+00 9.238795e-01
    outer loop
      vertex   -1.085000e+01 -5.480000e+00 1.597010e+02
      vertex   -1.048823e+01 -1.980000e+00 1.595511e+02
      vertex   -1.085000e+01 -1.980000e+00 1.597010e+02
    endloop
  endfacet
  facet normal 6.087614e-01 -0.000000e+00 7.933533e-01
    outer loop
      vertex   -1.085000e+01 -5.480000e+00 1.597010e+02
      vertex   -1.085000e+01 -1.980000e+00 1.597010e+02
      vertex   -1.116066e+01 -5.480000e+00 1.599393e+02
    endloop
  endfacet
  facet normal 6.087614e-01 -0.000000e+00 7.933533e-01
    outer loop
      vertex   -1.116066e+01 -5.480000e+00 1.599393e+02
      vertex   -1.085000e+01 -1.980000e+00 1.597010e+02
      vertex   -1.116066e+01 -1.980000e+00 1.599393e+02
    endloop
  endfacet
  facet normal 7.933533e-01 -0.000000e+00 6.087614e-01
    outer loop
      vertex   -1.116066e+01 -5.480000e+00 1.599393e+02
      vertex   -1.116066e+01 -1.980000e+00 1.599393e+02
      vertex   -1.139904e+01 -5.480000e+00 1.602500e+02
    endloop
  endfacet
  facet normal 7.933533e-01 4.026510e-16 6.087614e-01
    outer loop
      vertex   -1.139904e+01 -5.480000e+00 1.602500e+02
      vertex   -1.116066e+01 -1.980000e+00 1.599393e+02
      vertex   -1.139904e+01 -1.980000e+00 1.602500e+02
    endloop
  endfacet
  facet normal 9.238795e-01 4.688971e-16 3.826834e-01
    outer loop
      vertex   -1.139904e+01 -5.480000e+00 1.602500e+02
      vertex   -1.139904e+01 -1.980000e+00 1.602500e+02
      vertex   -1.154889e+01 -5.480000e+00 1.606118e+02
    endloop
  endfacet
  facet normal 9.238795e-01 4.688971e-16 3.826834e-01
    outer loop
      vertex   -1.154889e+01 -5.480000e+00 1.606118e+02
      vertex   -1.139904e+01 -1.980000e+00 1.602500e+02
      vertex   -1.154889e+01 -1.980000e+00 1.606118e+02
    endloop
  endfacet
  facet normal 9.914449e-01 5.031885e-16 1.305262e-01
    outer loop
      vertex   -1.154889e+01 -5.480000e+00 1.606118e+02
      vertex   -1.154889e+01 -1.980000e+00 1.606118e+02
      vertex   -1.160000e+01 -5.480000e+00 1.610000e+02
    endloop
  endfacet
  facet normal 9.914449e-01 0.000000e+00 1.305262e-01
    outer loop
      vertex   -1.548889e+00 -1.980000e+00 1.606118e+02
      vertex   -1.600000e+00 -1.980000e+00 1.610000e+02
      vertex   -1.600000e+00 -5.480000e+00 1.610000e+02
    endloop
  endfacet
  facet normal 9.914449e-01 0.000000e+00 -1.305262e-01
    outer loop
      vertex   -1.600000e+00 -5.480000e+00 1.610000e+02
      vertex   -1.600000e+00 -1.980000e+00 1.610000e+02
      vertex   -1.548889e+00 -1.980000e+00 1.613882e+02
    endloop
  endfacet
  facet normal 9.914449e-01 -6.328682e-17 -1.305262e-01
    outer loop
      vertex   -1.600000e+00 -5.480000e+00 1.610000e+02
      vertex   -1.548889e+00 -1.980000e+00 1.613882e+02
      vertex   -1.548889e+00 -5.480000e+00 1.613882e+02
    endloop
  endfacet
  facet normal 9.238795e-01 -5.861213e-17 -3.826834e-01
    outer loop
      vertex   -1.548889e+00 -5.480000e+00 1.613882e+02
      vertex   -1.548889e+00 -1.980000e+00 1.613882e+02
      vertex   -1.399038e+00 -5.480000e+00 1.617500e+02
    endloop
  endfacet
  facet normal 9.238795e-01 -5.861213e-17 -3.826834e-01
    outer loop
      vertex   -1.399038e+00 -5.480000e+00 1.617500e+02
      vertex   -1.548889e+00 -1.980000e+00 1.613882e+02
      vertex   -1.399038e+00 -1.980000e+00 1.617500e+02
    endloop
  endfacet
  facet normal 7.933533e-01 -5.033138e-17 -6.087614e-01
    outer loop
      vertex   -1.399038e+00 -5.480000e+00 1.617500e+02
      vertex   -1.399038e+00 -1.980000e+00 1.617500e+02
      vertex   -1.160660e+00 -5.480000e+00 1.620607e+02
    endloop
  endfacet
  facet normal 7.933533e-01 0.000000e+00 -6.087614e-01
    outer loop
      vertex   -1.160660e+00 -5.480000e+00 1.620607e+02
      vertex   -1.399038e+00 -1.980000e+00 1.617500e+02
      vertex   -1.160660e+00 -1.980000e+00 1.620607e+02
    endloop
  endfacet
  facet normal 6.087614e-01 0.000000e+00 -7.933533e-01
    outer loop
      vertex   -1.160660e+00 -5.480000e+00 1.620607e+02
      vertex   -1.160660e+00 -1.980000e+00 1.620607e+02
      vertex   -8.499999e-01 -5.480000e+00 1.622990e+02
    endloop
  endfacet
  facet normal 6.087614e-01 -2.124134e-16 -7.933533e-01
    outer loop
      vertex   -8.499999e-01 -5.480000e+00 1.622990e+02
      vertex   -1.160660e+00 -1.980000e+00 1.620607e+02
      vertex   -8.499999e-01 -1.980000e+00 1.622990e+02
    endloop
  endfacet
  facet normal 3.826834e-01 -1.335287e-16 -9.238795e-01
    outer loop
      vertex   -8.499999e-01 -5.480000e+00 1.622990e+02
      vertex   -8.499999e-01 -1.980000e+00 1.622990e+02
      vertex   -4.882284e-01 -5.480000e+00 1.624489e+02
    endloop
  endfacet
  facet normal 3.826834e-01 -7.283382e-17 -9.238795e-01
    outer loop
      vertex   -4.882284e-01 -5.480000e+00 1.624489e+02
      vertex   -8.499999e-01 -1.980000e+00 1.622990e+02
      vertex   -4.882284e-01 -1.980000e+00 1.624489e+02
    endloop
  endfacet
  facet normal 1.305262e-01 -2.484226e-17 -9.914449e-01
    outer loop
      vertex   -4.882284e-01 -5.480000e+00 1.624489e+02
      vertex   -4.882284e-01 -1.980000e+00 1.624489e+02
      vertex   -9.999987e-02 -5.480000e+00 1.625000e+02
    endloop
  endfacet
  facet normal 1.305262e-01 0.000000e+00 -9.914449e-01
    outer loop
      vertex   -9.999987e-02 -5.480000e+00 1.625000e+02
      vertex   -4.882284e-01 -1.980000e+00 1.624489e+02
      vertex   -9.999987e-02 -1.980000e+00 1.625000e+02
    endloop
  endfacet
  facet normal -1.305262e-01 0.000000e+00 -9.914449e-01
    outer loop
      vertex   -9.999987e-02 -5.480000e+00 1.625000e+02
      vertex   -9.999987e-02 -1.980000e+00 1.625000e+02
      vertex   2.882287e-01 -5.480000e+00 1.624489e+02
    endloop
  endfacet
  facet normal -1.305262e-01 3.933358e-17 -9.914449e-01
    outer loop
      vertex   2.882287e-01 -5.480000e+00 1.624489e+02
      vertex   -9.999987e-02 -1.980000e+00 1.625000e+02
      vertex   2.882287e-01 -1.980000e+00 1.624489e+02
    endloop
  endfacet
  facet normal -3.826834e-01 1.153202e-16 -9.238795e-01
    outer loop
      vertex   2.882287e-01 -5.480000e+00 1.624489e+02
      vertex   2.882287e-01 -1.980000e+00 1.624489e+02
      vertex   6.500001e-01 -5.480000e+00 1.622990e+02
    endloop
  endfacet
  facet normal -3.826834e-01 7.283382e-17 -9.238795e-01
    outer loop
      vertex   6.500001e-01 -5.480000e+00 1.622990e+02
      vertex   2.882287e-01 -1.980000e+00 1.624489e+02
      vertex   6.500001e-01 -1.980000e+00 1.622990e+02
    endloop
  endfacet
  facet normal -6.087614e-01 1.158619e-16 -7.933533e-01
    outer loop
      vertex   6.500001e-01 -5.480000e+00 1.622990e+02
      vertex   6.500001e-01 -1.980000e+00 1.622990e+02
      vertex   9.606603e-01 -5.480000e+00 1.620607e+02
    endloop
  endfacet
  facet normal -6.087614e-01 5.793094e-17 -7.933533e-01
    outer loop
      vertex   9.606603e-01 -5.480000e+00 1.620607e+02
      vertex   6.500001e-01 -1.980000e+00 1.622990e+02
      vertex   9.606603e-01 -1.980000e+00 1.620607e+02
    endloop
  endfacet
  facet normal -7.933533e-01 7.549707e-17 -6.087614e-01
    outer loop
      vertex   9.606603e-01 -5.480000e+00 1.620607e+02
      vertex   9.606603e-01 -1.980000e+00 1.620607e+02
      vertex   1.199038e+00 -5.480000e+00 1.617500e+02
    endloop
  endfacet
  facet normal -7.933533e-01 5.033138e-17 -6.087614e-01
    outer loop
      vertex   1.199038e+00 -5.480000e+00 1.617500e+02
      vertex   9.606603e-01 -1.980000e+00 1.620607e+02
      vertex   1.199038e+00 -1.980000e+00 1.617500e+02
    endloop
  endfacet
  facet normal -9.238795e-01 5.861213e-17 -3.826834e-01
    outer loop
      vertex   1.199038e+00 -5.480000e+00 1.617500e+02
      vertex   1.199038e+00 -1.980000e+00 1.617500e+02
      vertex   1.348889e+00 -5.480000e+00 1.613882e+02
    endloop
  endfacet
  facet normal -9.238795e-01 0.000000e+00 -3.826834e-01
    outer loop
      vertex   1.348889e+00 -5.480000e+00 1.613882e+02
      vertex   1.199038e+00 -1.980000e+00 1.617500e+02
      vertex   1.348889e+00 -1.980000e+00 1.613882e+02
    endloop
  endfacet
  facet normal -9.914449e-01 0.000000e+00 -1.305262e-01
    outer loop
      vertex   1.348889e+00 -5.480000e+00 1.613882e+02
      vertex   1.348889e+00 -1.980000e+00 1.613882e+02
      vertex   1.400000e+00 -5.480000e+00 1.610000e+02
    endloop
  endfacet
  facet normal -9.914449e-01 0.000000e+00 -1.305262e-01
    outer loop
      vertex   1.400000e+00 -5.480000e+00 1.610000e+02
      vertex   1.348889e+00 -1.980000e+00 1.613882e+02
      vertex   1.400000e+00 -1.980000e+00 1.610000e+02
    endloop
  endfacet
  facet normal -9.914449e-01 0.000000e+00 1.305262e-01
    outer loop
      vertex   1.400000e+00 -5.480000e+00 1.610000e+02
      vertex   1.400000e+00 -1.980000e+00 1.610000e+02
      vertex   1.348889e+00 -5.480000e+00 1.606118e+02
    endloop
  endfacet
  facet normal -9.914449e-01 0.000000e+00 1.305262e-01
    outer loop
      vertex   1.348889e+00 -5.480000e+00 1.606118e+02
      vertex   1.400000e+00 -1.980000e+00 1.610000e+02
      vertex   1.348889e+00 -1.980000e+00 1.606118e+02
    endloop
  endfacet
  facet normal -9.238795e-01 0.000000e+00 3.826834e-01
    outer loop
      vertex   1.348889e+00 -5.480000e+00 1.606118e+02
      vertex   1.348889e+00 -1.980000e+00 1.606118e+02
      vertex   1.199038e+00 -5.480000e+00 1.602500e+02
    endloop
  endfacet
  facet normal -9.238795e-01 -5.861213e-17 3.826834e-01
    outer loop
      vertex   1.199038e+00 -5.480000e+00 1.602500e+02
      vertex   1.348889e+00 -1.980000e+00 1.606118e+02
      vertex   1.199038e+00 -1.980000e+00 1.602500e+02
    endloop
  endfacet
  facet normal -7.933533e-01 -5.033138e-17 6.087614e-01
    outer loop
      vertex   1.199038e+00 -5.480000e+00 1.602500e+02
      vertex   1.199038e+00 -1.980000e+00 1.602500e+02
      vertex   9.606603e-01 -5.480000e+00 1.599393e+02
    endloop
  endfacet
  facet normal -7.933533e-01 -7.549707e-17 6.087614e-01
    outer loop
      vertex   9.606603e-01 -5.480000e+00 1.599393e+02
      vertex   1.199038e+00 -1.980000e+00 1.602500e+02
      vertex   9.606603e-01 -1.980000e+00 1.599393e+02
    endloop
  endfacet
  facet normal -6.087614e-01 -5.793094e-17 7.933533e-01
    outer loop
      vertex   9.606603e-01 -5.480000e+00 1.599393e+02
      vertex   9.606603e-01 -1.980000e+00 1.599393e+02
      vertex   6.500001e-01 -5.480000e+00 1.597010e+02
    endloop
  endfacet
  facet normal -6.087614e-01 -1.158619e-16 7.933533e-01
    outer loop
      vertex   6.500001e-01 -5.480000e+00 1.597010e+02
      vertex   9.606603e-01 -1.980000e+00 1.599393e+02
      vertex   6.500001e-01 -1.980000e+00 1.597010e+02
    endloop
  endfacet
  facet normal -3.826834e-01 -7.283382e-17 9.238795e-01
    outer loop
      vertex   6.500001e-01 -5.480000e+00 1.597010e+02
      vertex   6.500001e-01 -1.980000e+00 1.597010e+02
      vertex   2.882287e-01 -5.480000e+00 1.595511e+02
    endloop
  endfacet
  facet normal -3.826834e-01 -1.153202e-16 9.238795e-01
    outer loop
      vertex   2.882287e-01 -5.480000e+00 1.595511e+02
      vertex   6.500001e-01 -1.980000e+00 1.597010e+02
      vertex   2.882287e-01 -1.980000e+00 1.595511e+02
    endloop
  endfacet
  facet normal -1.305262e-01 -3.933358e-17 9.914449e-01
    outer loop
      vertex   2.882287e-01 -5.480000e+00 1.595511e+02
      vertex   2.882287e-01 -1.980000e+00 1.595511e+02
      vertex   -9.999987e-02 -5.480000e+00 1.595000e+02
    endloop
  endfacet
  facet normal -1.305262e-01 0.000000e+00 9.914449e-01
    outer loop
      vertex   -9.999987e-02 -5.480000e+00 1.595000e+02
      vertex   2.882287e-01 -1.980000e+00 1.595511e+02
      vertex   -9.999987e-02 -1.980000e+00 1.595000e+02
    endloop
  endfacet
  facet normal 1.305262e-01 -0.000000e+00 9.914449e-01
    outer loop
      vertex   -9.999987e-02 -5.480000e+00 1.595000e+02
      vertex   -9.999987e-02 -1.980000e+00 1.595000e+02
      vertex   -4.882284e-01 -5.480000e+00 1.595511e+02
    endloop
  endfacet
  facet normal 1.305262e-01 2.484226e-17 9.914449e-01
    outer loop
      vertex   -4.882284e-01 -5.480000e+00 1.595511e+02
      vertex   -9.999987e-02 -1.980000e+00 1.595000e+02
      vertex   -4.882284e-01 -1.980000e+00 1.595511e+02
    endloop
  endfacet
  facet normal 3.826834e-01 7.283382e-17 9.238795e-01
    outer loop
      vertex   -4.882284e-01 -5.480000e+00 1.595511e+02
      vertex   -4.882284e-01 -1.980000e+00 1.595511e+02
      vertex   -8.499999e-01 -5.480000e+00 1.597010e+02
    endloop
  endfacet
  facet normal 3.826834e-01 1.335287e-16 9.238795e-01
    outer loop
      vertex   -8.499999e-01 -5.480000e+00 1.597010e+02
      vertex   -4.882284e-01 -1.980000e+00 1.595511e+02
      vertex   -8.499999e-01 -1.980000e+00 1.597010e+02
    endloop
  endfacet
  facet normal 6.087614e-01 2.124134e-16 7.933533e-01
    outer loop
      vertex   -8.499999e-01 -5.480000e+00 1.597010e+02
      vertex   -8.499999e-01 -1.980000e+00 1.597010e+02
      vertex   -1.160660e+00 -5.480000e+00 1.599393e+02
    endloop
  endfacet
  facet normal 6.087614e-01 -0.000000e+00 7.933533e-01
    outer loop
      vertex   -1.160660e+00 -5.480000e+00 1.599393e+02
      vertex   -8.499999e-01 -1.980000e+00 1.597010e+02
      vertex   -1.160660e+00 -1.980000e+00 1.599393e+02
    endloop
  endfacet
  facet normal 7.933533e-01 -0.000000e+00 6.087614e-01
    outer loop
      vertex   -1.160660e+00 -5.480000e+00 1.599393e+02
      vertex   -1.160660e+00 -1.980000e+00 1.599393e+02
      vertex   -1.399038e+00 -5.480000e+00 1.602500e+02
    endloop
  endfacet
  facet normal 7.933533e-01 5.033138e-17 6.087614e-01
    outer loop
      vertex   -1.399038e+00 -5.480000e+00 1.602500e+02
      vertex   -1.160660e+00 -1.980000e+00 1.599393e+02
      vertex   -1.399038e+00 -1.980000e+00 1.602500e+02
    endloop
  endfacet
  facet normal 9.238795e-01 5.861213e-17 3.826834e-01
    outer loop
      vertex   -1.399038e+00 -5.480000e+00 1.602500e+02
      vertex   -1.399038e+00 -1.980000e+00 1.602500e+02
      vertex   -1.548889e+00 -5.480000e+00 1.606118e+02
    endloop
  endfacet
  facet normal 9.238795e-01 5.861213e-17 3.826834e-01
    outer loop
      vertex   -1.548889e+00 -5.480000e+00 1.606118e+02
      vertex   -1.399038e+00 -1.980000e+00 1.602500e+02
      vertex   -1.548889e+00 -1.980000e+00 1.606118e+02
    endloop
  endfacet
  facet normal 9.914449e-01 6.289857e-17 1.305262e-01
    outer loop
      vertex   -1.548889e+00 -5.480000e+00 1.606118e+02
      vertex   -1.548889e+00 -1.980000e+00 1.606118e+02
      vertex   -1.600000e+00 -5.480000e+00 1.610000e+02
    endloop
  endfacet
  facet normal 9.914449e-01 0.000000e+00 -1.305262e-01
    outer loop
      vertex   -3.104889e+01 -1.980000e+00 1.303882e+02
      vertex   -3.104889e+01 -5.480000e+00 1.303882e+02
      vertex   -3.110000e+01 -1.980000e+00 1.300000e+02
    endloop
  endfacet
  facet normal 9.914449e-01 0.000000e+00 -1.305262e-01
    outer loop
      vertex   -3.110000e+01 -1.980000e+00 1.300000e+02
      vertex   -3.104889e+01 -5.480000e+00 1.303882e+02
      vertex   -3.110000e+01 -5.480000e+00 1.300000e+02
    endloop
  endfacet
  facet normal 9.914449e-01 0.000000e+00 1.305262e-01
    outer loop
      vertex   -3.110000e+01 -1.980000e+00 1.300000e+02
      vertex   -3.110000e+01 -5.480000e+00 1.300000e+02
      vertex   -3.104889e+01 -1.980000e+00 1.296118e+02
    endloop
  endfacet
  facet normal 9.914449e-01 0.000000e+00 1.305262e-01
    outer loop
      vertex   -3.104889e+01 -1.980000e+00 1.296118e+02
      vertex   -3.110000e+01 -5.480000e+00 1.300000e+02
      vertex   -3.104889e+01 -5.480000e+00 1.296118e+02
    endloop
  endfacet
  facet normal 9.238795e-01 0.000000e+00 3.826834e-01
    outer loop
      vertex   -3.104889e+01 -1.980000e+00 1.296118e+02
      vertex   -3.104889e+01 -5.480000e+00 1.296118e+02
      vertex   -3.089904e+01 -1.980000e+00 1.292500e+02
    endloop
  endfacet
  facet normal 9.238795e-01 9.377941e-16 3.826834e-01
    outer loop
      vertex   -3.089904e+01 -1.980000e+00 1.292500e+02
      vertex   -3.104889e+01 -5.480000e+00 1.296118e+02
      vertex   -3.089904e+01 -5.480000e+00 1.292500e+02
    endloop
  endfacet
  facet normal 7.933533e-01 8.053021e-16 6.087614e-01
    outer loop
      vertex   -3.089904e+01 -1.980000e+00 1.292500e+02
      vertex   -3.089904e+01 -5.480000e+00 1.292500e+02
      vertex   -3.066066e+01 -1.980000e+00 1.289393e+02
    endloop
  endfacet
  facet normal 7.933533e-01 0.000000e+00 6.087614e-01
    outer loop
      vertex   -3.066066e+01 -1.980000e+00 1.289393e+02
      vertex   -3.089904e+01 -5.480000e+00 1.292500e+02
      vertex   -3.066066e+01 -5.480000e+00 1.289393e+02
    endloop
  endfacet
  facet normal 6.087614e-01 0.000000e+00 7.933533e-01
    outer loop
      vertex   -3.066066e+01 -1.980000e+00 1.289393e+02
      vertex   -3.066066e+01 -5.480000e+00 1.289393e+02
      vertex   -3.035000e+01 -1.980000e+00 1.287010e+02
    endloop
  endfacet
  facet normal 6.087614e-01 0.000000e+00 7.933533e-01
    outer loop
      vertex   -3.035000e+01 -1.980000e+00 1.287010e+02
      vertex   -3.066066e+01 -5.480000e+00 1.289393e+02
      vertex   -3.035000e+01 -5.480000e+00 1.287010e+02
    endloop
  endfacet
  facet normal 3.826834e-01 0.000000e+00 9.238795e-01
    outer loop
      vertex   -3.035000e+01 -1.980000e+00 1.287010e+02
      vertex   -3.035000e+01 -5.480000e+00 1.287010e+02
      vertex   -2.998823e+01 -1.980000e+00 1.285511e+02
    endloop
  endfacet
  facet normal 3.826834e-01 0.000000e+00 9.238795e-01
    outer loop
      vertex   -2.998823e+01 -1.980000e+00 1.285511e+02
      vertex   -3.035000e+01 -5.480000e+00 1.287010e+02
      vertex   -2.998823e+01 -5.480000e+00 1.285511e+02
    endloop
  endfacet
  facet normal 1.305262e-01 0.000000e+00 9.914449e-01
    outer loop
      vertex   -2.998823e+01 -1.980000e+00 1.285511e+02
      vertex   -2.998823e+01 -5.480000e+00 1.285511e+02
      vertex   -2.960000e+01 -1.980000e+00 1.285000e+02
    endloop
  endfacet
  facet normal 1.305262e-01 0.000000e+00 9.914449e-01
    outer loop
      vertex   -2.960000e+01 -1.980000e+00 1.285000e+02
      vertex   -2.998823e+01 -5.480000e+00 1.285511e+02
      vertex   -2.960000e+01 -5.480000e+00 1.285000e+02
    endloop
  endfacet
  facet normal -1.305262e-01 0.000000e+00 9.914449e-01
    outer loop
      vertex   -2.960000e+01 -1.980000e+00 1.285000e+02
      vertex   -2.960000e+01 -5.480000e+00 1.285000e+02
      vertex   -2.921177e+01 -1.980000e+00 1.285511e+02
    endloop
  endfacet
  facet normal -1.305262e-01 0.000000e+00 9.914449e-01
    outer loop
      vertex   -2.921177e+01 -1.980000e+00 1.285511e+02
      vertex   -2.960000e+01 -5.480000e+00 1.285000e+02
      vertex   -2.921177e+01 -5.480000e+00 1.285511e+02
    endloop
  endfacet
  facet normal -3.826834e-01 0.000000e+00 9.238795e-01
    outer loop
      vertex   -2.921177e+01 -1.980000e+00 1.285511e+02
      vertex   -2.921177e+01 -5.480000e+00 1.285511e+02
      vertex   -2.885000e+01 -1.980000e+00 1.287010e+02
    endloop
  endfacet
  facet normal -3.826834e-01 0.000000e+00 9.238795e-01
    outer loop
      vertex   -2.885000e+01 -1.980000e+00 1.287010e+02
      vertex   -2.921177e+01 -5.480000e+00 1.285511e+02
      vertex   -2.885000e+01 -5.480000e+00 1.287010e+02
    endloop
  endfacet
  facet normal -6.087614e-01 0.000000e+00 7.933533e-01
    outer loop
      vertex   -2.885000e+01 -1.980000e+00 1.287010e+02
      vertex   -2.885000e+01 -5.480000e+00 1.287010e+02
      vertex   -2.853934e+01 -1.980000e+00 1.289393e+02
    endloop
  endfacet
  facet normal -6.087614e-01 0.000000e+00 7.933533e-01
    outer loop
      vertex   -2.853934e+01 -1.980000e+00 1.289393e+02
      vertex   -2.885000e+01 -5.480000e+00 1.287010e+02
      vertex   -2.853934e+01 -5.480000e+00 1.289393e+02
    endloop
  endfacet
  facet normal -7.933533e-01 0.000000e+00 6.087614e-01
    outer loop
      vertex   -2.853934e+01 -1.980000e+00 1.289393e+02
      vertex   -2.853934e+01 -5.480000e+00 1.289393e+02
      vertex   -2.830096e+01 -1.980000e+00 1.292500e+02
    endloop
  endfacet
  facet normal -7.933533e-01 -8.053021e-16 6.087614e-01
    outer loop
      vertex   -2.830096e+01 -1.980000e+00 1.292500e+02
      vertex   -2.853934e+01 -5.480000e+00 1.289393e+02
      vertex   -2.830096e+01 -5.480000e+00 1.292500e+02
    endloop
  endfacet
  facet normal -9.238795e-01 -9.377941e-16 3.826834e-01
    outer loop
      vertex   -2.830096e+01 -1.980000e+00 1.292500e+02
      vertex   -2.830096e+01 -5.480000e+00 1.292500e+02
      vertex   -2.815111e+01 -1.980000e+00 1.296118e+02
    endloop
  endfacet
  facet normal -9.238795e-01 0.000000e+00 3.826834e-01
    outer loop
      vertex   -2.815111e+01 -1.980000e+00 1.296118e+02
      vertex   -2.830096e+01 -5.480000e+00 1.292500e+02
      vertex   -2.815111e+01 -5.480000e+00 1.296118e+02
    endloop
  endfacet
  facet normal -9.914449e-01 0.000000e+00 1.305262e-01
    outer loop
      vertex   -2.815111e+01 -1.980000e+00 1.296118e+02
      vertex   -2.815111e+01 -5.480000e+00 1.296118e+02
      vertex   -2.810000e+01 -1.980000e+00 1.300000e+02
    endloop
  endfacet
  facet normal -9.914449e-01 0.000000e+00 1.305262e-01
    outer loop
      vertex   -2.810000e+01 -1.980000e+00 1.300000e+02
      vertex   -2.815111e+01 -5.480000e+00 1.296118e+02
      vertex   -2.810000e+01 -5.480000e+00 1.300000e+02
    endloop
  endfacet
  facet normal -9.914449e-01 -0.000000e+00 -1.305262e-01
    outer loop
      vertex   -2.810000e+01 -1.980000e+00 1.300000e+02
      vertex   -2.810000e+01 -5.480000e+00 1.300000e+02
      vertex   -2.815111e+01 -1.980000e+00 1.303882e+02
    endloop
  endfacet
  facet normal -9.914449e-01 -0.000000e+00 -1.305262e-01
    outer loop
      vertex   -2.815111e+01 -1.980000e+00 1.303882e+02
      vertex   -2.810000e+01 -5.480000e+00 1.300000e+02
      vertex   -2.815111e+01 -5.480000e+00 1.303882e+02
    endloop
  endfacet
  facet normal -9.238795e-01 -0.000000e+00 -3.826834e-01
    outer loop
      vertex   -2.815111e+01 -1.980000e+00 1.303882e+02
      vertex   -2.815111e+01 -5.480000e+00 1.303882e+02
      vertex   -2.830096e+01 -1.980000e+00 1.307500e+02
    endloop
  endfacet
  facet normal -9.238795e-01 9.377941e-16 -3.826834e-01
    outer loop
      vertex   -2.830096e+01 -1.980000e+00 1.307500e+02
      vertex   -2.815111e+01 -5.480000e+00 1.303882e+02
      vertex   -2.830096e+01 -5.480000e+00 1.307500e+02
    endloop
  endfacet
  facet normal -7.933533e-01 8.053021e-16 -6.087614e-01
    outer loop
      vertex   -2.830096e+01 -1.980000e+00 1.307500e+02
      vertex   -2.830096e+01 -5.480000e+00 1.307500e+02
      vertex   -2.853934e+01 -1.980000e+00 1.310607e+02
    endloop
  endfacet
  facet normal -7.933533e-01 -0.000000e+00 -6.087614e-01
    outer loop
      vertex   -2.853934e+01 -1.980000e+00 1.310607e+02
      vertex   -2.830096e+01 -5.480000e+00 1.307500e+02
      vertex   -2.853934e+01 -5.480000e+00 1.310607e+02
    endloop
  endfacet
  facet normal -6.087614e-01 -0.000000e+00 -7.933533e-01
    outer loop
      vertex   -2.853934e+01 -1.980000e+00 1.310607e+02
      vertex   -2.853934e+01 -5.480000e+00 1.310607e+02
      vertex   -2.885000e+01 -1.980000e+00 1.312990e+02
    endloop
  endfacet
  facet normal -6.087614e-01 -0.000000e+00 -7.933533e-01
    outer loop
      vertex   -2.885000e+01 -1.980000e+00 1.312990e+02
      vertex   -2.853934e+01 -5.480000e+00 1.310607e+02
      vertex   -2.885000e+01 -5.480000e+00 1.312990e+02
    endloop
  endfacet
  facet normal -3.826834e-01 -0.000000e+00 -9.238795e-01
    outer loop
      vertex   -2.885000e+01 -1.980000e+00 1.312990e+02
      vertex   -2.885000e+01 -5.480000e+00 1.312990e+02
      vertex   -2.921177e+01 -1.980000e+00 1.314489e+02
    endloop
  endfacet
  facet normal -3.826834e-01 -0.000000e+00 -9.238795e-01
    outer loop
      vertex   -2.921177e+01 -1.980000e+00 1.314489e+02
      vertex   -2.885000e+01 -5.480000e+00 1.312990e+02
      vertex   -2.921177e+01 -5.480000e+00 1.314489e+02
    endloop
  endfacet
  facet normal -1.305262e-01 -0.000000e+00 -9.914449e-01
    outer loop
      vertex   -2.921177e+01 -1.980000e+00 1.314489e+02
      vertex   -2.921177e+01 -5.480000e+00 1.314489e+02
      vertex   -2.960000e+01 -1.980000e+00 1.315000e+02
    endloop
  endfacet
  facet normal -1.305262e-01 -0.000000e+00 -9.914449e-01
    outer loop
      vertex   -2.960000e+01 -1.980000e+00 1.315000e+02
      vertex   -2.921177e+01 -5.480000e+00 1.314489e+02
      vertex   -2.960000e+01 -5.480000e+00 1.315000e+02
    endloop
  endfacet
  facet normal 1.305262e-01 0.000000e+00 -9.914449e-01
    outer loop
      vertex   -2.960000e+01 -1.980000e+00 1.315000e+02
      vertex   -2.960000e+01 -5.480000e+00 1.315000e+02
      vertex   -2.998823e+01 -1.980000e+00 1.314489e+02
    endloop
  endfacet
  facet normal 1.305262e-01 0.000000e+00 -9.914449e-01
    outer loop
      vertex   -2.998823e+01 -1.980000e+00 1.314489e+02
      vertex   -2.960000e+01 -5.480000e+00 1.315000e+02
      vertex   -2.998823e+01 -5.480000e+00 1.314489e+02
    endloop
  endfacet
  facet normal 3.826834e-01 0.000000e+00 -9.238795e-01
    outer loop
      vertex   -2.998823e+01 -1.980000e+00 1.314489e+02
      vertex   -2.998823e+01 -5.480000e+00 1.314489e+02
      vertex   -3.035000e+01 -1.980000e+00 1.312990e+02
    endloop
  endfacet
  facet normal 3.826834e-01 0.000000e+00 -9.238795e-01
    outer loop
      vertex   -3.035000e+01 -1.980000e+00 1.312990e+02
      vertex   -2.998823e+01 -5.480000e+00 1.314489e+02
      vertex   -3.035000e+01 -5.480000e+00 1.312990e+02
    endloop
  endfacet
  facet normal 6.087614e-01 0.000000e+00 -7.933533e-01
    outer loop
      vertex   -3.035000e+01 -1.980000e+00 1.312990e+02
      vertex   -3.035000e+01 -5.480000e+00 1.312990e+02
      vertex   -3.066066e+01 -1.980000e+00 1.310607e+02
    endloop
  endfacet
  facet normal 6.087614e-01 0.000000e+00 -7.933533e-01
    outer loop
      vertex   -3.066066e+01 -1.980000e+00 1.310607e+02
      vertex   -3.035000e+01 -5.480000e+00 1.312990e+02
      vertex   -3.066066e+01 -5.480000e+00 1.310607e+02
    endloop
  endfacet
  facet normal 7.933533e-01 0.000000e+00 -6.087614e-01
    outer loop
      vertex   -3.066066e+01 -1.980000e+00 1.310607e+02
      vertex   -3.066066e+01 -5.480000e+00 1.310607e+02
      vertex   -3.089904e+01 -1.980000e+00 1.307500e+02
    endloop
  endfacet
  facet normal 7.933533e-01 -8.053021e-16 -6.087614e-01
    outer loop
      vertex   -3.089904e+01 -1.980000e+00 1.307500e+02
      vertex   -3.066066e+01 -5.480000e+00 1.310607e+02
      vertex   -3.089904e+01 -5.480000e+00 1.307500e+02
    endloop
  endfacet
  facet normal 9.238795e-01 -9.377941e-16 -3.826834e-01
    outer loop
      vertex   -3.089904e+01 -1.980000e+00 1.307500e+02
      vertex   -3.089904e+01 -5.480000e+00 1.307500e+02
      vertex   -3.104889e+01 -1.980000e+00 1.303882e+02
    endloop
  endfacet
  facet normal 9.238795e-01 0.000000e+00 -3.826834e-01
    outer loop
      vertex   -3.104889e+01 -1.980000e+00 1.303882e+02
      vertex   -3.089904e+01 -5.480000e+00 1.307500e+02
      vertex   -3.104889e+01 -5.480000e+00 1.303882e+02
    endloop
  endfacet
  facet normal 9.914449e-01 0.000000e+00 -1.305262e-01
    outer loop
      vertex   -3.954889e+01 -1.980000e+00 1.613882e+02
      vertex   -3.954889e+01 -5.480000e+00 1.613882e+02
      vertex   -3.960000e+01 -1.980000e+00 1.610000e+02
    endloop
  endfacet
  facet normal 9.914449e-01 -2.012754e-15 -1.305262e-01
    outer loop
      vertex   -3.960000e+01 -1.980000e+00 1.610000e+02
      vertex   -3.954889e+01 -5.480000e+00 1.613882e+02
      vertex   -3.960000e+01 -5.480000e+00 1.610000e+02
    endloop
  endfacet
  facet normal 9.914449e-01 -2.012754e-15 1.305262e-01
    outer loop
      vertex   -3.960000e+01 -1.980000e+00 1.610000e+02
      vertex   -3.960000e+01 -5.480000e+00 1.610000e+02
      vertex   -3.954889e+01 -1.980000e+00 1.606118e+02
    endloop
  endfacet
  facet normal 9.914449e-01 0.000000e+00 1.305262e-01
    outer loop
      vertex   -3.954889e+01 -1.980000e+00 1.606118e+02
      vertex   -3.960000e+01 -5.480000e+00 1.610000e+02
      vertex   -3.954889e+01 -5.480000e+00 1.606118e+02
    endloop
  endfacet
  facet normal 9.238795e-01 0.000000e+00 3.826834e-01
    outer loop
      vertex   -3.954889e+01 -1.980000e+00 1.606118e+02
      vertex   -3.954889e+01 -5.480000e+00 1.606118e+02
      vertex   -3.939904e+01 -1.980000e+00 1.602500e+02
    endloop
  endfacet
  facet normal 9.238795e-01 0.000000e+00 3.826834e-01
    outer loop
      vertex   -3.939904e+01 -1.980000e+00 1.602500e+02
      vertex   -3.954889e+01 -5.480000e+00 1.606118e+02
      vertex   -3.939904e+01 -5.480000e+00 1.602500e+02
    endloop
  endfacet
  facet normal 7.933533e-01 0.000000e+00 6.087614e-01
    outer loop
      vertex   -3.939904e+01 -1.980000e+00 1.602500e+02
      vertex   -3.939904e+01 -5.480000e+00 1.602500e+02
      vertex   -3.916066e+01 -1.980000e+00 1.599393e+02
    endloop
  endfacet
  facet normal 7.933533e-01 0.000000e+00 6.087614e-01
    outer loop
      vertex   -3.916066e+01 -1.980000e+00 1.599393e+02
      vertex   -3.939904e+01 -5.480000e+00 1.602500e+02
      vertex   -3.916066e+01 -5.480000e+00 1.599393e+02
    endloop
  endfacet
  facet normal 6.087614e-01 0.000000e+00 7.933533e-01
    outer loop
      vertex   -3.916066e+01 -1.980000e+00 1.599393e+02
      vertex   -3.916066e+01 -5.480000e+00 1.599393e+02
      vertex   -3.885000e+01 -1.980000e+00 1.597010e+02
    endloop
  endfacet
  facet normal 6.087614e-01 0.000000e+00 7.933533e-01
    outer loop
      vertex   -3.885000e+01 -1.980000e+00 1.597010e+02
      vertex   -3.916066e+01 -5.480000e+00 1.599393e+02
      vertex   -3.885000e+01 -5.480000e+00 1.597010e+02
    endloop
  endfacet
  facet normal 3.826834e-01 0.000000e+00 9.238795e-01
    outer loop
      vertex   -3.885000e+01 -1.980000e+00 1.597010e+02
      vertex   -3.885000e+01 -5.480000e+00 1.597010e+02
      vertex   -3.848823e+01 -1.980000e+00 1.595511e+02
    endloop
  endfacet
  facet normal 3.826834e-01 0.000000e+00 9.238795e-01
    outer loop
      vertex   -3.848823e+01 -1.980000e+00 1.595511e+02
      vertex   -3.885000e+01 -5.480000e+00 1.597010e+02
      vertex   -3.848823e+01 -5.480000e+00 1.595511e+02
    endloop
  endfacet
  facet normal 1.305262e-01 0.000000e+00 9.914449e-01
    outer loop
      vertex   -3.848823e+01 -1.980000e+00 1.595511e+02
      vertex   -3.848823e+01 -5.480000e+00 1.595511e+02
      vertex   -3.810000e+01 -1.980000e+00 1.595000e+02
    endloop
  endfacet
  facet normal 1.305262e-01 0.000000e+00 9.914449e-01
    outer loop
      vertex   -3.810000e+01 -1.980000e+00 1.595000e+02
      vertex   -3.848823e+01 -5.480000e+00 1.595511e+02
      vertex   -3.810000e+01 -5.480000e+00 1.595000e+02
    endloop
  endfacet
  facet normal -1.305262e-01 0.000000e+00 9.914449e-01
    outer loop
      vertex   -3.810000e+01 -1.980000e+00 1.595000e+02
      vertex   -3.810000e+01 -5.480000e+00 1.595000e+02
      vertex   -3.771177e+01 -1.980000e+00 1.595511e+02
    endloop
  endfacet
  facet normal -1.305262e-01 0.000000e+00 9.914449e-01
    outer loop
      vertex   -3.771177e+01 -1.980000e+00 1.595511e+02
      vertex   -3.810000e+01 -5.480000e+00 1.595000e+02
      vertex   -3.771177e+01 -5.480000e+00 1.595511e+02
    endloop
  endfacet
  facet normal -3.826834e-01 0.000000e+00 9.238795e-01
    outer loop
      vertex   -3.771177e+01 -1.980000e+00 1.595511e+02
      vertex   -3.771177e+01 -5.480000e+00 1.595511e+02
      vertex   -3.735000e+01 -1.980000e+00 1.597010e+02
    endloop
  endfacet
  facet normal -3.826834e-01 0.000000e+00 9.238795e-01
    outer loop
      vertex   -3.735000e+01 -1.980000e+00 1.597010e+02
      vertex   -3.771177e+01 -5.480000e+00 1.595511e+02
      vertex   -3.735000e+01 -5.480000e+00 1.597010e+02
    endloop
  endfacet
  facet normal -6.087614e-01 0.000000e+00 7.933533e-01
    outer loop
      vertex   -3.735000e+01 -1.980000e+00 1.597010e+02
      vertex   -3.735000e+01 -5.480000e+00 1.597010e+02
      vertex   -3.703934e+01 -1.980000e+00 1.599393e+02
    endloop
  endfacet
  facet normal -6.087614e-01 0.000000e+00 7.933533e-01
    outer loop
      vertex   -3.703934e+01 -1.980000e+00 1.599393e+02
      vertex   -3.735000e+01 -5.480000e+00 1.597010e+02
      vertex   -3.703934e+01 -5.480000e+00 1.599393e+02
    endloop
  endfacet
  facet normal -7.933533e-01 0.000000e+00 6.087614e-01
    outer loop
      vertex   -3.703934e+01 -1.980000e+00 1.599393e+02
      vertex   -3.703934e+01 -5.480000e+00 1.599393e+02
      vertex   -3.680096e+01 -1.980000e+00 1.602500e+02
    endloop
  endfacet
  facet normal -7.933533e-01 0.000000e+00 6.087614e-01
    outer loop
      vertex   -3.680096e+01 -1.980000e+00 1.602500e+02
      vertex   -3.703934e+01 -5.480000e+00 1.599393e+02
      vertex   -3.680096e+01 -5.480000e+00 1.602500e+02
    endloop
  endfacet
  facet normal -9.238795e-01 0.000000e+00 3.826834e-01
    outer loop
      vertex   -3.680096e+01 -1.980000e+00 1.602500e+02
      vertex   -3.680096e+01 -5.480000e+00 1.602500e+02
      vertex   -3.665111e+01 -1.980000e+00 1.606118e+02
    endloop
  endfacet
  facet normal -9.238795e-01 0.000000e+00 3.826834e-01
    outer loop
      vertex   -3.665111e+01 -1.980000e+00 1.606118e+02
      vertex   -3.680096e+01 -5.480000e+00 1.602500e+02
      vertex   -3.665111e+01 -5.480000e+00 1.606118e+02
    endloop
  endfacet
  facet normal -9.914449e-01 0.000000e+00 1.305262e-01
    outer loop
      vertex   -3.665111e+01 -1.980000e+00 1.606118e+02
      vertex   -3.665111e+01 -5.480000e+00 1.606118e+02
      vertex   -3.660000e+01 -1.980000e+00 1.610000e+02
    endloop
  endfacet
  facet normal -9.914449e-01 0.000000e+00 1.305262e-01
    outer loop
      vertex   -3.660000e+01 -1.980000e+00 1.610000e+02
      vertex   -3.665111e+01 -5.480000e+00 1.606118e+02
      vertex   -3.660000e+01 -5.480000e+00 1.610000e+02
    endloop
  endfacet
  facet normal -9.914449e-01 -0.000000e+00 -1.305262e-01
    outer loop
      vertex   -3.660000e+01 -1.980000e+00 1.610000e+02
      vertex   -3.660000e+01 -5.480000e+00 1.610000e+02
      vertex   -3.665111e+01 -1.980000e+00 1.613882e+02
    endloop
  endfacet
  facet normal -9.914449e-01 -0.000000e+00 -1.305262e-01
    outer loop
      vertex   -3.665111e+01 -1.980000e+00 1.613882e+02
      vertex   -3.660000e+01 -5.480000e+00 1.610000e+02
      vertex   -3.665111e+01 -5.480000e+00 1.613882e+02
    endloop
  endfacet
  facet normal -9.238795e-01 -0.000000e+00 -3.826834e-01
    outer loop
      vertex   -3.665111e+01 -1.980000e+00 1.613882e+02
      vertex   -3.665111e+01 -5.480000e+00 1.613882e+02
      vertex   -3.680096e+01 -1.980000e+00 1.617500e+02
    endloop
  endfacet
  facet normal -9.238795e-01 -0.000000e+00 -3.826834e-01
    outer loop
      vertex   -3.680096e+01 -1.980000e+00 1.617500e+02
      vertex   -3.665111e+01 -5.480000e+00 1.613882e+02
      vertex   -3.680096e+01 -5.480000e+00 1.617500e+02
    endloop
  endfacet
  facet normal -7.933533e-01 -0.000000e+00 -6.087614e-01
    outer loop
      vertex   -3.680096e+01 -1.980000e+00 1.617500e+02
      vertex   -3.680096e+01 -5.480000e+00 1.617500e+02
      vertex   -3.703934e+01 -1.980000e+00 1.620607e+02
    endloop
  endfacet
  facet normal -7.933533e-01 -0.000000e+00 -6.087614e-01
    outer loop
      vertex   -3.703934e+01 -1.980000e+00 1.620607e+02
      vertex   -3.680096e+01 -5.480000e+00 1.617500e+02
      vertex   -3.703934e+01 -5.480000e+00 1.620607e+02
    endloop
  endfacet
  facet normal -6.087614e-01 -0.000000e+00 -7.933533e-01
    outer loop
      vertex   -3.703934e+01 -1.980000e+00 1.620607e+02
      vertex   -3.703934e+01 -5.480000e+00 1.620607e+02
      vertex   -3.735000e+01 -1.980000e+00 1.622990e+02
    endloop
  endfacet
  facet normal -6.087614e-01 -0.000000e+00 -7.933533e-01
    outer loop
      vertex   -3.735000e+01 -1.980000e+00 1.622990e+02
      vertex   -3.703934e+01 -5.480000e+00 1.620607e+02
      vertex   -3.735000e+01 -5.480000e+00 1.622990e+02
    endloop
  endfacet
  facet normal -3.826834e-01 -0.000000e+00 -9.238795e-01
    outer loop
      vertex   -3.735000e+01 -1.980000e+00 1.622990e+02
      vertex   -3.735000e+01 -5.480000e+00 1.622990e+02
      vertex   -3.771177e+01 -1.980000e+00 1.624489e+02
    endloop
  endfacet
  facet normal -3.826834e-01 -0.000000e+00 -9.238795e-01
    outer loop
      vertex   -3.771177e+01 -1.980000e+00 1.624489e+02
      vertex   -3.735000e+01 -5.480000e+00 1.622990e+02
      vertex   -3.771177e+01 -5.480000e+00 1.624489e+02
    endloop
  endfacet
  facet normal -1.305262e-01 -0.000000e+00 -9.914449e-01
    outer loop
      vertex   -3.771177e+01 -1.980000e+00 1.624489e+02
      vertex   -3.771177e+01 -5.480000e+00 1.624489e+02
      vertex   -3.810000e+01 -1.980000e+00 1.625000e+02
    endloop
  endfacet
  facet normal -1.305262e-01 -0.000000e+00 -9.914449e-01
    outer loop
      vertex   -3.810000e+01 -1.980000e+00 1.625000e+02
      vertex   -3.771177e+01 -5.480000e+00 1.624489e+02
      vertex   -3.810000e+01 -5.480000e+00 1.625000e+02
    endloop
  endfacet
  facet normal 1.305262e-01 0.000000e+00 -9.914449e-01
    outer loop
      vertex   -3.810000e+01 -1.980000e+00 1.625000e+02
      vertex   -3.810000e+01 -5.480000e+00 1.625000e+02
      vertex   -3.848823e+01 -1.980000e+00 1.624489e+02
    endloop
  endfacet
  facet normal 1.305262e-01 0.000000e+00 -9.914449e-01
    outer loop
      vertex   -3.848823e+01 -1.980000e+00 1.624489e+02
      vertex   -3.810000e+01 -5.480000e+00 1.625000e+02
      vertex   -3.848823e+01 -5.480000e+00 1.624489e+02
    endloop
  endfacet
  facet normal 3.826834e-01 0.000000e+00 -9.238795e-01
    outer loop
      vertex   -3.848823e+01 -1.980000e+00 1.624489e+02
      vertex   -3.848823e+01 -5.480000e+00 1.624489e+02
      vertex   -3.885000e+01 -1.980000e+00 1.622990e+02
    endloop
  endfacet
  facet normal 3.826834e-01 0.000000e+00 -9.238795e-01
    outer loop
      vertex   -3.885000e+01 -1.980000e+00 1.622990e+02
      vertex   -3.848823e+01 -5.480000e+00 1.624489e+02
      vertex   -3.885000e+01 -5.480000e+00 1.622990e+02
    endloop
  endfacet
  facet normal 6.087614e-01 0.000000e+00 -7.933533e-01
    outer loop
      vertex   -3.885000e+01 -1.980000e+00 1.622990e+02
      vertex   -3.885000e+01 -5.480000e+00 1.622990e+02
      vertex   -3.916066e+01 -1.980000e+00 1.620607e+02
    endloop
  endfacet
  facet normal 6.087614e-01 0.000000e+00 -7.933533e-01
    outer loop
      vertex   -3.916066e+01 -1.980000e+00 1.620607e+02
      vertex   -3.885000e+01 -5.480000e+00 1.622990e+02
      vertex   -3.916066e+01 -5.480000e+00 1.620607e+02
    endloop
  endfacet
  facet normal 7.933533e-01 0.000000e+00 -6.087614e-01
    outer loop
      vertex   -3.916066e+01 -1.980000e+00 1.620607e+02
      vertex   -3.916066e+01 -5.480000e+00 1.620607e+02
      vertex   -3.939904e+01 -1.980000e+00 1.617500e+02
    endloop
  endfacet
  facet normal 7.933533e-01 0.000000e+00 -6.087614e-01
    outer loop
      vertex   -3.939904e+01 -1.980000e+00 1.617500e+02
      vertex   -3.916066e+01 -5.480000e+00 1.620607e+02
      vertex   -3.939904e+01 -5.480000e+00 1.617500e+02
    endloop
  endfacet
  facet normal 9.238795e-01 0.000000e+00 -3.826834e-01
    outer loop
      vertex   -3.939904e+01 -1.980000e+00 1.617500e+02
      vertex   -3.939904e+01 -5.480000e+00 1.617500e+02
      vertex   -3.954889e+01 -1.980000e+00 1.613882e+02
    endloop
  endfacet
  facet normal 9.238795e-01 0.000000e+00 -3.826834e-01
    outer loop
      vertex   -3.954889e+01 -1.980000e+00 1.613882e+02
      vertex   -3.939904e+01 -5.480000e+00 1.617500e+02
      vertex   -3.954889e+01 -5.480000e+00 1.613882e+02
    endloop
  endfacet
  facet normal 0.000000e+00 0.000000e+00 -1.000000e+00
    outer loop
      vertex   6.885591e+00 -1.980000e+00 -4.547250e+00
      vertex   1.775559e+01 -1.980000e+00 -4.547250e+00
      vertex   6.885591e+00 -3.680000e+00 -4.547250e+00
    endloop
  endfacet
  facet normal 0.000000e+00 0.000000e+00 -1.000000e+00
    outer loop
      vertex   6.885591e+00 -3.680000e+00 -4.547250e+00
      vertex   1.775559e+01 -1.980000e+00 -4.547250e+00
      vertex   1.775559e+01 -5.480000e+00 -4.547250e+00
    endloop
  endfacet
  facet normal 0.000000e+00 -0.000000e+00 -1.000000e+00
    outer loop
      vertex   6.885591e+00 -3.680000e+00 -4.547250e+00
      vertex   1.775559e+01 -5.480000e+00 -4.547250e+00
      vertex   -1.775441e+01 -5.480000e+00 -4.547250e+00
    endloop
  endfacet
  facet normal -0.000000e+00 0.000000e+00 -1.000000e+00
    outer loop
      vertex   6.885591e+00 -3.680000e+00 -4.547250e+00
      vertex   -1.775441e+01 -5.480000e+00 -4.547250e+00
      vertex   -8.114409e+00 -3.680000e+00 -4.547250e+00
    endloop
  endfacet
  facet normal -0.000000e+00 0.000000e+00 -1.000000e+00
    outer loop
      vertex   -8.114409e+00 -3.680000e+00 -4.547250e+00
      vertex   -1.775441e+01 -5.480000e+00 -4.547250e+00
      vertex   -1.775441e+01 -1.980000e+00 -4.547250e+00
    endloop
  endfacet
  facet normal 0.000000e+00 0.000000e+00 -1.000000e+00
    outer loop
      vertex   -8.114409e+00 -3.680000e+00 -4.547250e+00
      vertex   -1.775441e+01 -1.980000e+00 -4.547250e+00
      vertex   -8.114409e+00 -1.980000e+00 -4.547250e+00
    endloop
  endfacet
  facet normal -1.000000e+00 -4.060244e-15 0.000000e+00
    outer loop
      vertex   -4.410041e+01 -5.480000e+00 1.159179e+02
      vertex   -4.410041e+01 -5.480000e+00 1.659179e+02
      vertex   -4.410041e+01 -1.980000e+00 1.159179e+02
    endloop
  endfacet
  facet normal -1.000000e+00 -4.060244e-15 0.000000e+00
    outer loop
      vertex   -4.410041e+01 -1.980000e+00 1.159179e+02
      vertex   -4.410041e+01 -5.480000e+00 1.659179e+02
      vertex   -4.410041e+01 -1.980000e+00 1.659179e+02
    endloop
  endfacet
endsolid
