solid ASCII
  facet normal 8.656082e-16 -1.735985e-01 -9.848165e-01
    outer loop
      vertex   2.150000e+00 9.640218e+01 7.875359e+01
      vertex   7.850000e+00 9.640218e+01 7.875359e+01
      vertex   2.150000e+00 9.374317e+01 7.922231e+01
    endloop
  endfacet
  facet normal 4.328041e-16 -1.735985e-01 -9.848165e-01
    outer loop
      vertex   2.150000e+00 9.374317e+01 7.922231e+01
      vertex   7.850000e+00 9.640218e+01 7.875359e+01
      vertex   7.850000e+00 9.374317e+01 7.922231e+01
    endloop
  endfacet
  facet normal -1.000000e+00 -1.619801e-16 2.855305e-17
    outer loop
      vertex   2.150000e+00 9.678409e+01 8.092019e+01
      vertex   2.150000e+00 9.640218e+01 7.875359e+01
      vertex   2.150000e+00 9.412509e+01 8.138891e+01
    endloop
  endfacet
  facet normal -1.000000e+00 -1.619801e-16 2.855305e-17
    outer loop
      vertex   2.150000e+00 9.412509e+01 8.138891e+01
      vertex   2.150000e+00 9.640218e+01 7.875359e+01
      vertex   2.150000e+00 9.374317e+01 7.922231e+01
    endloop
  endfacet
  facet normal 0.000000e+00 1.735985e-01 9.848165e-01
    outer loop
      vertex   7.850000e+00 9.678409e+01 8.092019e+01
      vertex   2.150000e+00 9.678409e+01 8.092019e+01
      vertex   7.850000e+00 9.412509e+01 8.138891e+01
    endloop
  endfacet
  facet normal 0.000000e+00 1.735985e-01 9.848165e-01
    outer loop
      vertex   7.850000e+00 9.412509e+01 8.138891e+01
      vertex   2.150000e+00 9.678409e+01 8.092019e+01
      vertex   2.150000e+00 9.412509e+01 8.138891e+01
    endloop
  endfacet
  facet normal 1.000000e+00 -6.479206e-16 1.142122e-16
    outer loop
      vertex   7.850000e+00 9.640218e+01 7.875359e+01
      vertex   7.850000e+00 9.678409e+01 8.092019e+01
      vertex   7.850000e+00 9.374317e+01 7.922231e+01
    endloop
  endfacet
  facet normal 1.000000e+00 -6.479206e-16 1.142122e-16
    outer loop
      vertex   7.850000e+00 9.374317e+01 7.922231e+01
      vertex   7.850000e+00 9.678409e+01 8.092019e+01
      vertex   7.850000e+00 9.412509e+01 8.138891e+01
    endloop
  endfacet
  facet normal 2.455278e-15 -9.848165e-01 1.735985e-01
    outer loop
      vertex   7.850000e+00 9.374317e+01 7.922231e+01
      vertex   7.850000e+00 9.412509e+01 8.138891e+01
      vertex   2.150000e+00 9.374317e+01 7.922231e+01
    endloop
  endfacet
  facet normal 0.000000e+00 -9.848165e-01 1.735985e-01
    outer loop
      vertex   2.150000e+00 9.374317e+01 7.922231e+01
      vertex   7.850000e+00 9.412509e+01 8.138891e+01
      vertex   2.150000e+00 9.412509e+01 8.138891e+01
    endloop
  endfacet
  facet normal 1.000000e+00 0.000000e+00 -0.000000e+00
    outer loop
      vertex   -2.150000e+00 9.642822e+01 7.890132e+01
      vertex   -2.150000e+00 9.675805e+01 8.077247e+01
      vertex   -2.150000e+00 9.376921e+01 7.937003e+01
    endloop
  endfacet
  facet normal 1.000000e+00 0.000000e+00 0.000000e+00
    outer loop
      vertex   -2.150000e+00 9.376921e+01 7.937003e+01
      vertex   -2.150000e+00 9.675805e+01 8.077247e+01
      vertex   -2.150000e+00 9.409905e+01 8.124118e+01
    endloop
  endfacet
  facet normal 0.000000e+00 -1.735985e-01 -9.848165e-01
    outer loop
      vertex   -7.850000e+00 9.642822e+01 7.890132e+01
      vertex   -2.150000e+00 9.642822e+01 7.890132e+01
      vertex   -7.850000e+00 9.376921e+01 7.937003e+01
    endloop
  endfacet
  facet normal 0.000000e+00 -1.735985e-01 -9.848165e-01
    outer loop
      vertex   -7.850000e+00 9.376921e+01 7.937003e+01
      vertex   -2.150000e+00 9.642822e+01 7.890132e+01
      vertex   -2.150000e+00 9.376921e+01 7.937003e+01
    endloop
  endfacet
  facet normal -1.000000e+00 -0.000000e+00 0.000000e+00
    outer loop
      vertex   -7.850000e+00 9.675805e+01 8.077247e+01
      vertex   -7.850000e+00 9.642822e+01 7.890132e+01
      vertex   -7.850000e+00 9.409905e+01 8.124118e+01
    endloop
  endfacet
  facet normal -1.000000e+00 0.000000e+00 -0.000000e+00
    outer loop
      vertex   -7.850000e+00 9.409905e+01 8.124118e+01
      vertex   -7.850000e+00 9.642822e+01 7.890132e+01
      vertex   -7.850000e+00 9.376921e+01 7.937003e+01
    endloop
  endfacet
  facet normal -4.328041e-16 1.735985e-01 9.848165e-01
    outer loop
      vertex   -2.150000e+00 9.675805e+01 8.077247e+01
      vertex   -7.850000e+00 9.675805e+01 8.077247e+01
      vertex   -2.150000e+00 9.409905e+01 8.124118e+01
    endloop
  endfacet
  facet normal 0.000000e+00 1.735985e-01 9.848165e-01
    outer loop
      vertex   -2.150000e+00 9.409905e+01 8.124118e+01
      vertex   -7.850000e+00 9.675805e+01 8.077247e+01
      vertex   -7.850000e+00 9.409905e+01 8.124118e+01
    endloop
  endfacet
  facet normal 0.000000e+00 -9.848165e-01 1.735985e-01
    outer loop
      vertex   -7.850000e+00 9.409905e+01 8.124118e+01
      vertex   -7.850000e+00 9.376921e+01 7.937003e+01
      vertex   -2.150000e+00 9.409905e+01 8.124118e+01
    endloop
  endfacet
  facet normal 0.000000e+00 -9.848165e-01 1.735985e-01
    outer loop
      vertex   -2.150000e+00 9.409905e+01 8.124118e+01
      vertex   -7.850000e+00 9.376921e+01 7.937003e+01
      vertex   -2.150000e+00 9.376921e+01 7.937003e+01
    endloop
  endfacet
  facet normal -2.789848e-02 -9.840003e-01 1.759689e-01
    outer loop
      vertex   -1.158812e+01 9.722383e+01 8.315971e+01
      vertex   -1.144731e+01 9.695961e+01 8.170454e+01
      vertex   -1.000000e+01 9.718316e+01 8.318409e+01
    endloop
  endfacet
  facet normal -2.534109e-02 -9.845002e-01 1.735428e-01
    outer loop
      vertex   -1.000000e+01 9.718316e+01 8.318409e+01
      vertex   -1.144731e+01 9.695961e+01 8.170454e+01
      vertex   -1.144731e+01 9.669993e+01 8.023136e+01
    endloop
  endfacet
  facet normal -2.534109e-02 -9.845002e-01 1.735428e-01
    outer loop
      vertex   -1.000000e+01 9.718316e+01 8.318409e+01
      vertex   -1.144731e+01 9.669993e+01 8.023136e+01
      vertex   -1.000000e+01 9.600311e+01 7.648969e+01
    endloop
  endfacet
  facet normal -2.534109e-02 -9.845002e-01 1.735428e-01
    outer loop
      vertex   -1.000000e+01 9.600311e+01 7.648969e+01
      vertex   -1.144731e+01 9.669993e+01 8.023136e+01
      vertex   -1.144731e+01 9.618056e+01 7.728500e+01
    endloop
  endfacet
  facet normal -2.405977e-02 -9.841332e-01 1.757926e-01
    outer loop
      vertex   -1.000000e+01 9.600311e+01 7.648969e+01
      vertex   -1.144731e+01 9.618056e+01 7.728500e+01
      vertex   -1.137681e+01 9.603351e+01 7.647146e+01
    endloop
  endfacet
  facet normal -5.073825e-02 -9.835481e-01 1.733749e-01
    outer loop
      vertex   -1.137681e+01 9.603351e+01 7.647146e+01
      vertex   -1.144731e+01 9.618056e+01 7.728500e+01
      vertex   -1.144731e+01 9.605071e+01 7.654841e+01
    endloop
  endfacet
  facet normal -7.753588e-02 -9.857449e-01 1.493155e-01
    outer loop
      vertex   -1.137681e+01 9.603351e+01 7.647146e+01
      vertex   -1.144731e+01 9.605071e+01 7.654841e+01
      vertex   -1.275542e+01 9.613292e+01 7.641185e+01
    endloop
  endfacet
  facet normal -8.067691e-02 -9.798008e-01 1.829797e-01
    outer loop
      vertex   -1.275542e+01 9.613292e+01 7.641185e+01
      vertex   -1.144731e+01 9.605071e+01 7.654841e+01
      vertex   -1.279748e+01 9.615834e+01 7.652944e+01
    endloop
  endfacet
  facet normal -1.424594e-01 -9.767469e-01 1.602214e-01
    outer loop
      vertex   -1.275542e+01 9.613292e+01 7.641185e+01
      vertex   -1.279748e+01 9.615834e+01 7.652944e+01
      vertex   -1.405467e+01 9.633655e+01 7.649803e+01
    endloop
  endfacet
  facet normal -1.424693e-01 -9.747706e-01 1.718277e-01
    outer loop
      vertex   -1.405467e+01 9.633655e+01 7.649803e+01
      vertex   -1.279748e+01 9.615834e+01 7.652944e+01
      vertex   -1.405467e+01 9.646639e+01 7.723462e+01
    endloop
  endfacet
  facet normal -2.109014e-01 -9.626654e-01 1.696938e-01
    outer loop
      vertex   -1.405467e+01 9.633655e+01 7.649803e+01
      vertex   -1.405467e+01 9.646639e+01 7.723462e+01
      vertex   -1.522262e+01 9.671456e+01 7.719087e+01
    endloop
  endfacet
  facet normal -2.109014e-01 -9.626654e-01 1.696938e-01
    outer loop
      vertex   -1.522262e+01 9.671456e+01 7.719087e+01
      vertex   -1.405467e+01 9.646639e+01 7.723462e+01
      vertex   -1.522262e+01 9.723393e+01 8.013723e+01
    endloop
  endfacet
  facet normal -2.894273e-01 -9.426664e-01 1.661685e-01
    outer loop
      vertex   -1.522262e+01 9.671456e+01 7.719087e+01
      vertex   -1.522262e+01 9.723393e+01 8.013723e+01
      vertex   -1.640180e+01 9.758506e+01 8.007534e+01
    endloop
  endfacet
  facet normal -2.894273e-01 -9.426664e-01 1.661685e-01
    outer loop
      vertex   -1.640180e+01 9.758506e+01 8.007534e+01
      vertex   -1.522262e+01 9.723393e+01 8.013723e+01
      vertex   -1.640180e+01 9.784475e+01 8.154852e+01
    endloop
  endfacet
  facet normal -3.779962e-01 -9.117502e-01 1.607187e-01
    outer loop
      vertex   -1.640180e+01 9.758506e+01 8.007534e+01
      vertex   -1.640180e+01 9.784475e+01 8.154852e+01
      vertex   -1.748202e+01 9.827909e+01 8.147195e+01
    endloop
  endfacet
  facet normal -3.779780e-01 -9.134091e-01 1.510515e-01
    outer loop
      vertex   -1.748202e+01 9.827909e+01 8.147195e+01
      vertex   -1.640180e+01 9.784475e+01 8.154852e+01
      vertex   -1.725144e+01 9.835100e+01 8.248376e+01
    endloop
  endfacet
  facet normal -4.323354e-01 -8.871195e-01 1.615708e-01
    outer loop
      vertex   -1.748202e+01 9.827909e+01 8.147195e+01
      vertex   -1.725144e+01 9.835100e+01 8.248376e+01
      vertex   -1.786659e+01 9.862127e+01 8.232168e+01
    endloop
  endfacet
  facet normal -8.068077e-02 -9.820479e-01 1.705069e-01
    outer loop
      vertex   -1.144731e+01 9.695961e+01 8.170454e+01
      vertex   -1.158812e+01 9.722383e+01 8.315971e+01
      vertex   -1.279748e+01 9.706724e+01 8.168557e+01
    endloop
  endfacet
  facet normal -9.104263e-02 -9.796723e-01 1.787553e-01
    outer loop
      vertex   -1.279748e+01 9.706724e+01 8.168557e+01
      vertex   -1.158812e+01 9.722383e+01 8.315971e+01
      vertex   -1.311613e+01 9.735182e+01 8.308295e+01
    endloop
  endfacet
  facet normal -1.448709e-01 -9.754894e-01 1.656286e-01
    outer loop
      vertex   -1.279748e+01 9.706724e+01 8.168557e+01
      vertex   -1.311613e+01 9.735182e+01 8.308295e+01
      vertex   -1.385476e+01 9.745138e+01 8.302325e+01
    endloop
  endfacet
  facet normal -1.424679e-01 -9.755176e-01 1.675360e-01
    outer loop
      vertex   -1.279748e+01 9.706724e+01 8.168557e+01
      vertex   -1.385476e+01 9.745138e+01 8.302325e+01
      vertex   -1.405467e+01 9.724545e+01 8.165416e+01
    endloop
  endfacet
  facet normal -1.855107e-01 -9.673659e-01 1.725947e-01
    outer loop
      vertex   -1.405467e+01 9.724545e+01 8.165416e+01
      vertex   -1.385476e+01 9.745138e+01 8.302325e+01
      vertex   -1.457497e+01 9.757615e+01 8.294843e+01
    endloop
  endfacet
  facet normal -2.108942e-01 -9.640674e-01 1.615476e-01
    outer loop
      vertex   -1.405467e+01 9.724545e+01 8.165416e+01
      vertex   -1.457497e+01 9.757615e+01 8.294843e+01
      vertex   -1.522262e+01 9.749361e+01 8.161041e+01
    endloop
  endfacet
  facet normal -2.286781e-01 -9.585763e-01 1.698169e-01
    outer loop
      vertex   -1.522262e+01 9.749361e+01 8.161041e+01
      vertex   -1.457497e+01 9.757615e+01 8.294843e+01
      vertex   -1.527562e+01 9.772724e+01 8.285782e+01
    endloop
  endfacet
  facet normal -2.747972e-01 -9.471148e-01 1.657107e-01
    outer loop
      vertex   -1.522262e+01 9.749361e+01 8.161041e+01
      vertex   -1.527562e+01 9.772724e+01 8.285782e+01
      vertex   -1.595558e+01 9.790579e+01 8.275074e+01
    endloop
  endfacet
  facet normal -2.894100e-01 -9.445104e-01 1.553767e-01
    outer loop
      vertex   -1.522262e+01 9.749361e+01 8.161041e+01
      vertex   -1.595558e+01 9.790579e+01 8.275074e+01
      vertex   -1.640180e+01 9.784475e+01 8.154852e+01
    endloop
  endfacet
  facet normal -3.246588e-01 -9.308338e-01 1.677651e-01
    outer loop
      vertex   -1.640180e+01 9.784475e+01 8.154852e+01
      vertex   -1.595558e+01 9.790579e+01 8.275074e+01
      vertex   -1.661402e+01 9.811304e+01 8.262646e+01
    endloop
  endfacet
  facet normal -3.755732e-01 -9.139846e-01 1.535476e-01
    outer loop
      vertex   -1.640180e+01 9.784475e+01 8.154852e+01
      vertex   -1.661402e+01 9.811304e+01 8.262646e+01
      vertex   -1.725144e+01 9.835100e+01 8.248376e+01
    endloop
  endfacet
  facet normal -4.710495e-01 -8.712963e-01 1.376777e-01
    outer loop
      vertex   -1.748202e+01 9.827909e+01 8.147195e+01
      vertex   -1.786659e+01 9.862127e+01 8.232168e+01
      vertex   -1.846660e+01 9.879696e+01 8.138066e+01
    endloop
  endfacet
  facet normal -4.885404e-01 -8.593660e-01 1.510576e-01
    outer loop
      vertex   -1.846660e+01 9.879696e+01 8.138066e+01
      vertex   -1.786659e+01 9.862127e+01 8.232168e+01
      vertex   -1.845792e+01 9.892538e+01 8.213932e+01
    endloop
  endfacet
  facet normal -5.469202e-01 -8.243901e-01 1.458056e-01
    outer loop
      vertex   -1.846660e+01 9.879696e+01 8.138066e+01
      vertex   -1.845792e+01 9.892538e+01 8.213932e+01
      vertex   -1.902385e+01 9.926483e+01 8.193576e+01
    endloop
  endfacet
  facet normal -5.652905e-01 -8.160656e-01 1.203477e-01
    outer loop
      vertex   -1.846660e+01 9.879696e+01 8.138066e+01
      vertex   -1.902385e+01 9.926483e+01 8.193576e+01
      vertex   -1.935840e+01 9.939906e+01 8.127453e+01
    endloop
  endfacet
  facet normal -6.072196e-01 -7.804788e-01 1.487858e-01
    outer loop
      vertex   -1.935840e+01 9.939906e+01 8.127453e+01
      vertex   -1.902385e+01 9.926483e+01 8.193576e+01
      vertex   -1.956281e+01 9.964113e+01 8.171010e+01
    endloop
  endfacet
  facet normal -6.574165e-01 -7.460233e-01 1.060788e-01
    outer loop
      vertex   -1.935840e+01 9.939906e+01 8.127453e+01
      vertex   -1.956281e+01 9.964113e+01 8.171010e+01
      vertex   -2.007030e+01 1.000532e+02 8.146298e+01
    endloop
  endfacet
  facet normal -6.566301e-01 -7.461985e-01 1.096575e-01
    outer loop
      vertex   -1.935840e+01 9.939906e+01 8.127453e+01
      vertex   -2.007030e+01 1.000532e+02 8.146298e+01
      vertex   -2.015980e+01 1.000865e+02 8.115336e+01
    endloop
  endfacet
  facet normal -7.190355e-01 -6.818119e-01 1.346122e-01
    outer loop
      vertex   -2.015980e+01 1.000865e+02 8.115336e+01
      vertex   -2.007030e+01 1.000532e+02 8.146298e+01
      vertex   -2.053668e+01 1.004930e+02 8.119926e+01
    endloop
  endfacet
  facet normal -7.212058e-01 -6.822030e-01 1.202553e-01
    outer loop
      vertex   -2.015980e+01 1.000865e+02 8.115336e+01
      vertex   -2.053668e+01 1.004930e+02 8.119926e+01
      vertex   -2.015980e+01 9.982677e+01 7.968018e+01
    endloop
  endfacet
  facet normal -7.406855e-01 -6.632583e-01 1.071141e-01
    outer loop
      vertex   -2.015980e+01 9.982677e+01 7.968018e+01
      vertex   -2.053668e+01 1.004930e+02 8.119926e+01
      vertex   -2.087279e+01 1.006010e+02 7.954371e+01
    endloop
  endfacet
  facet normal -7.407200e-01 -6.616133e-01 1.166259e-01
    outer loop
      vertex   -2.015980e+01 9.982677e+01 7.968018e+01
      vertex   -2.087279e+01 1.006010e+02 7.954371e+01
      vertex   -2.015980e+01 9.930740e+01 7.673382e+01
    endloop
  endfacet
  facet normal -7.407200e-01 -6.616133e-01 1.166259e-01
    outer loop
      vertex   -2.015980e+01 9.930740e+01 7.673382e+01
      vertex   -2.087279e+01 1.006010e+02 7.954371e+01
      vertex   -2.087279e+01 1.000816e+02 7.659735e+01
    endloop
  endfacet
  facet normal -7.407200e-01 -6.616133e-01 1.166259e-01
    outer loop
      vertex   -2.015980e+01 9.930740e+01 7.673382e+01
      vertex   -2.087279e+01 1.000816e+02 7.659735e+01
      vertex   -2.015980e+01 9.917756e+01 7.599723e+01
    endloop
  endfacet
  facet normal -7.407200e-01 -6.616133e-01 1.166259e-01
    outer loop
      vertex   -2.015980e+01 9.917756e+01 7.599723e+01
      vertex   -2.087279e+01 1.000816e+02 7.659735e+01
      vertex   -2.087279e+01 9.995174e+01 7.586076e+01
    endloop
  endfacet
  facet normal -7.407200e-01 -6.616133e-01 1.166259e-01
    outer loop
      vertex   -2.015980e+01 9.917756e+01 7.599723e+01
      vertex   -2.087279e+01 9.995174e+01 7.586076e+01
      vertex   -2.015980e+01 9.904772e+01 7.526064e+01
    endloop
  endfacet
  facet normal -7.407200e-01 -6.616133e-01 1.166259e-01
    outer loop
      vertex   -2.015980e+01 9.904772e+01 7.526064e+01
      vertex   -2.087279e+01 9.995174e+01 7.586076e+01
      vertex   -2.087279e+01 9.982190e+01 7.512417e+01
    endloop
  endfacet
  facet normal -7.405446e-01 -6.576789e-01 1.380294e-01
    outer loop
      vertex   -2.015980e+01 9.904772e+01 7.526064e+01
      vertex   -2.087279e+01 9.982190e+01 7.512417e+01
      vertex   -2.056171e+01 9.933844e+01 7.448955e+01
    endloop
  endfacet
  facet normal -7.670245e-01 -6.327868e-01 1.060864e-01
    outer loop
      vertex   -2.056171e+01 9.933844e+01 7.448955e+01
      vertex   -2.087279e+01 9.982190e+01 7.512417e+01
      vertex   -2.098018e+01 9.979935e+01 7.421315e+01
    endloop
  endfacet
  facet normal -8.135560e-01 -5.709794e-01 1.100417e-01
    outer loop
      vertex   -2.098018e+01 9.979935e+01 7.421315e+01
      vertex   -2.087279e+01 9.982190e+01 7.512417e+01
      vertex   -2.149892e+01 1.006847e+02 7.497207e+01
    endloop
  endfacet
  facet normal -8.129514e-01 -5.716162e-01 1.111979e-01
    outer loop
      vertex   -2.098018e+01 9.979935e+01 7.421315e+01
      vertex   -2.149892e+01 1.006847e+02 7.497207e+01
      vertex   -2.135884e+01 1.002816e+02 7.392395e+01
    endloop
  endfacet
  facet normal -8.478402e-01 -5.229306e-01 8.780955e-02
    outer loop
      vertex   -2.135884e+01 1.002816e+02 7.392395e+01
      vertex   -2.149892e+01 1.006847e+02 7.497207e+01
      vertex   -2.169953e+01 1.007834e+02 7.362301e+01
    endloop
  endfacet
  facet normal -8.731868e-01 -4.780649e-01 9.486145e-02
    outer loop
      vertex   -2.169953e+01 1.007834e+02 7.362301e+01
      vertex   -2.149892e+01 1.006847e+02 7.497207e+01
      vertex   -2.203938e+01 1.016385e+02 7.480395e+01
    endloop
  endfacet
  facet normal -8.808135e-01 -4.659689e-01 8.390840e-02
    outer loop
      vertex   -2.169953e+01 1.007834e+02 7.362301e+01
      vertex   -2.203938e+01 1.016385e+02 7.480395e+01
      vertex   -2.200411e+01 1.013031e+02 7.331139e+01
    endloop
  endfacet
  facet normal -8.961845e-01 -4.369450e-01 7.702246e-02
    outer loop
      vertex   -2.200411e+01 1.013031e+02 7.331139e+01
      vertex   -2.203938e+01 1.016385e+02 7.480395e+01
      vertex   -2.203938e+01 1.013788e+02 7.333077e+01
    endloop
  endfacet
  facet normal -9.017166e-01 -4.303594e-01 4.120639e-02
    outer loop
      vertex   -2.200411e+01 1.013031e+02 7.331139e+01
      vertex   -2.203938e+01 1.013788e+02 7.333077e+01
      vertex   -2.227444e+01 1.018387e+02 7.299017e+01
    endloop
  endfacet
  facet normal -9.109065e-01 -4.042070e-01 8.286214e-02
    outer loop
      vertex   -2.227444e+01 1.018387e+02 7.299017e+01
      vertex   -2.203938e+01 1.013788e+02 7.333077e+01
      vertex   -2.245919e+01 1.025924e+02 7.463579e+01
    endloop
  endfacet
  facet normal -9.269851e-01 -3.694028e-01 6.511647e-02
    outer loop
      vertex   -2.227444e+01 1.018387e+02 7.299017e+01
      vertex   -2.245919e+01 1.025924e+02 7.463579e+01
      vertex   -2.245919e+01 1.023328e+02 7.316261e+01
    endloop
  endfacet
  facet normal -9.489666e-01 -3.105882e-01 5.474892e-02
    outer loop
      vertex   -2.245919e+01 1.023328e+02 7.316261e+01
      vertex   -2.245919e+01 1.025924e+02 7.463579e+01
      vertex   -2.280835e+01 1.036271e+02 7.445341e+01
    endloop
  endfacet
  facet normal -9.489666e-01 -3.105882e-01 5.474892e-02
    outer loop
      vertex   -2.245919e+01 1.023328e+02 7.316261e+01
      vertex   -2.280835e+01 1.036271e+02 7.445341e+01
      vertex   -2.280835e+01 1.033674e+02 7.298023e+01
    endloop
  endfacet
  facet normal -9.668804e-01 -2.513545e-01 4.430751e-02
    outer loop
      vertex   -2.280835e+01 1.033674e+02 7.298023e+01
      vertex   -2.280835e+01 1.036271e+02 7.445341e+01
      vertex   -2.296942e+01 1.042280e+02 7.434748e+01
    endloop
  endfacet
  facet normal -9.668804e-01 -2.513545e-01 4.430751e-02
    outer loop
      vertex   -2.280835e+01 1.033674e+02 7.298023e+01
      vertex   -2.296942e+01 1.042280e+02 7.434748e+01
      vertex   -2.296942e+01 1.039683e+02 7.287430e+01
    endloop
  endfacet
  facet normal -9.766452e-01 -2.115962e-01 3.729912e-02
    outer loop
      vertex   -2.296942e+01 1.039683e+02 7.287430e+01
      vertex   -2.296942e+01 1.042280e+02 7.434748e+01
      vertex   -2.310935e+01 1.048544e+02 7.423706e+01
    endloop
  endfacet
  facet normal -9.766452e-01 -2.115962e-01 3.729912e-02
    outer loop
      vertex   -2.296942e+01 1.039683e+02 7.287430e+01
      vertex   -2.310935e+01 1.048544e+02 7.423706e+01
      vertex   -2.310935e+01 1.045947e+02 7.276388e+01
    endloop
  endfacet
  facet normal -9.843156e-01 -1.737379e-01 3.062565e-02
    outer loop
      vertex   -2.310935e+01 1.045947e+02 7.276388e+01
      vertex   -2.310935e+01 1.048544e+02 7.423706e+01
      vertex   -2.322808e+01 1.055068e+02 7.412206e+01
    endloop
  endfacet
  facet normal -9.843156e-01 -1.737379e-01 3.062565e-02
    outer loop
      vertex   -2.310935e+01 1.045947e+02 7.276388e+01
      vertex   -2.322808e+01 1.055068e+02 7.412206e+01
      vertex   -2.322808e+01 1.052471e+02 7.264888e+01
    endloop
  endfacet
  facet normal -9.901575e-01 -1.378326e-01 2.429644e-02
    outer loop
      vertex   -2.322808e+01 1.052471e+02 7.264888e+01
      vertex   -2.322808e+01 1.055068e+02 7.412206e+01
      vertex   -2.332553e+01 1.061858e+02 7.400238e+01
    endloop
  endfacet
  facet normal -9.901575e-01 -1.378326e-01 2.429644e-02
    outer loop
      vertex   -2.322808e+01 1.052471e+02 7.264888e+01
      vertex   -2.332553e+01 1.061858e+02 7.400238e+01
      vertex   -2.332553e+01 1.059261e+02 7.252920e+01
    endloop
  endfacet
  facet normal -9.944202e-01 -1.038901e-01 1.831323e-02
    outer loop
      vertex   -2.332553e+01 1.059261e+02 7.252920e+01
      vertex   -2.332553e+01 1.061858e+02 7.400238e+01
      vertex   -2.340159e+01 1.068919e+02 7.387791e+01
    endloop
  endfacet
  facet normal -9.944202e-01 -1.038901e-01 1.831323e-02
    outer loop
      vertex   -2.332553e+01 1.059261e+02 7.252920e+01
      vertex   -2.340159e+01 1.068919e+02 7.387791e+01
      vertex   -2.340159e+01 1.066322e+02 7.240473e+01
    endloop
  endfacet
  facet normal -9.973323e-01 -7.188636e-02 1.267177e-02
    outer loop
      vertex   -2.340159e+01 1.066322e+02 7.240473e+01
      vertex   -2.340159e+01 1.068919e+02 7.387791e+01
      vertex   -2.345613e+01 1.076258e+02 7.374854e+01
    endloop
  endfacet
  facet normal -9.973323e-01 -7.188636e-02 1.267177e-02
    outer loop
      vertex   -2.340159e+01 1.066322e+02 7.240473e+01
      vertex   -2.345613e+01 1.076258e+02 7.374854e+01
      vertex   -2.345613e+01 1.073661e+02 7.227536e+01
    endloop
  endfacet
  facet normal -9.991001e-01 -4.177152e-02 7.363274e-03
    outer loop
      vertex   -2.345613e+01 1.073661e+02 7.227536e+01
      vertex   -2.345613e+01 1.076258e+02 7.374854e+01
      vertex   -2.348900e+01 1.083882e+02 7.361415e+01
    endloop
  endfacet
  facet normal -9.991001e-01 -4.177152e-02 7.363274e-03
    outer loop
      vertex   -2.345613e+01 1.073661e+02 7.227536e+01
      vertex   -2.348900e+01 1.083882e+02 7.361415e+01
      vertex   -2.348900e+01 1.081285e+02 7.214097e+01
    endloop
  endfacet
  facet normal -9.999064e-01 -1.347751e-02 2.375747e-03
    outer loop
      vertex   -2.348900e+01 1.081285e+02 7.214097e+01
      vertex   -2.348900e+01 1.083882e+02 7.361415e+01
      vertex   -2.350000e+01 1.095808e+02 7.574947e+01
    endloop
  endfacet
  facet normal -9.999064e-01 -1.347751e-02 2.375747e-03
    outer loop
      vertex   -2.348900e+01 1.081285e+02 7.214097e+01
      vertex   -2.350000e+01 1.095808e+02 7.574947e+01
      vertex   -2.350000e+01 1.084007e+02 6.905507e+01
    endloop
  endfacet
  facet normal -7.662344e-01 -6.323099e-01 1.143194e-01
    outer loop
      vertex   -2.053668e+01 1.004930e+02 8.119926e+01
      vertex   -2.096267e+01 1.009587e+02 8.091997e+01
      vertex   -2.087279e+01 1.006010e+02 7.954371e+01
    endloop
  endfacet
  facet normal -8.089296e-01 -5.797043e-01 9.785671e-02
    outer loop
      vertex   -2.087279e+01 1.006010e+02 7.954371e+01
      vertex   -2.096267e+01 1.009587e+02 8.091997e+01
      vertex   -2.134976e+01 1.014492e+02 8.062583e+01
    endloop
  endfacet
  facet normal -8.135538e-01 -5.742400e-01 9.153518e-02
    outer loop
      vertex   -2.087279e+01 1.006010e+02 7.954371e+01
      vertex   -2.134976e+01 1.014492e+02 8.062583e+01
      vertex   -2.149892e+01 1.014638e+02 7.939161e+01
    endloop
  endfacet
  facet normal -8.489550e-01 -5.195872e-01 9.645994e-02
    outer loop
      vertex   -2.149892e+01 1.014638e+02 7.939161e+01
      vertex   -2.134976e+01 1.014492e+02 8.062583e+01
      vertex   -2.169943e+01 1.019633e+02 8.031753e+01
    endloop
  endfacet
  facet normal -8.780196e-01 -4.741039e-01 6.562899e-02
    outer loop
      vertex   -2.149892e+01 1.014638e+02 7.939161e+01
      vertex   -2.169943e+01 1.019633e+02 8.031753e+01
      vertex   -2.201302e+01 1.024995e+02 7.999596e+01
    endloop
  endfacet
  facet normal -8.732278e-01 -4.805693e-01 8.078581e-02
    outer loop
      vertex   -2.149892e+01 1.014638e+02 7.939161e+01
      vertex   -2.201302e+01 1.024995e+02 7.999596e+01
      vertex   -2.203938e+01 1.024176e+02 7.922349e+01
    endloop
  endfacet
  facet normal -9.087422e-01 -4.106407e-01 7.457783e-02
    outer loop
      vertex   -2.203938e+01 1.024176e+02 7.922349e+01
      vertex   -2.201302e+01 1.024995e+02 7.999596e+01
      vertex   -2.229000e+01 1.030523e+02 7.966449e+01
    endloop
  endfacet
  facet normal -9.173136e-01 -3.953056e-01 4.763628e-02
    outer loop
      vertex   -2.203938e+01 1.024176e+02 7.922349e+01
      vertex   -2.229000e+01 1.030523e+02 7.966449e+01
      vertex   -2.245919e+01 1.033715e+02 7.905533e+01
    endloop
  endfacet
  facet normal -9.320774e-01 -3.548396e-01 7.294264e-02
    outer loop
      vertex   -2.245919e+01 1.033715e+02 7.905533e+01
      vertex   -2.229000e+01 1.030523e+02 7.966449e+01
      vertex   -2.253181e+01 1.036178e+02 7.932539e+01
    endloop
  endfacet
  facet normal -9.521520e-01 -3.048360e-01 2.194733e-02
    outer loop
      vertex   -2.245919e+01 1.033715e+02 7.905533e+01
      vertex   -2.253181e+01 1.036178e+02 7.932539e+01
      vertex   -2.291883e+01 1.047766e+02 7.863047e+01
    endloop
  endfacet
  facet normal -9.783374e-01 -2.034002e-01 3.852705e-02
    outer loop
      vertex   -2.319216e+01 1.059572e+02 7.792248e+01
      vertex   -2.296942e+01 1.044877e+02 7.582066e+01
      vertex   -2.291883e+01 1.047766e+02 7.863047e+01
    endloop
  endfacet
  facet normal -9.668799e-01 -2.515374e-01 4.326931e-02
    outer loop
      vertex   -2.291883e+01 1.047766e+02 7.863047e+01
      vertex   -2.296942e+01 1.044877e+02 7.582066e+01
      vertex   -2.280835e+01 1.038868e+02 7.592659e+01
    endloop
  endfacet
  facet normal -9.538874e-01 -2.945188e-01 5.794454e-02
    outer loop
      vertex   -2.291883e+01 1.047766e+02 7.863047e+01
      vertex   -2.280835e+01 1.038868e+02 7.592659e+01
      vertex   -2.245919e+01 1.033715e+02 7.905533e+01
    endloop
  endfacet
  facet normal -9.489666e-01 -3.105882e-01 5.474892e-02
    outer loop
      vertex   -2.245919e+01 1.033715e+02 7.905533e+01
      vertex   -2.280835e+01 1.038868e+02 7.592659e+01
      vertex   -2.245919e+01 1.028521e+02 7.610897e+01
    endloop
  endfacet
  facet normal -9.175299e-01 -3.916288e-01 6.903436e-02
    outer loop
      vertex   -2.245919e+01 1.033715e+02 7.905533e+01
      vertex   -2.245919e+01 1.028521e+02 7.610897e+01
      vertex   -2.203938e+01 1.018982e+02 7.627713e+01
    endloop
  endfacet
  facet normal -9.175299e-01 -3.916288e-01 6.903436e-02
    outer loop
      vertex   -2.203938e+01 1.018982e+02 7.627713e+01
      vertex   -2.245919e+01 1.028521e+02 7.610897e+01
      vertex   -2.203938e+01 1.017684e+02 7.554054e+01
    endloop
  endfacet
  facet normal -8.732343e-01 -4.799016e-01 8.459465e-02
    outer loop
      vertex   -2.203938e+01 1.018982e+02 7.627713e+01
      vertex   -2.203938e+01 1.017684e+02 7.554054e+01
      vertex   -2.149892e+01 1.008146e+02 7.570866e+01
    endloop
  endfacet
  facet normal -8.732343e-01 -4.799016e-01 8.459465e-02
    outer loop
      vertex   -2.149892e+01 1.008146e+02 7.570866e+01
      vertex   -2.203938e+01 1.017684e+02 7.554054e+01
      vertex   -2.149892e+01 1.006847e+02 7.497207e+01
    endloop
  endfacet
  facet normal -8.135908e-01 -5.726096e-01 1.009368e-01
    outer loop
      vertex   -2.149892e+01 1.008146e+02 7.570866e+01
      vertex   -2.149892e+01 1.006847e+02 7.497207e+01
      vertex   -2.087279e+01 9.982190e+01 7.512417e+01
    endloop
  endfacet
  facet normal -9.909085e-01 -1.319802e-01 2.610847e-02
    outer loop
      vertex   -2.337134e+01 1.071598e+02 7.720129e+01
      vertex   -2.322808e+01 1.057665e+02 7.559524e+01
      vertex   -2.319216e+01 1.059572e+02 7.792248e+01
    endloop
  endfacet
  facet normal -9.843149e-01 -1.739459e-01 2.944500e-02
    outer loop
      vertex   -2.319216e+01 1.059572e+02 7.792248e+01
      vertex   -2.322808e+01 1.057665e+02 7.559524e+01
      vertex   -2.310935e+01 1.051141e+02 7.571024e+01
    endloop
  endfacet
  facet normal -9.766249e-01 -2.104718e-01 4.365251e-02
    outer loop
      vertex   -2.319216e+01 1.059572e+02 7.792248e+01
      vertex   -2.310935e+01 1.051141e+02 7.571024e+01
      vertex   -2.296942e+01 1.044877e+02 7.582066e+01
    endloop
  endfacet
  facet normal -9.766452e-01 -2.115962e-01 3.729912e-02
    outer loop
      vertex   -2.296942e+01 1.044877e+02 7.582066e+01
      vertex   -2.310935e+01 1.051141e+02 7.571024e+01
      vertex   -2.296942e+01 1.043579e+02 7.508407e+01
    endloop
  endfacet
  facet normal -9.668804e-01 -2.513545e-01 4.430751e-02
    outer loop
      vertex   -2.296942e+01 1.044877e+02 7.582066e+01
      vertex   -2.296942e+01 1.043579e+02 7.508407e+01
      vertex   -2.280835e+01 1.037569e+02 7.519000e+01
    endloop
  endfacet
  facet normal -9.668804e-01 -2.513545e-01 4.430751e-02
    outer loop
      vertex   -2.280835e+01 1.037569e+02 7.519000e+01
      vertex   -2.296942e+01 1.043579e+02 7.508407e+01
      vertex   -2.280835e+01 1.036271e+02 7.445341e+01
    endloop
  endfacet
  facet normal -9.489666e-01 -3.105882e-01 5.474892e-02
    outer loop
      vertex   -2.280835e+01 1.037569e+02 7.519000e+01
      vertex   -2.280835e+01 1.036271e+02 7.445341e+01
      vertex   -2.245919e+01 1.025924e+02 7.463579e+01
    endloop
  endfacet
  facet normal -9.973356e-01 -7.103079e-02 1.662320e-02
    outer loop
      vertex   -2.346987e+01 1.083730e+02 7.647373e+01
      vertex   -2.340159e+01 1.071515e+02 7.535109e+01
      vertex   -2.337134e+01 1.071598e+02 7.720129e+01
    endloop
  endfacet
  facet normal -9.944189e-01 -1.041703e-01 1.672303e-02
    outer loop
      vertex   -2.337134e+01 1.071598e+02 7.720129e+01
      vertex   -2.340159e+01 1.071515e+02 7.535109e+01
      vertex   -2.332553e+01 1.064454e+02 7.547556e+01
    endloop
  endfacet
  facet normal -9.901389e-01 -1.367665e-01 3.032934e-02
    outer loop
      vertex   -2.337134e+01 1.071598e+02 7.720129e+01
      vertex   -2.332553e+01 1.064454e+02 7.547556e+01
      vertex   -2.322808e+01 1.057665e+02 7.559524e+01
    endloop
  endfacet
  facet normal -9.901575e-01 -1.378326e-01 2.429644e-02
    outer loop
      vertex   -2.322808e+01 1.057665e+02 7.559524e+01
      vertex   -2.332553e+01 1.064454e+02 7.547556e+01
      vertex   -2.322808e+01 1.056367e+02 7.485865e+01
    endloop
  endfacet
  facet normal -9.843156e-01 -1.737379e-01 3.062565e-02
    outer loop
      vertex   -2.322808e+01 1.057665e+02 7.559524e+01
      vertex   -2.322808e+01 1.056367e+02 7.485865e+01
      vertex   -2.310935e+01 1.049843e+02 7.497365e+01
    endloop
  endfacet
  facet normal -9.843156e-01 -1.737379e-01 3.062565e-02
    outer loop
      vertex   -2.310935e+01 1.049843e+02 7.497365e+01
      vertex   -2.322808e+01 1.056367e+02 7.485865e+01
      vertex   -2.310935e+01 1.048544e+02 7.423706e+01
    endloop
  endfacet
  facet normal -9.766452e-01 -2.115962e-01 3.729912e-02
    outer loop
      vertex   -2.310935e+01 1.049843e+02 7.497365e+01
      vertex   -2.310935e+01 1.048544e+02 7.423706e+01
      vertex   -2.296942e+01 1.042280e+02 7.434748e+01
    endloop
  endfacet
  facet normal -9.997706e-01 -1.891689e-02 1.004177e-02
    outer loop
      vertex   -2.350000e+01 1.095808e+02 7.574947e+01
      vertex   -2.348900e+01 1.086478e+02 7.508733e+01
      vertex   -2.346987e+01 1.083730e+02 7.647373e+01
    endloop
  endfacet
  facet normal -9.990981e-01 -4.211137e-02 5.434872e-03
    outer loop
      vertex   -2.346987e+01 1.083730e+02 7.647373e+01
      vertex   -2.348900e+01 1.086478e+02 7.508733e+01
      vertex   -2.345613e+01 1.078855e+02 7.522172e+01
    endloop
  endfacet
  facet normal -9.973237e-01 -7.116358e-02 1.676841e-02
    outer loop
      vertex   -2.346987e+01 1.083730e+02 7.647373e+01
      vertex   -2.345613e+01 1.078855e+02 7.522172e+01
      vertex   -2.340159e+01 1.071515e+02 7.535109e+01
    endloop
  endfacet
  facet normal -9.973323e-01 -7.188636e-02 1.267177e-02
    outer loop
      vertex   -2.340159e+01 1.071515e+02 7.535109e+01
      vertex   -2.345613e+01 1.078855e+02 7.522172e+01
      vertex   -2.340159e+01 1.070217e+02 7.461450e+01
    endloop
  endfacet
  facet normal -9.944202e-01 -1.038901e-01 1.831323e-02
    outer loop
      vertex   -2.340159e+01 1.071515e+02 7.535109e+01
      vertex   -2.340159e+01 1.070217e+02 7.461450e+01
      vertex   -2.332553e+01 1.063156e+02 7.473897e+01
    endloop
  endfacet
  facet normal -9.944202e-01 -1.038901e-01 1.831323e-02
    outer loop
      vertex   -2.332553e+01 1.063156e+02 7.473897e+01
      vertex   -2.340159e+01 1.070217e+02 7.461450e+01
      vertex   -2.332553e+01 1.061858e+02 7.400238e+01
    endloop
  endfacet
  facet normal -9.901575e-01 -1.378326e-01 2.429644e-02
    outer loop
      vertex   -2.332553e+01 1.063156e+02 7.473897e+01
      vertex   -2.332553e+01 1.061858e+02 7.400238e+01
      vertex   -2.322808e+01 1.055068e+02 7.412206e+01
    endloop
  endfacet
  facet normal -9.998935e-01 -1.450830e-02 1.597005e-03
    outer loop
      vertex   -2.348812e+01 1.076329e+02 6.951554e+01
      vertex   -2.348900e+01 1.077389e+02 6.993120e+01
      vertex   -2.350000e+01 1.084007e+02 6.905507e+01
    endloop
  endfacet
  facet normal -9.999064e-01 -1.347751e-02 2.375747e-03
    outer loop
      vertex   -2.350000e+01 1.084007e+02 6.905507e+01
      vertex   -2.348900e+01 1.077389e+02 6.993120e+01
      vertex   -2.348900e+01 1.078688e+02 7.066783e+01
    endloop
  endfacet
  facet normal -9.999064e-01 -1.347751e-02 2.375747e-03
    outer loop
      vertex   -2.350000e+01 1.084007e+02 6.905507e+01
      vertex   -2.348900e+01 1.078688e+02 7.066783e+01
      vertex   -2.348900e+01 1.079986e+02 7.140438e+01
    endloop
  endfacet
  facet normal -9.991001e-01 -4.177152e-02 7.363274e-03
    outer loop
      vertex   -2.348900e+01 1.079986e+02 7.140438e+01
      vertex   -2.348900e+01 1.078688e+02 7.066783e+01
      vertex   -2.345613e+01 1.071064e+02 7.080226e+01
    endloop
  endfacet
  facet normal -9.991001e-01 -4.177152e-02 7.363274e-03
    outer loop
      vertex   -2.348900e+01 1.079986e+02 7.140438e+01
      vertex   -2.345613e+01 1.071064e+02 7.080226e+01
      vertex   -2.345613e+01 1.072362e+02 7.153877e+01
    endloop
  endfacet
  facet normal -9.973323e-01 -7.188636e-02 1.267177e-02
    outer loop
      vertex   -2.345613e+01 1.072362e+02 7.153877e+01
      vertex   -2.345613e+01 1.071064e+02 7.080226e+01
      vertex   -2.340159e+01 1.063725e+02 7.093166e+01
    endloop
  endfacet
  facet normal -9.973323e-01 -7.188636e-02 1.267177e-02
    outer loop
      vertex   -2.345613e+01 1.072362e+02 7.153877e+01
      vertex   -2.340159e+01 1.063725e+02 7.093166e+01
      vertex   -2.340159e+01 1.065023e+02 7.166814e+01
    endloop
  endfacet
  facet normal -9.944202e-01 -1.038901e-01 1.831323e-02
    outer loop
      vertex   -2.340159e+01 1.065023e+02 7.166814e+01
      vertex   -2.340159e+01 1.063725e+02 7.093166e+01
      vertex   -2.332553e+01 1.056664e+02 7.105617e+01
    endloop
  endfacet
  facet normal -9.944202e-01 -1.038901e-01 1.831323e-02
    outer loop
      vertex   -2.340159e+01 1.065023e+02 7.166814e+01
      vertex   -2.332553e+01 1.056664e+02 7.105617e+01
      vertex   -2.332553e+01 1.057962e+02 7.179261e+01
    endloop
  endfacet
  facet normal -9.901575e-01 -1.378326e-01 2.429644e-02
    outer loop
      vertex   -2.332553e+01 1.057962e+02 7.179261e+01
      vertex   -2.332553e+01 1.056664e+02 7.105617e+01
      vertex   -2.322808e+01 1.049875e+02 7.117589e+01
    endloop
  endfacet
  facet normal -9.901575e-01 -1.378326e-01 2.429644e-02
    outer loop
      vertex   -2.332553e+01 1.057962e+02 7.179261e+01
      vertex   -2.322808e+01 1.049875e+02 7.117589e+01
      vertex   -2.322808e+01 1.051173e+02 7.191229e+01
    endloop
  endfacet
  facet normal -9.869420e-01 -1.586305e-01 2.796259e-02
    outer loop
      vertex   -2.322808e+01 1.051173e+02 7.191229e+01
      vertex   -2.322808e+01 1.049875e+02 7.117589e+01
      vertex   -2.319913e+01 1.048128e+02 7.120669e+01
    endloop
  endfacet
  facet normal -9.843087e-01 -1.730872e-01 3.430972e-02
    outer loop
      vertex   -2.322808e+01 1.051173e+02 7.191229e+01
      vertex   -2.319913e+01 1.048128e+02 7.120669e+01
      vertex   -2.310935e+01 1.044649e+02 7.202729e+01
    endloop
  endfacet
  facet normal -9.818384e-01 -1.876620e-01 2.786079e-02
    outer loop
      vertex   -2.310935e+01 1.044649e+02 7.202729e+01
      vertex   -2.319913e+01 1.048128e+02 7.120669e+01
      vertex   -2.306532e+01 1.041699e+02 7.159219e+01
    endloop
  endfacet
  facet normal -9.766237e-01 -2.104402e-01 4.382988e-02
    outer loop
      vertex   -2.310935e+01 1.044649e+02 7.202729e+01
      vertex   -2.306532e+01 1.041699e+02 7.159219e+01
      vertex   -2.296942e+01 1.038385e+02 7.213771e+01
    endloop
  endfacet
  facet normal -9.722753e-01 -2.319036e-01 3.002498e-02
    outer loop
      vertex   -2.296942e+01 1.038385e+02 7.213771e+01
      vertex   -2.306532e+01 1.041699e+02 7.159219e+01
      vertex   -2.290642e+01 1.035517e+02 7.196292e+01
    endloop
  endfacet
  facet normal -9.667655e-01 -2.486486e-01 5.948348e-02
    outer loop
      vertex   -2.296942e+01 1.038385e+02 7.213771e+01
      vertex   -2.290642e+01 1.035517e+02 7.196292e+01
      vertex   -2.280835e+01 1.032376e+02 7.224364e+01
    endloop
  endfacet
  facet normal -9.560811e-01 -2.930394e-01 6.070570e-03
    outer loop
      vertex   -2.280835e+01 1.032376e+02 7.224364e+01
      vertex   -2.290642e+01 1.035517e+02 7.196292e+01
      vertex   -2.272218e+01 1.029580e+02 7.231896e+01
    endloop
  endfacet
  facet normal -9.581493e-01 -2.819225e-01 4.969589e-02
    outer loop
      vertex   -2.280835e+01 1.032376e+02 7.224364e+01
      vertex   -2.272218e+01 1.029580e+02 7.231896e+01
      vertex   -2.280835e+01 1.033025e+02 7.261194e+01
    endloop
  endfacet
  facet normal -9.496825e-01 -3.034696e-01 7.752040e-02
    outer loop
      vertex   -2.280835e+01 1.033025e+02 7.261194e+01
      vertex   -2.272218e+01 1.029580e+02 7.231896e+01
      vertex   -2.251238e+01 1.023887e+02 7.266039e+01
    endloop
  endfacet
  facet normal -9.508033e-01 -3.050915e-01 5.378001e-02
    outer loop
      vertex   -2.280835e+01 1.033025e+02 7.261194e+01
      vertex   -2.251238e+01 1.023887e+02 7.266039e+01
      vertex   -2.280835e+01 1.033674e+02 7.298023e+01
    endloop
  endfacet
  facet normal -9.489030e-01 -3.085578e-01 6.614561e-02
    outer loop
      vertex   -2.280835e+01 1.033674e+02 7.298023e+01
      vertex   -2.251238e+01 1.023887e+02 7.266039e+01
      vertex   -2.245919e+01 1.023328e+02 7.316261e+01
    endloop
  endfacet
  facet normal -9.990994e-01 -4.157010e-02 8.505764e-03
    outer loop
      vertex   -2.348900e+01 1.077389e+02 6.993120e+01
      vertex   -2.348812e+01 1.076329e+02 6.951554e+01
      vertex   -2.345613e+01 1.069766e+02 7.006559e+01
    endloop
  endfacet
  facet normal -9.989034e-01 -4.676281e-02 2.298652e-03
    outer loop
      vertex   -2.345613e+01 1.069766e+02 7.006559e+01
      vertex   -2.348812e+01 1.076329e+02 6.951554e+01
      vertex   -2.345233e+01 1.068903e+02 6.996086e+01
    endloop
  endfacet
  facet normal -9.972904e-01 -7.028124e-02 2.173372e-02
    outer loop
      vertex   -2.345613e+01 1.069766e+02 7.006559e+01
      vertex   -2.345233e+01 1.068903e+02 6.996086e+01
      vertex   -2.339240e+01 1.061728e+02 7.039110e+01
    endloop
  endfacet
  facet normal -9.935587e-01 -1.124118e-01 1.430351e-02
    outer loop
      vertex   -2.330807e+01 1.054804e+02 7.080636e+01
      vertex   -2.332553e+01 1.056664e+02 7.105617e+01
      vertex   -2.339240e+01 1.061728e+02 7.039110e+01
    endloop
  endfacet
  facet normal -9.944157e-01 -1.033671e-01 2.127647e-02
    outer loop
      vertex   -2.339240e+01 1.061728e+02 7.039110e+01
      vertex   -2.332553e+01 1.056664e+02 7.105617e+01
      vertex   -2.340159e+01 1.063725e+02 7.093166e+01
    endloop
  endfacet
  facet normal -9.971450e-01 -7.475470e-02 1.065943e-02
    outer loop
      vertex   -2.339240e+01 1.061728e+02 7.039110e+01
      vertex   -2.340159e+01 1.063725e+02 7.093166e+01
      vertex   -2.345613e+01 1.069766e+02 7.006559e+01
    endloop
  endfacet
  facet normal -9.973323e-01 -7.188636e-02 1.267177e-02
    outer loop
      vertex   -2.345613e+01 1.069766e+02 7.006559e+01
      vertex   -2.340159e+01 1.063725e+02 7.093166e+01
      vertex   -2.345613e+01 1.071064e+02 7.080226e+01
    endloop
  endfacet
  facet normal -9.991001e-01 -4.177152e-02 7.363274e-03
    outer loop
      vertex   -2.345613e+01 1.069766e+02 7.006559e+01
      vertex   -2.345613e+01 1.071064e+02 7.080226e+01
      vertex   -2.348900e+01 1.078688e+02 7.066783e+01
    endloop
  endfacet
  facet normal -9.901240e-01 -1.363974e-01 3.240824e-02
    outer loop
      vertex   -2.332553e+01 1.056664e+02 7.105617e+01
      vertex   -2.330807e+01 1.054804e+02 7.080636e+01
      vertex   -2.322808e+01 1.049875e+02 7.117589e+01
    endloop
  endfacet
  facet normal -9.863588e-01 -1.645041e-01 -5.895266e-03
    outer loop
      vertex   -2.322808e+01 1.049875e+02 7.117589e+01
      vertex   -2.330807e+01 1.054804e+02 7.080636e+01
      vertex   -2.319913e+01 1.048128e+02 7.120669e+01
    endloop
  endfacet
  facet normal -9.366593e-01 -3.449240e-01 6.080148e-02
    outer loop
      vertex   -2.245919e+01 1.023328e+02 7.316261e+01
      vertex   -2.251238e+01 1.023887e+02 7.266039e+01
      vertex   -2.245919e+01 1.022678e+02 7.279432e+01
    endloop
  endfacet
  facet normal -9.206391e-01 -3.901771e-01 1.361480e-02
    outer loop
      vertex   -2.245919e+01 1.022678e+02 7.279432e+01
      vertex   -2.251238e+01 1.023887e+02 7.266039e+01
      vertex   -2.227444e+01 1.018387e+02 7.299017e+01
    endloop
  endfacet
  facet normal -9.269851e-01 -3.694028e-01 6.511647e-02
    outer loop
      vertex   -2.245919e+01 1.022678e+02 7.279432e+01
      vertex   -2.227444e+01 1.018387e+02 7.299017e+01
      vertex   -2.245919e+01 1.023328e+02 7.316261e+01
    endloop
  endfacet
  facet normal -7.187514e-01 -6.854908e-01 1.161842e-01
    outer loop
      vertex   -2.056171e+01 9.933844e+01 7.448955e+01
      vertex   -2.010401e+01 9.890281e+01 7.475079e+01
      vertex   -2.015980e+01 9.904772e+01 7.526064e+01
    endloop
  endfacet
  facet normal -6.681976e-01 -7.316629e-01 1.348382e-01
    outer loop
      vertex   -2.015980e+01 9.904772e+01 7.526064e+01
      vertex   -2.010401e+01 9.890281e+01 7.475079e+01
      vertex   -1.961512e+01 9.850076e+01 7.499189e+01
    endloop
  endfacet
  facet normal -6.703112e-01 -7.308127e-01 1.288240e-01
    outer loop
      vertex   -2.015980e+01 9.904772e+01 7.526064e+01
      vertex   -1.961512e+01 9.850076e+01 7.499189e+01
      vertex   -2.015980e+01 9.917756e+01 7.599723e+01
    endloop
  endfacet
  facet normal -6.446227e-01 -7.486719e-01 1.547646e-01
    outer loop
      vertex   -2.015980e+01 9.917756e+01 7.599723e+01
      vertex   -1.961512e+01 9.850076e+01 7.499189e+01
      vertex   -1.935840e+01 9.836032e+01 7.538181e+01
    endloop
  endfacet
  facet normal -6.567826e-01 -7.426304e-01 1.309072e-01
    outer loop
      vertex   -2.015980e+01 9.917756e+01 7.599723e+01
      vertex   -1.935840e+01 9.836032e+01 7.538181e+01
      vertex   -1.935840e+01 9.849016e+01 7.611840e+01
    endloop
  endfacet
  facet normal -5.977624e-01 -7.895011e-01 1.391693e-01
    outer loop
      vertex   -1.935840e+01 9.849016e+01 7.611840e+01
      vertex   -1.935840e+01 9.836032e+01 7.538181e+01
      vertex   -1.909640e+01 9.813218e+01 7.521293e+01
    endloop
  endfacet
  facet normal -5.581422e-01 -8.141020e-01 1.603595e-01
    outer loop
      vertex   -1.935840e+01 9.849016e+01 7.611840e+01
      vertex   -1.909640e+01 9.813218e+01 7.521293e+01
      vertex   -1.854846e+01 9.779620e+01 7.541440e+01
    endloop
  endfacet
  facet normal -6.079929e-01 -7.852012e-01 1.174895e-01
    outer loop
      vertex   -1.961512e+01 9.850076e+01 7.499189e+01
      vertex   -1.909640e+01 9.813218e+01 7.521293e+01
      vertex   -1.935840e+01 9.836032e+01 7.538181e+01
    endloop
  endfacet
  facet normal -4.879267e-01 -8.677024e-01 9.497397e-02
    outer loop
      vertex   -1.797195e+01 9.749199e+01 7.559684e+01
      vertex   -1.846660e+01 9.775822e+01 7.548794e+01
      vertex   -1.854846e+01 9.779620e+01 7.541440e+01
    endloop
  endfacet
  facet normal -5.225611e-01 -8.396564e-01 1.480104e-01
    outer loop
      vertex   -1.854846e+01 9.779620e+01 7.541440e+01
      vertex   -1.846660e+01 9.775822e+01 7.548794e+01
      vertex   -1.846660e+01 9.788807e+01 7.622453e+01
    endloop
  endfacet
  facet normal -5.654318e-01 -8.112036e-01 1.491160e-01
    outer loop
      vertex   -1.854846e+01 9.779620e+01 7.541440e+01
      vertex   -1.846660e+01 9.788807e+01 7.622453e+01
      vertex   -1.935840e+01 9.849016e+01 7.611840e+01
    endloop
  endfacet
  facet normal -5.654420e-01 -8.122649e-01 1.431820e-01
    outer loop
      vertex   -1.935840e+01 9.849016e+01 7.611840e+01
      vertex   -1.846660e+01 9.788807e+01 7.622453e+01
      vertex   -1.935840e+01 9.862000e+01 7.685499e+01
    endloop
  endfacet
  facet normal -6.567826e-01 -7.426304e-01 1.309072e-01
    outer loop
      vertex   -1.935840e+01 9.849016e+01 7.611840e+01
      vertex   -1.935840e+01 9.862000e+01 7.685499e+01
      vertex   -2.015980e+01 9.930740e+01 7.673382e+01
    endloop
  endfacet
  facet normal -6.567826e-01 -7.426304e-01 1.309072e-01
    outer loop
      vertex   -2.015980e+01 9.930740e+01 7.673382e+01
      vertex   -1.935840e+01 9.862000e+01 7.685499e+01
      vertex   -2.015980e+01 9.982677e+01 7.968018e+01
    endloop
  endfacet
  facet normal -4.409191e-01 -8.848282e-01 1.505635e-01
    outer loop
      vertex   -1.736762e+01 9.721873e+01 7.576071e+01
      vertex   -1.748202e+01 9.737020e+01 7.631582e+01
      vertex   -1.797195e+01 9.749199e+01 7.559684e+01
    endloop
  endfacet
  facet normal -4.709964e-01 -8.647103e-01 1.744665e-01
    outer loop
      vertex   -1.797195e+01 9.749199e+01 7.559684e+01
      vertex   -1.748202e+01 9.737020e+01 7.631582e+01
      vertex   -1.846660e+01 9.788807e+01 7.622453e+01
    endloop
  endfacet
  facet normal -4.940665e-01 -8.562232e-01 1.509307e-01
    outer loop
      vertex   -1.797195e+01 9.749199e+01 7.559684e+01
      vertex   -1.846660e+01 9.788807e+01 7.622453e+01
      vertex   -1.846660e+01 9.775822e+01 7.548794e+01
    endloop
  endfacet
  facet normal -3.879600e-01 -9.063556e-01 1.673515e-01
    outer loop
      vertex   -1.736762e+01 9.721873e+01 7.576071e+01
      vertex   -1.674254e+01 9.697784e+01 7.590516e+01
      vertex   -1.748202e+01 9.737020e+01 7.631582e+01
    endloop
  endfacet
  facet normal -3.778701e-01 -9.069624e-01 1.861004e-01
    outer loop
      vertex   -1.748202e+01 9.737020e+01 7.631582e+01
      vertex   -1.674254e+01 9.697784e+01 7.590516e+01
      vertex   -1.640180e+01 9.693585e+01 7.639239e+01
    endloop
  endfacet
  facet normal -3.779962e-01 -9.117502e-01 1.607187e-01
    outer loop
      vertex   -1.748202e+01 9.737020e+01 7.631582e+01
      vertex   -1.640180e+01 9.693585e+01 7.639239e+01
      vertex   -1.748202e+01 9.750004e+01 7.705241e+01
    endloop
  endfacet
  facet normal -3.779962e-01 -9.117502e-01 1.607187e-01
    outer loop
      vertex   -1.748202e+01 9.750004e+01 7.705241e+01
      vertex   -1.640180e+01 9.693585e+01 7.639239e+01
      vertex   -1.640180e+01 9.706569e+01 7.712898e+01
    endloop
  endfacet
  facet normal -3.779962e-01 -9.117502e-01 1.607187e-01
    outer loop
      vertex   -1.748202e+01 9.750004e+01 7.705241e+01
      vertex   -1.640180e+01 9.706569e+01 7.712898e+01
      vertex   -1.748202e+01 9.801941e+01 7.999877e+01
    endloop
  endfacet
  facet normal -3.779962e-01 -9.117502e-01 1.607187e-01
    outer loop
      vertex   -1.748202e+01 9.801941e+01 7.999877e+01
      vertex   -1.640180e+01 9.706569e+01 7.712898e+01
      vertex   -1.640180e+01 9.758506e+01 8.007534e+01
    endloop
  endfacet
  facet normal -3.779962e-01 -9.117502e-01 1.607187e-01
    outer loop
      vertex   -1.748202e+01 9.801941e+01 7.999877e+01
      vertex   -1.640180e+01 9.758506e+01 8.007534e+01
      vertex   -1.748202e+01 9.827909e+01 8.147195e+01
    endloop
  endfacet
  facet normal -3.336294e-01 -9.301792e-01 1.531602e-01
    outer loop
      vertex   -1.674254e+01 9.697784e+01 7.590516e+01
      vertex   -1.610228e+01 9.676883e+01 7.603050e+01
      vertex   -1.640180e+01 9.693585e+01 7.639239e+01
    endloop
  endfacet
  facet normal -2.890115e-01 -9.375664e-01 1.934984e-01
    outer loop
      vertex   -1.640180e+01 9.693585e+01 7.639239e+01
      vertex   -1.610228e+01 9.676883e+01 7.603050e+01
      vertex   -1.544947e+01 9.658976e+01 7.613789e+01
    endloop
  endfacet
  facet normal -2.893235e-01 -9.376790e-01 1.924839e-01
    outer loop
      vertex   -1.640180e+01 9.693585e+01 7.639239e+01
      vertex   -1.544947e+01 9.658976e+01 7.613789e+01
      vertex   -1.522262e+01 9.658472e+01 7.645428e+01
    endloop
  endfacet
  facet normal -2.175837e-01 -9.658619e-01 1.405990e-01
    outer loop
      vertex   -1.522262e+01 9.658472e+01 7.645428e+01
      vertex   -1.544947e+01 9.658976e+01 7.613789e+01
      vertex   -1.411669e+01 9.631363e+01 7.630348e+01
    endloop
  endfacet
  facet normal -2.108888e-01 -9.607121e-01 1.804386e-01
    outer loop
      vertex   -1.522262e+01 9.658472e+01 7.645428e+01
      vertex   -1.411669e+01 9.631363e+01 7.630348e+01
      vertex   -1.405467e+01 9.633655e+01 7.649803e+01
    endloop
  endfacet
  facet normal -1.424343e-01 -9.767046e-01 1.605008e-01
    outer loop
      vertex   -1.405467e+01 9.633655e+01 7.649803e+01
      vertex   -1.411669e+01 9.631363e+01 7.630348e+01
      vertex   -1.275542e+01 9.613292e+01 7.641185e+01
    endloop
  endfacet
  facet normal -9.991001e-01 -4.177152e-02 7.363274e-03
    outer loop
      vertex   -2.345613e+01 1.069766e+02 7.006559e+01
      vertex   -2.348900e+01 1.078688e+02 7.066783e+01
      vertex   -2.348900e+01 1.077389e+02 6.993120e+01
    endloop
  endfacet
  facet normal -9.999064e-01 -1.347751e-02 2.375747e-03
    outer loop
      vertex   -2.350000e+01 1.084007e+02 6.905507e+01
      vertex   -2.348900e+01 1.080636e+02 7.177268e+01
      vertex   -2.348900e+01 1.081285e+02 7.214097e+01
    endloop
  endfacet
  facet normal -9.991001e-01 -4.177152e-02 7.363274e-03
    outer loop
      vertex   -2.348900e+01 1.081285e+02 7.214097e+01
      vertex   -2.348900e+01 1.080636e+02 7.177268e+01
      vertex   -2.345613e+01 1.073012e+02 7.190707e+01
    endloop
  endfacet
  facet normal -9.991001e-01 -4.177152e-02 7.363274e-03
    outer loop
      vertex   -2.348900e+01 1.081285e+02 7.214097e+01
      vertex   -2.345613e+01 1.073012e+02 7.190707e+01
      vertex   -2.345613e+01 1.073661e+02 7.227536e+01
    endloop
  endfacet
  facet normal -9.973323e-01 -7.188636e-02 1.267177e-02
    outer loop
      vertex   -2.345613e+01 1.073661e+02 7.227536e+01
      vertex   -2.345613e+01 1.073012e+02 7.190707e+01
      vertex   -2.340159e+01 1.065673e+02 7.203644e+01
    endloop
  endfacet
  facet normal -9.973323e-01 -7.188636e-02 1.267177e-02
    outer loop
      vertex   -2.345613e+01 1.073661e+02 7.227536e+01
      vertex   -2.340159e+01 1.065673e+02 7.203644e+01
      vertex   -2.340159e+01 1.066322e+02 7.240473e+01
    endloop
  endfacet
  facet normal -9.944202e-01 -1.038901e-01 1.831323e-02
    outer loop
      vertex   -2.340159e+01 1.066322e+02 7.240473e+01
      vertex   -2.340159e+01 1.065673e+02 7.203644e+01
      vertex   -2.332553e+01 1.058612e+02 7.216091e+01
    endloop
  endfacet
  facet normal -9.944202e-01 -1.038901e-01 1.831323e-02
    outer loop
      vertex   -2.340159e+01 1.066322e+02 7.240473e+01
      vertex   -2.332553e+01 1.058612e+02 7.216091e+01
      vertex   -2.332553e+01 1.059261e+02 7.252920e+01
    endloop
  endfacet
  facet normal -9.901575e-01 -1.378326e-01 2.429644e-02
    outer loop
      vertex   -2.332553e+01 1.059261e+02 7.252920e+01
      vertex   -2.332553e+01 1.058612e+02 7.216091e+01
      vertex   -2.322808e+01 1.051822e+02 7.228059e+01
    endloop
  endfacet
  facet normal -9.901575e-01 -1.378326e-01 2.429644e-02
    outer loop
      vertex   -2.332553e+01 1.059261e+02 7.252920e+01
      vertex   -2.322808e+01 1.051822e+02 7.228059e+01
      vertex   -2.322808e+01 1.052471e+02 7.264888e+01
    endloop
  endfacet
  facet normal -9.843156e-01 -1.737379e-01 3.062565e-02
    outer loop
      vertex   -2.322808e+01 1.052471e+02 7.264888e+01
      vertex   -2.322808e+01 1.051822e+02 7.228059e+01
      vertex   -2.310935e+01 1.045298e+02 7.239559e+01
    endloop
  endfacet
  facet normal -9.843156e-01 -1.737379e-01 3.062565e-02
    outer loop
      vertex   -2.322808e+01 1.052471e+02 7.264888e+01
      vertex   -2.310935e+01 1.045298e+02 7.239559e+01
      vertex   -2.310935e+01 1.045947e+02 7.276388e+01
    endloop
  endfacet
  facet normal -9.766452e-01 -2.115962e-01 3.729912e-02
    outer loop
      vertex   -2.310935e+01 1.045947e+02 7.276388e+01
      vertex   -2.310935e+01 1.045298e+02 7.239559e+01
      vertex   -2.296942e+01 1.039034e+02 7.250600e+01
    endloop
  endfacet
  facet normal -9.766452e-01 -2.115962e-01 3.729912e-02
    outer loop
      vertex   -2.310935e+01 1.045947e+02 7.276388e+01
      vertex   -2.296942e+01 1.039034e+02 7.250600e+01
      vertex   -2.296942e+01 1.039683e+02 7.287430e+01
    endloop
  endfacet
  facet normal -9.668804e-01 -2.513545e-01 4.430751e-02
    outer loop
      vertex   -2.296942e+01 1.039683e+02 7.287430e+01
      vertex   -2.296942e+01 1.039034e+02 7.250600e+01
      vertex   -2.280835e+01 1.033025e+02 7.261194e+01
    endloop
  endfacet
  facet normal -9.668804e-01 -2.513545e-01 4.430751e-02
    outer loop
      vertex   -2.296942e+01 1.039683e+02 7.287430e+01
      vertex   -2.280835e+01 1.033025e+02 7.261194e+01
      vertex   -2.280835e+01 1.033674e+02 7.298023e+01
    endloop
  endfacet
  facet normal -9.999064e-01 -1.347751e-02 2.375747e-03
    outer loop
      vertex   -2.350000e+01 1.095808e+02 7.574947e+01
      vertex   -2.348900e+01 1.085180e+02 7.435074e+01
      vertex   -2.348900e+01 1.086478e+02 7.508733e+01
    endloop
  endfacet
  facet normal -9.991001e-01 -4.177152e-02 7.363274e-03
    outer loop
      vertex   -2.348900e+01 1.086478e+02 7.508733e+01
      vertex   -2.348900e+01 1.085180e+02 7.435074e+01
      vertex   -2.345613e+01 1.077556e+02 7.448513e+01
    endloop
  endfacet
  facet normal -9.991001e-01 -4.177152e-02 7.363274e-03
    outer loop
      vertex   -2.348900e+01 1.086478e+02 7.508733e+01
      vertex   -2.345613e+01 1.077556e+02 7.448513e+01
      vertex   -2.345613e+01 1.078855e+02 7.522172e+01
    endloop
  endfacet
  facet normal -9.973323e-01 -7.188636e-02 1.267177e-02
    outer loop
      vertex   -2.345613e+01 1.078855e+02 7.522172e+01
      vertex   -2.345613e+01 1.077556e+02 7.448513e+01
      vertex   -2.340159e+01 1.070217e+02 7.461450e+01
    endloop
  endfacet
  facet normal -6.567826e-01 -7.426304e-01 1.309072e-01
    outer loop
      vertex   -1.935840e+01 9.939906e+01 8.127453e+01
      vertex   -2.015980e+01 1.000865e+02 8.115336e+01
      vertex   -1.935840e+01 9.913937e+01 7.980135e+01
    endloop
  endfacet
  facet normal -6.567826e-01 -7.426304e-01 1.309072e-01
    outer loop
      vertex   -1.935840e+01 9.913937e+01 7.980135e+01
      vertex   -2.015980e+01 1.000865e+02 8.115336e+01
      vertex   -2.015980e+01 9.982677e+01 7.968018e+01
    endloop
  endfacet
  facet normal -6.567826e-01 -7.426304e-01 1.309072e-01
    outer loop
      vertex   -1.935840e+01 9.913937e+01 7.980135e+01
      vertex   -2.015980e+01 9.982677e+01 7.968018e+01
      vertex   -1.935840e+01 9.862000e+01 7.685499e+01
    endloop
  endfacet
  facet normal -4.711074e-01 -8.686829e-01 1.531271e-01
    outer loop
      vertex   -1.748202e+01 9.801941e+01 7.999877e+01
      vertex   -1.748202e+01 9.827909e+01 8.147195e+01
      vertex   -1.846660e+01 9.879696e+01 8.138066e+01
    endloop
  endfacet
  facet normal -5.654420e-01 -8.122649e-01 1.431820e-01
    outer loop
      vertex   -1.846660e+01 9.879696e+01 8.138066e+01
      vertex   -1.935840e+01 9.939906e+01 8.127453e+01
      vertex   -1.846660e+01 9.853728e+01 7.990748e+01
    endloop
  endfacet
  facet normal -5.654420e-01 -8.122649e-01 1.431820e-01
    outer loop
      vertex   -1.846660e+01 9.853728e+01 7.990748e+01
      vertex   -1.935840e+01 9.939906e+01 8.127453e+01
      vertex   -1.935840e+01 9.913937e+01 7.980135e+01
    endloop
  endfacet
  facet normal -5.654420e-01 -8.122649e-01 1.431820e-01
    outer loop
      vertex   -1.846660e+01 9.853728e+01 7.990748e+01
      vertex   -1.935840e+01 9.913937e+01 7.980135e+01
      vertex   -1.846660e+01 9.801791e+01 7.696112e+01
    endloop
  endfacet
  facet normal -5.654420e-01 -8.122649e-01 1.431820e-01
    outer loop
      vertex   -1.846660e+01 9.801791e+01 7.696112e+01
      vertex   -1.935840e+01 9.913937e+01 7.980135e+01
      vertex   -1.935840e+01 9.862000e+01 7.685499e+01
    endloop
  endfacet
  facet normal -5.654420e-01 -8.122649e-01 1.431820e-01
    outer loop
      vertex   -1.846660e+01 9.801791e+01 7.696112e+01
      vertex   -1.935840e+01 9.862000e+01 7.685499e+01
      vertex   -1.846660e+01 9.788807e+01 7.622453e+01
    endloop
  endfacet
  facet normal -2.894273e-01 -9.426664e-01 1.661685e-01
    outer loop
      vertex   -1.640180e+01 9.784475e+01 8.154852e+01
      vertex   -1.522262e+01 9.723393e+01 8.013723e+01
      vertex   -1.522262e+01 9.749361e+01 8.161041e+01
    endloop
  endfacet
  facet normal -2.109014e-01 -9.626654e-01 1.696938e-01
    outer loop
      vertex   -1.522262e+01 9.749361e+01 8.161041e+01
      vertex   -1.522262e+01 9.723393e+01 8.013723e+01
      vertex   -1.405467e+01 9.698576e+01 8.018098e+01
    endloop
  endfacet
  facet normal -2.109014e-01 -9.626654e-01 1.696938e-01
    outer loop
      vertex   -1.522262e+01 9.749361e+01 8.161041e+01
      vertex   -1.405467e+01 9.698576e+01 8.018098e+01
      vertex   -1.405467e+01 9.724545e+01 8.165416e+01
    endloop
  endfacet
  facet normal -1.424693e-01 -9.747706e-01 1.718277e-01
    outer loop
      vertex   -1.405467e+01 9.724545e+01 8.165416e+01
      vertex   -1.405467e+01 9.698576e+01 8.018098e+01
      vertex   -1.279748e+01 9.680755e+01 8.021239e+01
    endloop
  endfacet
  facet normal -1.424693e-01 -9.747706e-01 1.718277e-01
    outer loop
      vertex   -1.405467e+01 9.724545e+01 8.165416e+01
      vertex   -1.279748e+01 9.680755e+01 8.021239e+01
      vertex   -1.279748e+01 9.706724e+01 8.168557e+01
    endloop
  endfacet
  facet normal -8.068104e-02 -9.816060e-01 1.730326e-01
    outer loop
      vertex   -1.279748e+01 9.706724e+01 8.168557e+01
      vertex   -1.279748e+01 9.680755e+01 8.021239e+01
      vertex   -1.144731e+01 9.669993e+01 8.023136e+01
    endloop
  endfacet
  facet normal -8.068104e-02 -9.816060e-01 1.730326e-01
    outer loop
      vertex   -1.279748e+01 9.706724e+01 8.168557e+01
      vertex   -1.144731e+01 9.669993e+01 8.023136e+01
      vertex   -1.144731e+01 9.695961e+01 8.170454e+01
    endloop
  endfacet
  facet normal -9.175299e-01 -3.916288e-01 6.903436e-02
    outer loop
      vertex   -2.245919e+01 1.033715e+02 7.905533e+01
      vertex   -2.203938e+01 1.018982e+02 7.627713e+01
      vertex   -2.203938e+01 1.024176e+02 7.922349e+01
    endloop
  endfacet
  facet normal -8.732343e-01 -4.799016e-01 8.459465e-02
    outer loop
      vertex   -2.203938e+01 1.024176e+02 7.922349e+01
      vertex   -2.203938e+01 1.018982e+02 7.627713e+01
      vertex   -2.149892e+01 1.009444e+02 7.644525e+01
    endloop
  endfacet
  facet normal -8.732343e-01 -4.799016e-01 8.459465e-02
    outer loop
      vertex   -2.203938e+01 1.024176e+02 7.922349e+01
      vertex   -2.149892e+01 1.009444e+02 7.644525e+01
      vertex   -2.149892e+01 1.014638e+02 7.939161e+01
    endloop
  endfacet
  facet normal -8.135908e-01 -5.726096e-01 1.009368e-01
    outer loop
      vertex   -2.149892e+01 1.014638e+02 7.939161e+01
      vertex   -2.149892e+01 1.009444e+02 7.644525e+01
      vertex   -2.087279e+01 1.000816e+02 7.659735e+01
    endloop
  endfacet
  facet normal -8.135908e-01 -5.726096e-01 1.009368e-01
    outer loop
      vertex   -2.149892e+01 1.014638e+02 7.939161e+01
      vertex   -2.087279e+01 1.000816e+02 7.659735e+01
      vertex   -2.087279e+01 1.006010e+02 7.954371e+01
    endloop
  endfacet
  facet normal -4.711074e-01 -8.686829e-01 1.531271e-01
    outer loop
      vertex   -1.748202e+01 9.750004e+01 7.705241e+01
      vertex   -1.748202e+01 9.801941e+01 7.999877e+01
      vertex   -1.846660e+01 9.853728e+01 7.990748e+01
    endloop
  endfacet
  facet normal -4.711074e-01 -8.686829e-01 1.531271e-01
    outer loop
      vertex   -1.846660e+01 9.853728e+01 7.990748e+01
      vertex   -1.748202e+01 9.801941e+01 7.999877e+01
      vertex   -1.846660e+01 9.879696e+01 8.138066e+01
    endloop
  endfacet
  facet normal -4.711074e-01 -8.686829e-01 1.531271e-01
    outer loop
      vertex   -1.748202e+01 9.750004e+01 7.705241e+01
      vertex   -1.846660e+01 9.853728e+01 7.990748e+01
      vertex   -1.846660e+01 9.801791e+01 7.696112e+01
    endloop
  endfacet
  facet normal -2.894273e-01 -9.426664e-01 1.661685e-01
    outer loop
      vertex   -1.522262e+01 9.671456e+01 7.719087e+01
      vertex   -1.640180e+01 9.758506e+01 8.007534e+01
      vertex   -1.640180e+01 9.706569e+01 7.712898e+01
    endloop
  endfacet
  facet normal -2.109014e-01 -9.626654e-01 1.696938e-01
    outer loop
      vertex   -1.522262e+01 9.723393e+01 8.013723e+01
      vertex   -1.405467e+01 9.646639e+01 7.723462e+01
      vertex   -1.405467e+01 9.698576e+01 8.018098e+01
    endloop
  endfacet
  facet normal -1.424693e-01 -9.747706e-01 1.718277e-01
    outer loop
      vertex   -1.405467e+01 9.698576e+01 8.018098e+01
      vertex   -1.405467e+01 9.646639e+01 7.723462e+01
      vertex   -1.279748e+01 9.628819e+01 7.726603e+01
    endloop
  endfacet
  facet normal -1.424693e-01 -9.747706e-01 1.718277e-01
    outer loop
      vertex   -1.405467e+01 9.698576e+01 8.018098e+01
      vertex   -1.279748e+01 9.628819e+01 7.726603e+01
      vertex   -1.279748e+01 9.680755e+01 8.021239e+01
    endloop
  endfacet
  facet normal -8.068104e-02 -9.816060e-01 1.730326e-01
    outer loop
      vertex   -1.279748e+01 9.680755e+01 8.021239e+01
      vertex   -1.279748e+01 9.628819e+01 7.726603e+01
      vertex   -1.144731e+01 9.618056e+01 7.728500e+01
    endloop
  endfacet
  facet normal -8.068104e-02 -9.816060e-01 1.730326e-01
    outer loop
      vertex   -1.279748e+01 9.680755e+01 8.021239e+01
      vertex   -1.144731e+01 9.618056e+01 7.728500e+01
      vertex   -1.144731e+01 9.669993e+01 8.023136e+01
    endloop
  endfacet
  facet normal -9.901575e-01 -1.378326e-01 2.429644e-02
    outer loop
      vertex   -2.322808e+01 1.056367e+02 7.485865e+01
      vertex   -2.332553e+01 1.064454e+02 7.547556e+01
      vertex   -2.332553e+01 1.063156e+02 7.473897e+01
    endloop
  endfacet
  facet normal -9.944202e-01 -1.038901e-01 1.831323e-02
    outer loop
      vertex   -2.332553e+01 1.063156e+02 7.473897e+01
      vertex   -2.332553e+01 1.064454e+02 7.547556e+01
      vertex   -2.340159e+01 1.071515e+02 7.535109e+01
    endloop
  endfacet
  facet normal -9.766452e-01 -2.115962e-01 3.729912e-02
    outer loop
      vertex   -2.296942e+01 1.043579e+02 7.508407e+01
      vertex   -2.310935e+01 1.051141e+02 7.571024e+01
      vertex   -2.310935e+01 1.049843e+02 7.497365e+01
    endloop
  endfacet
  facet normal -9.843156e-01 -1.737379e-01 3.062565e-02
    outer loop
      vertex   -2.310935e+01 1.049843e+02 7.497365e+01
      vertex   -2.310935e+01 1.051141e+02 7.571024e+01
      vertex   -2.322808e+01 1.057665e+02 7.559524e+01
    endloop
  endfacet
  facet normal -9.668804e-01 -2.513545e-01 4.430751e-02
    outer loop
      vertex   -2.296942e+01 1.044877e+02 7.582066e+01
      vertex   -2.280835e+01 1.037569e+02 7.519000e+01
      vertex   -2.280835e+01 1.038868e+02 7.592659e+01
    endloop
  endfacet
  facet normal -9.489666e-01 -3.105882e-01 5.474892e-02
    outer loop
      vertex   -2.280835e+01 1.038868e+02 7.592659e+01
      vertex   -2.280835e+01 1.037569e+02 7.519000e+01
      vertex   -2.245919e+01 1.027223e+02 7.537238e+01
    endloop
  endfacet
  facet normal -9.489666e-01 -3.105882e-01 5.474892e-02
    outer loop
      vertex   -2.280835e+01 1.038868e+02 7.592659e+01
      vertex   -2.245919e+01 1.027223e+02 7.537238e+01
      vertex   -2.245919e+01 1.028521e+02 7.610897e+01
    endloop
  endfacet
  facet normal -9.175299e-01 -3.916288e-01 6.903436e-02
    outer loop
      vertex   -2.245919e+01 1.028521e+02 7.610897e+01
      vertex   -2.245919e+01 1.027223e+02 7.537238e+01
      vertex   -2.203938e+01 1.017684e+02 7.554054e+01
    endloop
  endfacet
  facet normal -8.135908e-01 -5.726096e-01 1.009368e-01
    outer loop
      vertex   -2.087279e+01 9.995174e+01 7.586076e+01
      vertex   -2.087279e+01 1.000816e+02 7.659735e+01
      vertex   -2.149892e+01 1.009444e+02 7.644525e+01
    endloop
  endfacet
  facet normal -8.135908e-01 -5.726096e-01 1.009368e-01
    outer loop
      vertex   -2.087279e+01 9.995174e+01 7.586076e+01
      vertex   -2.149892e+01 1.009444e+02 7.644525e+01
      vertex   -2.149892e+01 1.008146e+02 7.570866e+01
    endloop
  endfacet
  facet normal -8.732343e-01 -4.799016e-01 8.459465e-02
    outer loop
      vertex   -2.149892e+01 1.008146e+02 7.570866e+01
      vertex   -2.149892e+01 1.009444e+02 7.644525e+01
      vertex   -2.203938e+01 1.018982e+02 7.627713e+01
    endloop
  endfacet
  facet normal -6.567826e-01 -7.426304e-01 1.309072e-01
    outer loop
      vertex   -1.935840e+01 9.849016e+01 7.611840e+01
      vertex   -2.015980e+01 9.930740e+01 7.673382e+01
      vertex   -2.015980e+01 9.917756e+01 7.599723e+01
    endloop
  endfacet
  facet normal -4.711074e-01 -8.686829e-01 1.531271e-01
    outer loop
      vertex   -1.748202e+01 9.737020e+01 7.631582e+01
      vertex   -1.748202e+01 9.750004e+01 7.705241e+01
      vertex   -1.846660e+01 9.801791e+01 7.696112e+01
    endloop
  endfacet
  facet normal -4.711074e-01 -8.686829e-01 1.531271e-01
    outer loop
      vertex   -1.748202e+01 9.737020e+01 7.631582e+01
      vertex   -1.846660e+01 9.801791e+01 7.696112e+01
      vertex   -1.846660e+01 9.788807e+01 7.622453e+01
    endloop
  endfacet
  facet normal -2.894273e-01 -9.426664e-01 1.661685e-01
    outer loop
      vertex   -1.640180e+01 9.693585e+01 7.639239e+01
      vertex   -1.522262e+01 9.658472e+01 7.645428e+01
      vertex   -1.640180e+01 9.706569e+01 7.712898e+01
    endloop
  endfacet
  facet normal -2.894273e-01 -9.426664e-01 1.661685e-01
    outer loop
      vertex   -1.640180e+01 9.706569e+01 7.712898e+01
      vertex   -1.522262e+01 9.658472e+01 7.645428e+01
      vertex   -1.522262e+01 9.671456e+01 7.719087e+01
    endloop
  endfacet
  facet normal -2.109014e-01 -9.626654e-01 1.696938e-01
    outer loop
      vertex   -1.522262e+01 9.658472e+01 7.645428e+01
      vertex   -1.405467e+01 9.633655e+01 7.649803e+01
      vertex   -1.522262e+01 9.671456e+01 7.719087e+01
    endloop
  endfacet
  facet normal -8.068104e-02 -9.816060e-01 1.730326e-01
    outer loop
      vertex   -1.144731e+01 9.605071e+01 7.654841e+01
      vertex   -1.144731e+01 9.618056e+01 7.728500e+01
      vertex   -1.279748e+01 9.628819e+01 7.726603e+01
    endloop
  endfacet
  facet normal -8.068104e-02 -9.816060e-01 1.730326e-01
    outer loop
      vertex   -1.144731e+01 9.605071e+01 7.654841e+01
      vertex   -1.279748e+01 9.628819e+01 7.726603e+01
      vertex   -1.279748e+01 9.615834e+01 7.652944e+01
    endloop
  endfacet
  facet normal -1.424693e-01 -9.747706e-01 1.718277e-01
    outer loop
      vertex   -1.279748e+01 9.615834e+01 7.652944e+01
      vertex   -1.279748e+01 9.628819e+01 7.726603e+01
      vertex   -1.405467e+01 9.646639e+01 7.723462e+01
    endloop
  endfacet
  facet normal -9.999064e-01 -1.347751e-02 2.375747e-03
    outer loop
      vertex   -2.348900e+01 1.080636e+02 7.177268e+01
      vertex   -2.350000e+01 1.084007e+02 6.905507e+01
      vertex   -2.348900e+01 1.079986e+02 7.140438e+01
    endloop
  endfacet
  facet normal -9.668804e-01 -2.513545e-01 4.430751e-02
    outer loop
      vertex   -2.280835e+01 1.033025e+02 7.261194e+01
      vertex   -2.296942e+01 1.039034e+02 7.250600e+01
      vertex   -2.280835e+01 1.032376e+02 7.224364e+01
    endloop
  endfacet
  facet normal -9.668804e-01 -2.513545e-01 4.430751e-02
    outer loop
      vertex   -2.280835e+01 1.032376e+02 7.224364e+01
      vertex   -2.296942e+01 1.039034e+02 7.250600e+01
      vertex   -2.296942e+01 1.038385e+02 7.213771e+01
    endloop
  endfacet
  facet normal -9.766452e-01 -2.115962e-01 3.729912e-02
    outer loop
      vertex   -2.296942e+01 1.039034e+02 7.250600e+01
      vertex   -2.310935e+01 1.045298e+02 7.239559e+01
      vertex   -2.296942e+01 1.038385e+02 7.213771e+01
    endloop
  endfacet
  facet normal -9.766452e-01 -2.115962e-01 3.729912e-02
    outer loop
      vertex   -2.296942e+01 1.038385e+02 7.213771e+01
      vertex   -2.310935e+01 1.045298e+02 7.239559e+01
      vertex   -2.310935e+01 1.044649e+02 7.202729e+01
    endloop
  endfacet
  facet normal -9.843156e-01 -1.737379e-01 3.062565e-02
    outer loop
      vertex   -2.310935e+01 1.045298e+02 7.239559e+01
      vertex   -2.322808e+01 1.051822e+02 7.228059e+01
      vertex   -2.310935e+01 1.044649e+02 7.202729e+01
    endloop
  endfacet
  facet normal -9.843156e-01 -1.737379e-01 3.062565e-02
    outer loop
      vertex   -2.310935e+01 1.044649e+02 7.202729e+01
      vertex   -2.322808e+01 1.051822e+02 7.228059e+01
      vertex   -2.322808e+01 1.051173e+02 7.191229e+01
    endloop
  endfacet
  facet normal -9.901575e-01 -1.378326e-01 2.429644e-02
    outer loop
      vertex   -2.322808e+01 1.051822e+02 7.228059e+01
      vertex   -2.332553e+01 1.058612e+02 7.216091e+01
      vertex   -2.322808e+01 1.051173e+02 7.191229e+01
    endloop
  endfacet
  facet normal -9.901575e-01 -1.378326e-01 2.429644e-02
    outer loop
      vertex   -2.322808e+01 1.051173e+02 7.191229e+01
      vertex   -2.332553e+01 1.058612e+02 7.216091e+01
      vertex   -2.332553e+01 1.057962e+02 7.179261e+01
    endloop
  endfacet
  facet normal -9.944202e-01 -1.038901e-01 1.831323e-02
    outer loop
      vertex   -2.332553e+01 1.058612e+02 7.216091e+01
      vertex   -2.340159e+01 1.065673e+02 7.203644e+01
      vertex   -2.332553e+01 1.057962e+02 7.179261e+01
    endloop
  endfacet
  facet normal -9.944202e-01 -1.038901e-01 1.831323e-02
    outer loop
      vertex   -2.332553e+01 1.057962e+02 7.179261e+01
      vertex   -2.340159e+01 1.065673e+02 7.203644e+01
      vertex   -2.340159e+01 1.065023e+02 7.166814e+01
    endloop
  endfacet
  facet normal -9.991001e-01 -4.177152e-02 7.363274e-03
    outer loop
      vertex   -2.348900e+01 1.080636e+02 7.177268e+01
      vertex   -2.348900e+01 1.079986e+02 7.140438e+01
      vertex   -2.345613e+01 1.072362e+02 7.153877e+01
    endloop
  endfacet
  facet normal -9.973323e-01 -7.188636e-02 1.267177e-02
    outer loop
      vertex   -2.340159e+01 1.065673e+02 7.203644e+01
      vertex   -2.345613e+01 1.073012e+02 7.190707e+01
      vertex   -2.340159e+01 1.065023e+02 7.166814e+01
    endloop
  endfacet
  facet normal -9.973323e-01 -7.188636e-02 1.267177e-02
    outer loop
      vertex   -2.340159e+01 1.065023e+02 7.166814e+01
      vertex   -2.345613e+01 1.073012e+02 7.190707e+01
      vertex   -2.345613e+01 1.072362e+02 7.153877e+01
    endloop
  endfacet
  facet normal -9.999064e-01 -1.347751e-02 2.375747e-03
    outer loop
      vertex   -2.348900e+01 1.085180e+02 7.435074e+01
      vertex   -2.350000e+01 1.095808e+02 7.574947e+01
      vertex   -2.348900e+01 1.083882e+02 7.361415e+01
    endloop
  endfacet
  facet normal -9.991001e-01 -4.177152e-02 7.363274e-03
    outer loop
      vertex   -2.345613e+01 1.073012e+02 7.190707e+01
      vertex   -2.348900e+01 1.080636e+02 7.177268e+01
      vertex   -2.345613e+01 1.072362e+02 7.153877e+01
    endloop
  endfacet
  facet normal -8.135908e-01 -5.726096e-01 1.009368e-01
    outer loop
      vertex   -2.149892e+01 1.008146e+02 7.570866e+01
      vertex   -2.087279e+01 9.982190e+01 7.512417e+01
      vertex   -2.087279e+01 9.995174e+01 7.586076e+01
    endloop
  endfacet
  facet normal -9.175299e-01 -3.916288e-01 6.903436e-02
    outer loop
      vertex   -2.203938e+01 1.013788e+02 7.333077e+01
      vertex   -2.203938e+01 1.016385e+02 7.480395e+01
      vertex   -2.245919e+01 1.025924e+02 7.463579e+01
    endloop
  endfacet
  facet normal -9.175299e-01 -3.916288e-01 6.903436e-02
    outer loop
      vertex   -2.245919e+01 1.025924e+02 7.463579e+01
      vertex   -2.203938e+01 1.016385e+02 7.480395e+01
      vertex   -2.245919e+01 1.027223e+02 7.537238e+01
    endloop
  endfacet
  facet normal -9.489666e-01 -3.105882e-01 5.474892e-02
    outer loop
      vertex   -2.245919e+01 1.025924e+02 7.463579e+01
      vertex   -2.245919e+01 1.027223e+02 7.537238e+01
      vertex   -2.280835e+01 1.037569e+02 7.519000e+01
    endloop
  endfacet
  facet normal -9.175299e-01 -3.916288e-01 6.903436e-02
    outer loop
      vertex   -2.245919e+01 1.027223e+02 7.537238e+01
      vertex   -2.203938e+01 1.016385e+02 7.480395e+01
      vertex   -2.203938e+01 1.017684e+02 7.554054e+01
    endloop
  endfacet
  facet normal -8.732343e-01 -4.799016e-01 8.459465e-02
    outer loop
      vertex   -2.203938e+01 1.017684e+02 7.554054e+01
      vertex   -2.203938e+01 1.016385e+02 7.480395e+01
      vertex   -2.149892e+01 1.006847e+02 7.497207e+01
    endloop
  endfacet
  facet normal -9.766452e-01 -2.115962e-01 3.729912e-02
    outer loop
      vertex   -2.310935e+01 1.049843e+02 7.497365e+01
      vertex   -2.296942e+01 1.042280e+02 7.434748e+01
      vertex   -2.296942e+01 1.043579e+02 7.508407e+01
    endloop
  endfacet
  facet normal -9.668804e-01 -2.513545e-01 4.430751e-02
    outer loop
      vertex   -2.296942e+01 1.043579e+02 7.508407e+01
      vertex   -2.296942e+01 1.042280e+02 7.434748e+01
      vertex   -2.280835e+01 1.036271e+02 7.445341e+01
    endloop
  endfacet
  facet normal -9.901575e-01 -1.378326e-01 2.429644e-02
    outer loop
      vertex   -2.332553e+01 1.063156e+02 7.473897e+01
      vertex   -2.322808e+01 1.055068e+02 7.412206e+01
      vertex   -2.322808e+01 1.056367e+02 7.485865e+01
    endloop
  endfacet
  facet normal -9.843156e-01 -1.737379e-01 3.062565e-02
    outer loop
      vertex   -2.322808e+01 1.056367e+02 7.485865e+01
      vertex   -2.322808e+01 1.055068e+02 7.412206e+01
      vertex   -2.310935e+01 1.048544e+02 7.423706e+01
    endloop
  endfacet
  facet normal -9.944202e-01 -1.038901e-01 1.831323e-02
    outer loop
      vertex   -2.332553e+01 1.061858e+02 7.400238e+01
      vertex   -2.340159e+01 1.070217e+02 7.461450e+01
      vertex   -2.340159e+01 1.068919e+02 7.387791e+01
    endloop
  endfacet
  facet normal -9.973323e-01 -7.188636e-02 1.267177e-02
    outer loop
      vertex   -2.340159e+01 1.068919e+02 7.387791e+01
      vertex   -2.340159e+01 1.070217e+02 7.461450e+01
      vertex   -2.345613e+01 1.077556e+02 7.448513e+01
    endloop
  endfacet
  facet normal -9.973323e-01 -7.188636e-02 1.267177e-02
    outer loop
      vertex   -2.340159e+01 1.068919e+02 7.387791e+01
      vertex   -2.345613e+01 1.077556e+02 7.448513e+01
      vertex   -2.345613e+01 1.076258e+02 7.374854e+01
    endloop
  endfacet
  facet normal -9.991001e-01 -4.177152e-02 7.363274e-03
    outer loop
      vertex   -2.345613e+01 1.076258e+02 7.374854e+01
      vertex   -2.345613e+01 1.077556e+02 7.448513e+01
      vertex   -2.348900e+01 1.085180e+02 7.435074e+01
    endloop
  endfacet
  facet normal -9.991001e-01 -4.177152e-02 7.363274e-03
    outer loop
      vertex   -2.345613e+01 1.076258e+02 7.374854e+01
      vertex   -2.348900e+01 1.085180e+02 7.435074e+01
      vertex   -2.348900e+01 1.083882e+02 7.361415e+01
    endloop
  endfacet
  facet normal 4.910556e-15 -9.848165e-01 1.735985e-01
    outer loop
      vertex   2.150000e+00 9.640218e+01 7.875359e+01
      vertex   1.000000e+01 9.600311e+01 7.648969e+01
      vertex   7.850000e+00 9.640218e+01 7.875359e+01
    endloop
  endfacet
  facet normal -1.096939e-14 -9.848165e-01 1.735985e-01
    outer loop
      vertex   7.850000e+00 9.640218e+01 7.875359e+01
      vertex   1.000000e+01 9.600311e+01 7.648969e+01
      vertex   1.000000e+01 9.718316e+01 8.318409e+01
    endloop
  endfacet
  facet normal 1.877756e-16 -9.848165e-01 1.735985e-01
    outer loop
      vertex   7.850000e+00 9.640218e+01 7.875359e+01
      vertex   1.000000e+01 9.718316e+01 8.318409e+01
      vertex   7.850000e+00 9.678409e+01 8.092019e+01
    endloop
  endfacet
  facet normal 0.000000e+00 -9.848165e-01 1.735985e-01
    outer loop
      vertex   7.850000e+00 9.678409e+01 8.092019e+01
      vertex   1.000000e+01 9.718316e+01 8.318409e+01
      vertex   2.150000e+00 9.678409e+01 8.092019e+01
    endloop
  endfacet
  facet normal -1.277419e-15 -9.848165e-01 1.735985e-01
    outer loop
      vertex   2.150000e+00 9.678409e+01 8.092019e+01
      vertex   1.000000e+01 9.718316e+01 8.318409e+01
      vertex   -1.000000e+01 9.718316e+01 8.318409e+01
    endloop
  endfacet
  facet normal -1.340082e-15 -9.848165e-01 1.735985e-01
    outer loop
      vertex   2.150000e+00 9.678409e+01 8.092019e+01
      vertex   -1.000000e+01 9.718316e+01 8.318409e+01
      vertex   -2.150000e+00 9.675805e+01 8.077247e+01
    endloop
  endfacet
  facet normal 2.455278e-15 -9.848165e-01 1.735985e-01
    outer loop
      vertex   -2.150000e+00 9.675805e+01 8.077247e+01
      vertex   -1.000000e+01 9.718316e+01 8.318409e+01
      vertex   -7.850000e+00 9.675805e+01 8.077247e+01
    endloop
  endfacet
  facet normal -5.849329e-15 -9.848165e-01 1.735985e-01
    outer loop
      vertex   -7.850000e+00 9.675805e+01 8.077247e+01
      vertex   -1.000000e+01 9.718316e+01 8.318409e+01
      vertex   -1.000000e+01 9.600311e+01 7.648969e+01
    endloop
  endfacet
  facet normal 1.130607e-14 -9.848165e-01 1.735985e-01
    outer loop
      vertex   -7.850000e+00 9.675805e+01 8.077247e+01
      vertex   -1.000000e+01 9.600311e+01 7.648969e+01
      vertex   -7.850000e+00 9.642822e+01 7.890132e+01
    endloop
  endfacet
  facet normal 0.000000e+00 -9.848165e-01 1.735985e-01
    outer loop
      vertex   -7.850000e+00 9.642822e+01 7.890132e+01
      vertex   -1.000000e+01 9.600311e+01 7.648969e+01
      vertex   -2.150000e+00 9.642822e+01 7.890132e+01
    endloop
  endfacet
  facet normal -3.418662e-15 -9.848165e-01 1.735985e-01
    outer loop
      vertex   -2.150000e+00 9.642822e+01 7.890132e+01
      vertex   -1.000000e+01 9.600311e+01 7.648969e+01
      vertex   2.150000e+00 9.640218e+01 7.875359e+01
    endloop
  endfacet
  facet normal -3.724704e-15 -9.848165e-01 1.735985e-01
    outer loop
      vertex   -2.150000e+00 9.642822e+01 7.890132e+01
      vertex   2.150000e+00 9.640218e+01 7.875359e+01
      vertex   2.150000e+00 9.678409e+01 8.092019e+01
    endloop
  endfacet
  facet normal -1.471861e-15 -9.848165e-01 1.735985e-01
    outer loop
      vertex   -2.150000e+00 9.675805e+01 8.077247e+01
      vertex   -2.150000e+00 9.642822e+01 7.890132e+01
      vertex   2.150000e+00 9.678409e+01 8.092019e+01
    endloop
  endfacet
  facet normal 0.000000e+00 -9.848165e-01 1.735985e-01
    outer loop
      vertex   -1.000000e+01 9.600311e+01 7.648969e+01
      vertex   1.000000e+01 9.600311e+01 7.648969e+01
      vertex   2.150000e+00 9.640218e+01 7.875359e+01
    endloop
  endfacet
  facet normal 1.014507e-14 -5.142953e-01 -8.576132e-01
    outer loop
      vertex   -1.137681e+01 9.603351e+01 7.647146e+01
      vertex   -1.080000e+01 9.771833e+01 7.546110e+01
      vertex   -1.000000e+01 9.600311e+01 7.648969e+01
    endloop
  endfacet
  facet normal -5.653914e-16 -5.142953e-01 -8.576132e-01
    outer loop
      vertex   -1.000000e+01 9.600311e+01 7.648969e+01
      vertex   -1.080000e+01 9.771833e+01 7.546110e+01
      vertex   1.080000e+01 9.771833e+01 7.546110e+01
    endloop
  endfacet
  facet normal 0.000000e+00 -5.142953e-01 -8.576132e-01
    outer loop
      vertex   -1.000000e+01 9.600311e+01 7.648969e+01
      vertex   1.080000e+01 9.771833e+01 7.546110e+01
      vertex   1.000000e+01 9.600311e+01 7.648969e+01
    endloop
  endfacet
  facet normal -4.072713e-15 -5.142953e-01 -8.576132e-01
    outer loop
      vertex   1.000000e+01 9.600311e+01 7.648969e+01
      vertex   1.080000e+01 9.771833e+01 7.546110e+01
      vertex   1.158812e+01 9.604377e+01 7.646530e+01
    endloop
  endfacet
  facet normal -1.738511e-14 -5.142953e-01 -8.576132e-01
    outer loop
      vertex   1.158812e+01 9.604377e+01 7.646530e+01
      vertex   1.080000e+01 9.771833e+01 7.546110e+01
      vertex   1.183645e+01 9.775376e+01 7.543986e+01
    endloop
  endfacet
  facet normal 1.275447e-14 -5.142953e-01 -8.576132e-01
    outer loop
      vertex   1.158812e+01 9.604377e+01 7.646530e+01
      vertex   1.183645e+01 9.775376e+01 7.543986e+01
      vertex   1.311613e+01 9.617177e+01 7.638855e+01
    endloop
  endfacet
  facet normal 5.328945e-14 -5.142953e-01 -8.576132e-01
    outer loop
      vertex   1.311613e+01 9.617177e+01 7.638855e+01
      vertex   1.183645e+01 9.775376e+01 7.543986e+01
      vertex   1.286513e+01 9.786434e+01 7.537354e+01
    endloop
  endfacet
  facet normal 3.182697e-15 -5.142953e-01 -8.576132e-01
    outer loop
      vertex   1.311613e+01 9.617177e+01 7.638855e+01
      vertex   1.286513e+01 9.786434e+01 7.537354e+01
      vertex   1.385476e+01 9.627133e+01 7.632885e+01
    endloop
  endfacet
  facet normal -1.554719e-14 -5.142953e-01 -8.576132e-01
    outer loop
      vertex   1.385476e+01 9.627133e+01 7.632885e+01
      vertex   1.286513e+01 9.786434e+01 7.537354e+01
      vertex   1.457497e+01 9.639609e+01 7.625403e+01
    endloop
  endfacet
  facet normal -1.649098e-14 -5.142953e-01 -8.576132e-01
    outer loop
      vertex   1.457497e+01 9.639609e+01 7.625403e+01
      vertex   1.286513e+01 9.786434e+01 7.537354e+01
      vertex   1.387646e+01 9.805621e+01 7.525848e+01
    endloop
  endfacet
  facet normal -3.320892e-14 -5.142953e-01 -8.576132e-01
    outer loop
      vertex   1.457497e+01 9.639609e+01 7.625403e+01
      vertex   1.387646e+01 9.805621e+01 7.525848e+01
      vertex   1.527562e+01 9.654719e+01 7.616342e+01
    endloop
  endfacet
  facet normal 9.794545e-15 -5.142953e-01 -8.576132e-01
    outer loop
      vertex   1.527562e+01 9.654719e+01 7.616342e+01
      vertex   1.387646e+01 9.805621e+01 7.525848e+01
      vertex   1.595558e+01 9.672574e+01 7.605634e+01
    endloop
  endfacet
  facet normal -1.030686e-14 -5.142953e-01 -8.576132e-01
    outer loop
      vertex   1.595558e+01 9.672574e+01 7.605634e+01
      vertex   1.387646e+01 9.805621e+01 7.525848e+01
      vertex   1.485841e+01 9.833425e+01 7.509175e+01
    endloop
  endfacet
  facet normal -4.181601e-15 -5.142953e-01 -8.576132e-01
    outer loop
      vertex   1.595558e+01 9.672574e+01 7.605634e+01
      vertex   1.485841e+01 9.833425e+01 7.509175e+01
      vertex   1.661402e+01 9.693299e+01 7.593206e+01
    endloop
  endfacet
  facet normal -1.577896e-14 -5.142953e-01 -8.576132e-01
    outer loop
      vertex   1.661402e+01 9.693299e+01 7.593206e+01
      vertex   1.485841e+01 9.833425e+01 7.509175e+01
      vertex   1.725144e+01 9.717094e+01 7.578936e+01
    endloop
  endfacet
  facet normal -2.248100e-14 -5.142953e-01 -8.576132e-01
    outer loop
      vertex   1.725144e+01 9.717094e+01 7.578936e+01
      vertex   1.485841e+01 9.833425e+01 7.509175e+01
      vertex   1.579871e+01 9.870190e+01 7.487127e+01
    endloop
  endfacet
  facet normal -2.533030e-15 -5.142953e-01 -8.576132e-01
    outer loop
      vertex   1.725144e+01 9.717094e+01 7.578936e+01
      vertex   1.579871e+01 9.870190e+01 7.487127e+01
      vertex   1.786659e+01 9.744122e+01 7.562728e+01
    endloop
  endfacet
  facet normal 2.949614e-14 -5.142953e-01 -8.576132e-01
    outer loop
      vertex   1.786659e+01 9.744122e+01 7.562728e+01
      vertex   1.579871e+01 9.870190e+01 7.487127e+01
      vertex   1.845792e+01 9.774532e+01 7.544492e+01
    endloop
  endfacet
  facet normal 1.084142e-14 -5.142953e-01 -8.576132e-01
    outer loop
      vertex   1.845792e+01 9.774532e+01 7.544492e+01
      vertex   1.579871e+01 9.870190e+01 7.487127e+01
      vertex   1.667647e+01 9.915567e+01 7.459916e+01
    endloop
  endfacet
  facet normal -6.719245e-15 -5.142953e-01 -8.576132e-01
    outer loop
      vertex   1.845792e+01 9.774532e+01 7.544492e+01
      vertex   1.667647e+01 9.915567e+01 7.459916e+01
      vertex   1.902385e+01 9.808477e+01 7.524135e+01
    endloop
  endfacet
  facet normal -7.823178e-16 -5.142953e-01 -8.576132e-01
    outer loop
      vertex   1.902385e+01 9.808477e+01 7.524135e+01
      vertex   1.667647e+01 9.915567e+01 7.459916e+01
      vertex   1.956281e+01 9.846107e+01 7.501569e+01
    endloop
  endfacet
  facet normal 5.529523e-15 -5.142953e-01 -8.576132e-01
    outer loop
      vertex   1.956281e+01 9.846107e+01 7.501569e+01
      vertex   1.667647e+01 9.915567e+01 7.459916e+01
      vertex   1.748517e+01 9.969485e+01 7.427582e+01
    endloop
  endfacet
  facet normal -1.541653e-15 -5.142953e-01 -8.576132e-01
    outer loop
      vertex   1.956281e+01 9.846107e+01 7.501569e+01
      vertex   1.748517e+01 9.969485e+01 7.427582e+01
      vertex   2.007030e+01 9.887315e+01 7.476858e+01
    endloop
  endfacet
  facet normal -5.715598e-15 -5.142953e-01 -8.576132e-01
    outer loop
      vertex   2.007030e+01 9.887315e+01 7.476858e+01
      vertex   1.748517e+01 9.969485e+01 7.427582e+01
      vertex   2.053668e+01 9.931292e+01 7.450486e+01
    endloop
  endfacet
  facet normal -9.953035e-15 -5.142953e-01 -8.576132e-01
    outer loop
      vertex   2.053668e+01 9.931292e+01 7.450486e+01
      vertex   1.748517e+01 9.969485e+01 7.427582e+01
      vertex   1.821834e+01 1.003179e+02 7.390222e+01
    endloop
  endfacet
  facet normal 2.532238e-14 -5.142953e-01 -8.576132e-01
    outer loop
      vertex   2.053668e+01 9.931292e+01 7.450486e+01
      vertex   1.821834e+01 1.003179e+02 7.390222e+01
      vertex   2.096267e+01 9.977864e+01 7.422557e+01
    endloop
  endfacet
  facet normal 2.021351e-14 -5.142953e-01 -8.576132e-01
    outer loop
      vertex   2.096267e+01 9.977864e+01 7.422557e+01
      vertex   1.821834e+01 1.003179e+02 7.390222e+01
      vertex   1.885776e+01 1.010075e+02 7.348864e+01
    endloop
  endfacet
  facet normal -1.183758e-14 -5.142953e-01 -8.576132e-01
    outer loop
      vertex   2.096267e+01 9.977864e+01 7.422557e+01
      vertex   1.885776e+01 1.010075e+02 7.348864e+01
      vertex   2.134976e+01 1.002691e+02 7.393143e+01
    endloop
  endfacet
  facet normal 2.520566e-15 -5.142953e-01 -8.576132e-01
    outer loop
      vertex   2.134976e+01 1.002691e+02 7.393143e+01
      vertex   1.885776e+01 1.010075e+02 7.348864e+01
      vertex   2.169943e+01 1.007832e+02 7.362313e+01
    endloop
  endfacet
  facet normal 1.401907e-15 -5.142953e-01 -8.576132e-01
    outer loop
      vertex   2.169943e+01 1.007832e+02 7.362313e+01
      vertex   1.885776e+01 1.010075e+02 7.348864e+01
      vertex   1.940115e+01 1.017534e+02 7.304137e+01
    endloop
  endfacet
  facet normal 9.573240e-15 -5.142953e-01 -8.576132e-01
    outer loop
      vertex   2.169943e+01 1.007832e+02 7.362313e+01
      vertex   1.940115e+01 1.017534e+02 7.304137e+01
      vertex   2.201302e+01 1.013195e+02 7.330156e+01
    endloop
  endfacet
  facet normal 1.269436e-14 -5.142953e-01 -8.576132e-01
    outer loop
      vertex   2.201302e+01 1.013195e+02 7.330156e+01
      vertex   1.940115e+01 1.017534e+02 7.304137e+01
      vertex   2.229000e+01 1.018722e+02 7.297009e+01
    endloop
  endfacet
  facet normal 1.294245e-14 -5.142953e-01 -8.576132e-01
    outer loop
      vertex   2.229000e+01 1.018722e+02 7.297009e+01
      vertex   1.940115e+01 1.017534e+02 7.304137e+01
      vertex   1.985109e+01 1.025486e+02 7.256449e+01
    endloop
  endfacet
  facet normal -1.731222e-14 -5.142953e-01 -8.576132e-01
    outer loop
      vertex   2.229000e+01 1.018722e+02 7.297009e+01
      vertex   1.985109e+01 1.025486e+02 7.256449e+01
      vertex   2.253181e+01 1.024377e+02 7.263098e+01
    endloop
  endfacet
  facet normal -1.515562e-14 -5.142953e-01 -8.576132e-01
    outer loop
      vertex   2.253181e+01 1.024377e+02 7.263098e+01
      vertex   1.985109e+01 1.025486e+02 7.256449e+01
      vertex   2.020898e+01 1.033830e+02 7.206409e+01
    endloop
  endfacet
  facet normal -6.539484e-16 -5.142953e-01 -8.576132e-01
    outer loop
      vertex   2.253181e+01 1.024377e+02 7.263098e+01
      vertex   2.020898e+01 1.033830e+02 7.206409e+01
      vertex   2.291883e+01 1.035965e+02 7.193607e+01
    endloop
  endfacet
  facet normal -2.556644e-15 -5.142953e-01 -8.576132e-01
    outer loop
      vertex   2.291883e+01 1.035965e+02 7.193607e+01
      vertex   2.020898e+01 1.033830e+02 7.206409e+01
      vertex   2.047675e+01 1.042425e+02 7.154870e+01
    endloop
  endfacet
  facet normal -7.328506e-15 -5.142953e-01 -8.576132e-01
    outer loop
      vertex   2.291883e+01 1.035965e+02 7.193607e+01
      vertex   2.047675e+01 1.042425e+02 7.154870e+01
      vertex   2.319216e+01 1.047771e+02 7.122808e+01
    endloop
  endfacet
  facet normal -3.449128e-15 -5.142953e-01 -8.576132e-01
    outer loop
      vertex   2.319216e+01 1.047771e+02 7.122808e+01
      vertex   2.047675e+01 1.042425e+02 7.154870e+01
      vertex   2.066043e+01 1.051199e+02 7.102253e+01
    endloop
  endfacet
  facet normal -5.594329e-16 -5.142953e-01 -8.576132e-01
    outer loop
      vertex   2.319216e+01 1.047771e+02 7.122808e+01
      vertex   2.066043e+01 1.051199e+02 7.102253e+01
      vertex   2.337134e+01 1.059797e+02 7.050689e+01
    endloop
  endfacet
  facet normal 5.232190e-15 -5.142953e-01 -8.576132e-01
    outer loop
      vertex   2.337134e+01 1.059797e+02 7.050689e+01
      vertex   2.066043e+01 1.051199e+02 7.102253e+01
      vertex   2.076613e+01 1.060085e+02 7.048961e+01
    endloop
  endfacet
  facet normal 5.494722e-15 -5.142953e-01 -8.576132e-01
    outer loop
      vertex   2.337134e+01 1.059797e+02 7.050689e+01
      vertex   2.076613e+01 1.060085e+02 7.048961e+01
      vertex   2.080000e+01 1.069017e+02 6.995398e+01
    endloop
  endfacet
  facet normal 3.759525e-14 -5.142953e-01 -8.576132e-01
    outer loop
      vertex   -1.080000e+01 9.771833e+01 7.546110e+01
      vertex   -1.137681e+01 9.603351e+01 7.647146e+01
      vertex   -1.183773e+01 9.775383e+01 7.543982e+01
    endloop
  endfacet
  facet normal -1.211762e-14 -5.142953e-01 -8.576132e-01
    outer loop
      vertex   -1.183773e+01 9.775383e+01 7.543982e+01
      vertex   -1.137681e+01 9.603351e+01 7.647146e+01
      vertex   -1.275542e+01 9.613292e+01 7.641185e+01
    endloop
  endfacet
  facet normal -1.690813e-14 -5.142953e-01 -8.576132e-01
    outer loop
      vertex   -1.183773e+01 9.775383e+01 7.543982e+01
      vertex   -1.275542e+01 9.613292e+01 7.641185e+01
      vertex   -1.286481e+01 9.786423e+01 7.537361e+01
    endloop
  endfacet
  facet normal 2.053390e-14 -5.142953e-01 -8.576132e-01
    outer loop
      vertex   -1.286481e+01 9.786423e+01 7.537361e+01
      vertex   -1.275542e+01 9.613292e+01 7.641185e+01
      vertex   -1.411669e+01 9.631363e+01 7.630348e+01
    endloop
  endfacet
  facet normal -5.544653e-15 -5.142953e-01 -8.576132e-01
    outer loop
      vertex   -1.286481e+01 9.786423e+01 7.537361e+01
      vertex   -1.411669e+01 9.631363e+01 7.630348e+01
      vertex   -1.387330e+01 9.805540e+01 7.525897e+01
    endloop
  endfacet
  facet normal -3.188949e-15 -5.142953e-01 -8.576132e-01
    outer loop
      vertex   -1.387330e+01 9.805540e+01 7.525897e+01
      vertex   -1.411669e+01 9.631363e+01 7.630348e+01
      vertex   -1.544947e+01 9.658976e+01 7.613789e+01
    endloop
  endfacet
  facet normal -1.936519e-14 -5.142953e-01 -8.576132e-01
    outer loop
      vertex   -1.387330e+01 9.805540e+01 7.525897e+01
      vertex   -1.544947e+01 9.658976e+01 7.613789e+01
      vertex   -1.610228e+01 9.676883e+01 7.603050e+01
    endloop
  endfacet
  facet normal 1.036798e-15 -5.142953e-01 -8.576132e-01
    outer loop
      vertex   -1.387330e+01 9.805540e+01 7.525897e+01
      vertex   -1.610228e+01 9.676883e+01 7.603050e+01
      vertex   -1.485528e+01 9.833321e+01 7.509237e+01
    endloop
  endfacet
  facet normal -3.922523e-15 -5.142953e-01 -8.576132e-01
    outer loop
      vertex   -1.485528e+01 9.833321e+01 7.509237e+01
      vertex   -1.610228e+01 9.676883e+01 7.603050e+01
      vertex   -1.674254e+01 9.697784e+01 7.590516e+01
    endloop
  endfacet
  facet normal 2.501333e-14 -5.142953e-01 -8.576132e-01
    outer loop
      vertex   -1.485528e+01 9.833321e+01 7.509237e+01
      vertex   -1.674254e+01 9.697784e+01 7.590516e+01
      vertex   -1.736762e+01 9.721873e+01 7.576071e+01
    endloop
  endfacet
  facet normal 1.316625e-14 -5.142953e-01 -8.576132e-01
    outer loop
      vertex   -1.485528e+01 9.833321e+01 7.509237e+01
      vertex   -1.736762e+01 9.721873e+01 7.576071e+01
      vertex   -1.579476e+01 9.870011e+01 7.487235e+01
    endloop
  endfacet
  facet normal -4.785714e-14 -5.142953e-01 -8.576132e-01
    outer loop
      vertex   -1.579476e+01 9.870011e+01 7.487235e+01
      vertex   -1.736762e+01 9.721873e+01 7.576071e+01
      vertex   -1.797195e+01 9.749199e+01 7.559684e+01
    endloop
  endfacet
  facet normal 8.758772e-15 -5.142953e-01 -8.576132e-01
    outer loop
      vertex   -1.579476e+01 9.870011e+01 7.487235e+01
      vertex   -1.797195e+01 9.749199e+01 7.559684e+01
      vertex   -1.854846e+01 9.779620e+01 7.541440e+01
    endloop
  endfacet
  facet normal -1.629452e-14 -5.142953e-01 -8.576132e-01
    outer loop
      vertex   -1.579476e+01 9.870011e+01 7.487235e+01
      vertex   -1.854846e+01 9.779620e+01 7.541440e+01
      vertex   -1.667225e+01 9.915318e+01 7.460065e+01
    endloop
  endfacet
  facet normal -7.484671e-15 -5.142953e-01 -8.576132e-01
    outer loop
      vertex   -1.667225e+01 9.915318e+01 7.460065e+01
      vertex   -1.854846e+01 9.779620e+01 7.541440e+01
      vertex   -1.909640e+01 9.813218e+01 7.521293e+01
    endloop
  endfacet
  facet normal -3.030795e-14 -5.142953e-01 -8.576132e-01
    outer loop
      vertex   -1.667225e+01 9.915318e+01 7.460065e+01
      vertex   -1.909640e+01 9.813218e+01 7.521293e+01
      vertex   -1.961512e+01 9.850076e+01 7.499189e+01
    endloop
  endfacet
  facet normal -1.162229e-14 -5.142953e-01 -8.576132e-01
    outer loop
      vertex   -1.667225e+01 9.915318e+01 7.460065e+01
      vertex   -1.961512e+01 9.850076e+01 7.499189e+01
      vertex   -1.748212e+01 9.969255e+01 7.427720e+01
    endloop
  endfacet
  facet normal -2.313861e-15 -5.142953e-01 -8.576132e-01
    outer loop
      vertex   -1.748212e+01 9.969255e+01 7.427720e+01
      vertex   -1.961512e+01 9.850076e+01 7.499189e+01
      vertex   -2.010401e+01 9.890281e+01 7.475079e+01
    endloop
  endfacet
  facet normal -7.392957e-15 -5.142953e-01 -8.576132e-01
    outer loop
      vertex   -1.748212e+01 9.969255e+01 7.427720e+01
      vertex   -2.010401e+01 9.890281e+01 7.475079e+01
      vertex   -2.056171e+01 9.933844e+01 7.448955e+01
    endloop
  endfacet
  facet normal -1.032995e-14 -5.142953e-01 -8.576132e-01
    outer loop
      vertex   -1.748212e+01 9.969255e+01 7.427720e+01
      vertex   -2.056171e+01 9.933844e+01 7.448955e+01
      vertex   -1.821638e+01 1.003160e+02 7.390334e+01
    endloop
  endfacet
  facet normal -1.944481e-13 -5.142953e-01 -8.576132e-01
    outer loop
      vertex   -1.821638e+01 1.003160e+02 7.390334e+01
      vertex   -2.056171e+01 9.933844e+01 7.448955e+01
      vertex   -2.098018e+01 9.979935e+01 7.421315e+01
    endloop
  endfacet
  facet normal -8.172188e-14 -5.142953e-01 -8.576132e-01
    outer loop
      vertex   -1.821638e+01 1.003160e+02 7.390334e+01
      vertex   -2.098018e+01 9.979935e+01 7.421315e+01
      vertex   -1.885636e+01 1.010058e+02 7.348964e+01
    endloop
  endfacet
  facet normal -5.050379e-13 -5.142953e-01 -8.576132e-01
    outer loop
      vertex   -1.885636e+01 1.010058e+02 7.348964e+01
      vertex   -2.098018e+01 9.979935e+01 7.421315e+01
      vertex   -2.135884e+01 1.002816e+02 7.392395e+01
    endloop
  endfacet
  facet normal -5.580197e-13 -5.142953e-01 -8.576132e-01
    outer loop
      vertex   -1.885636e+01 1.010058e+02 7.348964e+01
      vertex   -2.135884e+01 1.002816e+02 7.392395e+01
      vertex   -2.169953e+01 1.007834e+02 7.362301e+01
    endloop
  endfacet
  facet normal -4.754782e-13 -5.142953e-01 -8.576132e-01
    outer loop
      vertex   -1.885636e+01 1.010058e+02 7.348964e+01
      vertex   -2.169953e+01 1.007834e+02 7.362301e+01
      vertex   -1.940107e+01 1.017532e+02 7.304144e+01
    endloop
  endfacet
  facet normal -8.064873e-13 -5.142953e-01 -8.576132e-01
    outer loop
      vertex   -1.940107e+01 1.017532e+02 7.304144e+01
      vertex   -2.169953e+01 1.007834e+02 7.362301e+01
      vertex   -2.200411e+01 1.013031e+02 7.331139e+01
    endloop
  endfacet
  facet normal -7.923953e-13 -5.142953e-01 -8.576132e-01
    outer loop
      vertex   -1.940107e+01 1.017532e+02 7.304144e+01
      vertex   -2.200411e+01 1.013031e+02 7.331139e+01
      vertex   -2.227444e+01 1.018387e+02 7.299017e+01
    endloop
  endfacet
  facet normal -8.204748e-13 -5.142953e-01 -8.576132e-01
    outer loop
      vertex   -1.940107e+01 1.017532e+02 7.304144e+01
      vertex   -2.227444e+01 1.018387e+02 7.299017e+01
      vertex   -1.985250e+01 1.025514e+02 7.256277e+01
    endloop
  endfacet
  facet normal -9.248851e-13 -5.142953e-01 -8.576132e-01
    outer loop
      vertex   -1.985250e+01 1.025514e+02 7.256277e+01
      vertex   -2.227444e+01 1.018387e+02 7.299017e+01
      vertex   -2.251238e+01 1.023887e+02 7.266039e+01
    endloop
  endfacet
  facet normal -9.121832e-13 -5.142953e-01 -8.576132e-01
    outer loop
      vertex   -1.985250e+01 1.025514e+02 7.256277e+01
      vertex   -2.251238e+01 1.023887e+02 7.266039e+01
      vertex   -2.021007e+01 1.033862e+02 7.206219e+01
    endloop
  endfacet
  facet normal -8.816637e-13 -5.142953e-01 -8.576132e-01
    outer loop
      vertex   -2.021007e+01 1.033862e+02 7.206219e+01
      vertex   -2.251238e+01 1.023887e+02 7.266039e+01
      vertex   -2.272218e+01 1.029580e+02 7.231896e+01
    endloop
  endfacet
  facet normal -8.488018e-13 -5.142953e-01 -8.576132e-01
    outer loop
      vertex   -2.021007e+01 1.033862e+02 7.206219e+01
      vertex   -2.272218e+01 1.029580e+02 7.231896e+01
      vertex   -2.290642e+01 1.035517e+02 7.196292e+01
    endloop
  endfacet
  facet normal -8.216840e-13 -5.142953e-01 -8.576132e-01
    outer loop
      vertex   -2.021007e+01 1.033862e+02 7.206219e+01
      vertex   -2.290642e+01 1.035517e+02 7.196292e+01
      vertex   -2.047749e+01 1.042459e+02 7.154662e+01
    endloop
  endfacet
  facet normal -6.707849e-13 -5.142953e-01 -8.576132e-01
    outer loop
      vertex   -2.047749e+01 1.042459e+02 7.154662e+01
      vertex   -2.290642e+01 1.035517e+02 7.196292e+01
      vertex   -2.306532e+01 1.041699e+02 7.159219e+01
    endloop
  endfacet
  facet normal -6.694454e-13 -5.142953e-01 -8.576132e-01
    outer loop
      vertex   -2.047749e+01 1.042459e+02 7.154662e+01
      vertex   -2.306532e+01 1.041699e+02 7.159219e+01
      vertex   -2.319913e+01 1.048128e+02 7.120669e+01
    endloop
  endfacet
  facet normal -5.340829e-13 -5.142953e-01 -8.576132e-01
    outer loop
      vertex   -2.047749e+01 1.042459e+02 7.154662e+01
      vertex   -2.319913e+01 1.048128e+02 7.120669e+01
      vertex   -2.066081e+01 1.051229e+02 7.102073e+01
    endloop
  endfacet
  facet normal -4.622737e-13 -5.142953e-01 -8.576132e-01
    outer loop
      vertex   -2.066081e+01 1.051229e+02 7.102073e+01
      vertex   -2.319913e+01 1.048128e+02 7.120669e+01
      vertex   -2.330807e+01 1.054804e+02 7.080636e+01
    endloop
  endfacet
  facet normal -3.726302e-13 -5.142953e-01 -8.576132e-01
    outer loop
      vertex   -2.066081e+01 1.051229e+02 7.102073e+01
      vertex   -2.330807e+01 1.054804e+02 7.080636e+01
      vertex   -2.076624e+01 1.060102e+02 7.048860e+01
    endloop
  endfacet
  facet normal -2.609332e-13 -5.142953e-01 -8.576132e-01
    outer loop
      vertex   -2.076624e+01 1.060102e+02 7.048860e+01
      vertex   -2.330807e+01 1.054804e+02 7.080636e+01
      vertex   -2.339240e+01 1.061728e+02 7.039110e+01
    endloop
  endfacet
  facet normal -2.274207e-13 -5.142953e-01 -8.576132e-01
    outer loop
      vertex   -2.076624e+01 1.060102e+02 7.048860e+01
      vertex   -2.339240e+01 1.061728e+02 7.039110e+01
      vertex   -2.080000e+01 1.069017e+02 6.995398e+01
    endloop
  endfacet
  facet normal -1.153881e-13 -5.142953e-01 -8.576132e-01
    outer loop
      vertex   -2.080000e+01 1.069017e+02 6.995398e+01
      vertex   -2.339240e+01 1.061728e+02 7.039110e+01
      vertex   -2.345233e+01 1.068903e+02 6.996086e+01
    endloop
  endfacet
  facet normal -1.160270e-13 -5.142953e-01 -8.576132e-01
    outer loop
      vertex   -2.080000e+01 1.069017e+02 6.995398e+01
      vertex   -2.345233e+01 1.068903e+02 6.996086e+01
      vertex   -2.348812e+01 1.076329e+02 6.951554e+01
    endloop
  endfacet
  facet normal -7.624946e-14 -5.142953e-01 -8.576132e-01
    outer loop
      vertex   -2.348812e+01 1.076329e+02 6.951554e+01
      vertex   -2.350000e+01 1.084007e+02 6.905507e+01
      vertex   -2.080000e+01 1.069017e+02 6.995398e+01
    endloop
  endfacet
  facet normal 3.014452e-15 -5.142953e-01 -8.576132e-01
    outer loop
      vertex   -2.080000e+01 1.069017e+02 6.995398e+01
      vertex   -2.350000e+01 1.084007e+02 6.905507e+01
      vertex   -2.080000e+01 1.215014e+02 6.119879e+01
    endloop
  endfacet
  facet normal -0.000000e+00 -5.142953e-01 -8.576132e-01
    outer loop
      vertex   -2.080000e+01 1.215014e+02 6.119879e+01
      vertex   -2.350000e+01 1.084007e+02 6.905507e+01
      vertex   -2.350000e+01 1.215014e+02 6.119879e+01
    endloop
  endfacet
  facet normal -2.473397e-15 -5.142953e-01 -8.576132e-01
    outer loop
      vertex   2.080000e+01 1.215014e+02 6.119879e+01
      vertex   2.350000e+01 1.084007e+02 6.905507e+01
      vertex   2.080000e+01 1.069017e+02 6.995398e+01
    endloop
  endfacet
  facet normal -7.195002e-15 -5.142953e-01 -8.576132e-01
    outer loop
      vertex   2.080000e+01 1.069017e+02 6.995398e+01
      vertex   2.350000e+01 1.084007e+02 6.905507e+01
      vertex   2.346987e+01 1.071930e+02 6.977933e+01
    endloop
  endfacet
  facet normal -4.700611e-15 -5.142953e-01 -8.576132e-01
    outer loop
      vertex   2.080000e+01 1.069017e+02 6.995398e+01
      vertex   2.346987e+01 1.071930e+02 6.977933e+01
      vertex   2.337134e+01 1.059797e+02 7.050689e+01
    endloop
  endfacet
  facet normal 0.000000e+00 -5.142953e-01 -8.576132e-01
    outer loop
      vertex   2.080000e+01 1.215014e+02 6.119879e+01
      vertex   2.350000e+01 1.215014e+02 6.119879e+01
      vertex   2.350000e+01 1.084007e+02 6.905507e+01
    endloop
  endfacet
  facet normal 2.782472e-02 -9.851927e-01 1.691775e-01
    outer loop
      vertex   1.158812e+01 9.604377e+01 7.646530e+01
      vertex   1.144731e+01 9.618056e+01 7.728500e+01
      vertex   1.000000e+01 9.600311e+01 7.648969e+01
    endloop
  endfacet
  facet normal 2.534109e-02 -9.845002e-01 1.735428e-01
    outer loop
      vertex   1.000000e+01 9.600311e+01 7.648969e+01
      vertex   1.144731e+01 9.618056e+01 7.728500e+01
      vertex   1.144731e+01 9.631040e+01 7.802159e+01
    endloop
  endfacet
  facet normal 2.534109e-02 -9.845002e-01 1.735428e-01
    outer loop
      vertex   1.000000e+01 9.600311e+01 7.648969e+01
      vertex   1.144731e+01 9.631040e+01 7.802159e+01
      vertex   1.144731e+01 9.644024e+01 7.875818e+01
    endloop
  endfacet
  facet normal 8.068104e-02 -9.816060e-01 1.730326e-01
    outer loop
      vertex   1.144731e+01 9.644024e+01 7.875818e+01
      vertex   1.144731e+01 9.631040e+01 7.802159e+01
      vertex   1.279748e+01 9.641803e+01 7.800262e+01
    endloop
  endfacet
  facet normal 8.068104e-02 -9.816060e-01 1.730326e-01
    outer loop
      vertex   1.144731e+01 9.644024e+01 7.875818e+01
      vertex   1.279748e+01 9.641803e+01 7.800262e+01
      vertex   1.279748e+01 9.654787e+01 7.873921e+01
    endloop
  endfacet
  facet normal 1.424693e-01 -9.747706e-01 1.718277e-01
    outer loop
      vertex   1.279748e+01 9.654787e+01 7.873921e+01
      vertex   1.279748e+01 9.641803e+01 7.800262e+01
      vertex   1.405467e+01 9.659624e+01 7.797121e+01
    endloop
  endfacet
  facet normal 1.424693e-01 -9.747706e-01 1.718277e-01
    outer loop
      vertex   1.279748e+01 9.654787e+01 7.873921e+01
      vertex   1.405467e+01 9.659624e+01 7.797121e+01
      vertex   1.405467e+01 9.672608e+01 7.870780e+01
    endloop
  endfacet
  facet normal 2.109014e-01 -9.626654e-01 1.696938e-01
    outer loop
      vertex   1.405467e+01 9.672608e+01 7.870780e+01
      vertex   1.405467e+01 9.659624e+01 7.797121e+01
      vertex   1.522262e+01 9.684440e+01 7.792746e+01
    endloop
  endfacet
  facet normal 2.109014e-01 -9.626654e-01 1.696938e-01
    outer loop
      vertex   1.405467e+01 9.672608e+01 7.870780e+01
      vertex   1.522262e+01 9.684440e+01 7.792746e+01
      vertex   1.522262e+01 9.697424e+01 7.866405e+01
    endloop
  endfacet
  facet normal 2.894273e-01 -9.426664e-01 1.661685e-01
    outer loop
      vertex   1.522262e+01 9.697424e+01 7.866405e+01
      vertex   1.522262e+01 9.684440e+01 7.792746e+01
      vertex   1.640180e+01 9.719554e+01 7.786557e+01
    endloop
  endfacet
  facet normal 2.894273e-01 -9.426664e-01 1.661685e-01
    outer loop
      vertex   1.522262e+01 9.697424e+01 7.866405e+01
      vertex   1.640180e+01 9.719554e+01 7.786557e+01
      vertex   1.640180e+01 9.732538e+01 7.860216e+01
    endloop
  endfacet
  facet normal 3.779962e-01 -9.117502e-01 1.607187e-01
    outer loop
      vertex   1.640180e+01 9.732538e+01 7.860216e+01
      vertex   1.640180e+01 9.719554e+01 7.786557e+01
      vertex   1.748202e+01 9.762988e+01 7.778900e+01
    endloop
  endfacet
  facet normal 3.779962e-01 -9.117502e-01 1.607187e-01
    outer loop
      vertex   1.640180e+01 9.732538e+01 7.860216e+01
      vertex   1.748202e+01 9.762988e+01 7.778900e+01
      vertex   1.748202e+01 9.775972e+01 7.852559e+01
    endloop
  endfacet
  facet normal 4.711074e-01 -8.686829e-01 1.531271e-01
    outer loop
      vertex   1.748202e+01 9.775972e+01 7.852559e+01
      vertex   1.748202e+01 9.762988e+01 7.778900e+01
      vertex   1.846660e+01 9.814775e+01 7.769771e+01
    endloop
  endfacet
  facet normal 4.711074e-01 -8.686829e-01 1.531271e-01
    outer loop
      vertex   1.748202e+01 9.775972e+01 7.852559e+01
      vertex   1.846660e+01 9.814775e+01 7.769771e+01
      vertex   1.846660e+01 9.827759e+01 7.843430e+01
    endloop
  endfacet
  facet normal 5.654420e-01 -8.122649e-01 1.431820e-01
    outer loop
      vertex   1.846660e+01 9.827759e+01 7.843430e+01
      vertex   1.846660e+01 9.814775e+01 7.769771e+01
      vertex   1.935840e+01 9.874985e+01 7.759158e+01
    endloop
  endfacet
  facet normal 5.654420e-01 -8.122649e-01 1.431820e-01
    outer loop
      vertex   1.846660e+01 9.827759e+01 7.843430e+01
      vertex   1.935840e+01 9.874985e+01 7.759158e+01
      vertex   1.935840e+01 9.887969e+01 7.832817e+01
    endloop
  endfacet
  facet normal 6.567826e-01 -7.426304e-01 1.309072e-01
    outer loop
      vertex   1.935840e+01 9.887969e+01 7.832817e+01
      vertex   1.935840e+01 9.874985e+01 7.759158e+01
      vertex   2.015980e+01 9.943725e+01 7.747041e+01
    endloop
  endfacet
  facet normal 6.567826e-01 -7.426304e-01 1.309072e-01
    outer loop
      vertex   1.935840e+01 9.887969e+01 7.832817e+01
      vertex   2.015980e+01 9.943725e+01 7.747041e+01
      vertex   2.015980e+01 9.956709e+01 7.820700e+01
    endloop
  endfacet
  facet normal 7.407200e-01 -6.616133e-01 1.166259e-01
    outer loop
      vertex   2.015980e+01 9.956709e+01 7.820700e+01
      vertex   2.015980e+01 9.943725e+01 7.747041e+01
      vertex   2.087279e+01 1.002114e+02 7.733394e+01
    endloop
  endfacet
  facet normal 7.407200e-01 -6.616133e-01 1.166259e-01
    outer loop
      vertex   2.015980e+01 9.956709e+01 7.820700e+01
      vertex   2.087279e+01 1.002114e+02 7.733394e+01
      vertex   2.087279e+01 1.003413e+02 7.807053e+01
    endloop
  endfacet
  facet normal 8.135908e-01 -5.726096e-01 1.009368e-01
    outer loop
      vertex   2.087279e+01 1.003413e+02 7.807053e+01
      vertex   2.087279e+01 1.002114e+02 7.733394e+01
      vertex   2.149892e+01 1.010743e+02 7.718184e+01
    endloop
  endfacet
  facet normal 8.135908e-01 -5.726096e-01 1.009368e-01
    outer loop
      vertex   2.087279e+01 1.003413e+02 7.807053e+01
      vertex   2.149892e+01 1.010743e+02 7.718184e+01
      vertex   2.149892e+01 1.012041e+02 7.791843e+01
    endloop
  endfacet
  facet normal 8.732343e-01 -4.799016e-01 8.459465e-02
    outer loop
      vertex   2.149892e+01 1.012041e+02 7.791843e+01
      vertex   2.149892e+01 1.010743e+02 7.718184e+01
      vertex   2.203938e+01 1.020280e+02 7.701372e+01
    endloop
  endfacet
  facet normal 8.732343e-01 -4.799016e-01 8.459465e-02
    outer loop
      vertex   2.149892e+01 1.012041e+02 7.791843e+01
      vertex   2.203938e+01 1.020280e+02 7.701372e+01
      vertex   2.203938e+01 1.021579e+02 7.775031e+01
    endloop
  endfacet
  facet normal 9.175299e-01 -3.916288e-01 6.903436e-02
    outer loop
      vertex   2.203938e+01 1.021579e+02 7.775031e+01
      vertex   2.203938e+01 1.020280e+02 7.701372e+01
      vertex   2.245919e+01 1.029820e+02 7.684556e+01
    endloop
  endfacet
  facet normal 9.175299e-01 -3.916288e-01 6.903436e-02
    outer loop
      vertex   2.203938e+01 1.021579e+02 7.775031e+01
      vertex   2.245919e+01 1.029820e+02 7.684556e+01
      vertex   2.245919e+01 1.031118e+02 7.758215e+01
    endloop
  endfacet
  facet normal 9.489666e-01 -3.105882e-01 5.474892e-02
    outer loop
      vertex   2.245919e+01 1.031118e+02 7.758215e+01
      vertex   2.245919e+01 1.029820e+02 7.684556e+01
      vertex   2.280835e+01 1.040166e+02 7.666318e+01
    endloop
  endfacet
  facet normal 9.489666e-01 -3.105882e-01 5.474892e-02
    outer loop
      vertex   2.245919e+01 1.031118e+02 7.758215e+01
      vertex   2.280835e+01 1.040166e+02 7.666318e+01
      vertex   2.280835e+01 1.041465e+02 7.739977e+01
    endloop
  endfacet
  facet normal 9.668804e-01 -2.513545e-01 4.430751e-02
    outer loop
      vertex   2.280835e+01 1.041465e+02 7.739977e+01
      vertex   2.280835e+01 1.040166e+02 7.666318e+01
      vertex   2.296942e+01 1.046176e+02 7.655725e+01
    endloop
  endfacet
  facet normal 9.668804e-01 -2.513545e-01 4.430751e-02
    outer loop
      vertex   2.280835e+01 1.041465e+02 7.739977e+01
      vertex   2.296942e+01 1.046176e+02 7.655725e+01
      vertex   2.296942e+01 1.047474e+02 7.729384e+01
    endloop
  endfacet
  facet normal 9.766452e-01 -2.115962e-01 3.729912e-02
    outer loop
      vertex   2.296942e+01 1.047474e+02 7.729384e+01
      vertex   2.296942e+01 1.046176e+02 7.655725e+01
      vertex   2.310935e+01 1.052440e+02 7.644683e+01
    endloop
  endfacet
  facet normal 9.766452e-01 -2.115962e-01 3.729912e-02
    outer loop
      vertex   2.296942e+01 1.047474e+02 7.729384e+01
      vertex   2.310935e+01 1.052440e+02 7.644683e+01
      vertex   2.310935e+01 1.053738e+02 7.718342e+01
    endloop
  endfacet
  facet normal 9.843156e-01 -1.737379e-01 3.062565e-02
    outer loop
      vertex   2.310935e+01 1.053738e+02 7.718342e+01
      vertex   2.310935e+01 1.052440e+02 7.644683e+01
      vertex   2.322808e+01 1.058963e+02 7.633183e+01
    endloop
  endfacet
  facet normal 9.843156e-01 -1.737379e-01 3.062565e-02
    outer loop
      vertex   2.310935e+01 1.053738e+02 7.718342e+01
      vertex   2.322808e+01 1.058963e+02 7.633183e+01
      vertex   2.322808e+01 1.060262e+02 7.706842e+01
    endloop
  endfacet
  facet normal 9.901575e-01 -1.378326e-01 2.429644e-02
    outer loop
      vertex   2.322808e+01 1.060262e+02 7.706842e+01
      vertex   2.322808e+01 1.058963e+02 7.633183e+01
      vertex   2.332553e+01 1.065753e+02 7.621215e+01
    endloop
  endfacet
  facet normal 9.901575e-01 -1.378326e-01 2.429644e-02
    outer loop
      vertex   2.322808e+01 1.060262e+02 7.706842e+01
      vertex   2.332553e+01 1.065753e+02 7.621215e+01
      vertex   2.332553e+01 1.067051e+02 7.694874e+01
    endloop
  endfacet
  facet normal 9.944202e-01 -1.038901e-01 1.831323e-02
    outer loop
      vertex   2.332553e+01 1.067051e+02 7.694874e+01
      vertex   2.332553e+01 1.065753e+02 7.621215e+01
      vertex   2.340159e+01 1.072814e+02 7.608768e+01
    endloop
  endfacet
  facet normal 9.944202e-01 -1.038901e-01 1.831323e-02
    outer loop
      vertex   2.332553e+01 1.067051e+02 7.694874e+01
      vertex   2.340159e+01 1.072814e+02 7.608768e+01
      vertex   2.340159e+01 1.074112e+02 7.682427e+01
    endloop
  endfacet
  facet normal 9.972144e-01 -7.345625e-02 1.294850e-02
    outer loop
      vertex   2.340159e+01 1.074112e+02 7.682427e+01
      vertex   2.340159e+01 1.072814e+02 7.608768e+01
      vertex   2.345233e+01 1.080703e+02 7.665526e+01
    endloop
  endfacet
  facet normal 9.972304e-01 -7.189825e-02 1.902891e-02
    outer loop
      vertex   2.340159e+01 1.074112e+02 7.682427e+01
      vertex   2.345233e+01 1.080703e+02 7.665526e+01
      vertex   2.339240e+01 1.073529e+02 7.708551e+01
    endloop
  endfacet
  facet normal 8.068020e-02 -9.808036e-01 1.775246e-01
    outer loop
      vertex   1.144731e+01 9.618056e+01 7.728500e+01
      vertex   1.158812e+01 9.604377e+01 7.646530e+01
      vertex   1.279748e+01 9.628819e+01 7.726603e+01
    endloop
  endfacet
  facet normal 9.049267e-02 -9.824338e-01 1.632022e-01
    outer loop
      vertex   1.279748e+01 9.628819e+01 7.726603e+01
      vertex   1.158812e+01 9.604377e+01 7.646530e+01
      vertex   1.311613e+01 9.617177e+01 7.638855e+01
    endloop
  endfacet
  facet normal 1.424633e-01 -9.731394e-01 1.808420e-01
    outer loop
      vertex   1.279748e+01 9.628819e+01 7.726603e+01
      vertex   1.311613e+01 9.617177e+01 7.638855e+01
      vertex   1.405467e+01 9.646639e+01 7.723462e+01
    endloop
  endfacet
  facet normal 1.455349e-01 -9.733018e-01 1.774913e-01
    outer loop
      vertex   1.405467e+01 9.646639e+01 7.723462e+01
      vertex   1.311613e+01 9.617177e+01 7.638855e+01
      vertex   1.385476e+01 9.627133e+01 7.632885e+01
    endloop
  endfacet
  facet normal 1.851605e-01 -9.682990e-01 1.676684e-01
    outer loop
      vertex   1.405467e+01 9.646639e+01 7.723462e+01
      vertex   1.385476e+01 9.627133e+01 7.632885e+01
      vertex   1.457497e+01 9.639609e+01 7.625403e+01
    endloop
  endfacet
  facet normal 2.108881e-01 -9.606498e-01 1.807710e-01
    outer loop
      vertex   1.405467e+01 9.646639e+01 7.723462e+01
      vertex   1.457497e+01 9.639609e+01 7.625403e+01
      vertex   1.522262e+01 9.671456e+01 7.719087e+01
    endloop
  endfacet
  facet normal 2.285201e-01 -9.589343e-01 1.679986e-01
    outer loop
      vertex   1.522262e+01 9.671456e+01 7.719087e+01
      vertex   1.457497e+01 9.639609e+01 7.625403e+01
      vertex   1.527562e+01 9.654719e+01 7.616342e+01
    endloop
  endfacet
  facet normal 2.750733e-01 -9.465629e-01 1.683848e-01
    outer loop
      vertex   1.522262e+01 9.671456e+01 7.719087e+01
      vertex   1.527562e+01 9.654719e+01 7.616342e+01
      vertex   1.595558e+01 9.672574e+01 7.605634e+01
    endloop
  endfacet
  facet normal 2.894074e-01 -9.405660e-01 1.777044e-01
    outer loop
      vertex   1.522262e+01 9.671456e+01 7.719087e+01
      vertex   1.595558e+01 9.672574e+01 7.605634e+01
      vertex   1.640180e+01 9.706569e+01 7.712898e+01
    endloop
  endfacet
  facet normal 3.238207e-01 -9.323561e-01 1.607865e-01
    outer loop
      vertex   1.640180e+01 9.706569e+01 7.712898e+01
      vertex   1.595558e+01 9.672574e+01 7.605634e+01
      vertex   1.661402e+01 9.693299e+01 7.593206e+01
    endloop
  endfacet
  facet normal 3.779859e-01 -9.104480e-01 1.679613e-01
    outer loop
      vertex   1.640180e+01 9.706569e+01 7.712898e+01
      vertex   1.661402e+01 9.693299e+01 7.593206e+01
      vertex   1.748202e+01 9.750004e+01 7.705241e+01
    endloop
  endfacet
  facet normal 3.775949e-01 -9.105453e-01 1.683135e-01
    outer loop
      vertex   1.748202e+01 9.750004e+01 7.705241e+01
      vertex   1.661402e+01 9.693299e+01 7.593206e+01
      vertex   1.725144e+01 9.717094e+01 7.578936e+01
    endloop
  endfacet
  facet normal 4.310265e-01 -8.892707e-01 1.530157e-01
    outer loop
      vertex   1.748202e+01 9.750004e+01 7.705241e+01
      vertex   1.725144e+01 9.717094e+01 7.578936e+01
      vertex   1.786659e+01 9.744122e+01 7.562728e+01
    endloop
  endfacet
  facet normal 4.710841e-01 -8.669155e-01 1.629026e-01
    outer loop
      vertex   1.748202e+01 9.750004e+01 7.705241e+01
      vertex   1.786659e+01 9.744122e+01 7.562728e+01
      vertex   1.846660e+01 9.801791e+01 7.696112e+01
    endloop
  endfacet
  facet normal 4.886432e-01 -8.592000e-01 1.516680e-01
    outer loop
      vertex   1.846660e+01 9.801791e+01 7.696112e+01
      vertex   1.786659e+01 9.744122e+01 7.562728e+01
      vertex   1.845792e+01 9.774532e+01 7.544492e+01
    endloop
  endfacet
  facet normal 5.467946e-01 -8.245955e-01 1.451137e-01
    outer loop
      vertex   1.846660e+01 9.801791e+01 7.696112e+01
      vertex   1.845792e+01 9.774532e+01 7.544492e+01
      vertex   1.902385e+01 9.808477e+01 7.524135e+01
    endloop
  endfacet
  facet normal 5.654209e-01 -8.107342e-01 1.516880e-01
    outer loop
      vertex   1.846660e+01 9.801791e+01 7.696112e+01
      vertex   1.902385e+01 9.808477e+01 7.524135e+01
      vertex   1.935840e+01 9.862000e+01 7.685499e+01
    endloop
  endfacet
  facet normal 6.046102e-01 -7.849935e-01 1.350251e-01
    outer loop
      vertex   1.935840e+01 9.862000e+01 7.685499e+01
      vertex   1.902385e+01 9.808477e+01 7.524135e+01
      vertex   1.956281e+01 9.846107e+01 7.501569e+01
    endloop
  endfacet
  facet normal 6.567697e-01 -7.415298e-01 1.370663e-01
    outer loop
      vertex   1.935840e+01 9.862000e+01 7.685499e+01
      vertex   1.956281e+01 9.846107e+01 7.501569e+01
      vertex   2.015980e+01 9.930740e+01 7.673382e+01
    endloop
  endfacet
  facet normal 6.629067e-01 -7.368602e-01 1.326338e-01
    outer loop
      vertex   2.015980e+01 9.930740e+01 7.673382e+01
      vertex   1.956281e+01 9.846107e+01 7.501569e+01
      vertex   2.007030e+01 9.887315e+01 7.476858e+01
    endloop
  endfacet
  facet normal 7.160404e-01 -6.877771e-01 1.193681e-01
    outer loop
      vertex   2.015980e+01 9.930740e+01 7.673382e+01
      vertex   2.007030e+01 9.887315e+01 7.476858e+01
      vertex   2.053668e+01 9.931292e+01 7.450486e+01
    endloop
  endfacet
  facet normal 7.407014e-01 -6.603658e-01 1.236058e-01
    outer loop
      vertex   2.015980e+01 9.930740e+01 7.673382e+01
      vertex   2.053668e+01 9.931292e+01 7.450486e+01
      vertex   2.087279e+01 1.000816e+02 7.659735e+01
    endloop
  endfacet
  facet normal 7.653750e-01 -6.341145e-01 1.099994e-01
    outer loop
      vertex   2.087279e+01 1.000816e+02 7.659735e+01
      vertex   2.053668e+01 9.931292e+01 7.450486e+01
      vertex   2.096267e+01 9.977864e+01 7.422557e+01
    endloop
  endfacet
  facet normal 8.135871e-01 -5.720840e-01 1.039035e-01
    outer loop
      vertex   2.087279e+01 1.000816e+02 7.659735e+01
      vertex   2.096267e+01 9.977864e+01 7.422557e+01
      vertex   2.149892e+01 1.009444e+02 7.644525e+01
    endloop
  endfacet
  facet normal 8.106121e-01 -5.758035e-01 1.065757e-01
    outer loop
      vertex   2.149892e+01 1.009444e+02 7.644525e+01
      vertex   2.096267e+01 9.977864e+01 7.422557e+01
      vertex   2.134976e+01 1.002691e+02 7.393143e+01
    endloop
  endfacet
  facet normal 8.477928e-01 -5.226207e-01 9.008318e-02
    outer loop
      vertex   2.149892e+01 1.009444e+02 7.644525e+01
      vertex   2.134976e+01 1.002691e+02 7.393143e+01
      vertex   2.169943e+01 1.007832e+02 7.362313e+01
    endloop
  endfacet
  facet normal 8.859033e-01 -4.495970e-01 1.141836e-01
    outer loop
      vertex   2.201302e+01 1.013195e+02 7.330156e+01
      vertex   2.203938e+01 1.013788e+02 7.333077e+01
      vertex   2.169943e+01 1.007832e+02 7.362313e+01
    endloop
  endfacet
  facet normal 8.823233e-01 -4.634977e-01 8.170306e-02
    outer loop
      vertex   2.169943e+01 1.007832e+02 7.362313e+01
      vertex   2.203938e+01 1.013788e+02 7.333077e+01
      vertex   2.203938e+01 1.018982e+02 7.627713e+01
    endloop
  endfacet
  facet normal 8.732239e-01 -4.790484e-01 8.940152e-02
    outer loop
      vertex   2.169943e+01 1.007832e+02 7.362313e+01
      vertex   2.203938e+01 1.018982e+02 7.627713e+01
      vertex   2.149892e+01 1.009444e+02 7.644525e+01
    endloop
  endfacet
  facet normal 8.732343e-01 -4.799016e-01 8.459465e-02
    outer loop
      vertex   2.149892e+01 1.009444e+02 7.644525e+01
      vertex   2.203938e+01 1.018982e+02 7.627713e+01
      vertex   2.149892e+01 1.010743e+02 7.718184e+01
    endloop
  endfacet
  facet normal 8.135908e-01 -5.726096e-01 1.009368e-01
    outer loop
      vertex   2.149892e+01 1.009444e+02 7.644525e+01
      vertex   2.149892e+01 1.010743e+02 7.718184e+01
      vertex   2.087279e+01 1.002114e+02 7.733394e+01
    endloop
  endfacet
  facet normal 9.040927e-01 -4.247202e-01 4.721432e-02
    outer loop
      vertex   2.201302e+01 1.013195e+02 7.330156e+01
      vertex   2.229000e+01 1.018722e+02 7.297009e+01
      vertex   2.203938e+01 1.013788e+02 7.333077e+01
    endloop
  endfacet
  facet normal 9.166483e-01 -3.836444e-01 1.121286e-01
    outer loop
      vertex   2.203938e+01 1.013788e+02 7.333077e+01
      vertex   2.229000e+01 1.018722e+02 7.297009e+01
      vertex   2.245919e+01 1.023328e+02 7.316261e+01
    endloop
  endfacet
  facet normal 9.175299e-01 -3.916288e-01 6.903436e-02
    outer loop
      vertex   2.203938e+01 1.013788e+02 7.333077e+01
      vertex   2.245919e+01 1.023328e+02 7.316261e+01
      vertex   2.203938e+01 1.018982e+02 7.627713e+01
    endloop
  endfacet
  facet normal 9.175299e-01 -3.916288e-01 6.903436e-02
    outer loop
      vertex   2.203938e+01 1.018982e+02 7.627713e+01
      vertex   2.245919e+01 1.023328e+02 7.316261e+01
      vertex   2.245919e+01 1.028521e+02 7.610897e+01
    endloop
  endfacet
  facet normal 9.175299e-01 -3.916288e-01 6.903436e-02
    outer loop
      vertex   2.203938e+01 1.018982e+02 7.627713e+01
      vertex   2.245919e+01 1.028521e+02 7.610897e+01
      vertex   2.203938e+01 1.020280e+02 7.701372e+01
    endloop
  endfacet
  facet normal 9.175299e-01 -3.916288e-01 6.903436e-02
    outer loop
      vertex   2.203938e+01 1.020280e+02 7.701372e+01
      vertex   2.245919e+01 1.028521e+02 7.610897e+01
      vertex   2.245919e+01 1.029820e+02 7.684556e+01
    endloop
  endfacet
  facet normal 9.295700e-01 -3.645170e-01 5.501711e-02
    outer loop
      vertex   2.229000e+01 1.018722e+02 7.297009e+01
      vertex   2.253181e+01 1.024377e+02 7.263098e+01
      vertex   2.245919e+01 1.023328e+02 7.316261e+01
    endloop
  endfacet
  facet normal 9.488700e-01 -3.080799e-01 6.879358e-02
    outer loop
      vertex   2.245919e+01 1.023328e+02 7.316261e+01
      vertex   2.253181e+01 1.024377e+02 7.263098e+01
      vertex   2.280835e+01 1.033674e+02 7.298023e+01
    endloop
  endfacet
  facet normal 9.489666e-01 -3.105882e-01 5.474892e-02
    outer loop
      vertex   2.245919e+01 1.023328e+02 7.316261e+01
      vertex   2.280835e+01 1.033674e+02 7.298023e+01
      vertex   2.245919e+01 1.028521e+02 7.610897e+01
    endloop
  endfacet
  facet normal 9.489666e-01 -3.105882e-01 5.474892e-02
    outer loop
      vertex   2.245919e+01 1.028521e+02 7.610897e+01
      vertex   2.280835e+01 1.033674e+02 7.298023e+01
      vertex   2.280835e+01 1.038868e+02 7.592659e+01
    endloop
  endfacet
  facet normal 9.489666e-01 -3.105882e-01 5.474892e-02
    outer loop
      vertex   2.245919e+01 1.028521e+02 7.610897e+01
      vertex   2.280835e+01 1.038868e+02 7.592659e+01
      vertex   2.245919e+01 1.029820e+02 7.684556e+01
    endloop
  endfacet
  facet normal 9.489666e-01 -3.105882e-01 5.474892e-02
    outer loop
      vertex   2.245919e+01 1.029820e+02 7.684556e+01
      vertex   2.280835e+01 1.038868e+02 7.592659e+01
      vertex   2.280835e+01 1.040166e+02 7.666318e+01
    endloop
  endfacet
  facet normal 9.541372e-01 -2.972290e-01 3.573785e-02
    outer loop
      vertex   2.253181e+01 1.024377e+02 7.263098e+01
      vertex   2.291883e+01 1.035965e+02 7.193607e+01
      vertex   2.280835e+01 1.033674e+02 7.298023e+01
    endloop
  endfacet
  facet normal 9.668761e-01 -2.508318e-01 4.726605e-02
    outer loop
      vertex   2.280835e+01 1.033674e+02 7.298023e+01
      vertex   2.291883e+01 1.035965e+02 7.193607e+01
      vertex   2.296942e+01 1.039683e+02 7.287430e+01
    endloop
  endfacet
  facet normal 9.668804e-01 -2.513545e-01 4.430751e-02
    outer loop
      vertex   2.280835e+01 1.033674e+02 7.298023e+01
      vertex   2.296942e+01 1.039683e+02 7.287430e+01
      vertex   2.280835e+01 1.038868e+02 7.592659e+01
    endloop
  endfacet
  facet normal 9.668804e-01 -2.513545e-01 4.430751e-02
    outer loop
      vertex   2.280835e+01 1.038868e+02 7.592659e+01
      vertex   2.296942e+01 1.039683e+02 7.287430e+01
      vertex   2.296942e+01 1.044877e+02 7.582066e+01
    endloop
  endfacet
  facet normal 9.668804e-01 -2.513545e-01 4.430751e-02
    outer loop
      vertex   2.280835e+01 1.038868e+02 7.592659e+01
      vertex   2.296942e+01 1.044877e+02 7.582066e+01
      vertex   2.280835e+01 1.040166e+02 7.666318e+01
    endloop
  endfacet
  facet normal 9.668804e-01 -2.513545e-01 4.430751e-02
    outer loop
      vertex   2.280835e+01 1.040166e+02 7.666318e+01
      vertex   2.296942e+01 1.044877e+02 7.582066e+01
      vertex   2.296942e+01 1.046176e+02 7.655725e+01
    endloop
  endfacet
  facet normal 9.766288e-01 -2.125993e-01 3.158811e-02
    outer loop
      vertex   2.296942e+01 1.039683e+02 7.287430e+01
      vertex   2.291883e+01 1.035965e+02 7.193607e+01
      vertex   2.310935e+01 1.045947e+02 7.276388e+01
    endloop
  endfacet
  facet normal 9.773897e-01 -2.096092e-01 2.780738e-02
    outer loop
      vertex   2.310935e+01 1.045947e+02 7.276388e+01
      vertex   2.291883e+01 1.035965e+02 7.193607e+01
      vertex   2.319216e+01 1.047771e+02 7.122808e+01
    endloop
  endfacet
  facet normal 9.843139e-01 -1.734109e-01 3.247925e-02
    outer loop
      vertex   2.310935e+01 1.045947e+02 7.276388e+01
      vertex   2.319216e+01 1.047771e+02 7.122808e+01
      vertex   2.322808e+01 1.052471e+02 7.264888e+01
    endloop
  endfacet
  facet normal 9.864794e-01 -1.613971e-01 2.845027e-02
    outer loop
      vertex   2.322808e+01 1.052471e+02 7.264888e+01
      vertex   2.319216e+01 1.047771e+02 7.122808e+01
      vertex   2.322808e+01 1.049874e+02 7.117570e+01
    endloop
  endfacet
  facet normal 9.901575e-01 -1.378326e-01 2.429644e-02
    outer loop
      vertex   2.322808e+01 1.052471e+02 7.264888e+01
      vertex   2.322808e+01 1.049874e+02 7.117570e+01
      vertex   2.332553e+01 1.056664e+02 7.105602e+01
    endloop
  endfacet
  facet normal 9.898964e-01 -1.417825e-01 1.676069e-03
    outer loop
      vertex   2.332553e+01 1.056664e+02 7.105602e+01
      vertex   2.322808e+01 1.049874e+02 7.117570e+01
      vertex   2.337134e+01 1.059797e+02 7.050689e+01
    endloop
  endfacet
  facet normal 9.944019e-01 -1.028374e-01 2.427449e-02
    outer loop
      vertex   2.332553e+01 1.056664e+02 7.105602e+01
      vertex   2.337134e+01 1.059797e+02 7.050689e+01
      vertex   2.340159e+01 1.063725e+02 7.093155e+01
    endloop
  endfacet
  facet normal 9.968344e-01 -7.946751e-02 2.486656e-03
    outer loop
      vertex   2.340159e+01 1.063725e+02 7.093155e+01
      vertex   2.337134e+01 1.059797e+02 7.050689e+01
      vertex   2.346987e+01 1.071930e+02 6.977933e+01
    endloop
  endfacet
  facet normal 9.973171e-01 -7.284418e-02 7.231657e-03
    outer loop
      vertex   2.340159e+01 1.063725e+02 7.093155e+01
      vertex   2.346987e+01 1.071930e+02 6.977933e+01
      vertex   2.345613e+01 1.071064e+02 7.080218e+01
    endloop
  endfacet
  facet normal 9.990967e-01 -4.132000e-02 9.923891e-03
    outer loop
      vertex   2.345613e+01 1.071064e+02 7.080218e+01
      vertex   2.346987e+01 1.071930e+02 6.977933e+01
      vertex   2.348900e+01 1.078688e+02 7.066779e+01
    endloop
  endfacet
  facet normal 9.991001e-01 -4.177152e-02 7.363274e-03
    outer loop
      vertex   2.345613e+01 1.071064e+02 7.080218e+01
      vertex   2.348900e+01 1.078688e+02 7.066779e+01
      vertex   2.345613e+01 1.073661e+02 7.227536e+01
    endloop
  endfacet
  facet normal 9.991001e-01 -4.177152e-02 7.363274e-03
    outer loop
      vertex   2.345613e+01 1.073661e+02 7.227536e+01
      vertex   2.348900e+01 1.078688e+02 7.066779e+01
      vertex   2.348900e+01 1.081285e+02 7.214097e+01
    endloop
  endfacet
  facet normal 9.991001e-01 -4.177152e-02 7.363274e-03
    outer loop
      vertex   2.345613e+01 1.073661e+02 7.227536e+01
      vertex   2.348900e+01 1.081285e+02 7.214097e+01
      vertex   2.345613e+01 1.078855e+02 7.522172e+01
    endloop
  endfacet
  facet normal 9.991001e-01 -4.177152e-02 7.363274e-03
    outer loop
      vertex   2.345613e+01 1.078855e+02 7.522172e+01
      vertex   2.348900e+01 1.081285e+02 7.214097e+01
      vertex   2.348900e+01 1.086478e+02 7.508733e+01
    endloop
  endfacet
  facet normal 9.991001e-01 -4.177152e-02 7.363274e-03
    outer loop
      vertex   2.345613e+01 1.078855e+02 7.522172e+01
      vertex   2.348900e+01 1.086478e+02 7.508733e+01
      vertex   2.345613e+01 1.080153e+02 7.595831e+01
    endloop
  endfacet
  facet normal 9.991001e-01 -4.177152e-02 7.363274e-03
    outer loop
      vertex   2.345613e+01 1.080153e+02 7.595831e+01
      vertex   2.348900e+01 1.086478e+02 7.508733e+01
      vertex   2.348900e+01 1.087777e+02 7.582392e+01
    endloop
  endfacet
  facet normal 9.990992e-01 -4.199451e-02 6.098033e-03
    outer loop
      vertex   2.345613e+01 1.080153e+02 7.595831e+01
      vertex   2.348900e+01 1.087777e+02 7.582392e+01
      vertex   2.348812e+01 1.088129e+02 7.620994e+01
    endloop
  endfacet
  facet normal 9.999045e-01 -1.337435e-02 3.488206e-03
    outer loop
      vertex   2.348812e+01 1.088129e+02 7.620994e+01
      vertex   2.348900e+01 1.087777e+02 7.582392e+01
      vertex   2.350000e+01 1.095808e+02 7.574947e+01
    endloop
  endfacet
  facet normal 9.999064e-01 -1.347751e-02 2.375747e-03
    outer loop
      vertex   2.350000e+01 1.095808e+02 7.574947e+01
      vertex   2.348900e+01 1.087777e+02 7.582392e+01
      vertex   2.348900e+01 1.086478e+02 7.508733e+01
    endloop
  endfacet
  facet normal 9.999064e-01 -1.347751e-02 2.375747e-03
    outer loop
      vertex   2.350000e+01 1.095808e+02 7.574947e+01
      vertex   2.348900e+01 1.086478e+02 7.508733e+01
      vertex   2.348900e+01 1.081285e+02 7.214097e+01
    endloop
  endfacet
  facet normal 9.812597e-01 -1.827797e-01 -6.099957e-02
    outer loop
      vertex   2.319216e+01 1.047771e+02 7.122808e+01
      vertex   2.337134e+01 1.059797e+02 7.050689e+01
      vertex   2.322808e+01 1.049874e+02 7.117570e+01
    endloop
  endfacet
  facet normal 9.996608e-01 -2.598649e-02 -1.751713e-03
    outer loop
      vertex   2.346987e+01 1.071930e+02 6.977933e+01
      vertex   2.350000e+01 1.084007e+02 6.905507e+01
      vertex   2.348900e+01 1.078688e+02 7.066779e+01
    endloop
  endfacet
  facet normal 9.999064e-01 -1.347751e-02 2.375747e-03
    outer loop
      vertex   2.348900e+01 1.078688e+02 7.066779e+01
      vertex   2.350000e+01 1.084007e+02 6.905507e+01
      vertex   2.348900e+01 1.081285e+02 7.214097e+01
    endloop
  endfacet
  facet normal 9.999064e-01 -1.347751e-02 2.375747e-03
    outer loop
      vertex   2.350000e+01 1.084007e+02 6.905507e+01
      vertex   2.350000e+01 1.095808e+02 7.574947e+01
      vertex   2.348900e+01 1.081285e+02 7.214097e+01
    endloop
  endfacet
  facet normal 9.990424e-01 -4.285364e-02 8.828554e-03
    outer loop
      vertex   2.348812e+01 1.088129e+02 7.620994e+01
      vertex   2.345233e+01 1.080703e+02 7.665526e+01
      vertex   2.345613e+01 1.080153e+02 7.595831e+01
    endloop
  endfacet
  facet normal 9.973311e-01 -7.215754e-02 1.113285e-02
    outer loop
      vertex   2.345613e+01 1.080153e+02 7.595831e+01
      vertex   2.345233e+01 1.080703e+02 7.665526e+01
      vertex   2.340159e+01 1.072814e+02 7.608768e+01
    endloop
  endfacet
  facet normal 9.973323e-01 -7.188636e-02 1.267177e-02
    outer loop
      vertex   2.345613e+01 1.080153e+02 7.595831e+01
      vertex   2.340159e+01 1.072814e+02 7.608768e+01
      vertex   2.345613e+01 1.078855e+02 7.522172e+01
    endloop
  endfacet
  facet normal 9.973323e-01 -7.188636e-02 1.267177e-02
    outer loop
      vertex   2.345613e+01 1.078855e+02 7.522172e+01
      vertex   2.340159e+01 1.072814e+02 7.608768e+01
      vertex   2.340159e+01 1.071515e+02 7.535109e+01
    endloop
  endfacet
  facet normal 9.973323e-01 -7.188636e-02 1.267177e-02
    outer loop
      vertex   2.345613e+01 1.078855e+02 7.522172e+01
      vertex   2.340159e+01 1.071515e+02 7.535109e+01
      vertex   2.345613e+01 1.073661e+02 7.227536e+01
    endloop
  endfacet
  facet normal 9.973323e-01 -7.188636e-02 1.267177e-02
    outer loop
      vertex   2.345613e+01 1.073661e+02 7.227536e+01
      vertex   2.340159e+01 1.071515e+02 7.535109e+01
      vertex   2.340159e+01 1.066322e+02 7.240473e+01
    endloop
  endfacet
  facet normal 9.973323e-01 -7.188636e-02 1.267177e-02
    outer loop
      vertex   2.345613e+01 1.073661e+02 7.227536e+01
      vertex   2.340159e+01 1.066322e+02 7.240473e+01
      vertex   2.345613e+01 1.071064e+02 7.080218e+01
    endloop
  endfacet
  facet normal 9.973323e-01 -7.188636e-02 1.267177e-02
    outer loop
      vertex   2.345613e+01 1.071064e+02 7.080218e+01
      vertex   2.340159e+01 1.066322e+02 7.240473e+01
      vertex   2.340159e+01 1.063725e+02 7.093155e+01
    endloop
  endfacet
  facet normal 9.943965e-01 -1.050861e-01 1.151382e-02
    outer loop
      vertex   2.340159e+01 1.074112e+02 7.682427e+01
      vertex   2.339240e+01 1.073529e+02 7.708551e+01
      vertex   2.332553e+01 1.067051e+02 7.694874e+01
    endloop
  endfacet
  facet normal 9.939552e-01 -1.074083e-01 2.272763e-02
    outer loop
      vertex   2.332553e+01 1.067051e+02 7.694874e+01
      vertex   2.339240e+01 1.073529e+02 7.708551e+01
      vertex   2.330807e+01 1.066604e+02 7.750076e+01
    endloop
  endfacet
  facet normal 9.901484e-01 -1.385741e-01 2.008247e-02
    outer loop
      vertex   2.332553e+01 1.067051e+02 7.694874e+01
      vertex   2.330807e+01 1.066604e+02 7.750076e+01
      vertex   2.322808e+01 1.060262e+02 7.706842e+01
    endloop
  endfacet
  facet normal 9.891259e-01 -1.442610e-01 2.861413e-02
    outer loop
      vertex   2.322808e+01 1.060262e+02 7.706842e+01
      vertex   2.330807e+01 1.066604e+02 7.750076e+01
      vertex   2.319913e+01 1.059928e+02 7.790110e+01
    endloop
  endfacet
  facet normal 9.843098e-01 -1.743333e-01 2.724204e-02
    outer loop
      vertex   2.322808e+01 1.060262e+02 7.706842e+01
      vertex   2.319913e+01 1.059928e+02 7.790110e+01
      vertex   2.310935e+01 1.053738e+02 7.718342e+01
    endloop
  endfacet
  facet normal 9.824157e-01 -1.833481e-01 3.525479e-02
    outer loop
      vertex   2.310935e+01 1.053738e+02 7.718342e+01
      vertex   2.319913e+01 1.059928e+02 7.790110e+01
      vertex   2.306532e+01 1.053500e+02 7.828659e+01
    endloop
  endfacet
  facet normal 9.766410e-01 -2.121056e-01 3.440393e-02
    outer loop
      vertex   2.310935e+01 1.053738e+02 7.718342e+01
      vertex   2.306532e+01 1.053500e+02 7.828659e+01
      vertex   2.296942e+01 1.047474e+02 7.729384e+01
    endloop
  endfacet
  facet normal 9.734843e-01 -2.247888e-01 4.240754e-02
    outer loop
      vertex   2.296942e+01 1.047474e+02 7.729384e+01
      vertex   2.306532e+01 1.053500e+02 7.828659e+01
      vertex   2.290642e+01 1.047318e+02 7.865732e+01
    endloop
  endfacet
  facet normal 9.668773e-01 -2.517969e-01 4.179301e-02
    outer loop
      vertex   2.296942e+01 1.047474e+02 7.729384e+01
      vertex   2.290642e+01 1.047318e+02 7.865732e+01
      vertex   2.280835e+01 1.041465e+02 7.739977e+01
    endloop
  endfacet
  facet normal 9.619711e-01 -2.685417e-01 4.996955e-02
    outer loop
      vertex   2.280835e+01 1.041465e+02 7.739977e+01
      vertex   2.290642e+01 1.047318e+02 7.865732e+01
      vertex   2.272218e+01 1.041381e+02 7.901336e+01
    endloop
  endfacet
  facet normal 9.489507e-01 -3.115873e-01 4.905046e-02
    outer loop
      vertex   2.280835e+01 1.041465e+02 7.739977e+01
      vertex   2.272218e+01 1.041381e+02 7.901336e+01
      vertex   2.245919e+01 1.031118e+02 7.758215e+01
    endloop
  endfacet
  facet normal 9.453123e-01 -3.212142e-01 5.662203e-02
    outer loop
      vertex   2.245919e+01 1.031118e+02 7.758215e+01
      vertex   2.272218e+01 1.041381e+02 7.901336e+01
      vertex   2.245919e+01 1.033715e+02 7.905533e+01
    endloop
  endfacet
  facet normal 9.175299e-01 -3.916288e-01 6.903436e-02
    outer loop
      vertex   2.245919e+01 1.031118e+02 7.758215e+01
      vertex   2.245919e+01 1.033715e+02 7.905533e+01
      vertex   2.203938e+01 1.024176e+02 7.922349e+01
    endloop
  endfacet
  facet normal 9.173163e-01 -3.952830e-01 4.777107e-02
    outer loop
      vertex   2.203938e+01 1.024176e+02 7.922349e+01
      vertex   2.245919e+01 1.033715e+02 7.905533e+01
      vertex   2.227444e+01 1.030188e+02 7.968457e+01
    endloop
  endfacet
  facet normal 9.088141e-01 -4.108667e-01 7.242552e-02
    outer loop
      vertex   2.203938e+01 1.024176e+02 7.922349e+01
      vertex   2.227444e+01 1.030188e+02 7.968457e+01
      vertex   2.203938e+01 1.024839e+02 7.959966e+01
    endloop
  endfacet
  facet normal 9.080817e-01 -4.114459e-01 7.810217e-02
    outer loop
      vertex   2.203938e+01 1.024839e+02 7.959966e+01
      vertex   2.227444e+01 1.030188e+02 7.968457e+01
      vertex   2.200411e+01 1.024831e+02 8.000579e+01
    endloop
  endfacet
  facet normal 8.793496e-01 -4.701532e-01 7.549990e-02
    outer loop
      vertex   2.203938e+01 1.024839e+02 7.959966e+01
      vertex   2.200411e+01 1.024831e+02 8.000579e+01
      vertex   2.169953e+01 1.019635e+02 8.031741e+01
    endloop
  endfacet
  facet normal 9.457002e-01 -3.220318e-01 4.412003e-02
    outer loop
      vertex   2.272218e+01 1.041381e+02 7.901336e+01
      vertex   2.251238e+01 1.035687e+02 7.935480e+01
      vertex   2.245919e+01 1.033715e+02 7.905533e+01
    endloop
  endfacet
  facet normal 9.303518e-01 -3.596107e-01 7.159367e-02
    outer loop
      vertex   2.245919e+01 1.033715e+02 7.905533e+01
      vertex   2.251238e+01 1.035687e+02 7.935480e+01
      vertex   2.227444e+01 1.030188e+02 7.968457e+01
    endloop
  endfacet
  facet normal 8.508643e-01 -5.148435e-01 1.047187e-01
    outer loop
      vertex   2.135884e+01 1.014617e+02 8.061835e+01
      vertex   2.149892e+01 1.015946e+02 8.013356e+01
      vertex   2.169953e+01 1.019635e+02 8.031741e+01
    endloop
  endfacet
  facet normal 8.554833e-01 -5.099679e-01 8.989458e-02
    outer loop
      vertex   2.169953e+01 1.019635e+02 8.031741e+01
      vertex   2.149892e+01 1.015946e+02 8.013356e+01
      vertex   2.149892e+01 1.015300e+02 7.976712e+01
    endloop
  endfacet
  facet normal 8.730265e-01 -4.836199e-01 6.274233e-02
    outer loop
      vertex   2.169953e+01 1.019635e+02 8.031741e+01
      vertex   2.149892e+01 1.015300e+02 7.976712e+01
      vertex   2.203938e+01 1.024839e+02 7.959966e+01
    endloop
  endfacet
  facet normal 8.732343e-01 -4.799016e-01 8.459465e-02
    outer loop
      vertex   2.203938e+01 1.024839e+02 7.959966e+01
      vertex   2.149892e+01 1.015300e+02 7.976712e+01
      vertex   2.203938e+01 1.024176e+02 7.922349e+01
    endloop
  endfacet
  facet normal 8.133564e-01 -5.766563e-01 7.693348e-02
    outer loop
      vertex   2.149892e+01 1.015946e+02 8.013356e+01
      vertex   2.135884e+01 1.014617e+02 8.061835e+01
      vertex   2.087279e+01 1.007317e+02 8.028515e+01
    endloop
  endfacet
  facet normal 8.091336e-01 -5.804664e-01 9.144116e-02
    outer loop
      vertex   2.087279e+01 1.007317e+02 8.028515e+01
      vertex   2.135884e+01 1.014617e+02 8.061835e+01
      vertex   2.098018e+01 1.009794e+02 8.090756e+01
    endloop
  endfacet
  facet normal 7.692490e-01 -6.280932e-01 1.172813e-01
    outer loop
      vertex   2.087279e+01 1.007317e+02 8.028515e+01
      vertex   2.098018e+01 1.009794e+02 8.090756e+01
      vertex   2.056171e+01 1.005185e+02 8.118395e+01
    endloop
  endfacet
  facet normal 7.214131e-01 -6.802826e-01 1.295327e-01
    outer loop
      vertex   2.010401e+01 1.000829e+02 8.144519e+01
      vertex   2.015980e+01 1.000865e+02 8.115336e+01
      vertex   2.056171e+01 1.005185e+02 8.118395e+01
    endloop
  endfacet
  facet normal 7.226302e-01 -6.807395e-01 1.199973e-01
    outer loop
      vertex   2.056171e+01 1.005185e+02 8.118395e+01
      vertex   2.015980e+01 1.000865e+02 8.115336e+01
      vertex   2.015980e+01 9.995738e+01 8.042112e+01
    endloop
  endfacet
  facet normal 7.406034e-01 -6.646545e-01 9.869626e-02
    outer loop
      vertex   2.056171e+01 1.005185e+02 8.118395e+01
      vertex   2.015980e+01 9.995738e+01 8.042112e+01
      vertex   2.087279e+01 1.007317e+02 8.028515e+01
    endloop
  endfacet
  facet normal 7.407200e-01 -6.616133e-01 1.166259e-01
    outer loop
      vertex   2.087279e+01 1.007317e+02 8.028515e+01
      vertex   2.015980e+01 9.995738e+01 8.042112e+01
      vertex   2.087279e+01 1.006670e+02 7.991854e+01
    endloop
  endfacet
  facet normal 8.135908e-01 -5.726096e-01 1.009368e-01
    outer loop
      vertex   2.087279e+01 1.007317e+02 8.028515e+01
      vertex   2.087279e+01 1.006670e+02 7.991854e+01
      vertex   2.149892e+01 1.015300e+02 7.976712e+01
    endloop
  endfacet
  facet normal 8.135908e-01 -5.726096e-01 1.009368e-01
    outer loop
      vertex   2.149892e+01 1.015300e+02 7.976712e+01
      vertex   2.087279e+01 1.006670e+02 7.991854e+01
      vertex   2.149892e+01 1.014638e+02 7.939161e+01
    endloop
  endfacet
  facet normal 8.732343e-01 -4.799016e-01 8.459465e-02
    outer loop
      vertex   2.149892e+01 1.015300e+02 7.976712e+01
      vertex   2.149892e+01 1.014638e+02 7.939161e+01
      vertex   2.203938e+01 1.024176e+02 7.922349e+01
    endloop
  endfacet
  facet normal 8.732343e-01 -4.799016e-01 8.459465e-02
    outer loop
      vertex   2.203938e+01 1.024176e+02 7.922349e+01
      vertex   2.149892e+01 1.014638e+02 7.939161e+01
      vertex   2.203938e+01 1.021579e+02 7.775031e+01
    endloop
  endfacet
  facet normal 9.175299e-01 -3.916288e-01 6.903436e-02
    outer loop
      vertex   2.203938e+01 1.024176e+02 7.922349e+01
      vertex   2.203938e+01 1.021579e+02 7.775031e+01
      vertex   2.245919e+01 1.031118e+02 7.758215e+01
    endloop
  endfacet
  facet normal 6.648080e-01 -7.376345e-01 1.180072e-01
    outer loop
      vertex   2.010401e+01 1.000829e+02 8.144519e+01
      vertex   1.961512e+01 9.968082e+01 8.168629e+01
      vertex   2.015980e+01 1.000865e+02 8.115336e+01
    endloop
  endfacet
  facet normal 6.565026e-01 -7.473821e-01 1.020995e-01
    outer loop
      vertex   2.015980e+01 1.000865e+02 8.115336e+01
      vertex   1.961512e+01 9.968082e+01 8.168629e+01
      vertex   1.935840e+01 9.939906e+01 8.127453e+01
    endloop
  endfacet
  facet normal 6.567826e-01 -7.426304e-01 1.309072e-01
    outer loop
      vertex   2.015980e+01 1.000865e+02 8.115336e+01
      vertex   1.935840e+01 9.939906e+01 8.127453e+01
      vertex   2.015980e+01 9.995738e+01 8.042112e+01
    endloop
  endfacet
  facet normal 6.567826e-01 -7.426304e-01 1.309072e-01
    outer loop
      vertex   2.015980e+01 9.995738e+01 8.042112e+01
      vertex   1.935840e+01 9.939906e+01 8.127453e+01
      vertex   1.935840e+01 9.926989e+01 8.054179e+01
    endloop
  endfacet
  facet normal 6.567826e-01 -7.426304e-01 1.309072e-01
    outer loop
      vertex   2.015980e+01 9.995738e+01 8.042112e+01
      vertex   1.935840e+01 9.926989e+01 8.054179e+01
      vertex   2.015980e+01 9.989273e+01 8.005433e+01
    endloop
  endfacet
  facet normal 6.567826e-01 -7.426304e-01 1.309072e-01
    outer loop
      vertex   2.015980e+01 9.989273e+01 8.005433e+01
      vertex   1.935840e+01 9.926989e+01 8.054179e+01
      vertex   1.935840e+01 9.920521e+01 8.017482e+01
    endloop
  endfacet
  facet normal 6.567826e-01 -7.426304e-01 1.309072e-01
    outer loop
      vertex   2.015980e+01 9.989273e+01 8.005433e+01
      vertex   1.935840e+01 9.920521e+01 8.017482e+01
      vertex   2.015980e+01 9.982677e+01 7.968018e+01
    endloop
  endfacet
  facet normal 6.567826e-01 -7.426304e-01 1.309072e-01
    outer loop
      vertex   2.015980e+01 9.982677e+01 7.968018e+01
      vertex   1.935840e+01 9.920521e+01 8.017482e+01
      vertex   1.935840e+01 9.913937e+01 7.980135e+01
    endloop
  endfacet
  facet normal 6.567826e-01 -7.426304e-01 1.309072e-01
    outer loop
      vertex   2.015980e+01 9.982677e+01 7.968018e+01
      vertex   1.935840e+01 9.913937e+01 7.980135e+01
      vertex   2.015980e+01 9.956709e+01 7.820700e+01
    endloop
  endfacet
  facet normal 6.567826e-01 -7.426304e-01 1.309072e-01
    outer loop
      vertex   2.015980e+01 9.956709e+01 7.820700e+01
      vertex   1.935840e+01 9.913937e+01 7.980135e+01
      vertex   1.935840e+01 9.887969e+01 7.832817e+01
    endloop
  endfacet
  facet normal 6.139396e-01 -7.753918e-01 1.478031e-01
    outer loop
      vertex   1.961512e+01 9.968082e+01 8.168629e+01
      vertex   1.909640e+01 9.931223e+01 8.190733e+01
      vertex   1.935840e+01 9.939906e+01 8.127453e+01
    endloop
  endfacet
  facet normal 5.653132e-01 -8.157854e-01 1.221279e-01
    outer loop
      vertex   1.935840e+01 9.939906e+01 8.127453e+01
      vertex   1.909640e+01 9.931223e+01 8.190733e+01
      vertex   1.846660e+01 9.879696e+01 8.138066e+01
    endloop
  endfacet
  facet normal 5.654420e-01 -8.122649e-01 1.431820e-01
    outer loop
      vertex   1.935840e+01 9.939906e+01 8.127453e+01
      vertex   1.846660e+01 9.879696e+01 8.138066e+01
      vertex   1.935840e+01 9.926989e+01 8.054179e+01
    endloop
  endfacet
  facet normal 5.654420e-01 -8.122649e-01 1.431820e-01
    outer loop
      vertex   1.935840e+01 9.926989e+01 8.054179e+01
      vertex   1.846660e+01 9.879696e+01 8.138066e+01
      vertex   1.846660e+01 9.866771e+01 8.064742e+01
    endloop
  endfacet
  facet normal 5.654420e-01 -8.122649e-01 1.431820e-01
    outer loop
      vertex   1.935840e+01 9.926989e+01 8.054179e+01
      vertex   1.846660e+01 9.866771e+01 8.064742e+01
      vertex   1.935840e+01 9.920521e+01 8.017482e+01
    endloop
  endfacet
  facet normal 5.654420e-01 -8.122649e-01 1.431820e-01
    outer loop
      vertex   1.935840e+01 9.920521e+01 8.017482e+01
      vertex   1.846660e+01 9.866771e+01 8.064742e+01
      vertex   1.846660e+01 9.860299e+01 8.028028e+01
    endloop
  endfacet
  facet normal 5.654420e-01 -8.122649e-01 1.431820e-01
    outer loop
      vertex   1.935840e+01 9.920521e+01 8.017482e+01
      vertex   1.846660e+01 9.860299e+01 8.028028e+01
      vertex   1.935840e+01 9.913937e+01 7.980135e+01
    endloop
  endfacet
  facet normal 5.654420e-01 -8.122649e-01 1.431820e-01
    outer loop
      vertex   1.935840e+01 9.913937e+01 7.980135e+01
      vertex   1.846660e+01 9.860299e+01 8.028028e+01
      vertex   1.846660e+01 9.853728e+01 7.990748e+01
    endloop
  endfacet
  facet normal 5.654420e-01 -8.122649e-01 1.431820e-01
    outer loop
      vertex   1.935840e+01 9.913937e+01 7.980135e+01
      vertex   1.846660e+01 9.853728e+01 7.990748e+01
      vertex   1.935840e+01 9.887969e+01 7.832817e+01
    endloop
  endfacet
  facet normal 5.654420e-01 -8.122649e-01 1.431820e-01
    outer loop
      vertex   1.935840e+01 9.887969e+01 7.832817e+01
      vertex   1.846660e+01 9.853728e+01 7.990748e+01
      vertex   1.846660e+01 9.827759e+01 7.843430e+01
    endloop
  endfacet
  facet normal 5.544221e-01 -8.204278e-01 1.396937e-01
    outer loop
      vertex   1.909640e+01 9.931223e+01 8.190733e+01
      vertex   1.854846e+01 9.897626e+01 8.210881e+01
      vertex   1.846660e+01 9.879696e+01 8.138066e+01
    endloop
  endfacet
  facet normal 5.225611e-01 -8.396564e-01 1.480104e-01
    outer loop
      vertex   1.846660e+01 9.879696e+01 8.138066e+01
      vertex   1.854846e+01 9.897626e+01 8.210881e+01
      vertex   1.846660e+01 9.892685e+01 8.211751e+01
    endloop
  endfacet
  facet normal 4.940665e-01 -8.562232e-01 1.509307e-01
    outer loop
      vertex   1.846660e+01 9.879696e+01 8.138066e+01
      vertex   1.846660e+01 9.892685e+01 8.211751e+01
      vertex   1.797195e+01 9.867204e+01 8.229124e+01
    endloop
  endfacet
  facet normal 5.168987e-01 -8.050910e-01 2.909369e-01
    outer loop
      vertex   1.797195e+01 9.867204e+01 8.229124e+01
      vertex   1.846660e+01 9.892685e+01 8.211751e+01
      vertex   1.854846e+01 9.897626e+01 8.210881e+01
    endloop
  endfacet
  facet normal 4.438751e-01 -8.798653e-01 1.697409e-01
    outer loop
      vertex   1.736762e+01 9.839878e+01 8.245511e+01
      vertex   1.748202e+01 9.840897e+01 8.220876e+01
      vertex   1.797195e+01 9.867204e+01 8.229124e+01
    endloop
  endfacet
  facet normal 4.469131e-01 -8.809946e-01 1.552973e-01
    outer loop
      vertex   1.797195e+01 9.867204e+01 8.229124e+01
      vertex   1.748202e+01 9.840897e+01 8.220876e+01
      vertex   1.748202e+01 9.827909e+01 8.147195e+01
    endloop
  endfacet
  facet normal 4.710390e-01 -8.715149e-01 1.363235e-01
    outer loop
      vertex   1.797195e+01 9.867204e+01 8.229124e+01
      vertex   1.748202e+01 9.827909e+01 8.147195e+01
      vertex   1.846660e+01 9.879696e+01 8.138066e+01
    endloop
  endfacet
  facet normal 4.711074e-01 -8.686829e-01 1.531271e-01
    outer loop
      vertex   1.846660e+01 9.879696e+01 8.138066e+01
      vertex   1.748202e+01 9.827909e+01 8.147195e+01
      vertex   1.846660e+01 9.866771e+01 8.064742e+01
    endloop
  endfacet
  facet normal 3.841555e-01 -9.124910e-01 1.406583e-01
    outer loop
      vertex   1.736762e+01 9.839878e+01 8.245511e+01
      vertex   1.674254e+01 9.815789e+01 8.259956e+01
      vertex   1.748202e+01 9.840897e+01 8.220876e+01
    endloop
  endfacet
  facet normal 3.920138e-01 -9.059912e-01 1.597036e-01
    outer loop
      vertex   1.748202e+01 9.840897e+01 8.220876e+01
      vertex   1.674254e+01 9.815789e+01 8.259956e+01
      vertex   1.748202e+01 9.827909e+01 8.147195e+01
    endloop
  endfacet
  facet normal 3.652564e-01 -9.202239e-01 1.406265e-01
    outer loop
      vertex   1.748202e+01 9.827909e+01 8.147195e+01
      vertex   1.674254e+01 9.815789e+01 8.259956e+01
      vertex   1.640180e+01 9.797462e+01 8.228529e+01
    endloop
  endfacet
  facet normal 3.363240e-01 -9.253472e-01 1.749824e-01
    outer loop
      vertex   1.640180e+01 9.797462e+01 8.228529e+01
      vertex   1.674254e+01 9.815789e+01 8.259956e+01
      vertex   1.610228e+01 9.794889e+01 8.272490e+01
    endloop
  endfacet
  facet normal 2.893393e-01 -9.466772e-01 1.417218e-01
    outer loop
      vertex   1.640180e+01 9.797462e+01 8.228529e+01
      vertex   1.610228e+01 9.794889e+01 8.272490e+01
      vertex   1.522262e+01 9.762348e+01 8.234714e+01
    endloop
  endfacet
  facet normal 2.846787e-01 -9.464366e-01 1.523673e-01
    outer loop
      vertex   1.522262e+01 9.762348e+01 8.234714e+01
      vertex   1.610228e+01 9.794889e+01 8.272490e+01
      vertex   1.544947e+01 9.776982e+01 8.283229e+01
    endloop
  endfacet
  facet normal 2.213864e-01 -9.574240e-01 1.852763e-01
    outer loop
      vertex   1.522262e+01 9.762348e+01 8.234714e+01
      vertex   1.544947e+01 9.776982e+01 8.283229e+01
      vertex   1.411669e+01 9.749368e+01 8.299788e+01
    endloop
  endfacet
  facet normal 2.109003e-01 -9.632592e-01 1.662911e-01
    outer loop
      vertex   1.522262e+01 9.762348e+01 8.234714e+01
      vertex   1.411669e+01 9.749368e+01 8.299788e+01
      vertex   1.405467e+01 9.737531e+01 8.239085e+01
    endloop
  endfacet
  facet normal 1.432584e-01 -9.740358e-01 1.753034e-01
    outer loop
      vertex   1.405467e+01 9.737531e+01 8.239085e+01
      vertex   1.411669e+01 9.749368e+01 8.299788e+01
      vertex   1.275542e+01 9.731297e+01 8.310625e+01
    endloop
  endfacet
  facet normal 1.424689e-01 -9.744144e-01 1.738367e-01
    outer loop
      vertex   1.405467e+01 9.737531e+01 8.239085e+01
      vertex   1.275542e+01 9.731297e+01 8.310625e+01
      vertex   1.279748e+01 9.719709e+01 8.242223e+01
    endloop
  endfacet
  facet normal 8.068096e-02 -9.819086e-01 1.713069e-01
    outer loop
      vertex   1.279748e+01 9.719709e+01 8.242223e+01
      vertex   1.275542e+01 9.731297e+01 8.310625e+01
      vertex   1.144731e+01 9.708946e+01 8.244117e+01
    endloop
  endfacet
  facet normal 8.068104e-02 -9.816060e-01 1.730326e-01
    outer loop
      vertex   1.279748e+01 9.719709e+01 8.242223e+01
      vertex   1.144731e+01 9.708946e+01 8.244117e+01
      vertex   1.279748e+01 9.706724e+01 8.168557e+01
    endloop
  endfacet
  facet normal 8.068104e-02 -9.816060e-01 1.730326e-01
    outer loop
      vertex   1.279748e+01 9.706724e+01 8.168557e+01
      vertex   1.144731e+01 9.708946e+01 8.244117e+01
      vertex   1.144731e+01 9.695961e+01 8.170454e+01
    endloop
  endfacet
  facet normal 8.068104e-02 -9.816060e-01 1.730326e-01
    outer loop
      vertex   1.279748e+01 9.706724e+01 8.168557e+01
      vertex   1.144731e+01 9.695961e+01 8.170454e+01
      vertex   1.279748e+01 9.693756e+01 8.094990e+01
    endloop
  endfacet
  facet normal 8.068104e-02 -9.816060e-01 1.730326e-01
    outer loop
      vertex   1.279748e+01 9.693756e+01 8.094990e+01
      vertex   1.144731e+01 9.695961e+01 8.170454e+01
      vertex   1.144731e+01 9.682985e+01 8.096841e+01
    endloop
  endfacet
  facet normal 8.068104e-02 -9.816060e-01 1.730326e-01
    outer loop
      vertex   1.279748e+01 9.693756e+01 8.094990e+01
      vertex   1.144731e+01 9.682985e+01 8.096841e+01
      vertex   1.279748e+01 9.687269e+01 8.058192e+01
    endloop
  endfacet
  facet normal 8.068104e-02 -9.816060e-01 1.730326e-01
    outer loop
      vertex   1.279748e+01 9.687269e+01 8.058192e+01
      vertex   1.144731e+01 9.682985e+01 8.096841e+01
      vertex   1.144731e+01 9.676496e+01 8.060028e+01
    endloop
  endfacet
  facet normal 8.068104e-02 -9.816060e-01 1.730326e-01
    outer loop
      vertex   1.279748e+01 9.687269e+01 8.058192e+01
      vertex   1.144731e+01 9.676496e+01 8.060028e+01
      vertex   1.279748e+01 9.680755e+01 8.021239e+01
    endloop
  endfacet
  facet normal 8.068104e-02 -9.816060e-01 1.730326e-01
    outer loop
      vertex   1.279748e+01 9.680755e+01 8.021239e+01
      vertex   1.144731e+01 9.676496e+01 8.060028e+01
      vertex   1.144731e+01 9.669993e+01 8.023136e+01
    endloop
  endfacet
  facet normal 8.068104e-02 -9.816060e-01 1.730326e-01
    outer loop
      vertex   1.279748e+01 9.680755e+01 8.021239e+01
      vertex   1.144731e+01 9.669993e+01 8.023136e+01
      vertex   1.279748e+01 9.654787e+01 7.873921e+01
    endloop
  endfacet
  facet normal 8.068104e-02 -9.816060e-01 1.730326e-01
    outer loop
      vertex   1.279748e+01 9.654787e+01 7.873921e+01
      vertex   1.144731e+01 9.669993e+01 8.023136e+01
      vertex   1.144731e+01 9.644024e+01 7.875818e+01
    endloop
  endfacet
  facet normal 7.835716e-02 -9.813238e-01 1.756809e-01
    outer loop
      vertex   1.275542e+01 9.731297e+01 8.310625e+01
      vertex   1.137681e+01 9.721357e+01 8.316586e+01
      vertex   1.144731e+01 9.708946e+01 8.244117e+01
    endloop
  endfacet
  facet normal 2.401515e-02 -9.849749e-01 1.710195e-01
    outer loop
      vertex   1.144731e+01 9.708946e+01 8.244117e+01
      vertex   1.137681e+01 9.721357e+01 8.316586e+01
      vertex   1.000000e+01 9.718316e+01 8.318409e+01
    endloop
  endfacet
  facet normal 2.534109e-02 -9.845002e-01 1.735428e-01
    outer loop
      vertex   1.144731e+01 9.708946e+01 8.244117e+01
      vertex   1.000000e+01 9.718316e+01 8.318409e+01
      vertex   1.144731e+01 9.695961e+01 8.170454e+01
    endloop
  endfacet
  facet normal 2.534109e-02 -9.845002e-01 1.735428e-01
    outer loop
      vertex   1.144731e+01 9.695961e+01 8.170454e+01
      vertex   1.000000e+01 9.718316e+01 8.318409e+01
      vertex   1.144731e+01 9.682985e+01 8.096841e+01
    endloop
  endfacet
  facet normal 2.534109e-02 -9.845002e-01 1.735428e-01
    outer loop
      vertex   1.000000e+01 9.600311e+01 7.648969e+01
      vertex   1.144731e+01 9.669993e+01 8.023136e+01
      vertex   1.000000e+01 9.718316e+01 8.318409e+01
    endloop
  endfacet
  facet normal 2.534109e-02 -9.845002e-01 1.735428e-01
    outer loop
      vertex   1.000000e+01 9.718316e+01 8.318409e+01
      vertex   1.144731e+01 9.669993e+01 8.023136e+01
      vertex   1.144731e+01 9.676496e+01 8.060028e+01
    endloop
  endfacet
  facet normal 2.534109e-02 -9.845002e-01 1.735428e-01
    outer loop
      vertex   1.000000e+01 9.718316e+01 8.318409e+01
      vertex   1.144731e+01 9.676496e+01 8.060028e+01
      vertex   1.144731e+01 9.682985e+01 8.096841e+01
    endloop
  endfacet
  facet normal 9.944202e-01 -1.038901e-01 1.831323e-02
    outer loop
      vertex   2.340159e+01 1.071515e+02 7.535109e+01
      vertex   2.332553e+01 1.064454e+02 7.547556e+01
      vertex   2.340159e+01 1.066322e+02 7.240473e+01
    endloop
  endfacet
  facet normal 9.944202e-01 -1.038901e-01 1.831323e-02
    outer loop
      vertex   2.340159e+01 1.066322e+02 7.240473e+01
      vertex   2.332553e+01 1.064454e+02 7.547556e+01
      vertex   2.332553e+01 1.059261e+02 7.252920e+01
    endloop
  endfacet
  facet normal 9.944202e-01 -1.038901e-01 1.831323e-02
    outer loop
      vertex   2.340159e+01 1.066322e+02 7.240473e+01
      vertex   2.332553e+01 1.059261e+02 7.252920e+01
      vertex   2.340159e+01 1.063725e+02 7.093155e+01
    endloop
  endfacet
  facet normal 9.944202e-01 -1.038901e-01 1.831323e-02
    outer loop
      vertex   2.340159e+01 1.063725e+02 7.093155e+01
      vertex   2.332553e+01 1.059261e+02 7.252920e+01
      vertex   2.332553e+01 1.056664e+02 7.105602e+01
    endloop
  endfacet
  facet normal 9.901575e-01 -1.378326e-01 2.429644e-02
    outer loop
      vertex   2.332553e+01 1.064454e+02 7.547556e+01
      vertex   2.322808e+01 1.057665e+02 7.559524e+01
      vertex   2.332553e+01 1.059261e+02 7.252920e+01
    endloop
  endfacet
  facet normal 9.901575e-01 -1.378326e-01 2.429644e-02
    outer loop
      vertex   2.332553e+01 1.059261e+02 7.252920e+01
      vertex   2.322808e+01 1.057665e+02 7.559524e+01
      vertex   2.322808e+01 1.052471e+02 7.264888e+01
    endloop
  endfacet
  facet normal 9.901575e-01 -1.378326e-01 2.429644e-02
    outer loop
      vertex   2.332553e+01 1.059261e+02 7.252920e+01
      vertex   2.322808e+01 1.052471e+02 7.264888e+01
      vertex   2.332553e+01 1.056664e+02 7.105602e+01
    endloop
  endfacet
  facet normal 9.944202e-01 -1.038901e-01 1.831323e-02
    outer loop
      vertex   2.340159e+01 1.072814e+02 7.608768e+01
      vertex   2.332553e+01 1.065753e+02 7.621215e+01
      vertex   2.340159e+01 1.071515e+02 7.535109e+01
    endloop
  endfacet
  facet normal 9.944202e-01 -1.038901e-01 1.831323e-02
    outer loop
      vertex   2.340159e+01 1.071515e+02 7.535109e+01
      vertex   2.332553e+01 1.065753e+02 7.621215e+01
      vertex   2.332553e+01 1.064454e+02 7.547556e+01
    endloop
  endfacet
  facet normal 9.843156e-01 -1.737379e-01 3.062565e-02
    outer loop
      vertex   2.310935e+01 1.045947e+02 7.276388e+01
      vertex   2.322808e+01 1.052471e+02 7.264888e+01
      vertex   2.310935e+01 1.051141e+02 7.571024e+01
    endloop
  endfacet
  facet normal 9.843156e-01 -1.737379e-01 3.062565e-02
    outer loop
      vertex   2.310935e+01 1.051141e+02 7.571024e+01
      vertex   2.322808e+01 1.052471e+02 7.264888e+01
      vertex   2.322808e+01 1.057665e+02 7.559524e+01
    endloop
  endfacet
  facet normal 9.843156e-01 -1.737379e-01 3.062565e-02
    outer loop
      vertex   2.310935e+01 1.051141e+02 7.571024e+01
      vertex   2.322808e+01 1.057665e+02 7.559524e+01
      vertex   2.310935e+01 1.052440e+02 7.644683e+01
    endloop
  endfacet
  facet normal 9.843156e-01 -1.737379e-01 3.062565e-02
    outer loop
      vertex   2.310935e+01 1.052440e+02 7.644683e+01
      vertex   2.322808e+01 1.057665e+02 7.559524e+01
      vertex   2.322808e+01 1.058963e+02 7.633183e+01
    endloop
  endfacet
  facet normal 9.901575e-01 -1.378326e-01 2.429644e-02
    outer loop
      vertex   2.332553e+01 1.065753e+02 7.621215e+01
      vertex   2.322808e+01 1.058963e+02 7.633183e+01
      vertex   2.332553e+01 1.064454e+02 7.547556e+01
    endloop
  endfacet
  facet normal 9.901575e-01 -1.378326e-01 2.429644e-02
    outer loop
      vertex   2.332553e+01 1.064454e+02 7.547556e+01
      vertex   2.322808e+01 1.058963e+02 7.633183e+01
      vertex   2.322808e+01 1.057665e+02 7.559524e+01
    endloop
  endfacet
  facet normal 9.766452e-01 -2.115962e-01 3.729912e-02
    outer loop
      vertex   2.296942e+01 1.039683e+02 7.287430e+01
      vertex   2.310935e+01 1.045947e+02 7.276388e+01
      vertex   2.296942e+01 1.044877e+02 7.582066e+01
    endloop
  endfacet
  facet normal 9.766452e-01 -2.115962e-01 3.729912e-02
    outer loop
      vertex   2.296942e+01 1.044877e+02 7.582066e+01
      vertex   2.310935e+01 1.045947e+02 7.276388e+01
      vertex   2.310935e+01 1.051141e+02 7.571024e+01
    endloop
  endfacet
  facet normal 9.766452e-01 -2.115962e-01 3.729912e-02
    outer loop
      vertex   2.296942e+01 1.044877e+02 7.582066e+01
      vertex   2.310935e+01 1.051141e+02 7.571024e+01
      vertex   2.296942e+01 1.046176e+02 7.655725e+01
    endloop
  endfacet
  facet normal 9.766452e-01 -2.115962e-01 3.729912e-02
    outer loop
      vertex   2.296942e+01 1.046176e+02 7.655725e+01
      vertex   2.310935e+01 1.051141e+02 7.571024e+01
      vertex   2.310935e+01 1.052440e+02 7.644683e+01
    endloop
  endfacet
  facet normal 8.732343e-01 -4.799016e-01 8.459465e-02
    outer loop
      vertex   2.149892e+01 1.010743e+02 7.718184e+01
      vertex   2.203938e+01 1.018982e+02 7.627713e+01
      vertex   2.203938e+01 1.020280e+02 7.701372e+01
    endloop
  endfacet
  facet normal 8.135908e-01 -5.726096e-01 1.009368e-01
    outer loop
      vertex   2.149892e+01 1.009444e+02 7.644525e+01
      vertex   2.087279e+01 1.002114e+02 7.733394e+01
      vertex   2.087279e+01 1.000816e+02 7.659735e+01
    endloop
  endfacet
  facet normal 7.407200e-01 -6.616133e-01 1.166259e-01
    outer loop
      vertex   2.087279e+01 1.000816e+02 7.659735e+01
      vertex   2.087279e+01 1.002114e+02 7.733394e+01
      vertex   2.015980e+01 9.943725e+01 7.747041e+01
    endloop
  endfacet
  facet normal 7.407200e-01 -6.616133e-01 1.166259e-01
    outer loop
      vertex   2.087279e+01 1.000816e+02 7.659735e+01
      vertex   2.015980e+01 9.943725e+01 7.747041e+01
      vertex   2.015980e+01 9.930740e+01 7.673382e+01
    endloop
  endfacet
  facet normal 6.567826e-01 -7.426304e-01 1.309072e-01
    outer loop
      vertex   2.015980e+01 9.930740e+01 7.673382e+01
      vertex   2.015980e+01 9.943725e+01 7.747041e+01
      vertex   1.935840e+01 9.874985e+01 7.759158e+01
    endloop
  endfacet
  facet normal 6.567826e-01 -7.426304e-01 1.309072e-01
    outer loop
      vertex   2.015980e+01 9.930740e+01 7.673382e+01
      vertex   1.935840e+01 9.874985e+01 7.759158e+01
      vertex   1.935840e+01 9.862000e+01 7.685499e+01
    endloop
  endfacet
  facet normal 5.654420e-01 -8.122649e-01 1.431820e-01
    outer loop
      vertex   1.935840e+01 9.862000e+01 7.685499e+01
      vertex   1.935840e+01 9.874985e+01 7.759158e+01
      vertex   1.846660e+01 9.814775e+01 7.769771e+01
    endloop
  endfacet
  facet normal 5.654420e-01 -8.122649e-01 1.431820e-01
    outer loop
      vertex   1.935840e+01 9.862000e+01 7.685499e+01
      vertex   1.846660e+01 9.814775e+01 7.769771e+01
      vertex   1.846660e+01 9.801791e+01 7.696112e+01
    endloop
  endfacet
  facet normal 4.711074e-01 -8.686829e-01 1.531271e-01
    outer loop
      vertex   1.846660e+01 9.801791e+01 7.696112e+01
      vertex   1.846660e+01 9.814775e+01 7.769771e+01
      vertex   1.748202e+01 9.762988e+01 7.778900e+01
    endloop
  endfacet
  facet normal 4.711074e-01 -8.686829e-01 1.531271e-01
    outer loop
      vertex   1.846660e+01 9.801791e+01 7.696112e+01
      vertex   1.748202e+01 9.762988e+01 7.778900e+01
      vertex   1.748202e+01 9.750004e+01 7.705241e+01
    endloop
  endfacet
  facet normal 3.779962e-01 -9.117502e-01 1.607187e-01
    outer loop
      vertex   1.748202e+01 9.750004e+01 7.705241e+01
      vertex   1.748202e+01 9.762988e+01 7.778900e+01
      vertex   1.640180e+01 9.719554e+01 7.786557e+01
    endloop
  endfacet
  facet normal 3.779962e-01 -9.117502e-01 1.607187e-01
    outer loop
      vertex   1.748202e+01 9.750004e+01 7.705241e+01
      vertex   1.640180e+01 9.719554e+01 7.786557e+01
      vertex   1.640180e+01 9.706569e+01 7.712898e+01
    endloop
  endfacet
  facet normal 2.894273e-01 -9.426664e-01 1.661685e-01
    outer loop
      vertex   1.640180e+01 9.706569e+01 7.712898e+01
      vertex   1.640180e+01 9.719554e+01 7.786557e+01
      vertex   1.522262e+01 9.684440e+01 7.792746e+01
    endloop
  endfacet
  facet normal 2.894273e-01 -9.426664e-01 1.661685e-01
    outer loop
      vertex   1.640180e+01 9.706569e+01 7.712898e+01
      vertex   1.522262e+01 9.684440e+01 7.792746e+01
      vertex   1.522262e+01 9.671456e+01 7.719087e+01
    endloop
  endfacet
  facet normal 2.109014e-01 -9.626654e-01 1.696938e-01
    outer loop
      vertex   1.522262e+01 9.671456e+01 7.719087e+01
      vertex   1.522262e+01 9.684440e+01 7.792746e+01
      vertex   1.405467e+01 9.659624e+01 7.797121e+01
    endloop
  endfacet
  facet normal 2.109014e-01 -9.626654e-01 1.696938e-01
    outer loop
      vertex   1.522262e+01 9.671456e+01 7.719087e+01
      vertex   1.405467e+01 9.659624e+01 7.797121e+01
      vertex   1.405467e+01 9.646639e+01 7.723462e+01
    endloop
  endfacet
  facet normal 1.424693e-01 -9.747706e-01 1.718277e-01
    outer loop
      vertex   1.405467e+01 9.646639e+01 7.723462e+01
      vertex   1.405467e+01 9.659624e+01 7.797121e+01
      vertex   1.279748e+01 9.641803e+01 7.800262e+01
    endloop
  endfacet
  facet normal 1.424693e-01 -9.747706e-01 1.718277e-01
    outer loop
      vertex   1.405467e+01 9.646639e+01 7.723462e+01
      vertex   1.279748e+01 9.641803e+01 7.800262e+01
      vertex   1.279748e+01 9.628819e+01 7.726603e+01
    endloop
  endfacet
  facet normal 8.068104e-02 -9.816060e-01 1.730326e-01
    outer loop
      vertex   1.279748e+01 9.628819e+01 7.726603e+01
      vertex   1.279748e+01 9.641803e+01 7.800262e+01
      vertex   1.144731e+01 9.631040e+01 7.802159e+01
    endloop
  endfacet
  facet normal 8.068104e-02 -9.816060e-01 1.730326e-01
    outer loop
      vertex   1.279748e+01 9.628819e+01 7.726603e+01
      vertex   1.144731e+01 9.631040e+01 7.802159e+01
      vertex   1.144731e+01 9.618056e+01 7.728500e+01
    endloop
  endfacet
  facet normal 2.534109e-02 -9.845002e-01 1.735428e-01
    outer loop
      vertex   1.144731e+01 9.669993e+01 8.023136e+01
      vertex   1.000000e+01 9.600311e+01 7.648969e+01
      vertex   1.144731e+01 9.644024e+01 7.875818e+01
    endloop
  endfacet
  facet normal 8.732343e-01 -4.799016e-01 8.459465e-02
    outer loop
      vertex   2.203938e+01 1.021579e+02 7.775031e+01
      vertex   2.149892e+01 1.014638e+02 7.939161e+01
      vertex   2.149892e+01 1.012041e+02 7.791843e+01
    endloop
  endfacet
  facet normal 8.135908e-01 -5.726096e-01 1.009368e-01
    outer loop
      vertex   2.149892e+01 1.012041e+02 7.791843e+01
      vertex   2.149892e+01 1.014638e+02 7.939161e+01
      vertex   2.087279e+01 1.006010e+02 7.954371e+01
    endloop
  endfacet
  facet normal 8.135908e-01 -5.726096e-01 1.009368e-01
    outer loop
      vertex   2.149892e+01 1.012041e+02 7.791843e+01
      vertex   2.087279e+01 1.006010e+02 7.954371e+01
      vertex   2.087279e+01 1.003413e+02 7.807053e+01
    endloop
  endfacet
  facet normal 7.407200e-01 -6.616133e-01 1.166259e-01
    outer loop
      vertex   2.087279e+01 1.003413e+02 7.807053e+01
      vertex   2.087279e+01 1.006010e+02 7.954371e+01
      vertex   2.015980e+01 9.982677e+01 7.968018e+01
    endloop
  endfacet
  facet normal 7.407200e-01 -6.616133e-01 1.166259e-01
    outer loop
      vertex   2.087279e+01 1.003413e+02 7.807053e+01
      vertex   2.015980e+01 9.982677e+01 7.968018e+01
      vertex   2.015980e+01 9.956709e+01 7.820700e+01
    endloop
  endfacet
  facet normal 4.711074e-01 -8.686829e-01 1.531271e-01
    outer loop
      vertex   1.748202e+01 9.775972e+01 7.852559e+01
      vertex   1.846660e+01 9.827759e+01 7.843430e+01
      vertex   1.748202e+01 9.801941e+01 7.999877e+01
    endloop
  endfacet
  facet normal 4.711074e-01 -8.686829e-01 1.531271e-01
    outer loop
      vertex   1.748202e+01 9.801941e+01 7.999877e+01
      vertex   1.846660e+01 9.827759e+01 7.843430e+01
      vertex   1.846660e+01 9.853728e+01 7.990748e+01
    endloop
  endfacet
  facet normal 4.711074e-01 -8.686829e-01 1.531271e-01
    outer loop
      vertex   1.748202e+01 9.801941e+01 7.999877e+01
      vertex   1.846660e+01 9.853728e+01 7.990748e+01
      vertex   1.748202e+01 9.808500e+01 8.037089e+01
    endloop
  endfacet
  facet normal 4.711074e-01 -8.686829e-01 1.531271e-01
    outer loop
      vertex   1.748202e+01 9.808500e+01 8.037089e+01
      vertex   1.846660e+01 9.853728e+01 7.990748e+01
      vertex   1.846660e+01 9.860299e+01 8.028028e+01
    endloop
  endfacet
  facet normal 4.711074e-01 -8.686829e-01 1.531271e-01
    outer loop
      vertex   1.748202e+01 9.808500e+01 8.037089e+01
      vertex   1.846660e+01 9.860299e+01 8.028028e+01
      vertex   1.748202e+01 9.814975e+01 8.073821e+01
    endloop
  endfacet
  facet normal 4.711074e-01 -8.686829e-01 1.531271e-01
    outer loop
      vertex   1.748202e+01 9.814975e+01 8.073821e+01
      vertex   1.846660e+01 9.860299e+01 8.028028e+01
      vertex   1.846660e+01 9.866771e+01 8.064742e+01
    endloop
  endfacet
  facet normal 4.711074e-01 -8.686829e-01 1.531271e-01
    outer loop
      vertex   1.748202e+01 9.814975e+01 8.073821e+01
      vertex   1.846660e+01 9.866771e+01 8.064742e+01
      vertex   1.748202e+01 9.827909e+01 8.147195e+01
    endloop
  endfacet
  facet normal 3.779962e-01 -9.117502e-01 1.607187e-01
    outer loop
      vertex   1.640180e+01 9.732538e+01 7.860216e+01
      vertex   1.748202e+01 9.775972e+01 7.852559e+01
      vertex   1.640180e+01 9.758506e+01 8.007534e+01
    endloop
  endfacet
  facet normal 3.779962e-01 -9.117502e-01 1.607187e-01
    outer loop
      vertex   1.640180e+01 9.758506e+01 8.007534e+01
      vertex   1.748202e+01 9.775972e+01 7.852559e+01
      vertex   1.748202e+01 9.801941e+01 7.999877e+01
    endloop
  endfacet
  facet normal 3.779962e-01 -9.117502e-01 1.607187e-01
    outer loop
      vertex   1.640180e+01 9.758506e+01 8.007534e+01
      vertex   1.748202e+01 9.801941e+01 7.999877e+01
      vertex   1.640180e+01 9.765054e+01 8.044678e+01
    endloop
  endfacet
  facet normal 3.779962e-01 -9.117502e-01 1.607187e-01
    outer loop
      vertex   1.640180e+01 9.765054e+01 8.044678e+01
      vertex   1.748202e+01 9.801941e+01 7.999877e+01
      vertex   1.748202e+01 9.808500e+01 8.037089e+01
    endloop
  endfacet
  facet normal 3.779962e-01 -9.117502e-01 1.607187e-01
    outer loop
      vertex   1.640180e+01 9.765054e+01 8.044678e+01
      vertex   1.748202e+01 9.808500e+01 8.037089e+01
      vertex   1.640180e+01 9.771532e+01 8.081427e+01
    endloop
  endfacet
  facet normal 3.779962e-01 -9.117502e-01 1.607187e-01
    outer loop
      vertex   1.640180e+01 9.771532e+01 8.081427e+01
      vertex   1.748202e+01 9.808500e+01 8.037089e+01
      vertex   1.748202e+01 9.814975e+01 8.073821e+01
    endloop
  endfacet
  facet normal 3.779962e-01 -9.117502e-01 1.607187e-01
    outer loop
      vertex   1.640180e+01 9.771532e+01 8.081427e+01
      vertex   1.748202e+01 9.814975e+01 8.073821e+01
      vertex   1.640180e+01 9.784475e+01 8.154852e+01
    endloop
  endfacet
  facet normal 3.779962e-01 -9.117502e-01 1.607187e-01
    outer loop
      vertex   1.640180e+01 9.784475e+01 8.154852e+01
      vertex   1.748202e+01 9.814975e+01 8.073821e+01
      vertex   1.748202e+01 9.827909e+01 8.147195e+01
    endloop
  endfacet
  facet normal 3.779962e-01 -9.117502e-01 1.607187e-01
    outer loop
      vertex   1.640180e+01 9.784475e+01 8.154852e+01
      vertex   1.748202e+01 9.827909e+01 8.147195e+01
      vertex   1.640180e+01 9.797462e+01 8.228529e+01
    endloop
  endfacet
  facet normal 2.894273e-01 -9.426664e-01 1.661685e-01
    outer loop
      vertex   1.522262e+01 9.697424e+01 7.866405e+01
      vertex   1.640180e+01 9.732538e+01 7.860216e+01
      vertex   1.522262e+01 9.723393e+01 8.013723e+01
    endloop
  endfacet
  facet normal 2.894273e-01 -9.426664e-01 1.661685e-01
    outer loop
      vertex   1.522262e+01 9.723393e+01 8.013723e+01
      vertex   1.640180e+01 9.732538e+01 7.860216e+01
      vertex   1.640180e+01 9.758506e+01 8.007534e+01
    endloop
  endfacet
  facet normal 2.894273e-01 -9.426664e-01 1.661685e-01
    outer loop
      vertex   1.522262e+01 9.723393e+01 8.013723e+01
      vertex   1.640180e+01 9.758506e+01 8.007534e+01
      vertex   1.522262e+01 9.729929e+01 8.050800e+01
    endloop
  endfacet
  facet normal 2.894273e-01 -9.426664e-01 1.661685e-01
    outer loop
      vertex   1.522262e+01 9.729929e+01 8.050800e+01
      vertex   1.640180e+01 9.758506e+01 8.007534e+01
      vertex   1.640180e+01 9.765054e+01 8.044678e+01
    endloop
  endfacet
  facet normal 2.894273e-01 -9.426664e-01 1.661685e-01
    outer loop
      vertex   1.522262e+01 9.729929e+01 8.050800e+01
      vertex   1.640180e+01 9.765054e+01 8.044678e+01
      vertex   1.522262e+01 9.736410e+01 8.087566e+01
    endloop
  endfacet
  facet normal 2.894273e-01 -9.426664e-01 1.661685e-01
    outer loop
      vertex   1.522262e+01 9.736410e+01 8.087566e+01
      vertex   1.640180e+01 9.765054e+01 8.044678e+01
      vertex   1.640180e+01 9.771532e+01 8.081427e+01
    endloop
  endfacet
  facet normal 2.894273e-01 -9.426664e-01 1.661685e-01
    outer loop
      vertex   1.522262e+01 9.736410e+01 8.087566e+01
      vertex   1.640180e+01 9.771532e+01 8.081427e+01
      vertex   1.522262e+01 9.749361e+01 8.161041e+01
    endloop
  endfacet
  facet normal 2.894273e-01 -9.426664e-01 1.661685e-01
    outer loop
      vertex   1.522262e+01 9.749361e+01 8.161041e+01
      vertex   1.640180e+01 9.771532e+01 8.081427e+01
      vertex   1.640180e+01 9.784475e+01 8.154852e+01
    endloop
  endfacet
  facet normal 2.894273e-01 -9.426664e-01 1.661685e-01
    outer loop
      vertex   1.522262e+01 9.749361e+01 8.161041e+01
      vertex   1.640180e+01 9.784475e+01 8.154852e+01
      vertex   1.522262e+01 9.762348e+01 8.234714e+01
    endloop
  endfacet
  facet normal 2.894273e-01 -9.426664e-01 1.661685e-01
    outer loop
      vertex   1.522262e+01 9.762348e+01 8.234714e+01
      vertex   1.640180e+01 9.784475e+01 8.154852e+01
      vertex   1.640180e+01 9.797462e+01 8.228529e+01
    endloop
  endfacet
  facet normal 1.424693e-01 -9.747706e-01 1.718277e-01
    outer loop
      vertex   1.279748e+01 9.680755e+01 8.021239e+01
      vertex   1.279748e+01 9.654787e+01 7.873921e+01
      vertex   1.405467e+01 9.672608e+01 7.870780e+01
    endloop
  endfacet
  facet normal 2.109014e-01 -9.626654e-01 1.696938e-01
    outer loop
      vertex   1.405467e+01 9.672608e+01 7.870780e+01
      vertex   1.522262e+01 9.697424e+01 7.866405e+01
      vertex   1.405467e+01 9.698576e+01 8.018098e+01
    endloop
  endfacet
  facet normal 2.109014e-01 -9.626654e-01 1.696938e-01
    outer loop
      vertex   1.405467e+01 9.698576e+01 8.018098e+01
      vertex   1.522262e+01 9.697424e+01 7.866405e+01
      vertex   1.522262e+01 9.723393e+01 8.013723e+01
    endloop
  endfacet
  facet normal 2.109014e-01 -9.626654e-01 1.696938e-01
    outer loop
      vertex   1.405467e+01 9.698576e+01 8.018098e+01
      vertex   1.522262e+01 9.723393e+01 8.013723e+01
      vertex   1.405467e+01 9.705101e+01 8.055113e+01
    endloop
  endfacet
  facet normal 2.109014e-01 -9.626654e-01 1.696938e-01
    outer loop
      vertex   1.405467e+01 9.705101e+01 8.055113e+01
      vertex   1.522262e+01 9.723393e+01 8.013723e+01
      vertex   1.522262e+01 9.729929e+01 8.050800e+01
    endloop
  endfacet
  facet normal 2.109014e-01 -9.626654e-01 1.696938e-01
    outer loop
      vertex   1.405467e+01 9.705101e+01 8.055113e+01
      vertex   1.522262e+01 9.729929e+01 8.050800e+01
      vertex   1.405467e+01 9.711585e+01 8.091895e+01
    endloop
  endfacet
  facet normal 2.109014e-01 -9.626654e-01 1.696938e-01
    outer loop
      vertex   1.405467e+01 9.711585e+01 8.091895e+01
      vertex   1.522262e+01 9.729929e+01 8.050800e+01
      vertex   1.522262e+01 9.736410e+01 8.087566e+01
    endloop
  endfacet
  facet normal 2.109014e-01 -9.626654e-01 1.696938e-01
    outer loop
      vertex   1.405467e+01 9.711585e+01 8.091895e+01
      vertex   1.522262e+01 9.736410e+01 8.087566e+01
      vertex   1.405467e+01 9.724545e+01 8.165416e+01
    endloop
  endfacet
  facet normal 2.109014e-01 -9.626654e-01 1.696938e-01
    outer loop
      vertex   1.405467e+01 9.724545e+01 8.165416e+01
      vertex   1.522262e+01 9.736410e+01 8.087566e+01
      vertex   1.522262e+01 9.749361e+01 8.161041e+01
    endloop
  endfacet
  facet normal 2.109014e-01 -9.626654e-01 1.696938e-01
    outer loop
      vertex   1.405467e+01 9.724545e+01 8.165416e+01
      vertex   1.522262e+01 9.749361e+01 8.161041e+01
      vertex   1.405467e+01 9.737531e+01 8.239085e+01
    endloop
  endfacet
  facet normal 2.109014e-01 -9.626654e-01 1.696938e-01
    outer loop
      vertex   1.405467e+01 9.737531e+01 8.239085e+01
      vertex   1.522262e+01 9.749361e+01 8.161041e+01
      vertex   1.522262e+01 9.762348e+01 8.234714e+01
    endloop
  endfacet
  facet normal 7.407200e-01 -6.616133e-01 1.166259e-01
    outer loop
      vertex   2.015980e+01 9.989273e+01 8.005433e+01
      vertex   2.015980e+01 9.982677e+01 7.968018e+01
      vertex   2.087279e+01 1.006010e+02 7.954371e+01
    endloop
  endfacet
  facet normal 7.407200e-01 -6.616133e-01 1.166259e-01
    outer loop
      vertex   2.015980e+01 9.989273e+01 8.005433e+01
      vertex   2.087279e+01 1.006010e+02 7.954371e+01
      vertex   2.087279e+01 1.006670e+02 7.991854e+01
    endloop
  endfacet
  facet normal 8.135908e-01 -5.726096e-01 1.009368e-01
    outer loop
      vertex   2.087279e+01 1.006670e+02 7.991854e+01
      vertex   2.087279e+01 1.006010e+02 7.954371e+01
      vertex   2.149892e+01 1.014638e+02 7.939161e+01
    endloop
  endfacet
  facet normal 1.424693e-01 -9.747706e-01 1.718277e-01
    outer loop
      vertex   1.279748e+01 9.687269e+01 8.058192e+01
      vertex   1.279748e+01 9.680755e+01 8.021239e+01
      vertex   1.405467e+01 9.698576e+01 8.018098e+01
    endloop
  endfacet
  facet normal 1.424693e-01 -9.747706e-01 1.718277e-01
    outer loop
      vertex   1.405467e+01 9.698576e+01 8.018098e+01
      vertex   1.279748e+01 9.680755e+01 8.021239e+01
      vertex   1.405467e+01 9.672608e+01 7.870780e+01
    endloop
  endfacet
  facet normal 1.424693e-01 -9.747706e-01 1.718277e-01
    outer loop
      vertex   1.279748e+01 9.687269e+01 8.058192e+01
      vertex   1.405467e+01 9.698576e+01 8.018098e+01
      vertex   1.405467e+01 9.705101e+01 8.055113e+01
    endloop
  endfacet
  facet normal 7.407200e-01 -6.616133e-01 1.166259e-01
    outer loop
      vertex   2.015980e+01 9.995738e+01 8.042112e+01
      vertex   2.015980e+01 9.989273e+01 8.005433e+01
      vertex   2.087279e+01 1.006670e+02 7.991854e+01
    endloop
  endfacet
  facet normal 8.135908e-01 -5.726096e-01 1.009368e-01
    outer loop
      vertex   2.149892e+01 1.015946e+02 8.013356e+01
      vertex   2.087279e+01 1.007317e+02 8.028515e+01
      vertex   2.149892e+01 1.015300e+02 7.976712e+01
    endloop
  endfacet
  facet normal 1.424693e-01 -9.747706e-01 1.718277e-01
    outer loop
      vertex   1.279748e+01 9.693756e+01 8.094990e+01
      vertex   1.279748e+01 9.687269e+01 8.058192e+01
      vertex   1.405467e+01 9.705101e+01 8.055113e+01
    endloop
  endfacet
  facet normal 1.424693e-01 -9.747706e-01 1.718277e-01
    outer loop
      vertex   1.279748e+01 9.693756e+01 8.094990e+01
      vertex   1.405467e+01 9.705101e+01 8.055113e+01
      vertex   1.405467e+01 9.711585e+01 8.091895e+01
    endloop
  endfacet
  facet normal 1.424693e-01 -9.747706e-01 1.718277e-01
    outer loop
      vertex   1.279748e+01 9.706724e+01 8.168557e+01
      vertex   1.279748e+01 9.693756e+01 8.094990e+01
      vertex   1.405467e+01 9.711585e+01 8.091895e+01
    endloop
  endfacet
  facet normal 1.424693e-01 -9.747706e-01 1.718277e-01
    outer loop
      vertex   1.279748e+01 9.706724e+01 8.168557e+01
      vertex   1.405467e+01 9.711585e+01 8.091895e+01
      vertex   1.405467e+01 9.724545e+01 8.165416e+01
    endloop
  endfacet
  facet normal 1.424693e-01 -9.747706e-01 1.718277e-01
    outer loop
      vertex   1.279748e+01 9.719709e+01 8.242223e+01
      vertex   1.279748e+01 9.706724e+01 8.168557e+01
      vertex   1.405467e+01 9.724545e+01 8.165416e+01
    endloop
  endfacet
  facet normal 1.424693e-01 -9.747706e-01 1.718277e-01
    outer loop
      vertex   1.279748e+01 9.719709e+01 8.242223e+01
      vertex   1.405467e+01 9.724545e+01 8.165416e+01
      vertex   1.405467e+01 9.737531e+01 8.239085e+01
    endloop
  endfacet
  facet normal 1.000000e+00 0.000000e+00 0.000000e+00
    outer loop
      vertex   2.350000e+01 1.133069e+02 4.919637e+00
      vertex   2.350000e+01 1.129317e+02 4.870230e+00
      vertex   2.350000e+01 1.129010e+02 2.070341e+00
    endloop
  endfacet
  facet normal 1.000000e+00 0.000000e+00 -0.000000e+00
    outer loop
      vertex   2.350000e+01 1.129010e+02 2.070341e+00
      vertex   2.350000e+01 1.129317e+02 4.870230e+00
      vertex   2.350000e+01 1.125564e+02 4.919637e+00
    endloop
  endfacet
  facet normal 1.000000e+00 0.000000e+00 0.000000e+00
    outer loop
      vertex   2.350000e+01 1.129010e+02 2.070341e+00
      vertex   2.350000e+01 1.125564e+02 4.919637e+00
      vertex   2.350000e+01 1.121801e+02 2.137204e+00
    endloop
  endfacet
  facet normal 1.000000e+00 0.000000e+00 0.000000e+00
    outer loop
      vertex   2.350000e+01 1.121801e+02 2.137204e+00
      vertex   2.350000e+01 1.125564e+02 4.919637e+00
      vertex   2.350000e+01 1.122067e+02 5.064493e+00
    endloop
  endfacet
  facet normal 1.000000e+00 0.000000e+00 -0.000000e+00
    outer loop
      vertex   2.350000e+01 1.121801e+02 2.137204e+00
      vertex   2.350000e+01 1.122067e+02 5.064493e+00
      vertex   2.350000e+01 1.114811e+02 2.325432e+00
    endloop
  endfacet
  facet normal 1.000000e+00 0.000000e+00 0.000000e+00
    outer loop
      vertex   2.350000e+01 1.114811e+02 2.325432e+00
      vertex   2.350000e+01 1.122067e+02 5.064493e+00
      vertex   2.350000e+01 1.119064e+02 5.294925e+00
    endloop
  endfacet
  facet normal 1.000000e+00 0.000000e+00 0.000000e+00
    outer loop
      vertex   2.350000e+01 1.114811e+02 2.325432e+00
      vertex   2.350000e+01 1.119064e+02 5.294925e+00
      vertex   2.350000e+01 1.116759e+02 5.595230e+00
    endloop
  endfacet
  facet normal 1.000000e+00 0.000000e+00 -0.000000e+00
    outer loop
      vertex   2.350000e+01 1.114811e+02 2.325432e+00
      vertex   2.350000e+01 1.116759e+02 5.595230e+00
      vertex   2.350000e+01 1.108242e+02 2.629563e+00
    endloop
  endfacet
  facet normal 1.000000e+00 0.000000e+00 0.000000e+00
    outer loop
      vertex   2.350000e+01 1.108242e+02 2.629563e+00
      vertex   2.350000e+01 1.116759e+02 5.595230e+00
      vertex   2.350000e+01 1.115311e+02 5.944942e+00
    endloop
  endfacet
  facet normal 1.000000e+00 0.000000e+00 -0.000000e+00
    outer loop
      vertex   2.350000e+01 1.108242e+02 2.629563e+00
      vertex   2.350000e+01 1.115311e+02 5.944942e+00
      vertex   2.350000e+01 1.102284e+02 3.040774e+00
    endloop
  endfacet
  facet normal 1.000000e+00 0.000000e+00 0.000000e+00
    outer loop
      vertex   2.350000e+01 1.102284e+02 3.040774e+00
      vertex   2.350000e+01 1.115311e+02 5.944942e+00
      vertex   2.350000e+01 1.114817e+02 6.320230e+00
    endloop
  endfacet
  facet normal 1.000000e+00 0.000000e+00 -0.000000e+00
    outer loop
      vertex   2.350000e+01 1.102284e+02 3.040774e+00
      vertex   2.350000e+01 1.114817e+02 6.320230e+00
      vertex   2.350000e+01 1.097110e+02 3.547134e+00
    endloop
  endfacet
  facet normal 1.000000e+00 0.000000e+00 -0.000000e+00
    outer loop
      vertex   2.350000e+01 1.097110e+02 3.547134e+00
      vertex   2.350000e+01 1.114817e+02 6.320230e+00
      vertex   2.350000e+01 1.095572e+02 8.903941e+00
    endloop
  endfacet
  facet normal 1.000000e+00 0.000000e+00 0.000000e+00
    outer loop
      vertex   2.350000e+01 1.097110e+02 3.547134e+00
      vertex   2.350000e+01 1.095572e+02 8.903941e+00
      vertex   2.350000e+01 1.092871e+02 4.133951e+00
    endloop
  endfacet
  facet normal 1.000000e+00 0.000000e+00 -0.000000e+00
    outer loop
      vertex   2.350000e+01 1.092871e+02 4.133951e+00
      vertex   2.350000e+01 1.095572e+02 8.903941e+00
      vertex   2.350000e+01 1.091677e+02 8.293764e+00
    endloop
  endfacet
  facet normal 1.000000e+00 0.000000e+00 0.000000e+00
    outer loop
      vertex   2.350000e+01 1.092871e+02 4.133951e+00
      vertex   2.350000e+01 1.091677e+02 8.293764e+00
      vertex   2.350000e+01 1.089689e+02 4.784200e+00
    endloop
  endfacet
  facet normal 1.000000e+00 0.000000e+00 -0.000000e+00
    outer loop
      vertex   2.350000e+01 1.089689e+02 4.784200e+00
      vertex   2.350000e+01 1.091677e+02 8.293764e+00
      vertex   2.350000e+01 1.088873e+02 7.626328e+00
    endloop
  endfacet
  facet normal 1.000000e+00 0.000000e+00 0.000000e+00
    outer loop
      vertex   2.350000e+01 1.089689e+02 4.784200e+00
      vertex   2.350000e+01 1.088873e+02 7.626328e+00
      vertex   2.350000e+01 1.087657e+02 5.479015e+00
    endloop
  endfacet
  facet normal 1.000000e+00 0.000000e+00 -0.000000e+00
    outer loop
      vertex   2.350000e+01 1.087657e+02 5.479015e+00
      vertex   2.350000e+01 1.088873e+02 7.626328e+00
      vertex   2.350000e+01 1.087243e+02 6.920998e+00
    endloop
  endfacet
  facet normal 1.000000e+00 0.000000e+00 0.000000e+00
    outer loop
      vertex   2.350000e+01 1.087657e+02 5.479015e+00
      vertex   2.350000e+01 1.087243e+02 6.920998e+00
      vertex   2.350000e+01 1.086834e+02 6.198237e+00
    endloop
  endfacet
  facet normal 1.000000e+00 -0.000000e+00 0.000000e+00
    outer loop
      vertex   2.350000e+01 1.095572e+02 8.903941e+00
      vertex   2.350000e+01 1.114817e+02 6.320230e+00
      vertex   2.350000e+01 1.100447e+02 9.439154e+00
    endloop
  endfacet
  facet normal 1.000000e+00 0.000000e+00 0.000000e+00
    outer loop
      vertex   2.350000e+01 1.100447e+02 9.439154e+00
      vertex   2.350000e+01 1.114817e+02 6.320230e+00
      vertex   2.350000e+01 1.115311e+02 6.695517e+00
    endloop
  endfacet
  facet normal 1.000000e+00 -0.000000e+00 0.000000e+00
    outer loop
      vertex   2.350000e+01 1.100447e+02 9.439154e+00
      vertex   2.350000e+01 1.115311e+02 6.695517e+00
      vertex   2.350000e+01 1.106159e+02 9.883877e+00
    endloop
  endfacet
  facet normal 1.000000e+00 0.000000e+00 0.000000e+00
    outer loop
      vertex   2.350000e+01 1.106159e+02 9.883877e+00
      vertex   2.350000e+01 1.115311e+02 6.695517e+00
      vertex   2.350000e+01 1.116759e+02 7.045230e+00
    endloop
  endfacet
  facet normal 1.000000e+00 -0.000000e+00 0.000000e+00
    outer loop
      vertex   2.350000e+01 1.106159e+02 9.883877e+00
      vertex   2.350000e+01 1.116759e+02 7.045230e+00
      vertex   2.350000e+01 1.112543e+02 1.022521e+01
    endloop
  endfacet
  facet normal 1.000000e+00 0.000000e+00 0.000000e+00
    outer loop
      vertex   2.350000e+01 1.112543e+02 1.022521e+01
      vertex   2.350000e+01 1.116759e+02 7.045230e+00
      vertex   2.350000e+01 1.119064e+02 7.345534e+00
    endloop
  endfacet
  facet normal 1.000000e+00 -0.000000e+00 0.000000e+00
    outer loop
      vertex   2.350000e+01 1.112543e+02 1.022521e+01
      vertex   2.350000e+01 1.119064e+02 7.345534e+00
      vertex   2.350000e+01 1.119413e+02 1.045324e+01
    endloop
  endfacet
  facet normal 1.000000e+00 0.000000e+00 0.000000e+00
    outer loop
      vertex   2.350000e+01 1.119413e+02 1.045324e+01
      vertex   2.350000e+01 1.119064e+02 7.345534e+00
      vertex   2.350000e+01 1.122067e+02 7.575966e+00
    endloop
  endfacet
  facet normal 1.000000e+00 0.000000e+00 0.000000e+00
    outer loop
      vertex   2.350000e+01 1.119413e+02 1.045324e+01
      vertex   2.350000e+01 1.122067e+02 7.575966e+00
      vertex   2.350000e+01 1.125564e+02 7.720822e+00
    endloop
  endfacet
  facet normal 1.000000e+00 -0.000000e+00 0.000000e+00
    outer loop
      vertex   2.350000e+01 1.119413e+02 1.045324e+01
      vertex   2.350000e+01 1.125564e+02 7.720822e+00
      vertex   2.350000e+01 1.126571e+02 1.056135e+01
    endloop
  endfacet
  facet normal 1.000000e+00 0.000000e+00 0.000000e+00
    outer loop
      vertex   2.350000e+01 1.126571e+02 1.056135e+01
      vertex   2.350000e+01 1.125564e+02 7.720822e+00
      vertex   2.350000e+01 1.129317e+02 7.770230e+00
    endloop
  endfacet
  facet normal 1.000000e+00 0.000000e+00 0.000000e+00
    outer loop
      vertex   2.350000e+01 1.126571e+02 1.056135e+01
      vertex   2.350000e+01 1.129317e+02 7.770230e+00
      vertex   2.350000e+01 1.133809e+02 1.054642e+01
    endloop
  endfacet
  facet normal 1.000000e+00 0.000000e+00 0.000000e+00
    outer loop
      vertex   2.350000e+01 1.133809e+02 1.054642e+01
      vertex   2.350000e+01 1.129317e+02 7.770230e+00
      vertex   2.350000e+01 1.133069e+02 7.720822e+00
    endloop
  endfacet
  facet normal 1.000000e+00 0.000000e+00 0.000000e+00
    outer loop
      vertex   2.350000e+01 1.133809e+02 1.054642e+01
      vertex   2.350000e+01 1.133069e+02 7.720822e+00
      vertex   2.350000e+01 1.136567e+02 7.575966e+00
    endloop
  endfacet
  facet normal 1.000000e+00 0.000000e+00 0.000000e+00
    outer loop
      vertex   2.350000e+01 1.133809e+02 1.054642e+01
      vertex   2.350000e+01 1.136567e+02 7.575966e+00
      vertex   2.350000e+01 1.140916e+02 1.040887e+01
    endloop
  endfacet
  facet normal 1.000000e+00 0.000000e+00 0.000000e+00
    outer loop
      vertex   2.350000e+01 1.140916e+02 1.040887e+01
      vertex   2.350000e+01 1.136567e+02 7.575966e+00
      vertex   2.350000e+01 1.139570e+02 7.345534e+00
    endloop
  endfacet
  facet normal 1.000000e+00 0.000000e+00 0.000000e+00
    outer loop
      vertex   2.350000e+01 1.140916e+02 1.040887e+01
      vertex   2.350000e+01 1.139570e+02 7.345534e+00
      vertex   2.350000e+01 1.141874e+02 7.045230e+00
    endloop
  endfacet
  facet normal 1.000000e+00 -0.000000e+00 -0.000000e+00
    outer loop
      vertex   2.350000e+01 1.141874e+02 7.045230e+00
      vertex   2.350000e+01 1.143323e+02 6.695517e+00
      vertex   2.350000e+01 1.140916e+02 1.040887e+01
    endloop
  endfacet
  facet normal 1.000000e+00 -0.000000e+00 0.000000e+00
    outer loop
      vertex   2.350000e+01 1.140916e+02 1.040887e+01
      vertex   2.350000e+01 1.143323e+02 6.695517e+00
      vertex   2.350000e+01 1.159750e+02 1.132063e+01
    endloop
  endfacet
  facet normal 1.000000e+00 0.000000e+00 0.000000e+00
    outer loop
      vertex   2.350000e+01 1.159750e+02 1.132063e+01
      vertex   2.350000e+01 1.143323e+02 6.695517e+00
      vertex   2.350000e+01 1.143817e+02 6.320230e+00
    endloop
  endfacet
  facet normal 1.000000e+00 0.000000e+00 0.000000e+00
    outer loop
      vertex   2.350000e+01 1.159750e+02 1.132063e+01
      vertex   2.350000e+01 1.143817e+02 6.320230e+00
      vertex   2.350000e+01 1.165442e+02 4.081520e+00
    endloop
  endfacet
  facet normal 1.000000e+00 0.000000e+00 0.000000e+00
    outer loop
      vertex   2.350000e+01 1.165442e+02 4.081520e+00
      vertex   2.350000e+01 1.143817e+02 6.320230e+00
      vertex   2.350000e+01 1.161119e+02 3.500889e+00
    endloop
  endfacet
  facet normal 1.000000e+00 0.000000e+00 0.000000e+00
    outer loop
      vertex   2.350000e+01 1.161119e+02 3.500889e+00
      vertex   2.350000e+01 1.143817e+02 6.320230e+00
      vertex   2.350000e+01 1.155873e+02 3.002057e+00
    endloop
  endfacet
  facet normal 1.000000e+00 0.000000e+00 0.000000e+00
    outer loop
      vertex   2.350000e+01 1.155873e+02 3.002057e+00
      vertex   2.350000e+01 1.143817e+02 6.320230e+00
      vertex   2.350000e+01 1.143323e+02 5.944942e+00
    endloop
  endfacet
  facet normal 1.000000e+00 0.000000e+00 0.000000e+00
    outer loop
      vertex   2.350000e+01 1.155873e+02 3.002057e+00
      vertex   2.350000e+01 1.143323e+02 5.944942e+00
      vertex   2.350000e+01 1.149856e+02 2.599498e+00
    endloop
  endfacet
  facet normal 1.000000e+00 0.000000e+00 0.000000e+00
    outer loop
      vertex   2.350000e+01 1.149856e+02 2.599498e+00
      vertex   2.350000e+01 1.143323e+02 5.944942e+00
      vertex   2.350000e+01 1.141874e+02 5.595230e+00
    endloop
  endfacet
  facet normal 1.000000e+00 0.000000e+00 0.000000e+00
    outer loop
      vertex   2.350000e+01 1.149856e+02 2.599498e+00
      vertex   2.350000e+01 1.141874e+02 5.595230e+00
      vertex   2.350000e+01 1.143243e+02 2.304890e+00
    endloop
  endfacet
  facet normal 1.000000e+00 0.000000e+00 0.000000e+00
    outer loop
      vertex   2.350000e+01 1.143243e+02 2.304890e+00
      vertex   2.350000e+01 1.141874e+02 5.595230e+00
      vertex   2.350000e+01 1.139570e+02 5.294925e+00
    endloop
  endfacet
  facet normal 1.000000e+00 0.000000e+00 0.000000e+00
    outer loop
      vertex   2.350000e+01 1.143243e+02 2.304890e+00
      vertex   2.350000e+01 1.139570e+02 5.294925e+00
      vertex   2.350000e+01 1.136567e+02 5.064493e+00
    endloop
  endfacet
  facet normal 1.000000e+00 0.000000e+00 0.000000e+00
    outer loop
      vertex   2.350000e+01 1.143243e+02 2.304890e+00
      vertex   2.350000e+01 1.136567e+02 5.064493e+00
      vertex   2.350000e+01 1.136227e+02 2.126782e+00
    endloop
  endfacet
  facet normal 1.000000e+00 0.000000e+00 -0.000000e+00
    outer loop
      vertex   2.350000e+01 1.136227e+02 2.126782e+00
      vertex   2.350000e+01 1.136567e+02 5.064493e+00
      vertex   2.350000e+01 1.133069e+02 4.919637e+00
    endloop
  endfacet
  facet normal 1.000000e+00 0.000000e+00 0.000000e+00
    outer loop
      vertex   2.350000e+01 1.136227e+02 2.126782e+00
      vertex   2.350000e+01 1.133069e+02 4.919637e+00
      vertex   2.350000e+01 1.129010e+02 2.070341e+00
    endloop
  endfacet
  facet normal 1.000000e+00 2.452582e-16 -4.323289e-17
    outer loop
      vertex   2.350000e+01 1.084007e+02 6.905507e+01
      vertex   2.350000e+01 1.215014e+02 6.119879e+01
      vertex   2.350000e+01 1.095808e+02 7.574947e+01
    endloop
  endfacet
  facet normal 1.000000e+00 -1.168025e-15 -1.201069e-15
    outer loop
      vertex   2.350000e+01 1.095808e+02 7.574947e+01
      vertex   2.350000e+01 1.215014e+02 6.119879e+01
      vertex   2.350000e+01 1.254494e+02 6.623333e+01
    endloop
  endfacet
  facet normal 1.000000e+00 -8.881434e-16 -1.420544e-15
    outer loop
      vertex   2.350000e+01 1.254494e+02 6.623333e+01
      vertex   2.350000e+01 1.215014e+02 6.119879e+01
      vertex   2.350000e+01 1.222885e+02 6.070669e+01
    endloop
  endfacet
  facet normal 1.000000e+00 -9.422538e-16 -1.389597e-15
    outer loop
      vertex   2.350000e+01 1.254494e+02 6.623333e+01
      vertex   2.350000e+01 1.222885e+02 6.070669e+01
      vertex   2.350000e+01 1.230557e+02 6.018648e+01
    endloop
  endfacet
  facet normal 1.000000e+00 -1.002042e-15 -1.365929e-15
    outer loop
      vertex   2.350000e+01 1.230557e+02 6.018648e+01
      vertex   2.350000e+01 1.238023e+02 5.963881e+01
      vertex   2.350000e+01 1.254494e+02 6.623333e+01
    endloop
  endfacet
  facet normal 1.000000e+00 -1.068826e-15 -1.349249e-15
    outer loop
      vertex   2.350000e+01 1.254494e+02 6.623333e+01
      vertex   2.350000e+01 1.238023e+02 5.963881e+01
      vertex   2.350000e+01 1.245275e+02 5.906432e+01
    endloop
  endfacet
  facet normal 1.000000e+00 6.577335e-15 -2.332511e-15
    outer loop
      vertex   2.350000e+01 1.254494e+02 6.623333e+01
      vertex   2.350000e+01 1.245275e+02 5.906432e+01
      vertex   2.350000e+01 1.263344e+02 6.568253e+01
    endloop
  endfacet
  facet normal 1.000000e+00 -3.718392e-16 -4.352915e-16
    outer loop
      vertex   2.350000e+01 1.263344e+02 6.568253e+01
      vertex   2.350000e+01 1.245275e+02 5.906432e+01
      vertex   2.350000e+01 1.252307e+02 5.846364e+01
    endloop
  endfacet
  facet normal 1.000000e+00 -3.970633e-16 -4.314350e-16
    outer loop
      vertex   2.350000e+01 1.263344e+02 6.568253e+01
      vertex   2.350000e+01 1.252307e+02 5.846364e+01
      vertex   2.350000e+01 1.259111e+02 5.783743e+01
    endloop
  endfacet
  facet normal 1.000000e+00 -2.925243e-16 -4.370752e-16
    outer loop
      vertex   2.350000e+01 1.263344e+02 6.568253e+01
      vertex   2.350000e+01 1.259111e+02 5.783743e+01
      vertex   2.350000e+01 1.271997e+02 6.510340e+01
    endloop
  endfacet
  facet normal 1.000000e+00 -4.121583e-16 -4.158589e-16
    outer loop
      vertex   2.350000e+01 1.271997e+02 6.510340e+01
      vertex   2.350000e+01 1.259111e+02 5.783743e+01
      vertex   2.350000e+01 1.265681e+02 5.718631e+01
    endloop
  endfacet
  facet normal 1.000000e+00 -3.048285e-16 -4.244215e-16
    outer loop
      vertex   2.350000e+01 1.271997e+02 6.510340e+01
      vertex   2.350000e+01 1.265681e+02 5.718631e+01
      vertex   2.350000e+01 1.280447e+02 6.449650e+01
    endloop
  endfacet
  facet normal 1.000000e+00 -4.267077e-16 -3.998027e-16
    outer loop
      vertex   2.350000e+01 1.280447e+02 6.449650e+01
      vertex   2.350000e+01 1.265681e+02 5.718631e+01
      vertex   2.350000e+01 1.272009e+02 5.651094e+01
    endloop
  endfacet
  facet normal 1.000000e+00 -3.166045e-16 -4.114371e-16
    outer loop
      vertex   2.350000e+01 1.280447e+02 6.449650e+01
      vertex   2.350000e+01 1.272009e+02 5.651094e+01
      vertex   2.350000e+01 1.288687e+02 6.386239e+01
    endloop
  endfacet
  facet normal 1.000000e+00 -4.407076e-16 -3.832810e-16
    outer loop
      vertex   2.350000e+01 1.288687e+02 6.386239e+01
      vertex   2.350000e+01 1.272009e+02 5.651094e+01
      vertex   2.350000e+01 1.278088e+02 5.581195e+01
    endloop
  endfacet
  facet normal 1.000000e+00 -8.316395e-15 6.536743e-16
    outer loop
      vertex   2.350000e+01 1.288687e+02 6.386239e+01
      vertex   2.350000e+01 1.278088e+02 5.581195e+01
      vertex   2.350000e+01 1.296712e+02 6.320161e+01
    endloop
  endfacet
  facet normal 1.000000e+00 -1.362462e-15 -1.098923e-15
    outer loop
      vertex   2.350000e+01 1.296712e+02 6.320161e+01
      vertex   2.350000e+01 1.278088e+02 5.581195e+01
      vertex   2.350000e+01 1.283911e+02 5.508998e+01
    endloop
  endfacet
  facet normal 1.000000e+00 -1.015665e-15 -1.153651e-15
    outer loop
      vertex   2.350000e+01 1.296712e+02 6.320161e+01
      vertex   2.350000e+01 1.283911e+02 5.508998e+01
      vertex   2.350000e+01 1.304514e+02 6.251473e+01
    endloop
  endfacet
  facet normal 1.000000e+00 -1.401110e-15 -1.046694e-15
    outer loop
      vertex   2.350000e+01 1.304514e+02 6.251473e+01
      vertex   2.350000e+01 1.283911e+02 5.508998e+01
      vertex   2.350000e+01 1.289469e+02 5.434600e+01
    endloop
  endfacet
  facet normal 1.000000e+00 -1.046178e-15 -1.112065e-15
    outer loop
      vertex   2.350000e+01 1.304514e+02 6.251473e+01
      vertex   2.350000e+01 1.289469e+02 5.434600e+01
      vertex   2.350000e+01 1.312087e+02 6.180229e+01
    endloop
  endfacet
  facet normal 1.000000e+00 -1.437933e-15 -9.932291e-16
    outer loop
      vertex   2.350000e+01 1.312087e+02 6.180229e+01
      vertex   2.350000e+01 1.289469e+02 5.434600e+01
      vertex   2.350000e+01 1.294740e+02 5.358280e+01
    endloop
  endfacet
  facet normal 1.000000e+00 -1.075151e-15 -1.069791e-15
    outer loop
      vertex   2.350000e+01 1.312087e+02 6.180229e+01
      vertex   2.350000e+01 1.294740e+02 5.358280e+01
      vertex   2.350000e+01 1.319424e+02 6.106486e+01
    endloop
  endfacet
  facet normal 1.000000e+00 -1.472783e-15 -9.386081e-16
    outer loop
      vertex   2.350000e+01 1.319424e+02 6.106486e+01
      vertex   2.350000e+01 1.294740e+02 5.358280e+01
      vertex   2.350000e+01 1.299719e+02 5.280158e+01
    endloop
  endfacet
  facet normal 1.000000e+00 6.869881e-15 -2.928067e-15
    outer loop
      vertex   2.350000e+01 1.319424e+02 6.106486e+01
      vertex   2.350000e+01 1.299719e+02 5.280158e+01
      vertex   2.350000e+01 1.326520e+02 6.030298e+01
    endloop
  endfacet
  facet normal 1.000000e+00 -5.018752e-16 -2.942975e-16
    outer loop
      vertex   2.350000e+01 1.326520e+02 6.030298e+01
      vertex   2.350000e+01 1.299719e+02 5.280158e+01
      vertex   2.350000e+01 1.304401e+02 5.200321e+01
    endloop
  endfacet
  facet normal 1.000000e+00 -8.322952e-15 1.790052e-15
    outer loop
      vertex   2.350000e+01 1.326520e+02 6.030298e+01
      vertex   2.350000e+01 1.304401e+02 5.200321e+01
      vertex   2.350000e+01 1.333367e+02 5.951722e+01
    endloop
  endfacet
  facet normal 1.000000e+00 -1.536447e-15 -8.261372e-16
    outer loop
      vertex   2.350000e+01 1.333367e+02 5.951722e+01
      vertex   2.350000e+01 1.304401e+02 5.200321e+01
      vertex   2.350000e+01 1.308781e+02 5.118854e+01
    endloop
  endfacet
  facet normal 1.000000e+00 -1.627879e-15 -7.991469e-16
    outer loop
      vertex   2.350000e+01 1.333367e+02 5.951722e+01
      vertex   2.350000e+01 1.308781e+02 5.118854e+01
      vertex   2.350000e+01 1.312856e+02 5.035844e+01
    endloop
  endfacet
  facet normal 1.000000e+00 -1.120309e-15 -9.128164e-16
    outer loop
      vertex   2.350000e+01 1.333367e+02 5.951722e+01
      vertex   2.350000e+01 1.312856e+02 5.035844e+01
      vertex   2.350000e+01 1.339952e+02 5.870903e+01
    endloop
  endfacet
  facet normal 1.000000e+00 -1.656961e-15 -7.386841e-16
    outer loop
      vertex   2.350000e+01 1.339952e+02 5.870903e+01
      vertex   2.350000e+01 1.312856e+02 5.035844e+01
      vertex   2.350000e+01 1.316622e+02 4.951377e+01
    endloop
  endfacet
  facet normal 1.000000e+00 -1.142077e-15 -8.693213e-16
    outer loop
      vertex   2.350000e+01 1.339952e+02 5.870903e+01
      vertex   2.350000e+01 1.316622e+02 4.951377e+01
      vertex   2.350000e+01 1.346259e+02 5.788044e+01
    endloop
  endfacet
  facet normal 1.000000e+00 -1.684170e-15 -6.772943e-16
    outer loop
      vertex   2.350000e+01 1.346259e+02 5.788044e+01
      vertex   2.350000e+01 1.316622e+02 4.951377e+01
      vertex   2.350000e+01 1.320074e+02 4.865540e+01
    endloop
  endfacet
  facet normal 1.000000e+00 -1.162209e-15 -8.254541e-16
    outer loop
      vertex   2.350000e+01 1.346259e+02 5.788044e+01
      vertex   2.350000e+01 1.320074e+02 4.865540e+01
      vertex   2.350000e+01 1.352284e+02 5.703218e+01
    endloop
  endfacet
  facet normal 1.000000e+00 -1.709516e-15 -6.150053e-16
    outer loop
      vertex   2.350000e+01 1.352284e+02 5.703218e+01
      vertex   2.350000e+01 1.320074e+02 4.865540e+01
      vertex   2.350000e+01 1.323208e+02 4.778418e+01
    endloop
  endfacet
  facet normal 1.000000e+00 -1.180712e-15 -7.812625e-16
    outer loop
      vertex   2.350000e+01 1.352284e+02 5.703218e+01
      vertex   2.350000e+01 1.323208e+02 4.778418e+01
      vertex   2.350000e+01 1.358022e+02 5.616500e+01
    endloop
  endfacet
  facet normal 1.000000e+00 -1.233937e-15 -7.591528e-16
    outer loop
      vertex   2.350000e+01 1.358022e+02 5.616500e+01
      vertex   2.350000e+01 1.323208e+02 4.778418e+01
      vertex   2.350000e+01 1.363469e+02 5.527963e+01
    endloop
  endfacet
  facet normal 1.000000e+00 -1.661989e-15 -5.292287e-16
    outer loop
      vertex   2.350000e+01 1.363469e+02 5.527963e+01
      vertex   2.350000e+01 1.323208e+02 4.778418e+01
      vertex   2.350000e+01 1.326020e+02 4.690099e+01
    endloop
  endfacet
  facet normal 1.000000e+00 -1.250084e-15 -7.133313e-16
    outer loop
      vertex   2.350000e+01 1.363469e+02 5.527963e+01
      vertex   2.350000e+01 1.326020e+02 4.690099e+01
      vertex   2.350000e+01 1.368621e+02 5.437680e+01
    endloop
  endfacet
  facet normal 1.000000e+00 -1.681500e-15 -4.674918e-16
    outer loop
      vertex   2.350000e+01 1.368621e+02 5.437680e+01
      vertex   2.350000e+01 1.326020e+02 4.690099e+01
      vertex   2.350000e+01 1.328507e+02 4.600667e+01
    endloop
  endfacet
  facet normal 1.000000e+00 -1.264600e-15 -6.672919e-16
    outer loop
      vertex   2.350000e+01 1.368621e+02 5.437680e+01
      vertex   2.350000e+01 1.328507e+02 4.600667e+01
      vertex   2.350000e+01 1.373473e+02 5.345726e+01
    endloop
  endfacet
  facet normal 1.000000e+00 -1.699095e-15 -4.050633e-16
    outer loop
      vertex   2.350000e+01 1.373473e+02 5.345726e+01
      vertex   2.350000e+01 1.328507e+02 4.600667e+01
      vertex   2.350000e+01 1.330660e+02 4.510329e+01
    endloop
  endfacet
  facet normal 1.000000e+00 -1.277541e-15 -6.211018e-16
    outer loop
      vertex   2.350000e+01 1.373473e+02 5.345726e+01
      vertex   2.350000e+01 1.330660e+02 4.510329e+01
      vertex   2.350000e+01 1.378021e+02 5.252174e+01
    endloop
  endfacet
  facet normal 1.000000e+00 -1.714663e-15 -3.420354e-16
    outer loop
      vertex   2.350000e+01 1.378021e+02 5.252174e+01
      vertex   2.350000e+01 1.330660e+02 4.510329e+01
      vertex   2.350000e+01 1.332476e+02 4.419309e+01
    endloop
  endfacet
  facet normal 1.000000e+00 -1.288973e-15 -5.748233e-16
    outer loop
      vertex   2.350000e+01 1.378021e+02 5.252174e+01
      vertex   2.350000e+01 1.332476e+02 4.419309e+01
      vertex   2.350000e+01 1.382261e+02 5.157097e+01
    endloop
  endfacet
  facet normal 1.000000e+00 -1.335546e-15 -5.433964e-16
    outer loop
      vertex   2.350000e+01 1.382261e+02 5.157097e+01
      vertex   2.350000e+01 1.332476e+02 4.419309e+01
      vertex   2.350000e+01 1.386189e+02 5.060570e+01
    endloop
  endfacet
  facet normal 1.000000e+00 -1.664138e-15 -2.681652e-16
    outer loop
      vertex   2.350000e+01 1.386189e+02 5.060570e+01
      vertex   2.350000e+01 1.332476e+02 4.419309e+01
      vertex   2.350000e+01 1.333952e+02 4.327703e+01
    endloop
  endfacet
  facet normal 1.000000e+00 -1.344628e-15 -4.959009e-16
    outer loop
      vertex   2.350000e+01 1.386189e+02 5.060570e+01
      vertex   2.350000e+01 1.333952e+02 4.327703e+01
      vertex   2.350000e+01 1.389796e+02 4.962759e+01
    endloop
  endfacet
  facet normal 1.000000e+00 -1.673915e-15 -2.063436e-16
    outer loop
      vertex   2.350000e+01 1.389796e+02 4.962759e+01
      vertex   2.350000e+01 1.333952e+02 4.327703e+01
      vertex   2.350000e+01 1.335088e+02 4.235604e+01
    endloop
  endfacet
  facet normal 1.000000e+00 -1.352118e-15 -4.484511e-16
    outer loop
      vertex   2.350000e+01 1.389796e+02 4.962759e+01
      vertex   2.350000e+01 1.335088e+02 4.235604e+01
      vertex   2.350000e+01 1.393073e+02 4.863941e+01
    endloop
  endfacet
  facet normal 1.000000e+00 -1.392391e-15 -4.112845e-16
    outer loop
      vertex   2.350000e+01 1.393073e+02 4.863941e+01
      vertex   2.350000e+01 1.335088e+02 4.235604e+01
      vertex   2.350000e+01 1.396019e+02 4.764204e+01
    endloop
  endfacet
  facet normal 1.000000e+00 1.473353e-15 -3.714633e-15
    outer loop
      vertex   2.350000e+01 1.396019e+02 4.764204e+01
      vertex   2.350000e+01 1.335088e+02 4.235604e+01
      vertex   2.350000e+01 1.335881e+02 4.143108e+01
    endloop
  endfacet
  facet normal 1.000000e+00 -1.863064e-15 -4.840816e-16
    outer loop
      vertex   2.350000e+01 1.396019e+02 4.764204e+01
      vertex   2.350000e+01 1.335881e+02 4.143108e+01
      vertex   2.350000e+01 1.398632e+02 4.663633e+01
    endloop
  endfacet
  facet normal 1.000000e+00 -1.908543e-15 -4.292543e-16
    outer loop
      vertex   2.350000e+01 1.398632e+02 4.663633e+01
      vertex   2.350000e+01 1.335881e+02 4.143108e+01
      vertex   2.350000e+01 1.400911e+02 4.562313e+01
    endloop
  endfacet
  facet normal 1.000000e+00 -1.946223e-15 -3.708009e-16
    outer loop
      vertex   2.350000e+01 1.400911e+02 4.562313e+01
      vertex   2.350000e+01 1.335881e+02 4.143108e+01
      vertex   2.350000e+01 1.402854e+02 4.460326e+01
    endloop
  endfacet
  facet normal 1.000000e+00 -3.847355e-15 3.643043e-15
    outer loop
      vertex   2.350000e+01 1.402854e+02 4.460326e+01
      vertex   2.350000e+01 1.335881e+02 4.143108e+01
      vertex   2.350000e+01 1.336330e+02 4.050332e+01
    endloop
  endfacet
  facet normal 1.000000e+00 -1.461141e-15 -2.287705e-16
    outer loop
      vertex   2.350000e+01 1.402854e+02 4.460326e+01
      vertex   2.350000e+01 1.336330e+02 4.050332e+01
      vertex   2.350000e+01 1.404460e+02 4.357757e+01
    endloop
  endfacet
  facet normal 1.000000e+00 -1.482135e-15 -1.822450e-16
    outer loop
      vertex   2.350000e+01 1.404460e+02 4.357757e+01
      vertex   2.350000e+01 1.336330e+02 4.050332e+01
      vertex   2.350000e+01 1.405728e+02 4.254690e+01
    endloop
  endfacet
  facet normal 1.000000e+00 -1.496316e-15 -1.340859e-16
    outer loop
      vertex   2.350000e+01 1.405728e+02 4.254690e+01
      vertex   2.350000e+01 1.336330e+02 4.050332e+01
      vertex   2.350000e+01 1.406655e+02 4.151208e+01
    endloop
  endfacet
  facet normal 1.000000e+00 -1.513112e-15 -1.699299e-17
    outer loop
      vertex   2.350000e+01 1.406655e+02 4.151208e+01
      vertex   2.350000e+01 1.336330e+02 4.050332e+01
      vertex   2.350000e+01 1.336434e+02 3.957501e+01
    endloop
  endfacet
  facet normal 1.000000e+00 -1.494534e-15 -8.434288e-17
    outer loop
      vertex   2.350000e+01 1.406655e+02 4.151208e+01
      vertex   2.350000e+01 1.336434e+02 3.957501e+01
      vertex   2.350000e+01 1.407241e+02 4.047397e+01
    endloop
  endfacet
  facet normal 1.000000e+00 -1.500793e-15 -3.504337e-17
    outer loop
      vertex   2.350000e+01 1.407241e+02 4.047397e+01
      vertex   2.350000e+01 1.336434e+02 3.957501e+01
      vertex   2.350000e+01 1.407484e+02 3.943339e+01
    endloop
  endfacet
  facet normal 1.000000e+00 -1.228064e-15 1.364737e-14
    outer loop
      vertex   2.350000e+01 1.407484e+02 3.943339e+01
      vertex   2.350000e+01 1.336434e+02 3.957501e+01
      vertex   2.350000e+01 1.407382e+02 3.839119e+01
    endloop
  endfacet
  facet normal 1.000000e+00 -3.490133e-15 9.040999e-17
    outer loop
      vertex   2.350000e+01 1.407382e+02 3.839119e+01
      vertex   2.350000e+01 1.336434e+02 3.957501e+01
      vertex   2.350000e+01 1.336194e+02 3.864736e+01
    endloop
  endfacet
  facet normal 1.000000e+00 -3.667287e-15 -4.832616e-15
    outer loop
      vertex   2.350000e+01 1.407382e+02 3.839119e+01
      vertex   2.350000e+01 1.336194e+02 3.864736e+01
      vertex   2.350000e+01 1.406820e+02 3.696353e+01
    endloop
  endfacet
  facet normal 1.000000e+00 -4.825630e-15 -9.691194e-15
    outer loop
      vertex   2.350000e+01 1.406820e+02 3.696353e+01
      vertex   2.350000e+01 1.336194e+02 3.864736e+01
      vertex   2.350000e+01 1.405872e+02 3.554439e+01
    endloop
  endfacet
  facet normal 1.000000e+00 -4.959374e-16 3.129419e-17
    outer loop
      vertex   2.350000e+01 1.405872e+02 3.554439e+01
      vertex   2.350000e+01 1.336194e+02 3.864736e+01
      vertex   2.350000e+01 1.335609e+02 3.772132e+01
    endloop
  endfacet
  facet normal 1.000000e+00 -4.909829e-16 4.728513e-17
    outer loop
      vertex   2.350000e+01 1.405872e+02 3.554439e+01
      vertex   2.350000e+01 1.335609e+02 3.772132e+01
      vertex   2.350000e+01 1.404515e+02 3.413546e+01
    endloop
  endfacet
  facet normal 1.000000e+00 -1.721314e-15 -2.316914e-15
    outer loop
      vertex   2.350000e+01 1.404515e+02 3.413546e+01
      vertex   2.350000e+01 1.335609e+02 3.772132e+01
      vertex   2.350000e+01 1.402723e+02 3.273521e+01
    endloop
  endfacet
  facet normal 1.000000e+00 0.000000e+00 0.000000e+00
    outer loop
      vertex   2.350000e+01 1.402723e+02 3.273521e+01
      vertex   2.350000e+01 1.335609e+02 3.772132e+01
      vertex   2.350000e+01 1.334681e+02 3.679785e+01
    endloop
  endfacet
  facet normal 1.000000e+00 1.390799e-15 2.329328e-15
    outer loop
      vertex   2.350000e+01 1.402723e+02 3.273521e+01
      vertex   2.350000e+01 1.334681e+02 3.679785e+01
      vertex   2.350000e+01 1.400470e+02 3.134454e+01
    endloop
  endfacet
  facet normal 1.000000e+00 2.387750e-15 3.532042e-15
    outer loop
      vertex   2.350000e+01 1.400470e+02 3.134454e+01
      vertex   2.350000e+01 1.334681e+02 3.679785e+01
      vertex   2.350000e+01 1.333411e+02 3.587791e+01
    endloop
  endfacet
  facet normal 1.000000e+00 0.000000e+00 0.000000e+00
    outer loop
      vertex   2.350000e+01 1.400470e+02 3.134454e+01
      vertex   2.350000e+01 1.333411e+02 3.587791e+01
      vertex   2.350000e+01 1.397729e+02 2.996469e+01
    endloop
  endfacet
  facet normal 1.000000e+00 0.000000e+00 0.000000e+00
    outer loop
      vertex   2.350000e+01 1.397729e+02 2.996469e+01
      vertex   2.350000e+01 1.333411e+02 3.587791e+01
      vertex   2.350000e+01 1.394475e+02 2.859687e+01
    endloop
  endfacet
  facet normal 1.000000e+00 -2.344535e-15 -1.966320e-15
    outer loop
      vertex   2.350000e+01 1.394475e+02 2.859687e+01
      vertex   2.350000e+01 1.333411e+02 3.587791e+01
      vertex   2.350000e+01 1.390683e+02 2.724232e+01
    endloop
  endfacet
  facet normal 1.000000e+00 4.336512e-15 2.464610e-15
    outer loop
      vertex   2.350000e+01 1.390683e+02 2.724232e+01
      vertex   2.350000e+01 1.333411e+02 3.587791e+01
      vertex   2.350000e+01 1.329453e+02 3.369121e+01
    endloop
  endfacet
  facet normal 1.000000e+00 3.376522e-15 1.553143e-15
    outer loop
      vertex   2.350000e+01 1.390683e+02 2.724232e+01
      vertex   2.350000e+01 1.329453e+02 3.369121e+01
      vertex   2.350000e+01 1.386325e+02 2.590227e+01
    endloop
  endfacet
  facet normal 1.000000e+00 8.264293e-16 -3.088232e-16
    outer loop
      vertex   2.350000e+01 1.386325e+02 2.590227e+01
      vertex   2.350000e+01 1.329453e+02 3.369121e+01
      vertex   2.350000e+01 1.381376e+02 2.457796e+01
    endloop
  endfacet
  facet normal 1.000000e+00 -3.266002e-15 -2.640481e-15
    outer loop
      vertex   2.350000e+01 1.381376e+02 2.457796e+01
      vertex   2.350000e+01 1.329453e+02 3.369121e+01
      vertex   2.350000e+01 1.324596e+02 3.160099e+01
    endloop
  endfacet
  facet normal 1.000000e+00 4.416136e-15 3.570336e-15
    outer loop
      vertex   2.350000e+01 1.381376e+02 2.457796e+01
      vertex   2.350000e+01 1.324596e+02 3.160099e+01
      vertex   2.350000e+01 1.375827e+02 2.327420e+01
    endloop
  endfacet
  facet normal 1.000000e+00 -5.899273e-15 -2.776189e-15
    outer loop
      vertex   2.350000e+01 1.375827e+02 2.327420e+01
      vertex   2.350000e+01 1.324596e+02 3.160099e+01
      vertex   2.350000e+01 1.369741e+02 2.200796e+01
    endloop
  endfacet
  facet normal 1.000000e+00 0.000000e+00 0.000000e+00
    outer loop
      vertex   2.350000e+01 1.369741e+02 2.200796e+01
      vertex   2.350000e+01 1.324596e+02 3.160099e+01
      vertex   2.350000e+01 1.363134e+02 2.078010e+01
    endloop
  endfacet
  facet normal 1.000000e+00 5.489094e-15 1.954897e-15
    outer loop
      vertex   2.350000e+01 1.363134e+02 2.078010e+01
      vertex   2.350000e+01 1.324596e+02 3.160099e+01
      vertex   2.350000e+01 1.318794e+02 2.959559e+01
    endloop
  endfacet
  facet normal 1.000000e+00 7.320483e-16 -4.378094e-16
    outer loop
      vertex   2.350000e+01 1.363134e+02 2.078010e+01
      vertex   2.350000e+01 1.318794e+02 2.959559e+01
      vertex   2.350000e+01 1.356013e+02 1.958931e+01
    endloop
  endfacet
  facet normal 1.000000e+00 -4.053655e-15 -2.217866e-15
    outer loop
      vertex   2.350000e+01 1.356013e+02 1.958931e+01
      vertex   2.350000e+01 1.318794e+02 2.959559e+01
      vertex   2.350000e+01 1.311918e+02 2.764862e+01
    endloop
  endfacet
  facet normal 1.000000e+00 0.000000e+00 0.000000e+00
    outer loop
      vertex   2.350000e+01 1.356013e+02 1.958931e+01
      vertex   2.350000e+01 1.311918e+02 2.764862e+01
      vertex   2.350000e+01 1.348383e+02 1.843427e+01
    endloop
  endfacet
  facet normal 1.000000e+00 0.000000e+00 0.000000e+00
    outer loop
      vertex   2.350000e+01 1.348383e+02 1.843427e+01
      vertex   2.350000e+01 1.311918e+02 2.764862e+01
      vertex   2.350000e+01 1.340251e+02 1.731366e+01
    endloop
  endfacet
  facet normal 1.000000e+00 0.000000e+00 0.000000e+00
    outer loop
      vertex   2.350000e+01 1.340251e+02 1.731366e+01
      vertex   2.350000e+01 1.311918e+02 2.764862e+01
      vertex   2.350000e+01 1.308053e+02 2.669714e+01
    endloop
  endfacet
  facet normal 1.000000e+00 -4.817340e-15 -1.653019e-15
    outer loop
      vertex   2.350000e+01 1.340251e+02 1.731366e+01
      vertex   2.350000e+01 1.308053e+02 2.669714e+01
      vertex   2.350000e+01 1.303891e+02 2.576069e+01
    endloop
  endfacet
  facet normal 1.000000e+00 -3.437085e-16 2.726393e-16
    outer loop
      vertex   2.350000e+01 1.340251e+02 1.731366e+01
      vertex   2.350000e+01 1.303891e+02 2.576069e+01
      vertex   2.350000e+01 1.331625e+02 1.622616e+01
    endloop
  endfacet
  facet normal 1.000000e+00 1.443331e-14 4.570904e-15
    outer loop
      vertex   2.350000e+01 1.331625e+02 1.622616e+01
      vertex   2.350000e+01 1.303891e+02 2.576069e+01
      vertex   2.350000e+01 1.299424e+02 2.483955e+01
    endloop
  endfacet
  facet normal 1.000000e+00 6.667554e-16 -5.756642e-16
    outer loop
      vertex   2.350000e+01 1.331625e+02 1.622616e+01
      vertex   2.350000e+01 1.299424e+02 2.483955e+01
      vertex   2.350000e+01 1.322510e+02 1.517045e+01
    endloop
  endfacet
  facet normal 1.000000e+00 -9.273983e-15 -2.949120e-15
    outer loop
      vertex   2.350000e+01 1.322510e+02 1.517045e+01
      vertex   2.350000e+01 1.299424e+02 2.483955e+01
      vertex   2.350000e+01 1.294642e+02 2.393401e+01
    endloop
  endfacet
  facet normal 1.000000e+00 0.000000e+00 0.000000e+00
    outer loop
      vertex   2.350000e+01 1.322510e+02 1.517045e+01
      vertex   2.350000e+01 1.294642e+02 2.393401e+01
      vertex   2.350000e+01 1.312914e+02 1.414521e+01
    endloop
  endfacet
  facet normal 1.000000e+00 0.000000e+00 0.000000e+00
    outer loop
      vertex   2.350000e+01 1.312914e+02 1.414521e+01
      vertex   2.350000e+01 1.294642e+02 2.393401e+01
      vertex   2.350000e+01 1.289536e+02 2.304433e+01
    endloop
  endfacet
  facet normal 1.000000e+00 -4.593881e-15 -1.206777e-15
    outer loop
      vertex   2.350000e+01 1.312914e+02 1.414521e+01
      vertex   2.350000e+01 1.289536e+02 2.304433e+01
      vertex   2.350000e+01 1.284097e+02 2.217080e+01
    endloop
  endfacet
  facet normal 1.000000e+00 4.892151e-15 2.199219e-15
    outer loop
      vertex   2.350000e+01 1.312914e+02 1.414521e+01
      vertex   2.350000e+01 1.284097e+02 2.217080e+01
      vertex   2.350000e+01 1.302860e+02 1.315082e+01
    endloop
  endfacet
  facet normal 1.000000e+00 1.275210e-14 3.834146e-15
    outer loop
      vertex   2.350000e+01 1.302860e+02 1.315082e+01
      vertex   2.350000e+01 1.284097e+02 2.217080e+01
      vertex   2.350000e+01 1.278316e+02 2.131369e+01
    endloop
  endfacet
  facet normal 1.000000e+00 -5.343851e-15 -1.606725e-15
    outer loop
      vertex   2.350000e+01 1.302860e+02 1.315082e+01
      vertex   2.350000e+01 1.278316e+02 2.131369e+01
      vertex   2.350000e+01 1.292442e+02 1.219334e+01
    endloop
  endfacet
  facet normal 1.000000e+00 -8.677722e-15 -2.123071e-15
    outer loop
      vertex   2.350000e+01 1.292442e+02 1.219334e+01
      vertex   2.350000e+01 1.278316e+02 2.131369e+01
      vertex   2.350000e+01 1.272184e+02 2.047329e+01
    endloop
  endfacet
  facet normal 1.000000e+00 0.000000e+00 0.000000e+00
    outer loop
      vertex   2.350000e+01 1.292442e+02 1.219334e+01
      vertex   2.350000e+01 1.272184e+02 2.047329e+01
      vertex   2.350000e+01 1.281707e+02 1.127326e+01
    endloop
  endfacet
  facet normal 1.000000e+00 0.000000e+00 0.000000e+00
    outer loop
      vertex   2.350000e+01 1.281707e+02 1.127326e+01
      vertex   2.350000e+01 1.272184e+02 2.047329e+01
      vertex   2.350000e+01 1.265705e+02 1.965139e+01
    endloop
  endfacet
  facet normal 1.000000e+00 0.000000e+00 0.000000e+00
    outer loop
      vertex   2.350000e+01 1.281707e+02 1.127326e+01
      vertex   2.350000e+01 1.265705e+02 1.965139e+01
      vertex   2.350000e+01 1.258942e+02 1.885613e+01
    endloop
  endfacet
  facet normal 1.000000e+00 0.000000e+00 0.000000e+00
    outer loop
      vertex   2.350000e+01 1.281707e+02 1.127326e+01
      vertex   2.350000e+01 1.258942e+02 1.885613e+01
      vertex   2.350000e+01 1.270692e+02 1.039035e+01
    endloop
  endfacet
  facet normal 1.000000e+00 8.778725e-15 1.218438e-15
    outer loop
      vertex   2.350000e+01 1.270692e+02 1.039035e+01
      vertex   2.350000e+01 1.258942e+02 1.885613e+01
      vertex   2.350000e+01 1.251914e+02 1.808823e+01
    endloop
  endfacet
  facet normal 1.000000e+00 5.863158e-16 -7.800123e-16
    outer loop
      vertex   2.350000e+01 1.270692e+02 1.039035e+01
      vertex   2.350000e+01 1.251914e+02 1.808823e+01
      vertex   2.350000e+01 1.259438e+02 9.544409e+00
    endloop
  endfacet
  facet normal 1.000000e+00 -8.174059e-15 -1.551486e-15
    outer loop
      vertex   2.350000e+01 1.259438e+02 9.544409e+00
      vertex   2.350000e+01 1.251914e+02 1.808823e+01
      vertex   2.350000e+01 1.244628e+02 1.734713e+01
    endloop
  endfacet
  facet normal 1.000000e+00 0.000000e+00 0.000000e+00
    outer loop
      vertex   2.350000e+01 1.259438e+02 9.544409e+00
      vertex   2.350000e+01 1.244628e+02 1.734713e+01
      vertex   2.350000e+01 1.247983e+02 8.735212e+00
    endloop
  endfacet
  facet normal 1.000000e+00 0.000000e+00 0.000000e+00
    outer loop
      vertex   2.350000e+01 1.247983e+02 8.735212e+00
      vertex   2.350000e+01 1.244628e+02 1.734713e+01
      vertex   2.350000e+01 1.237092e+02 1.663232e+01
    endloop
  endfacet
  facet normal 1.000000e+00 0.000000e+00 0.000000e+00
    outer loop
      vertex   2.350000e+01 1.247983e+02 8.735212e+00
      vertex   2.350000e+01 1.237092e+02 1.663232e+01
      vertex   2.350000e+01 1.229313e+02 1.594324e+01
    endloop
  endfacet
  facet normal 1.000000e+00 0.000000e+00 0.000000e+00
    outer loop
      vertex   2.350000e+01 1.247983e+02 8.735212e+00
      vertex   2.350000e+01 1.229313e+02 1.594324e+01
      vertex   2.350000e+01 1.236366e+02 7.962544e+00
    endloop
  endfacet
  facet normal 1.000000e+00 0.000000e+00 0.000000e+00
    outer loop
      vertex   2.350000e+01 1.236366e+02 7.962544e+00
      vertex   2.350000e+01 1.229313e+02 1.594324e+01
      vertex   2.350000e+01 1.221300e+02 1.527936e+01
    endloop
  endfacet
  facet normal 1.000000e+00 0.000000e+00 0.000000e+00
    outer loop
      vertex   2.350000e+01 1.236366e+02 7.962544e+00
      vertex   2.350000e+01 1.221300e+02 1.527936e+01
      vertex   2.350000e+01 1.224626e+02 7.226189e+00
    endloop
  endfacet
  facet normal 1.000000e+00 0.000000e+00 0.000000e+00
    outer loop
      vertex   2.350000e+01 1.224626e+02 7.226189e+00
      vertex   2.350000e+01 1.221300e+02 1.527936e+01
      vertex   2.350000e+01 1.213060e+02 1.464014e+01
    endloop
  endfacet
  facet normal 1.000000e+00 0.000000e+00 0.000000e+00
    outer loop
      vertex   2.350000e+01 1.224626e+02 7.226189e+00
      vertex   2.350000e+01 1.213060e+02 1.464014e+01
      vertex   2.350000e+01 1.212802e+02 6.525930e+00
    endloop
  endfacet
  facet normal 1.000000e+00 0.000000e+00 -0.000000e+00
    outer loop
      vertex   2.350000e+01 1.212802e+02 6.525930e+00
      vertex   2.350000e+01 1.213060e+02 1.464014e+01
      vertex   2.350000e+01 1.195953e+02 1.343517e+01
    endloop
  endfacet
  facet normal 1.000000e+00 0.000000e+00 0.000000e+00
    outer loop
      vertex   2.350000e+01 1.212802e+02 6.525930e+00
      vertex   2.350000e+01 1.195953e+02 1.343517e+01
      vertex   2.350000e+01 1.200932e+02 5.861550e+00
    endloop
  endfacet
  facet normal 1.000000e+00 0.000000e+00 0.000000e+00
    outer loop
      vertex   2.350000e+01 1.200932e+02 5.861550e+00
      vertex   2.350000e+01 1.195953e+02 1.343517e+01
      vertex   2.350000e+01 1.178139e+02 1.232902e+01
    endloop
  endfacet
  facet normal 1.000000e+00 0.000000e+00 0.000000e+00
    outer loop
      vertex   2.350000e+01 1.200932e+02 5.861550e+00
      vertex   2.350000e+01 1.178139e+02 1.232902e+01
      vertex   2.350000e+01 1.189057e+02 5.232833e+00
    endloop
  endfacet
  facet normal 1.000000e+00 0.000000e+00 0.000000e+00
    outer loop
      vertex   2.350000e+01 1.189057e+02 5.232833e+00
      vertex   2.350000e+01 1.178139e+02 1.232902e+01
      vertex   2.350000e+01 1.177214e+02 4.639562e+00
    endloop
  endfacet
  facet normal 1.000000e+00 0.000000e+00 -0.000000e+00
    outer loop
      vertex   2.350000e+01 1.177214e+02 4.639562e+00
      vertex   2.350000e+01 1.178139e+02 1.232902e+01
      vertex   2.350000e+01 1.159750e+02 1.132063e+01
    endloop
  endfacet
  facet normal 1.000000e+00 0.000000e+00 0.000000e+00
    outer loop
      vertex   2.350000e+01 1.177214e+02 4.639562e+00
      vertex   2.350000e+01 1.159750e+02 1.132063e+01
      vertex   2.350000e+01 1.165442e+02 4.081520e+00
    endloop
  endfacet
  facet normal 9.989848e-01 4.391206e-02 1.005445e-02
    outer loop
      vertex   -2.076613e+01 1.071886e+02 7.718401e+01
      vertex   -2.074691e+01 1.068609e+02 7.670539e+01
      vertex   -2.080000e+01 1.080818e+02 7.664838e+01
    endloop
  endfacet
  facet normal 9.990423e-01 4.309034e-02 -7.595750e-03
    outer loop
      vertex   -2.080000e+01 1.080818e+02 7.664838e+01
      vertex   -2.074691e+01 1.068609e+02 7.670539e+01
      vertex   -2.074691e+01 1.066303e+02 7.539720e+01
    endloop
  endfacet
  facet normal 9.990423e-01 4.309034e-02 -7.595750e-03
    outer loop
      vertex   -2.080000e+01 1.080818e+02 7.664838e+01
      vertex   -2.074691e+01 1.066303e+02 7.539720e+01
      vertex   -2.074691e+01 1.063997e+02 7.408901e+01
    endloop
  endfacet
  facet normal 9.905881e-01 1.347985e-01 -2.376160e-02
    outer loop
      vertex   -2.074691e+01 1.063997e+02 7.408901e+01
      vertex   -2.074691e+01 1.066303e+02 7.539720e+01
      vertex   -2.058384e+01 1.054681e+02 7.560206e+01
    endloop
  endfacet
  facet normal 9.905881e-01 1.347985e-01 -2.376160e-02
    outer loop
      vertex   -2.074691e+01 1.063997e+02 7.408901e+01
      vertex   -2.058384e+01 1.054681e+02 7.560206e+01
      vertex   -2.058384e+01 1.052375e+02 7.429387e+01
    endloop
  endfacet
  facet normal 9.713859e-01 2.339005e-01 -4.123080e-02
    outer loop
      vertex   -2.058384e+01 1.052375e+02 7.429387e+01
      vertex   -2.058384e+01 1.054681e+02 7.560206e+01
      vertex   -2.030649e+01 1.043509e+02 7.579898e+01
    endloop
  endfacet
  facet normal 9.713859e-01 2.339005e-01 -4.123080e-02
    outer loop
      vertex   -2.058384e+01 1.052375e+02 7.429387e+01
      vertex   -2.030649e+01 1.043509e+02 7.579898e+01
      vertex   -2.030649e+01 1.041203e+02 7.449079e+01
    endloop
  endfacet
  facet normal 9.484700e-01 3.120558e-01 -5.500764e-02
    outer loop
      vertex   -2.030649e+01 1.041203e+02 7.449079e+01
      vertex   -2.030649e+01 1.043509e+02 7.579898e+01
      vertex   -2.012414e+01 1.038134e+02 7.589374e+01
    endloop
  endfacet
  facet normal 9.484700e-01 3.120558e-01 -5.500764e-02
    outer loop
      vertex   -2.030649e+01 1.041203e+02 7.449079e+01
      vertex   -2.012414e+01 1.038134e+02 7.589374e+01
      vertex   -2.012414e+01 1.035828e+02 7.458554e+01
    endloop
  endfacet
  facet normal 9.285533e-01 3.655629e-01 -6.443959e-02
    outer loop
      vertex   -2.012414e+01 1.035828e+02 7.458554e+01
      vertex   -2.012414e+01 1.038134e+02 7.589374e+01
      vertex   -1.991253e+01 1.032921e+02 7.598563e+01
    endloop
  endfacet
  facet normal 9.285533e-01 3.655629e-01 -6.443959e-02
    outer loop
      vertex   -2.012414e+01 1.035828e+02 7.458554e+01
      vertex   -1.991253e+01 1.032921e+02 7.598563e+01
      vertex   -1.991253e+01 1.030615e+02 7.467744e+01
    endloop
  endfacet
  facet normal 9.046741e-01 4.196344e-01 -7.397106e-02
    outer loop
      vertex   -1.991253e+01 1.030615e+02 7.467744e+01
      vertex   -1.991253e+01 1.032921e+02 7.598563e+01
      vertex   -1.967170e+01 1.027886e+02 7.607439e+01
    endloop
  endfacet
  facet normal 9.046741e-01 4.196344e-01 -7.397106e-02
    outer loop
      vertex   -1.991253e+01 1.030615e+02 7.467744e+01
      vertex   -1.967170e+01 1.027886e+02 7.607439e+01
      vertex   -1.967170e+01 1.025580e+02 7.476620e+01
    endloop
  endfacet
  facet normal 8.766784e-01 4.737724e-01 -8.351423e-02
    outer loop
      vertex   -1.967170e+01 1.025580e+02 7.476620e+01
      vertex   -1.967170e+01 1.027886e+02 7.607439e+01
      vertex   -1.940189e+01 1.023043e+02 7.615975e+01
    endloop
  endfacet
  facet normal 8.766784e-01 4.737724e-01 -8.351423e-02
    outer loop
      vertex   -1.967170e+01 1.025580e+02 7.476620e+01
      vertex   -1.940189e+01 1.023043e+02 7.615975e+01
      vertex   -1.940189e+01 1.020737e+02 7.485156e+01
    endloop
  endfacet
  facet normal 8.445043e-01 5.274173e-01 -9.297047e-02
    outer loop
      vertex   -1.940189e+01 1.020737e+02 7.485156e+01
      vertex   -1.940189e+01 1.023043e+02 7.615975e+01
      vertex   -1.910345e+01 1.018409e+02 7.624145e+01
    endloop
  endfacet
  facet normal 8.445043e-01 5.274173e-01 -9.297047e-02
    outer loop
      vertex   -1.940189e+01 1.020737e+02 7.485156e+01
      vertex   -1.910345e+01 1.018409e+02 7.624145e+01
      vertex   -1.910345e+01 1.016103e+02 7.493325e+01
    endloop
  endfacet
  facet normal 8.081989e-01 5.799679e-01 -1.022338e-01
    outer loop
      vertex   -1.910345e+01 1.016103e+02 7.493325e+01
      vertex   -1.910345e+01 1.018409e+02 7.624145e+01
      vertex   -1.877690e+01 1.013995e+02 7.631924e+01
    endloop
  endfacet
  facet normal 8.081989e-01 5.799679e-01 -1.022338e-01
    outer loop
      vertex   -1.910345e+01 1.016103e+02 7.493325e+01
      vertex   -1.877690e+01 1.013995e+02 7.631924e+01
      vertex   -1.877690e+01 1.011689e+02 7.501105e+01
    endloop
  endfacet
  facet normal 7.679300e-01 6.308082e-01 -1.111957e-01
    outer loop
      vertex   -1.877690e+01 1.011689e+02 7.501105e+01
      vertex   -1.877690e+01 1.013995e+02 7.631924e+01
      vertex   -1.842291e+01 1.009816e+02 7.639292e+01
    endloop
  endfacet
  facet normal 7.679300e-01 6.308082e-01 -1.111957e-01
    outer loop
      vertex   -1.877690e+01 1.011689e+02 7.501105e+01
      vertex   -1.842291e+01 1.009816e+02 7.639292e+01
      vertex   -1.842291e+01 1.007510e+02 7.508473e+01
    endloop
  endfacet
  facet normal 7.239886e-01 6.793382e-01 -1.197503e-01
    outer loop
      vertex   -1.842291e+01 1.007510e+02 7.508473e+01
      vertex   -1.842291e+01 1.009816e+02 7.639292e+01
      vertex   -1.804228e+01 1.005882e+02 7.646227e+01
    endloop
  endfacet
  facet normal 7.239886e-01 6.793382e-01 -1.197503e-01
    outer loop
      vertex   -1.842291e+01 1.007510e+02 7.508473e+01
      vertex   -1.804228e+01 1.005882e+02 7.646227e+01
      vertex   -1.804228e+01 1.003576e+02 7.515408e+01
    endloop
  endfacet
  facet normal 6.767811e-01 7.250065e-01 -1.278005e-01
    outer loop
      vertex   -1.804228e+01 1.003576e+02 7.515408e+01
      vertex   -1.804228e+01 1.005882e+02 7.646227e+01
      vertex   -1.763596e+01 1.002203e+02 7.652711e+01
    endloop
  endfacet
  facet normal 6.767811e-01 7.250065e-01 -1.278005e-01
    outer loop
      vertex   -1.804228e+01 1.003576e+02 7.515408e+01
      vertex   -1.763596e+01 1.002203e+02 7.652711e+01
      vertex   -1.763596e+01 9.998971e+01 7.521892e+01
    endloop
  endfacet
  facet normal 6.268121e-01 7.673399e-01 -1.352628e-01
    outer loop
      vertex   -1.763596e+01 9.998971e+01 7.521892e+01
      vertex   -1.763596e+01 1.002203e+02 7.652711e+01
      vertex   -1.720503e+01 9.987891e+01 7.658729e+01
    endloop
  endfacet
  facet normal 6.268121e-01 7.673399e-01 -1.352628e-01
    outer loop
      vertex   -1.763596e+01 9.998971e+01 7.521892e+01
      vertex   -1.720503e+01 9.987891e+01 7.658729e+01
      vertex   -1.720503e+01 9.964831e+01 7.527910e+01
    endloop
  endfacet
  facet normal 5.622693e-01 8.143982e-01 -1.435580e-01
    outer loop
      vertex   -1.720503e+01 9.964831e+01 7.527910e+01
      vertex   -1.720503e+01 9.987891e+01 7.658729e+01
      vertex   -1.653121e+01 9.942772e+01 7.666683e+01
    endloop
  endfacet
  facet normal 5.622693e-01 8.143982e-01 -1.435580e-01
    outer loop
      vertex   -1.720503e+01 9.964831e+01 7.527910e+01
      vertex   -1.653121e+01 9.942772e+01 7.666683e+01
      vertex   -1.653121e+01 9.919711e+01 7.535864e+01
    endloop
  endfacet
  facet normal 4.827935e-01 8.624375e-01 -1.520262e-01
    outer loop
      vertex   -1.653121e+01 9.919711e+01 7.535864e+01
      vertex   -1.653121e+01 9.942772e+01 7.666683e+01
      vertex   -1.581129e+01 9.903685e+01 7.673573e+01
    endloop
  endfacet
  facet normal 4.827935e-01 8.624375e-01 -1.520262e-01
    outer loop
      vertex   -1.653121e+01 9.919711e+01 7.535864e+01
      vertex   -1.581129e+01 9.903685e+01 7.673573e+01
      vertex   -1.581129e+01 9.880624e+01 7.542754e+01
    endloop
  endfacet
  facet normal 4.021927e-01 9.016537e-01 -1.589390e-01
    outer loop
      vertex   -1.581129e+01 9.880624e+01 7.542754e+01
      vertex   -1.581129e+01 9.903685e+01 7.673573e+01
      vertex   -1.504988e+01 9.870745e+01 7.679379e+01
    endloop
  endfacet
  facet normal 4.021927e-01 9.016537e-01 -1.589390e-01
    outer loop
      vertex   -1.581129e+01 9.880624e+01 7.542754e+01
      vertex   -1.504988e+01 9.870745e+01 7.679379e+01
      vertex   -1.504988e+01 9.847685e+01 7.548560e+01
    endloop
  endfacet
  facet normal 3.222135e-01 9.322933e-01 -1.643400e-01
    outer loop
      vertex   -1.504988e+01 9.847685e+01 7.548560e+01
      vertex   -1.504988e+01 9.870745e+01 7.679379e+01
      vertex   -1.425195e+01 9.843998e+01 7.684094e+01
    endloop
  endfacet
  facet normal 3.222135e-01 9.322933e-01 -1.643400e-01
    outer loop
      vertex   -1.504988e+01 9.847685e+01 7.548560e+01
      vertex   -1.425195e+01 9.843998e+01 7.684094e+01
      vertex   -1.425195e+01 9.820938e+01 7.553275e+01
    endloop
  endfacet
  facet normal 2.651314e-01 9.495722e-01 -1.673858e-01
    outer loop
      vertex   -1.425195e+01 9.820938e+01 7.553275e+01
      vertex   -1.425195e+01 9.843998e+01 7.684094e+01
      vertex   -1.387330e+01 9.805540e+01 7.525897e+01
    endloop
  endfacet
  facet normal 2.904397e-01 9.478282e-01 -1.314020e-01
    outer loop
      vertex   -1.425195e+01 9.820938e+01 7.553275e+01
      vertex   -1.387330e+01 9.805540e+01 7.525897e+01
      vertex   -1.485528e+01 9.833321e+01 7.509237e+01
    endloop
  endfacet
  facet normal 9.944774e-01 1.008350e-01 -2.910445e-02
    outer loop
      vertex   -2.076613e+01 1.071886e+02 7.718401e+01
      vertex   -2.066043e+01 1.062999e+02 7.771693e+01
      vertex   -2.074691e+01 1.068609e+02 7.670539e+01
    endloop
  endfacet
  facet normal 9.904682e-01 1.374826e-01 -8.439232e-03
    outer loop
      vertex   -2.074691e+01 1.068609e+02 7.670539e+01
      vertex   -2.066043e+01 1.062999e+02 7.771693e+01
      vertex   -2.058384e+01 1.056987e+02 7.691025e+01
    endloop
  endfacet
  facet normal 9.905881e-01 1.347985e-01 -2.376160e-02
    outer loop
      vertex   -2.074691e+01 1.068609e+02 7.670539e+01
      vertex   -2.058384e+01 1.056987e+02 7.691025e+01
      vertex   -2.074691e+01 1.066303e+02 7.539720e+01
    endloop
  endfacet
  facet normal 9.905881e-01 1.347985e-01 -2.376160e-02
    outer loop
      vertex   -2.074691e+01 1.066303e+02 7.539720e+01
      vertex   -2.058384e+01 1.056987e+02 7.691025e+01
      vertex   -2.058384e+01 1.054681e+02 7.560206e+01
    endloop
  endfacet
  facet normal 9.826407e-01 1.808212e-01 -4.148308e-02
    outer loop
      vertex   -2.066043e+01 1.062999e+02 7.771693e+01
      vertex   -2.047675e+01 1.054225e+02 7.824311e+01
      vertex   -2.058384e+01 1.056987e+02 7.691025e+01
    endloop
  endfacet
  facet normal 9.713127e-01 2.360143e-01 -2.913609e-02
    outer loop
      vertex   -2.058384e+01 1.056987e+02 7.691025e+01
      vertex   -2.047675e+01 1.054225e+02 7.824311e+01
      vertex   -2.030649e+01 1.045816e+02 7.710718e+01
    endloop
  endfacet
  facet normal 9.713859e-01 2.339005e-01 -4.123080e-02
    outer loop
      vertex   -2.058384e+01 1.056987e+02 7.691025e+01
      vertex   -2.030649e+01 1.045816e+02 7.710718e+01
      vertex   -2.058384e+01 1.054681e+02 7.560206e+01
    endloop
  endfacet
  facet normal 9.713859e-01 2.339005e-01 -4.123080e-02
    outer loop
      vertex   -2.058384e+01 1.054681e+02 7.560206e+01
      vertex   -2.030649e+01 1.045816e+02 7.710718e+01
      vertex   -2.030649e+01 1.043509e+02 7.579898e+01
    endloop
  endfacet
  facet normal 9.654684e-01 2.565644e-01 -4.522589e-02
    outer loop
      vertex   -2.030649e+01 1.045816e+02 7.710718e+01
      vertex   -2.047675e+01 1.054225e+02 7.824311e+01
      vertex   -2.030649e+01 1.048122e+02 7.841537e+01
    endloop
  endfacet
  facet normal 9.653674e-01 2.413116e-01 -9.916884e-02
    outer loop
      vertex   -2.030649e+01 1.048122e+02 7.841537e+01
      vertex   -2.047675e+01 1.054225e+02 7.824311e+01
      vertex   -2.020898e+01 1.045631e+02 7.875849e+01
    endloop
  endfacet
  facet normal 9.524659e-01 3.000196e-01 -5.288595e-02
    outer loop
      vertex   -2.030649e+01 1.048122e+02 7.841537e+01
      vertex   -2.020898e+01 1.045631e+02 7.875849e+01
      vertex   -2.030649e+01 1.045816e+02 7.710718e+01
    endloop
  endfacet
  facet normal 9.450011e-01 3.228766e-01 -5.218949e-02
    outer loop
      vertex   -2.030649e+01 1.045816e+02 7.710718e+01
      vertex   -2.020898e+01 1.045631e+02 7.875849e+01
      vertex   -2.012414e+01 1.042746e+02 7.851012e+01
    endloop
  endfacet
  facet normal 9.484700e-01 3.120558e-01 -5.500764e-02
    outer loop
      vertex   -2.030649e+01 1.045816e+02 7.710718e+01
      vertex   -2.012414e+01 1.042746e+02 7.851012e+01
      vertex   -2.012414e+01 1.040440e+02 7.720193e+01
    endloop
  endfacet
  facet normal 9.285533e-01 3.655629e-01 -6.443959e-02
    outer loop
      vertex   -2.012414e+01 1.040440e+02 7.720193e+01
      vertex   -2.012414e+01 1.042746e+02 7.851012e+01
      vertex   -1.991253e+01 1.037533e+02 7.860202e+01
    endloop
  endfacet
  facet normal 9.285533e-01 3.655629e-01 -6.443959e-02
    outer loop
      vertex   -2.012414e+01 1.040440e+02 7.720193e+01
      vertex   -1.991253e+01 1.037533e+02 7.860202e+01
      vertex   -1.991253e+01 1.035227e+02 7.729383e+01
    endloop
  endfacet
  facet normal 9.046741e-01 4.196344e-01 -7.397106e-02
    outer loop
      vertex   -1.991253e+01 1.035227e+02 7.729383e+01
      vertex   -1.991253e+01 1.037533e+02 7.860202e+01
      vertex   -1.967170e+01 1.032498e+02 7.869078e+01
    endloop
  endfacet
  facet normal 9.046741e-01 4.196344e-01 -7.397106e-02
    outer loop
      vertex   -1.991253e+01 1.035227e+02 7.729383e+01
      vertex   -1.967170e+01 1.032498e+02 7.869078e+01
      vertex   -1.967170e+01 1.030192e+02 7.738259e+01
    endloop
  endfacet
  facet normal 8.766784e-01 4.737724e-01 -8.351423e-02
    outer loop
      vertex   -1.967170e+01 1.030192e+02 7.738259e+01
      vertex   -1.967170e+01 1.032498e+02 7.869078e+01
      vertex   -1.940189e+01 1.027656e+02 7.877613e+01
    endloop
  endfacet
  facet normal 8.766784e-01 4.737724e-01 -8.351423e-02
    outer loop
      vertex   -1.967170e+01 1.030192e+02 7.738259e+01
      vertex   -1.940189e+01 1.027656e+02 7.877613e+01
      vertex   -1.940189e+01 1.025350e+02 7.746794e+01
    endloop
  endfacet
  facet normal 8.445043e-01 5.274173e-01 -9.297047e-02
    outer loop
      vertex   -1.940189e+01 1.025350e+02 7.746794e+01
      vertex   -1.940189e+01 1.027656e+02 7.877613e+01
      vertex   -1.910345e+01 1.023021e+02 7.885783e+01
    endloop
  endfacet
  facet normal 8.445043e-01 5.274173e-01 -9.297047e-02
    outer loop
      vertex   -1.940189e+01 1.025350e+02 7.746794e+01
      vertex   -1.910345e+01 1.023021e+02 7.885783e+01
      vertex   -1.910345e+01 1.020715e+02 7.754964e+01
    endloop
  endfacet
  facet normal 8.081989e-01 5.799679e-01 -1.022338e-01
    outer loop
      vertex   -1.910345e+01 1.020715e+02 7.754964e+01
      vertex   -1.910345e+01 1.023021e+02 7.885783e+01
      vertex   -1.877690e+01 1.018608e+02 7.893563e+01
    endloop
  endfacet
  facet normal 8.081989e-01 5.799679e-01 -1.022338e-01
    outer loop
      vertex   -1.910345e+01 1.020715e+02 7.754964e+01
      vertex   -1.877690e+01 1.018608e+02 7.893563e+01
      vertex   -1.877690e+01 1.016301e+02 7.762744e+01
    endloop
  endfacet
  facet normal 7.679300e-01 6.308082e-01 -1.111957e-01
    outer loop
      vertex   -1.877690e+01 1.016301e+02 7.762744e+01
      vertex   -1.877690e+01 1.018608e+02 7.893563e+01
      vertex   -1.842291e+01 1.014428e+02 7.900930e+01
    endloop
  endfacet
  facet normal 7.679300e-01 6.308082e-01 -1.111957e-01
    outer loop
      vertex   -1.877690e+01 1.016301e+02 7.762744e+01
      vertex   -1.842291e+01 1.014428e+02 7.900930e+01
      vertex   -1.842291e+01 1.012122e+02 7.770111e+01
    endloop
  endfacet
  facet normal 7.239886e-01 6.793382e-01 -1.197503e-01
    outer loop
      vertex   -1.842291e+01 1.012122e+02 7.770111e+01
      vertex   -1.842291e+01 1.014428e+02 7.900930e+01
      vertex   -1.804228e+01 1.010494e+02 7.907865e+01
    endloop
  endfacet
  facet normal 7.239886e-01 6.793382e-01 -1.197503e-01
    outer loop
      vertex   -1.842291e+01 1.012122e+02 7.770111e+01
      vertex   -1.804228e+01 1.010494e+02 7.907865e+01
      vertex   -1.804228e+01 1.008188e+02 7.777046e+01
    endloop
  endfacet
  facet normal 6.767811e-01 7.250065e-01 -1.278005e-01
    outer loop
      vertex   -1.804228e+01 1.008188e+02 7.777046e+01
      vertex   -1.804228e+01 1.010494e+02 7.907865e+01
      vertex   -1.763596e+01 1.006815e+02 7.914350e+01
    endloop
  endfacet
  facet normal 6.767811e-01 7.250065e-01 -1.278005e-01
    outer loop
      vertex   -1.804228e+01 1.008188e+02 7.777046e+01
      vertex   -1.763596e+01 1.006815e+02 7.914350e+01
      vertex   -1.763596e+01 1.004509e+02 7.783531e+01
    endloop
  endfacet
  facet normal 6.268121e-01 7.673399e-01 -1.352628e-01
    outer loop
      vertex   -1.763596e+01 1.004509e+02 7.783531e+01
      vertex   -1.763596e+01 1.006815e+02 7.914350e+01
      vertex   -1.720503e+01 1.003401e+02 7.920368e+01
    endloop
  endfacet
  facet normal 6.268121e-01 7.673399e-01 -1.352628e-01
    outer loop
      vertex   -1.763596e+01 1.004509e+02 7.783531e+01
      vertex   -1.720503e+01 1.003401e+02 7.920368e+01
      vertex   -1.720503e+01 1.001095e+02 7.789549e+01
    endloop
  endfacet
  facet normal 5.622693e-01 8.143982e-01 -1.435580e-01
    outer loop
      vertex   -1.720503e+01 1.001095e+02 7.789549e+01
      vertex   -1.720503e+01 1.003401e+02 7.920368e+01
      vertex   -1.653121e+01 9.988892e+01 7.928321e+01
    endloop
  endfacet
  facet normal 5.622693e-01 8.143982e-01 -1.435580e-01
    outer loop
      vertex   -1.720503e+01 1.001095e+02 7.789549e+01
      vertex   -1.653121e+01 9.988892e+01 7.928321e+01
      vertex   -1.653121e+01 9.965832e+01 7.797502e+01
    endloop
  endfacet
  facet normal 4.827935e-01 8.624375e-01 -1.520262e-01
    outer loop
      vertex   -1.653121e+01 9.965832e+01 7.797502e+01
      vertex   -1.653121e+01 9.988892e+01 7.928321e+01
      vertex   -1.581129e+01 9.949805e+01 7.935211e+01
    endloop
  endfacet
  facet normal 4.827935e-01 8.624375e-01 -1.520262e-01
    outer loop
      vertex   -1.653121e+01 9.965832e+01 7.797502e+01
      vertex   -1.581129e+01 9.949805e+01 7.935211e+01
      vertex   -1.581129e+01 9.926745e+01 7.804392e+01
    endloop
  endfacet
  facet normal 4.021927e-01 9.016537e-01 -1.589390e-01
    outer loop
      vertex   -1.581129e+01 9.926745e+01 7.804392e+01
      vertex   -1.581129e+01 9.949805e+01 7.935211e+01
      vertex   -1.504988e+01 9.916865e+01 7.941018e+01
    endloop
  endfacet
  facet normal 4.021927e-01 9.016537e-01 -1.589390e-01
    outer loop
      vertex   -1.581129e+01 9.926745e+01 7.804392e+01
      vertex   -1.504988e+01 9.916865e+01 7.941018e+01
      vertex   -1.504988e+01 9.893805e+01 7.810199e+01
    endloop
  endfacet
  facet normal 3.222135e-01 9.322933e-01 -1.643400e-01
    outer loop
      vertex   -1.504988e+01 9.893805e+01 7.810199e+01
      vertex   -1.504988e+01 9.916865e+01 7.941018e+01
      vertex   -1.425195e+01 9.890118e+01 7.945733e+01
    endloop
  endfacet
  facet normal 3.222135e-01 9.322933e-01 -1.643400e-01
    outer loop
      vertex   -1.504988e+01 9.893805e+01 7.810199e+01
      vertex   -1.425195e+01 9.890118e+01 7.945733e+01
      vertex   -1.425195e+01 9.867058e+01 7.814913e+01
    endloop
  endfacet
  facet normal 2.442914e-01 9.549784e-01 -1.683388e-01
    outer loop
      vertex   -1.425195e+01 9.867058e+01 7.814913e+01
      vertex   -1.425195e+01 9.890118e+01 7.945733e+01
      vertex   -1.342267e+01 9.869544e+01 7.949359e+01
    endloop
  endfacet
  facet normal 2.442914e-01 9.549784e-01 -1.683388e-01
    outer loop
      vertex   -1.425195e+01 9.867058e+01 7.814913e+01
      vertex   -1.342267e+01 9.869544e+01 7.949359e+01
      vertex   -1.342267e+01 9.846484e+01 7.818540e+01
    endloop
  endfacet
  facet normal 1.694973e-01 9.705669e-01 -1.710867e-01
    outer loop
      vertex   -1.342267e+01 9.846484e+01 7.818540e+01
      vertex   -1.342267e+01 9.869544e+01 7.949359e+01
      vertex   -1.256736e+01 9.855057e+01 7.951913e+01
    endloop
  endfacet
  facet normal 1.694973e-01 9.705669e-01 -1.710867e-01
    outer loop
      vertex   -1.342267e+01 9.846484e+01 7.818540e+01
      vertex   -1.256736e+01 9.855057e+01 7.951913e+01
      vertex   -1.256736e+01 9.831997e+01 7.821094e+01
    endloop
  endfacet
  facet normal 9.854410e-02 9.800231e-01 -1.727536e-01
    outer loop
      vertex   -1.256736e+01 9.831997e+01 7.821094e+01
      vertex   -1.256736e+01 9.855057e+01 7.951913e+01
      vertex   -1.169138e+01 9.846515e+01 7.953419e+01
    endloop
  endfacet
  facet normal 9.854410e-02 9.800231e-01 -1.727536e-01
    outer loop
      vertex   -1.256736e+01 9.831997e+01 7.821094e+01
      vertex   -1.169138e+01 9.846515e+01 7.953419e+01
      vertex   -1.169138e+01 9.823454e+01 7.822600e+01
    endloop
  endfacet
  facet normal 3.183335e-02 9.843174e-01 -1.735105e-01
    outer loop
      vertex   -1.169138e+01 9.823454e+01 7.822600e+01
      vertex   -1.169138e+01 9.846515e+01 7.953419e+01
      vertex   -1.080000e+01 9.889839e+01 8.215550e+01
    endloop
  endfacet
  facet normal 3.183335e-02 9.843174e-01 -1.735105e-01
    outer loop
      vertex   -1.169138e+01 9.823454e+01 7.822600e+01
      vertex   -1.080000e+01 9.889839e+01 8.215550e+01
      vertex   -1.080000e+01 9.771833e+01 7.546110e+01
    endloop
  endfacet
  facet normal 9.332901e-01 3.486450e-01 -8.611745e-02
    outer loop
      vertex   -2.020898e+01 1.045631e+02 7.875849e+01
      vertex   -1.985109e+01 1.037286e+02 7.925889e+01
      vertex   -2.012414e+01 1.042746e+02 7.851012e+01
    endloop
  endfacet
  facet normal 9.285168e-01 3.640084e-01 -7.317401e-02
    outer loop
      vertex   -2.012414e+01 1.042746e+02 7.851012e+01
      vertex   -1.985109e+01 1.037286e+02 7.925889e+01
      vertex   -1.991253e+01 1.037533e+02 7.860202e+01
    endloop
  endfacet
  facet normal 9.046617e-01 4.205366e-01 -6.881986e-02
    outer loop
      vertex   -1.991253e+01 1.037533e+02 7.860202e+01
      vertex   -1.985109e+01 1.037286e+02 7.925889e+01
      vertex   -1.967170e+01 1.032498e+02 7.869078e+01
    endloop
  endfacet
  facet normal 8.897910e-01 4.463183e-01 -9.524682e-02
    outer loop
      vertex   -1.967170e+01 1.032498e+02 7.869078e+01
      vertex   -1.985109e+01 1.037286e+02 7.925889e+01
      vertex   -1.940115e+01 1.029334e+02 7.973577e+01
    endloop
  endfacet
  facet normal 8.766784e-01 4.737675e-01 -8.354192e-02
    outer loop
      vertex   -1.967170e+01 1.032498e+02 7.869078e+01
      vertex   -1.940115e+01 1.029334e+02 7.973577e+01
      vertex   -1.940189e+01 1.027656e+02 7.877613e+01
    endloop
  endfacet
  facet normal 8.445043e-01 5.274291e-01 -9.290342e-02
    outer loop
      vertex   -1.940189e+01 1.027656e+02 7.877613e+01
      vertex   -1.940115e+01 1.029334e+02 7.973577e+01
      vertex   -1.910345e+01 1.023021e+02 7.885783e+01
    endloop
  endfacet
  facet normal 8.331459e-01 5.424884e-01 -1.075839e-01
    outer loop
      vertex   -1.940115e+01 1.029334e+02 7.973577e+01
      vertex   -1.885776e+01 1.021876e+02 8.018304e+01
      vertex   -1.910345e+01 1.023021e+02 7.885783e+01
    endloop
  endfacet
  facet normal 8.081962e-01 5.804159e-01 -9.968090e-02
    outer loop
      vertex   -1.910345e+01 1.023021e+02 7.885783e+01
      vertex   -1.885776e+01 1.021876e+02 8.018304e+01
      vertex   -1.877690e+01 1.018608e+02 7.893563e+01
    endloop
  endfacet
  facet normal 7.730469e-01 6.241283e-01 -1.134122e-01
    outer loop
      vertex   -1.877690e+01 1.018608e+02 7.893563e+01
      vertex   -1.885776e+01 1.021876e+02 8.018304e+01
      vertex   -1.842291e+01 1.016734e+02 8.031750e+01
    endloop
  endfacet
  facet normal 7.736636e-01 6.055976e-01 -1.862693e-01
    outer loop
      vertex   -1.842291e+01 1.016734e+02 8.031750e+01
      vertex   -1.885776e+01 1.021876e+02 8.018304e+01
      vertex   -1.821834e+01 1.014979e+02 8.059662e+01
    endloop
  endfacet
  facet normal 7.342886e-01 6.685303e-01 -1.178452e-01
    outer loop
      vertex   -1.842291e+01 1.016734e+02 8.031750e+01
      vertex   -1.821834e+01 1.014979e+02 8.059662e+01
      vertex   -1.842291e+01 1.014428e+02 7.900930e+01
    endloop
  endfacet
  facet normal 7.150309e-01 6.893870e-01 -1.160875e-01
    outer loop
      vertex   -1.842291e+01 1.014428e+02 7.900930e+01
      vertex   -1.821834e+01 1.014979e+02 8.059662e+01
      vertex   -1.804228e+01 1.012800e+02 8.038685e+01
    endloop
  endfacet
  facet normal 7.239886e-01 6.793382e-01 -1.197503e-01
    outer loop
      vertex   -1.842291e+01 1.014428e+02 7.900930e+01
      vertex   -1.804228e+01 1.012800e+02 8.038685e+01
      vertex   -1.804228e+01 1.010494e+02 7.907865e+01
    endloop
  endfacet
  facet normal 6.767811e-01 7.250065e-01 -1.278005e-01
    outer loop
      vertex   -1.804228e+01 1.010494e+02 7.907865e+01
      vertex   -1.804228e+01 1.012800e+02 8.038685e+01
      vertex   -1.763596e+01 1.009121e+02 8.045169e+01
    endloop
  endfacet
  facet normal 6.767811e-01 7.250065e-01 -1.278005e-01
    outer loop
      vertex   -1.804228e+01 1.010494e+02 7.907865e+01
      vertex   -1.763596e+01 1.009121e+02 8.045169e+01
      vertex   -1.763596e+01 1.006815e+02 7.914350e+01
    endloop
  endfacet
  facet normal 6.268121e-01 7.673399e-01 -1.352628e-01
    outer loop
      vertex   -1.763596e+01 1.006815e+02 7.914350e+01
      vertex   -1.763596e+01 1.009121e+02 8.045169e+01
      vertex   -1.720503e+01 1.005707e+02 8.051187e+01
    endloop
  endfacet
  facet normal 6.268121e-01 7.673399e-01 -1.352628e-01
    outer loop
      vertex   -1.763596e+01 1.006815e+02 7.914350e+01
      vertex   -1.720503e+01 1.005707e+02 8.051187e+01
      vertex   -1.720503e+01 1.003401e+02 7.920368e+01
    endloop
  endfacet
  facet normal 5.622693e-01 8.143982e-01 -1.435580e-01
    outer loop
      vertex   -1.720503e+01 1.003401e+02 7.920368e+01
      vertex   -1.720503e+01 1.005707e+02 8.051187e+01
      vertex   -1.653121e+01 1.001195e+02 8.059141e+01
    endloop
  endfacet
  facet normal 5.622693e-01 8.143982e-01 -1.435580e-01
    outer loop
      vertex   -1.720503e+01 1.003401e+02 7.920368e+01
      vertex   -1.653121e+01 1.001195e+02 8.059141e+01
      vertex   -1.653121e+01 9.988892e+01 7.928321e+01
    endloop
  endfacet
  facet normal 4.827935e-01 8.624375e-01 -1.520262e-01
    outer loop
      vertex   -1.653121e+01 9.988892e+01 7.928321e+01
      vertex   -1.653121e+01 1.001195e+02 8.059141e+01
      vertex   -1.581129e+01 9.972865e+01 8.066031e+01
    endloop
  endfacet
  facet normal 4.827935e-01 8.624375e-01 -1.520262e-01
    outer loop
      vertex   -1.653121e+01 9.988892e+01 7.928321e+01
      vertex   -1.581129e+01 9.972865e+01 8.066031e+01
      vertex   -1.581129e+01 9.949805e+01 7.935211e+01
    endloop
  endfacet
  facet normal 4.021927e-01 9.016537e-01 -1.589390e-01
    outer loop
      vertex   -1.581129e+01 9.949805e+01 7.935211e+01
      vertex   -1.581129e+01 9.972865e+01 8.066031e+01
      vertex   -1.504988e+01 9.939925e+01 8.071837e+01
    endloop
  endfacet
  facet normal 4.021927e-01 9.016537e-01 -1.589390e-01
    outer loop
      vertex   -1.581129e+01 9.949805e+01 7.935211e+01
      vertex   -1.504988e+01 9.939925e+01 8.071837e+01
      vertex   -1.504988e+01 9.916865e+01 7.941018e+01
    endloop
  endfacet
  facet normal 3.222135e-01 9.322933e-01 -1.643400e-01
    outer loop
      vertex   -1.504988e+01 9.916865e+01 7.941018e+01
      vertex   -1.504988e+01 9.939925e+01 8.071837e+01
      vertex   -1.425195e+01 9.913179e+01 8.076552e+01
    endloop
  endfacet
  facet normal 3.222135e-01 9.322933e-01 -1.643400e-01
    outer loop
      vertex   -1.504988e+01 9.916865e+01 7.941018e+01
      vertex   -1.425195e+01 9.913179e+01 8.076552e+01
      vertex   -1.425195e+01 9.890118e+01 7.945733e+01
    endloop
  endfacet
  facet normal 2.442914e-01 9.549784e-01 -1.683388e-01
    outer loop
      vertex   -1.425195e+01 9.890118e+01 7.945733e+01
      vertex   -1.425195e+01 9.913179e+01 8.076552e+01
      vertex   -1.342267e+01 9.892604e+01 8.080179e+01
    endloop
  endfacet
  facet normal 2.442914e-01 9.549784e-01 -1.683388e-01
    outer loop
      vertex   -1.425195e+01 9.890118e+01 7.945733e+01
      vertex   -1.342267e+01 9.892604e+01 8.080179e+01
      vertex   -1.342267e+01 9.869544e+01 7.949359e+01
    endloop
  endfacet
  facet normal 1.694973e-01 9.705669e-01 -1.710867e-01
    outer loop
      vertex   -1.342267e+01 9.869544e+01 7.949359e+01
      vertex   -1.342267e+01 9.892604e+01 8.080179e+01
      vertex   -1.256736e+01 9.878118e+01 8.082732e+01
    endloop
  endfacet
  facet normal 1.694973e-01 9.705669e-01 -1.710867e-01
    outer loop
      vertex   -1.342267e+01 9.869544e+01 7.949359e+01
      vertex   -1.256736e+01 9.878118e+01 8.082732e+01
      vertex   -1.256736e+01 9.855057e+01 7.951913e+01
    endloop
  endfacet
  facet normal 9.854410e-02 9.800231e-01 -1.727536e-01
    outer loop
      vertex   -1.256736e+01 9.855057e+01 7.951913e+01
      vertex   -1.256736e+01 9.878118e+01 8.082732e+01
      vertex   -1.169138e+01 9.869575e+01 8.084238e+01
    endloop
  endfacet
  facet normal 9.854410e-02 9.800231e-01 -1.727536e-01
    outer loop
      vertex   -1.256736e+01 9.855057e+01 7.951913e+01
      vertex   -1.169138e+01 9.869575e+01 8.084238e+01
      vertex   -1.169138e+01 9.846515e+01 7.953419e+01
    endloop
  endfacet
  facet normal 3.183335e-02 9.843174e-01 -1.735105e-01
    outer loop
      vertex   -1.169138e+01 9.846515e+01 7.953419e+01
      vertex   -1.169138e+01 9.869575e+01 8.084238e+01
      vertex   -1.080000e+01 9.889839e+01 8.215550e+01
    endloop
  endfacet
  facet normal 6.856047e-01 7.097364e-01 -1.619269e-01
    outer loop
      vertex   -1.821834e+01 1.014979e+02 8.059662e+01
      vertex   -1.748517e+01 1.008749e+02 8.097022e+01
      vertex   -1.804228e+01 1.012800e+02 8.038685e+01
    endloop
  endfacet
  facet normal 6.766778e-01 7.218640e-01 -1.449812e-01
    outer loop
      vertex   -1.804228e+01 1.012800e+02 8.038685e+01
      vertex   -1.748517e+01 1.008749e+02 8.097022e+01
      vertex   -1.763596e+01 1.009121e+02 8.045169e+01
    endloop
  endfacet
  facet normal 6.267906e-01 7.687501e-01 -1.271092e-01
    outer loop
      vertex   -1.763596e+01 1.009121e+02 8.045169e+01
      vertex   -1.748517e+01 1.008749e+02 8.097022e+01
      vertex   -1.720503e+01 1.005707e+02 8.051187e+01
    endloop
  endfacet
  facet normal 5.915280e-01 7.897230e-01 -1.625800e-01
    outer loop
      vertex   -1.720503e+01 1.005707e+02 8.051187e+01
      vertex   -1.748517e+01 1.008749e+02 8.097022e+01
      vertex   -1.667647e+01 1.003357e+02 8.129356e+01
    endloop
  endfacet
  facet normal 5.622477e-01 8.158894e-01 -1.349151e-01
    outer loop
      vertex   -1.720503e+01 1.005707e+02 8.051187e+01
      vertex   -1.667647e+01 1.003357e+02 8.129356e+01
      vertex   -1.653121e+01 1.001195e+02 8.059141e+01
    endloop
  endfacet
  facet normal 4.922570e-01 8.553293e-01 -1.615387e-01
    outer loop
      vertex   -1.653121e+01 1.001195e+02 8.059141e+01
      vertex   -1.667647e+01 1.003357e+02 8.129356e+01
      vertex   -1.579871e+01 9.988196e+01 8.156568e+01
    endloop
  endfacet
  facet normal 4.827934e-01 8.623150e-01 -1.527201e-01
    outer loop
      vertex   -1.653121e+01 1.001195e+02 8.059141e+01
      vertex   -1.579871e+01 9.988196e+01 8.156568e+01
      vertex   -1.581129e+01 9.972865e+01 8.066031e+01
    endloop
  endfacet
  facet normal 4.021926e-01 9.017694e-01 -1.582814e-01
    outer loop
      vertex   -1.581129e+01 9.972865e+01 8.066031e+01
      vertex   -1.579871e+01 9.988196e+01 8.156568e+01
      vertex   -1.504988e+01 9.939925e+01 8.071837e+01
    endloop
  endfacet
  facet normal 3.928690e-01 9.041419e-01 -1.678730e-01
    outer loop
      vertex   -1.579871e+01 9.988196e+01 8.156568e+01
      vertex   -1.485841e+01 9.951431e+01 8.178615e+01
      vertex   -1.504988e+01 9.939925e+01 8.071837e+01
    endloop
  endfacet
  facet normal 3.222075e-01 9.333319e-01 -1.583472e-01
    outer loop
      vertex   -1.504988e+01 9.939925e+01 8.071837e+01
      vertex   -1.485841e+01 9.951431e+01 8.178615e+01
      vertex   -1.425195e+01 9.913179e+01 8.076552e+01
    endloop
  endfacet
  facet normal 2.957609e-01 9.388820e-01 -1.761420e-01
    outer loop
      vertex   -1.485841e+01 9.951431e+01 8.178615e+01
      vertex   -1.387646e+01 9.923626e+01 8.195289e+01
      vertex   -1.425195e+01 9.913179e+01 8.076552e+01
    endloop
  endfacet
  facet normal 2.442853e-01 9.561796e-01 -1.613856e-01
    outer loop
      vertex   -1.425195e+01 9.913179e+01 8.076552e+01
      vertex   -1.387646e+01 9.923626e+01 8.195289e+01
      vertex   -1.342267e+01 9.892604e+01 8.080179e+01
    endloop
  endfacet
  facet normal 2.030270e-01 9.626019e-01 -1.793814e-01
    outer loop
      vertex   -1.387646e+01 9.923626e+01 8.195289e+01
      vertex   -1.286513e+01 9.904440e+01 8.206794e+01
      vertex   -1.342267e+01 9.892604e+01 8.080179e+01
    endloop
  endfacet
  facet normal 1.694945e-01 9.715438e-01 -1.654516e-01
    outer loop
      vertex   -1.342267e+01 9.892604e+01 8.080179e+01
      vertex   -1.286513e+01 9.904440e+01 8.206794e+01
      vertex   -1.256736e+01 9.878118e+01 8.082732e+01
    endloop
  endfacet
  facet normal 1.165760e-01 9.768664e-01 -1.792820e-01
    outer loop
      vertex   -1.286513e+01 9.904440e+01 8.206794e+01
      vertex   -1.183645e+01 9.893381e+01 8.213426e+01
      vertex   -1.256736e+01 9.878118e+01 8.082732e+01
    endloop
  endfacet
  facet normal 9.854361e-02 9.805687e-01 -1.696297e-01
    outer loop
      vertex   -1.256736e+01 9.878118e+01 8.082732e+01
      vertex   -1.183645e+01 9.893381e+01 8.213426e+01
      vertex   -1.169138e+01 9.869575e+01 8.084238e+01
    endloop
  endfacet
  facet normal 3.723928e-02 9.834965e-01 -1.770535e-01
    outer loop
      vertex   -1.183645e+01 9.893381e+01 8.213426e+01
      vertex   -1.080000e+01 9.889839e+01 8.215550e+01
      vertex   -1.169138e+01 9.869575e+01 8.084238e+01
    endloop
  endfacet
  facet normal 3.679871e-02 9.886986e-01 -1.453305e-01
    outer loop
      vertex   -1.183773e+01 9.775383e+01 7.543982e+01
      vertex   -1.169138e+01 9.777334e+01 7.560961e+01
      vertex   -1.080000e+01 9.771833e+01 7.546110e+01
    endloop
  endfacet
  facet normal 3.183335e-02 9.843174e-01 -1.735105e-01
    outer loop
      vertex   -1.080000e+01 9.771833e+01 7.546110e+01
      vertex   -1.169138e+01 9.777334e+01 7.560961e+01
      vertex   -1.169138e+01 9.800394e+01 7.691780e+01
    endloop
  endfacet
  facet normal 3.183335e-02 9.843174e-01 -1.735105e-01
    outer loop
      vertex   -1.080000e+01 9.771833e+01 7.546110e+01
      vertex   -1.169138e+01 9.800394e+01 7.691780e+01
      vertex   -1.169138e+01 9.823454e+01 7.822600e+01
    endloop
  endfacet
  facet normal 9.854410e-02 9.800231e-01 -1.727536e-01
    outer loop
      vertex   -1.169138e+01 9.823454e+01 7.822600e+01
      vertex   -1.169138e+01 9.800394e+01 7.691780e+01
      vertex   -1.256736e+01 9.808937e+01 7.690274e+01
    endloop
  endfacet
  facet normal 9.854410e-02 9.800231e-01 -1.727536e-01
    outer loop
      vertex   -1.169138e+01 9.823454e+01 7.822600e+01
      vertex   -1.256736e+01 9.808937e+01 7.690274e+01
      vertex   -1.256736e+01 9.831997e+01 7.821094e+01
    endloop
  endfacet
  facet normal 1.694973e-01 9.705669e-01 -1.710867e-01
    outer loop
      vertex   -1.256736e+01 9.831997e+01 7.821094e+01
      vertex   -1.256736e+01 9.808937e+01 7.690274e+01
      vertex   -1.342267e+01 9.823424e+01 7.687721e+01
    endloop
  endfacet
  facet normal 1.694973e-01 9.705669e-01 -1.710867e-01
    outer loop
      vertex   -1.256736e+01 9.831997e+01 7.821094e+01
      vertex   -1.342267e+01 9.823424e+01 7.687721e+01
      vertex   -1.342267e+01 9.846484e+01 7.818540e+01
    endloop
  endfacet
  facet normal 2.442914e-01 9.549784e-01 -1.683388e-01
    outer loop
      vertex   -1.342267e+01 9.846484e+01 7.818540e+01
      vertex   -1.342267e+01 9.823424e+01 7.687721e+01
      vertex   -1.425195e+01 9.843998e+01 7.684094e+01
    endloop
  endfacet
  facet normal 2.442914e-01 9.549784e-01 -1.683388e-01
    outer loop
      vertex   -1.342267e+01 9.846484e+01 7.818540e+01
      vertex   -1.425195e+01 9.843998e+01 7.684094e+01
      vertex   -1.425195e+01 9.867058e+01 7.814913e+01
    endloop
  endfacet
  facet normal 3.222135e-01 9.322933e-01 -1.643400e-01
    outer loop
      vertex   -1.425195e+01 9.867058e+01 7.814913e+01
      vertex   -1.425195e+01 9.843998e+01 7.684094e+01
      vertex   -1.504988e+01 9.870745e+01 7.679379e+01
    endloop
  endfacet
  facet normal 3.222135e-01 9.322933e-01 -1.643400e-01
    outer loop
      vertex   -1.425195e+01 9.867058e+01 7.814913e+01
      vertex   -1.504988e+01 9.870745e+01 7.679379e+01
      vertex   -1.504988e+01 9.893805e+01 7.810199e+01
    endloop
  endfacet
  facet normal 4.021927e-01 9.016537e-01 -1.589390e-01
    outer loop
      vertex   -1.504988e+01 9.893805e+01 7.810199e+01
      vertex   -1.504988e+01 9.870745e+01 7.679379e+01
      vertex   -1.581129e+01 9.903685e+01 7.673573e+01
    endloop
  endfacet
  facet normal 4.021927e-01 9.016537e-01 -1.589390e-01
    outer loop
      vertex   -1.504988e+01 9.893805e+01 7.810199e+01
      vertex   -1.581129e+01 9.903685e+01 7.673573e+01
      vertex   -1.581129e+01 9.926745e+01 7.804392e+01
    endloop
  endfacet
  facet normal 4.827935e-01 8.624375e-01 -1.520262e-01
    outer loop
      vertex   -1.581129e+01 9.926745e+01 7.804392e+01
      vertex   -1.581129e+01 9.903685e+01 7.673573e+01
      vertex   -1.653121e+01 9.942772e+01 7.666683e+01
    endloop
  endfacet
  facet normal 4.827935e-01 8.624375e-01 -1.520262e-01
    outer loop
      vertex   -1.581129e+01 9.926745e+01 7.804392e+01
      vertex   -1.653121e+01 9.942772e+01 7.666683e+01
      vertex   -1.653121e+01 9.965832e+01 7.797502e+01
    endloop
  endfacet
  facet normal 5.622693e-01 8.143982e-01 -1.435580e-01
    outer loop
      vertex   -1.653121e+01 9.965832e+01 7.797502e+01
      vertex   -1.653121e+01 9.942772e+01 7.666683e+01
      vertex   -1.720503e+01 9.987891e+01 7.658729e+01
    endloop
  endfacet
  facet normal 5.622693e-01 8.143982e-01 -1.435580e-01
    outer loop
      vertex   -1.653121e+01 9.965832e+01 7.797502e+01
      vertex   -1.720503e+01 9.987891e+01 7.658729e+01
      vertex   -1.720503e+01 1.001095e+02 7.789549e+01
    endloop
  endfacet
  facet normal 6.268121e-01 7.673399e-01 -1.352628e-01
    outer loop
      vertex   -1.720503e+01 1.001095e+02 7.789549e+01
      vertex   -1.720503e+01 9.987891e+01 7.658729e+01
      vertex   -1.763596e+01 1.002203e+02 7.652711e+01
    endloop
  endfacet
  facet normal 6.268121e-01 7.673399e-01 -1.352628e-01
    outer loop
      vertex   -1.720503e+01 1.001095e+02 7.789549e+01
      vertex   -1.763596e+01 1.002203e+02 7.652711e+01
      vertex   -1.763596e+01 1.004509e+02 7.783531e+01
    endloop
  endfacet
  facet normal 6.767811e-01 7.250065e-01 -1.278005e-01
    outer loop
      vertex   -1.763596e+01 1.004509e+02 7.783531e+01
      vertex   -1.763596e+01 1.002203e+02 7.652711e+01
      vertex   -1.804228e+01 1.005882e+02 7.646227e+01
    endloop
  endfacet
  facet normal 6.767811e-01 7.250065e-01 -1.278005e-01
    outer loop
      vertex   -1.763596e+01 1.004509e+02 7.783531e+01
      vertex   -1.804228e+01 1.005882e+02 7.646227e+01
      vertex   -1.804228e+01 1.008188e+02 7.777046e+01
    endloop
  endfacet
  facet normal 7.239886e-01 6.793382e-01 -1.197503e-01
    outer loop
      vertex   -1.804228e+01 1.008188e+02 7.777046e+01
      vertex   -1.804228e+01 1.005882e+02 7.646227e+01
      vertex   -1.842291e+01 1.009816e+02 7.639292e+01
    endloop
  endfacet
  facet normal 7.239886e-01 6.793382e-01 -1.197503e-01
    outer loop
      vertex   -1.804228e+01 1.008188e+02 7.777046e+01
      vertex   -1.842291e+01 1.009816e+02 7.639292e+01
      vertex   -1.842291e+01 1.012122e+02 7.770111e+01
    endloop
  endfacet
  facet normal 7.679300e-01 6.308082e-01 -1.111957e-01
    outer loop
      vertex   -1.842291e+01 1.012122e+02 7.770111e+01
      vertex   -1.842291e+01 1.009816e+02 7.639292e+01
      vertex   -1.877690e+01 1.013995e+02 7.631924e+01
    endloop
  endfacet
  facet normal 7.679300e-01 6.308082e-01 -1.111957e-01
    outer loop
      vertex   -1.842291e+01 1.012122e+02 7.770111e+01
      vertex   -1.877690e+01 1.013995e+02 7.631924e+01
      vertex   -1.877690e+01 1.016301e+02 7.762744e+01
    endloop
  endfacet
  facet normal 8.081989e-01 5.799679e-01 -1.022338e-01
    outer loop
      vertex   -1.877690e+01 1.016301e+02 7.762744e+01
      vertex   -1.877690e+01 1.013995e+02 7.631924e+01
      vertex   -1.910345e+01 1.018409e+02 7.624145e+01
    endloop
  endfacet
  facet normal 8.081989e-01 5.799679e-01 -1.022338e-01
    outer loop
      vertex   -1.877690e+01 1.016301e+02 7.762744e+01
      vertex   -1.910345e+01 1.018409e+02 7.624145e+01
      vertex   -1.910345e+01 1.020715e+02 7.754964e+01
    endloop
  endfacet
  facet normal 8.445043e-01 5.274173e-01 -9.297047e-02
    outer loop
      vertex   -1.910345e+01 1.020715e+02 7.754964e+01
      vertex   -1.910345e+01 1.018409e+02 7.624145e+01
      vertex   -1.940189e+01 1.023043e+02 7.615975e+01
    endloop
  endfacet
  facet normal 8.445043e-01 5.274173e-01 -9.297047e-02
    outer loop
      vertex   -1.910345e+01 1.020715e+02 7.754964e+01
      vertex   -1.940189e+01 1.023043e+02 7.615975e+01
      vertex   -1.940189e+01 1.025350e+02 7.746794e+01
    endloop
  endfacet
  facet normal 8.766784e-01 4.737724e-01 -8.351423e-02
    outer loop
      vertex   -1.940189e+01 1.025350e+02 7.746794e+01
      vertex   -1.940189e+01 1.023043e+02 7.615975e+01
      vertex   -1.967170e+01 1.027886e+02 7.607439e+01
    endloop
  endfacet
  facet normal 8.766784e-01 4.737724e-01 -8.351423e-02
    outer loop
      vertex   -1.940189e+01 1.025350e+02 7.746794e+01
      vertex   -1.967170e+01 1.027886e+02 7.607439e+01
      vertex   -1.967170e+01 1.030192e+02 7.738259e+01
    endloop
  endfacet
  facet normal 9.046741e-01 4.196344e-01 -7.397106e-02
    outer loop
      vertex   -1.967170e+01 1.030192e+02 7.738259e+01
      vertex   -1.967170e+01 1.027886e+02 7.607439e+01
      vertex   -1.991253e+01 1.032921e+02 7.598563e+01
    endloop
  endfacet
  facet normal 9.046741e-01 4.196344e-01 -7.397106e-02
    outer loop
      vertex   -1.967170e+01 1.030192e+02 7.738259e+01
      vertex   -1.991253e+01 1.032921e+02 7.598563e+01
      vertex   -1.991253e+01 1.035227e+02 7.729383e+01
    endloop
  endfacet
  facet normal 9.285533e-01 3.655629e-01 -6.443959e-02
    outer loop
      vertex   -1.991253e+01 1.035227e+02 7.729383e+01
      vertex   -1.991253e+01 1.032921e+02 7.598563e+01
      vertex   -2.012414e+01 1.038134e+02 7.589374e+01
    endloop
  endfacet
  facet normal 9.285533e-01 3.655629e-01 -6.443959e-02
    outer loop
      vertex   -1.991253e+01 1.035227e+02 7.729383e+01
      vertex   -2.012414e+01 1.038134e+02 7.589374e+01
      vertex   -2.012414e+01 1.040440e+02 7.720193e+01
    endloop
  endfacet
  facet normal 9.484700e-01 3.120558e-01 -5.500764e-02
    outer loop
      vertex   -2.012414e+01 1.040440e+02 7.720193e+01
      vertex   -2.012414e+01 1.038134e+02 7.589374e+01
      vertex   -2.030649e+01 1.043509e+02 7.579898e+01
    endloop
  endfacet
  facet normal 9.484700e-01 3.120558e-01 -5.500764e-02
    outer loop
      vertex   -2.012414e+01 1.040440e+02 7.720193e+01
      vertex   -2.030649e+01 1.043509e+02 7.579898e+01
      vertex   -2.030649e+01 1.045816e+02 7.710718e+01
    endloop
  endfacet
  facet normal 1.142168e-01 9.849880e-01 -1.294341e-01
    outer loop
      vertex   -1.286481e+01 9.786423e+01 7.537361e+01
      vertex   -1.256736e+01 9.785877e+01 7.559455e+01
      vertex   -1.183773e+01 9.775383e+01 7.543982e+01
    endloop
  endfacet
  facet normal 1.034919e-01 9.789508e-01 -1.759113e-01
    outer loop
      vertex   -1.183773e+01 9.775383e+01 7.543982e+01
      vertex   -1.256736e+01 9.785877e+01 7.559455e+01
      vertex   -1.169138e+01 9.800394e+01 7.691780e+01
    endloop
  endfacet
  facet normal 6.993998e-02 9.824049e-01 -1.731734e-01
    outer loop
      vertex   -1.183773e+01 9.775383e+01 7.543982e+01
      vertex   -1.169138e+01 9.800394e+01 7.691780e+01
      vertex   -1.169138e+01 9.777334e+01 7.560961e+01
    endloop
  endfacet
  facet normal 1.986007e-01 9.718953e-01 -1.264012e-01
    outer loop
      vertex   -1.387330e+01 9.805540e+01 7.525897e+01
      vertex   -1.342267e+01 9.800364e+01 7.556902e+01
      vertex   -1.286481e+01 9.786423e+01 7.537361e+01
    endloop
  endfacet
  facet normal 1.821963e-01 9.683328e-01 -1.706929e-01
    outer loop
      vertex   -1.286481e+01 9.786423e+01 7.537361e+01
      vertex   -1.342267e+01 9.800364e+01 7.556902e+01
      vertex   -1.342267e+01 9.823424e+01 7.687721e+01
    endloop
  endfacet
  facet normal 1.694954e-01 9.697336e-01 -1.757499e-01
    outer loop
      vertex   -1.286481e+01 9.786423e+01 7.537361e+01
      vertex   -1.342267e+01 9.823424e+01 7.687721e+01
      vertex   -1.256736e+01 9.808937e+01 7.690274e+01
    endloop
  endfacet
  facet normal 3.221723e-01 9.293997e-01 -1.800590e-01
    outer loop
      vertex   -1.425195e+01 9.820938e+01 7.553275e+01
      vertex   -1.485528e+01 9.833321e+01 7.509237e+01
      vertex   -1.504988e+01 9.847685e+01 7.548560e+01
    endloop
  endfacet
  facet normal 3.885368e-01 9.106774e-01 -1.403773e-01
    outer loop
      vertex   -1.504988e+01 9.847685e+01 7.548560e+01
      vertex   -1.485528e+01 9.833321e+01 7.509237e+01
      vertex   -1.579476e+01 9.870011e+01 7.487235e+01
    endloop
  endfacet
  facet normal 4.021923e-01 9.014060e-01 -1.603392e-01
    outer loop
      vertex   -1.504988e+01 9.847685e+01 7.548560e+01
      vertex   -1.579476e+01 9.870011e+01 7.487235e+01
      vertex   -1.581129e+01 9.880624e+01 7.542754e+01
    endloop
  endfacet
  facet normal 4.827930e-01 8.626984e-01 -1.505402e-01
    outer loop
      vertex   -1.581129e+01 9.880624e+01 7.542754e+01
      vertex   -1.579476e+01 9.870011e+01 7.487235e+01
      vertex   -1.653121e+01 9.919711e+01 7.535864e+01
    endloop
  endfacet
  facet normal 4.882768e-01 8.612611e-01 -1.407663e-01
    outer loop
      vertex   -1.579476e+01 9.870011e+01 7.487235e+01
      vertex   -1.667225e+01 9.915318e+01 7.460065e+01
      vertex   -1.653121e+01 9.919711e+01 7.535864e+01
    endloop
  endfacet
  facet normal 5.622499e-01 8.129289e-01 -1.517286e-01
    outer loop
      vertex   -1.653121e+01 9.919711e+01 7.535864e+01
      vertex   -1.667225e+01 9.915318e+01 7.460065e+01
      vertex   -1.720503e+01 9.964831e+01 7.527910e+01
    endloop
  endfacet
  facet normal 5.843022e-01 8.016650e-01 -1.261908e-01
    outer loop
      vertex   -1.667225e+01 9.915318e+01 7.460065e+01
      vertex   -1.748212e+01 9.969255e+01 7.427720e+01
      vertex   -1.720503e+01 9.964831e+01 7.527910e+01
    endloop
  endfacet
  facet normal 6.268063e-01 7.665866e-01 -1.394950e-01
    outer loop
      vertex   -1.720503e+01 9.964831e+01 7.527910e+01
      vertex   -1.748212e+01 9.969255e+01 7.427720e+01
      vertex   -1.763596e+01 9.998971e+01 7.521892e+01
    endloop
  endfacet
  facet normal 6.767523e-01 7.265769e-01 -1.187112e-01
    outer loop
      vertex   -1.763596e+01 9.998971e+01 7.521892e+01
      vertex   -1.748212e+01 9.969255e+01 7.427720e+01
      vertex   -1.804228e+01 1.003576e+02 7.515408e+01
    endloop
  endfacet
  facet normal 6.770153e-01 7.263832e-01 -1.183963e-01
    outer loop
      vertex   -1.804228e+01 1.003576e+02 7.515408e+01
      vertex   -1.748212e+01 9.969255e+01 7.427720e+01
      vertex   -1.821638e+01 1.003160e+02 7.390334e+01
    endloop
  endfacet
  facet normal 7.239837e-01 6.786993e-01 -1.233486e-01
    outer loop
      vertex   -1.804228e+01 1.003576e+02 7.515408e+01
      vertex   -1.821638e+01 1.003160e+02 7.390334e+01
      vertex   -1.842291e+01 1.007510e+02 7.508473e+01
    endloop
  endfacet
  facet normal 7.556108e-01 6.463993e-01 -1.059260e-01
    outer loop
      vertex   -1.842291e+01 1.007510e+02 7.508473e+01
      vertex   -1.821638e+01 1.003160e+02 7.390334e+01
      vertex   -1.877690e+01 1.009383e+02 7.370286e+01
    endloop
  endfacet
  facet normal 7.679300e-01 6.308082e-01 -1.111957e-01
    outer loop
      vertex   -1.842291e+01 1.007510e+02 7.508473e+01
      vertex   -1.877690e+01 1.009383e+02 7.370286e+01
      vertex   -1.877690e+01 1.011689e+02 7.501105e+01
    endloop
  endfacet
  facet normal 8.081989e-01 5.799679e-01 -1.022338e-01
    outer loop
      vertex   -1.877690e+01 1.011689e+02 7.501105e+01
      vertex   -1.877690e+01 1.009383e+02 7.370286e+01
      vertex   -1.910345e+01 1.013797e+02 7.362506e+01
    endloop
  endfacet
  facet normal 8.081989e-01 5.799679e-01 -1.022338e-01
    outer loop
      vertex   -1.877690e+01 1.011689e+02 7.501105e+01
      vertex   -1.910345e+01 1.013797e+02 7.362506e+01
      vertex   -1.910345e+01 1.016103e+02 7.493325e+01
    endloop
  endfacet
  facet normal 8.445043e-01 5.274173e-01 -9.297047e-02
    outer loop
      vertex   -1.910345e+01 1.016103e+02 7.493325e+01
      vertex   -1.910345e+01 1.013797e+02 7.362506e+01
      vertex   -1.940189e+01 1.018431e+02 7.354336e+01
    endloop
  endfacet
  facet normal 8.445043e-01 5.274173e-01 -9.297047e-02
    outer loop
      vertex   -1.910345e+01 1.016103e+02 7.493325e+01
      vertex   -1.940189e+01 1.018431e+02 7.354336e+01
      vertex   -1.940189e+01 1.020737e+02 7.485156e+01
    endloop
  endfacet
  facet normal 8.766784e-01 4.737724e-01 -8.351423e-02
    outer loop
      vertex   -1.940189e+01 1.020737e+02 7.485156e+01
      vertex   -1.940189e+01 1.018431e+02 7.354336e+01
      vertex   -1.967170e+01 1.023274e+02 7.345801e+01
    endloop
  endfacet
  facet normal 8.766784e-01 4.737724e-01 -8.351423e-02
    outer loop
      vertex   -1.940189e+01 1.020737e+02 7.485156e+01
      vertex   -1.967170e+01 1.023274e+02 7.345801e+01
      vertex   -1.967170e+01 1.025580e+02 7.476620e+01
    endloop
  endfacet
  facet normal 9.046741e-01 4.196344e-01 -7.397106e-02
    outer loop
      vertex   -1.967170e+01 1.025580e+02 7.476620e+01
      vertex   -1.967170e+01 1.023274e+02 7.345801e+01
      vertex   -1.991253e+01 1.028309e+02 7.336925e+01
    endloop
  endfacet
  facet normal 9.046741e-01 4.196344e-01 -7.397106e-02
    outer loop
      vertex   -1.967170e+01 1.025580e+02 7.476620e+01
      vertex   -1.991253e+01 1.028309e+02 7.336925e+01
      vertex   -1.991253e+01 1.030615e+02 7.467744e+01
    endloop
  endfacet
  facet normal 9.285533e-01 3.655629e-01 -6.443959e-02
    outer loop
      vertex   -1.991253e+01 1.030615e+02 7.467744e+01
      vertex   -1.991253e+01 1.028309e+02 7.336925e+01
      vertex   -2.012414e+01 1.033522e+02 7.327735e+01
    endloop
  endfacet
  facet normal 9.285533e-01 3.655629e-01 -6.443959e-02
    outer loop
      vertex   -1.991253e+01 1.030615e+02 7.467744e+01
      vertex   -2.012414e+01 1.033522e+02 7.327735e+01
      vertex   -2.012414e+01 1.035828e+02 7.458554e+01
    endloop
  endfacet
  facet normal 9.484700e-01 3.120558e-01 -5.500764e-02
    outer loop
      vertex   -2.012414e+01 1.035828e+02 7.458554e+01
      vertex   -2.012414e+01 1.033522e+02 7.327735e+01
      vertex   -2.030649e+01 1.038897e+02 7.318260e+01
    endloop
  endfacet
  facet normal 9.484700e-01 3.120558e-01 -5.500764e-02
    outer loop
      vertex   -2.012414e+01 1.035828e+02 7.458554e+01
      vertex   -2.030649e+01 1.038897e+02 7.318260e+01
      vertex   -2.030649e+01 1.041203e+02 7.449079e+01
    endloop
  endfacet
  facet normal 9.713859e-01 2.339005e-01 -4.123080e-02
    outer loop
      vertex   -2.030649e+01 1.041203e+02 7.449079e+01
      vertex   -2.030649e+01 1.038897e+02 7.318260e+01
      vertex   -2.058384e+01 1.050069e+02 7.298567e+01
    endloop
  endfacet
  facet normal 9.713859e-01 2.339005e-01 -4.123080e-02
    outer loop
      vertex   -2.030649e+01 1.041203e+02 7.449079e+01
      vertex   -2.058384e+01 1.050069e+02 7.298567e+01
      vertex   -2.058384e+01 1.052375e+02 7.429387e+01
    endloop
  endfacet
  facet normal 9.905881e-01 1.347985e-01 -2.376160e-02
    outer loop
      vertex   -2.058384e+01 1.052375e+02 7.429387e+01
      vertex   -2.058384e+01 1.050069e+02 7.298567e+01
      vertex   -2.074691e+01 1.061691e+02 7.278081e+01
    endloop
  endfacet
  facet normal 9.905881e-01 1.347985e-01 -2.376160e-02
    outer loop
      vertex   -2.058384e+01 1.052375e+02 7.429387e+01
      vertex   -2.074691e+01 1.061691e+02 7.278081e+01
      vertex   -2.074691e+01 1.063997e+02 7.408901e+01
    endloop
  endfacet
  facet normal 9.990423e-01 4.309034e-02 -7.595750e-03
    outer loop
      vertex   -2.074691e+01 1.063997e+02 7.408901e+01
      vertex   -2.074691e+01 1.061691e+02 7.278081e+01
      vertex   -2.080000e+01 1.080818e+02 7.664838e+01
    endloop
  endfacet
  facet normal 7.527022e-01 6.542564e-01 -7.340293e-02
    outer loop
      vertex   -1.821638e+01 1.003160e+02 7.390334e+01
      vertex   -1.885636e+01 1.010058e+02 7.348964e+01
      vertex   -1.877690e+01 1.009383e+02 7.370286e+01
    endloop
  endfacet
  facet normal 8.080886e-01 5.770198e-01 -1.184947e-01
    outer loop
      vertex   -1.877690e+01 1.009383e+02 7.370286e+01
      vertex   -1.885636e+01 1.010058e+02 7.348964e+01
      vertex   -1.910345e+01 1.013797e+02 7.362506e+01
    endloop
  endfacet
  facet normal 8.230386e-01 5.650100e-01 -5.806143e-02
    outer loop
      vertex   -1.885636e+01 1.010058e+02 7.348964e+01
      vertex   -1.940107e+01 1.017532e+02 7.304144e+01
      vertex   -1.910345e+01 1.013797e+02 7.362506e+01
    endloop
  endfacet
  facet normal 8.445043e-01 5.273975e-01 -9.308238e-02
    outer loop
      vertex   -1.910345e+01 1.013797e+02 7.362506e+01
      vertex   -1.940107e+01 1.017532e+02 7.304144e+01
      vertex   -1.940189e+01 1.018431e+02 7.354336e+01
    endloop
  endfacet
  facet normal 8.766784e-01 4.737878e-01 -8.342704e-02
    outer loop
      vertex   -1.940189e+01 1.018431e+02 7.354336e+01
      vertex   -1.940107e+01 1.017532e+02 7.304144e+01
      vertex   -1.967170e+01 1.023274e+02 7.345801e+01
    endloop
  endfacet
  facet normal 8.843928e-01 4.624927e-01 -6.284789e-02
    outer loop
      vertex   -1.967170e+01 1.023274e+02 7.345801e+01
      vertex   -1.940107e+01 1.017532e+02 7.304144e+01
      vertex   -1.985250e+01 1.025514e+02 7.256277e+01
    endloop
  endfacet
  facet normal 9.046671e-01 4.189489e-01 -7.784124e-02
    outer loop
      vertex   -1.967170e+01 1.023274e+02 7.345801e+01
      vertex   -1.985250e+01 1.025514e+02 7.256277e+01
      vertex   -1.991253e+01 1.028309e+02 7.336925e+01
    endloop
  endfacet
  facet normal 9.285333e-01 3.666971e-01 -5.795877e-02
    outer loop
      vertex   -1.991253e+01 1.028309e+02 7.336925e+01
      vertex   -1.985250e+01 1.025514e+02 7.256277e+01
      vertex   -2.012414e+01 1.033522e+02 7.327735e+01
    endloop
  endfacet
  facet normal 9.294189e-01 3.648254e-01 -5.552458e-02
    outer loop
      vertex   -1.985250e+01 1.025514e+02 7.256277e+01
      vertex   -2.021007e+01 1.033862e+02 7.206219e+01
      vertex   -2.012414e+01 1.033522e+02 7.327735e+01
    endloop
  endfacet
  facet normal 9.484645e-01 3.114624e-01 -5.836342e-02
    outer loop
      vertex   -2.012414e+01 1.033522e+02 7.327735e+01
      vertex   -2.021007e+01 1.033862e+02 7.206219e+01
      vertex   -2.030649e+01 1.038897e+02 7.318260e+01
    endloop
  endfacet
  facet normal 9.607419e-01 2.744466e-01 -4.067072e-02
    outer loop
      vertex   -2.021007e+01 1.033862e+02 7.206219e+01
      vertex   -2.047749e+01 1.042459e+02 7.154662e+01
      vertex   -2.030649e+01 1.038897e+02 7.318260e+01
    endloop
  endfacet
  facet normal 9.713383e-01 2.321696e-01 -5.098283e-02
    outer loop
      vertex   -2.030649e+01 1.038897e+02 7.318260e+01
      vertex   -2.047749e+01 1.042459e+02 7.154662e+01
      vertex   -2.058384e+01 1.050069e+02 7.298567e+01
    endloop
  endfacet
  facet normal 9.816302e-01 1.888294e-01 -2.730428e-02
    outer loop
      vertex   -2.047749e+01 1.042459e+02 7.154662e+01
      vertex   -2.066081e+01 1.051229e+02 7.102073e+01
      vertex   -2.058384e+01 1.050069e+02 7.298567e+01
    endloop
  endfacet
  facet normal 9.905619e-01 1.335333e-01 -3.091822e-02
    outer loop
      vertex   -2.058384e+01 1.050069e+02 7.298567e+01
      vertex   -2.066081e+01 1.051229e+02 7.102073e+01
      vertex   -2.074691e+01 1.061691e+02 7.278081e+01
    endloop
  endfacet
  facet normal 9.939631e-01 1.085561e-01 -1.590569e-02
    outer loop
      vertex   -2.066081e+01 1.051229e+02 7.102073e+01
      vertex   -2.076624e+01 1.060102e+02 7.048860e+01
      vertex   -2.074691e+01 1.061691e+02 7.278081e+01
    endloop
  endfacet
  facet normal 9.985725e-01 5.204061e-02 -1.202864e-02
    outer loop
      vertex   -2.074691e+01 1.061691e+02 7.278081e+01
      vertex   -2.076624e+01 1.060102e+02 7.048860e+01
      vertex   -2.080000e+01 1.080818e+02 7.664838e+01
    endloop
  endfacet
  facet normal 9.993959e-01 3.422732e-02 -6.033420e-03
    outer loop
      vertex   -2.076624e+01 1.060102e+02 7.048860e+01
      vertex   -2.080000e+01 1.069017e+02 6.995398e+01
      vertex   -2.080000e+01 1.080818e+02 7.664838e+01
    endloop
  endfacet
  facet normal 7.679300e-01 6.308082e-01 -1.111957e-01
    outer loop
      vertex   -1.842291e+01 1.016734e+02 8.031750e+01
      vertex   -1.842291e+01 1.014428e+02 7.900930e+01
      vertex   -1.877690e+01 1.018608e+02 7.893563e+01
    endloop
  endfacet
  facet normal 2.442881e-01 9.540612e-01 -1.734661e-01
    outer loop
      vertex   -1.425195e+01 9.843998e+01 7.684094e+01
      vertex   -1.342267e+01 9.823424e+01 7.687721e+01
      vertex   -1.387330e+01 9.805540e+01 7.525897e+01
    endloop
  endfacet
  facet normal 2.265132e-01 9.592192e-01 -1.690864e-01
    outer loop
      vertex   -1.387330e+01 9.805540e+01 7.525897e+01
      vertex   -1.342267e+01 9.823424e+01 7.687721e+01
      vertex   -1.342267e+01 9.800364e+01 7.556902e+01
    endloop
  endfacet
  facet normal 9.854410e-02 9.800231e-01 -1.727536e-01
    outer loop
      vertex   -1.169138e+01 9.800394e+01 7.691780e+01
      vertex   -1.256736e+01 9.785877e+01 7.559455e+01
      vertex   -1.256736e+01 9.808937e+01 7.690274e+01
    endloop
  endfacet
  facet normal 1.454553e-01 9.743428e-01 -1.717523e-01
    outer loop
      vertex   -1.256736e+01 9.808937e+01 7.690274e+01
      vertex   -1.256736e+01 9.785877e+01 7.559455e+01
      vertex   -1.286481e+01 9.786423e+01 7.537361e+01
    endloop
  endfacet
  facet normal -1.142122e-16 9.848165e-01 -1.735985e-01
    outer loop
      vertex   -1.080000e+01 9.771833e+01 7.546110e+01
      vertex   -1.080000e+01 9.889839e+01 8.215550e+01
      vertex   1.080000e+01 9.771833e+01 7.546110e+01
    endloop
  endfacet
  facet normal -2.298654e-16 9.848165e-01 -1.735985e-01
    outer loop
      vertex   1.080000e+01 9.771833e+01 7.546110e+01
      vertex   -1.080000e+01 9.889839e+01 8.215550e+01
      vertex   1.080000e+01 9.889839e+01 8.215550e+01
    endloop
  endfacet
  facet normal -9.993942e-01 3.427494e-02 -6.041815e-03
    outer loop
      vertex   2.080000e+01 1.069017e+02 6.995398e+01
      vertex   2.076613e+01 1.060085e+02 7.048961e+01
      vertex   2.080000e+01 1.080818e+02 7.664838e+01
    endloop
  endfacet
  facet normal -9.990336e-01 4.302489e-02 -8.989335e-03
    outer loop
      vertex   2.080000e+01 1.080818e+02 7.664838e+01
      vertex   2.076613e+01 1.060085e+02 7.048961e+01
      vertex   2.074691e+01 1.068609e+02 7.670539e+01
    endloop
  endfacet
  facet normal -9.989836e-01 4.391646e-02 1.014974e-02
    outer loop
      vertex   2.080000e+01 1.080818e+02 7.664838e+01
      vertex   2.074691e+01 1.068609e+02 7.670539e+01
      vertex   2.076624e+01 1.071903e+02 7.718300e+01
    endloop
  endfacet
  facet normal -9.944928e-01 1.006632e-01 -2.917239e-02
    outer loop
      vertex   2.076624e+01 1.071903e+02 7.718300e+01
      vertex   2.074691e+01 1.068609e+02 7.670539e+01
      vertex   2.066081e+01 1.063029e+02 7.771513e+01
    endloop
  endfacet
  facet normal -9.904690e-01 1.374738e-01 -8.489764e-03
    outer loop
      vertex   2.066081e+01 1.063029e+02 7.771513e+01
      vertex   2.074691e+01 1.068609e+02 7.670539e+01
      vertex   2.058384e+01 1.056987e+02 7.691025e+01
    endloop
  endfacet
  facet normal -9.826949e-01 1.805129e-01 -4.154362e-02
    outer loop
      vertex   2.066081e+01 1.063029e+02 7.771513e+01
      vertex   2.058384e+01 1.056987e+02 7.691025e+01
      vertex   2.047749e+01 1.054260e+02 7.824102e+01
    endloop
  endfacet
  facet normal -9.713142e-01 2.359920e-01 -2.926496e-02
    outer loop
      vertex   2.047749e+01 1.054260e+02 7.824102e+01
      vertex   2.058384e+01 1.056987e+02 7.691025e+01
      vertex   2.030649e+01 1.045816e+02 7.710718e+01
    endloop
  endfacet
  facet normal -9.655772e-01 2.561673e-01 -4.515588e-02
    outer loop
      vertex   2.047749e+01 1.054260e+02 7.824102e+01
      vertex   2.030649e+01 1.045816e+02 7.710718e+01
      vertex   2.030649e+01 1.048122e+02 7.841537e+01
    endloop
  endfacet
  facet normal -9.484700e-01 3.120558e-01 -5.500764e-02
    outer loop
      vertex   2.030649e+01 1.048122e+02 7.841537e+01
      vertex   2.030649e+01 1.045816e+02 7.710718e+01
      vertex   2.012414e+01 1.040440e+02 7.720193e+01
    endloop
  endfacet
  facet normal -9.484700e-01 3.120558e-01 -5.500764e-02
    outer loop
      vertex   2.030649e+01 1.048122e+02 7.841537e+01
      vertex   2.012414e+01 1.040440e+02 7.720193e+01
      vertex   2.012414e+01 1.042746e+02 7.851012e+01
    endloop
  endfacet
  facet normal -9.285533e-01 3.655629e-01 -6.443959e-02
    outer loop
      vertex   2.012414e+01 1.042746e+02 7.851012e+01
      vertex   2.012414e+01 1.040440e+02 7.720193e+01
      vertex   1.991253e+01 1.035227e+02 7.729383e+01
    endloop
  endfacet
  facet normal -9.285533e-01 3.655629e-01 -6.443959e-02
    outer loop
      vertex   2.012414e+01 1.042746e+02 7.851012e+01
      vertex   1.991253e+01 1.035227e+02 7.729383e+01
      vertex   1.991253e+01 1.037533e+02 7.860202e+01
    endloop
  endfacet
  facet normal -9.046741e-01 4.196344e-01 -7.397106e-02
    outer loop
      vertex   1.991253e+01 1.037533e+02 7.860202e+01
      vertex   1.991253e+01 1.035227e+02 7.729383e+01
      vertex   1.967170e+01 1.030192e+02 7.738259e+01
    endloop
  endfacet
  facet normal -9.046741e-01 4.196344e-01 -7.397106e-02
    outer loop
      vertex   1.991253e+01 1.037533e+02 7.860202e+01
      vertex   1.967170e+01 1.030192e+02 7.738259e+01
      vertex   1.967170e+01 1.032498e+02 7.869078e+01
    endloop
  endfacet
  facet normal -8.766784e-01 4.737724e-01 -8.351423e-02
    outer loop
      vertex   1.967170e+01 1.032498e+02 7.869078e+01
      vertex   1.967170e+01 1.030192e+02 7.738259e+01
      vertex   1.940189e+01 1.025350e+02 7.746794e+01
    endloop
  endfacet
  facet normal -8.766784e-01 4.737724e-01 -8.351423e-02
    outer loop
      vertex   1.967170e+01 1.032498e+02 7.869078e+01
      vertex   1.940189e+01 1.025350e+02 7.746794e+01
      vertex   1.940189e+01 1.027656e+02 7.877613e+01
    endloop
  endfacet
  facet normal -8.445043e-01 5.274173e-01 -9.297047e-02
    outer loop
      vertex   1.940189e+01 1.027656e+02 7.877613e+01
      vertex   1.940189e+01 1.025350e+02 7.746794e+01
      vertex   1.910345e+01 1.020715e+02 7.754964e+01
    endloop
  endfacet
  facet normal -8.445043e-01 5.274173e-01 -9.297047e-02
    outer loop
      vertex   1.940189e+01 1.027656e+02 7.877613e+01
      vertex   1.910345e+01 1.020715e+02 7.754964e+01
      vertex   1.910345e+01 1.023021e+02 7.885783e+01
    endloop
  endfacet
  facet normal -8.081989e-01 5.799679e-01 -1.022338e-01
    outer loop
      vertex   1.910345e+01 1.023021e+02 7.885783e+01
      vertex   1.910345e+01 1.020715e+02 7.754964e+01
      vertex   1.877690e+01 1.016301e+02 7.762744e+01
    endloop
  endfacet
  facet normal -8.081989e-01 5.799679e-01 -1.022338e-01
    outer loop
      vertex   1.910345e+01 1.023021e+02 7.885783e+01
      vertex   1.877690e+01 1.016301e+02 7.762744e+01
      vertex   1.877690e+01 1.018608e+02 7.893563e+01
    endloop
  endfacet
  facet normal -7.679300e-01 6.308082e-01 -1.111957e-01
    outer loop
      vertex   1.877690e+01 1.018608e+02 7.893563e+01
      vertex   1.877690e+01 1.016301e+02 7.762744e+01
      vertex   1.842291e+01 1.012122e+02 7.770111e+01
    endloop
  endfacet
  facet normal -7.679300e-01 6.308082e-01 -1.111957e-01
    outer loop
      vertex   1.877690e+01 1.018608e+02 7.893563e+01
      vertex   1.842291e+01 1.012122e+02 7.770111e+01
      vertex   1.842291e+01 1.014428e+02 7.900930e+01
    endloop
  endfacet
  facet normal -7.239886e-01 6.793382e-01 -1.197503e-01
    outer loop
      vertex   1.842291e+01 1.014428e+02 7.900930e+01
      vertex   1.842291e+01 1.012122e+02 7.770111e+01
      vertex   1.804228e+01 1.008188e+02 7.777046e+01
    endloop
  endfacet
  facet normal -7.239886e-01 6.793382e-01 -1.197503e-01
    outer loop
      vertex   1.842291e+01 1.014428e+02 7.900930e+01
      vertex   1.804228e+01 1.008188e+02 7.777046e+01
      vertex   1.804228e+01 1.010494e+02 7.907865e+01
    endloop
  endfacet
  facet normal -6.767811e-01 7.250065e-01 -1.278005e-01
    outer loop
      vertex   1.804228e+01 1.010494e+02 7.907865e+01
      vertex   1.804228e+01 1.008188e+02 7.777046e+01
      vertex   1.763596e+01 1.004509e+02 7.783531e+01
    endloop
  endfacet
  facet normal -6.767811e-01 7.250065e-01 -1.278005e-01
    outer loop
      vertex   1.804228e+01 1.010494e+02 7.907865e+01
      vertex   1.763596e+01 1.004509e+02 7.783531e+01
      vertex   1.763596e+01 1.006815e+02 7.914350e+01
    endloop
  endfacet
  facet normal -6.268121e-01 7.673399e-01 -1.352628e-01
    outer loop
      vertex   1.763596e+01 1.006815e+02 7.914350e+01
      vertex   1.763596e+01 1.004509e+02 7.783531e+01
      vertex   1.720503e+01 1.001095e+02 7.789549e+01
    endloop
  endfacet
  facet normal -6.268121e-01 7.673399e-01 -1.352628e-01
    outer loop
      vertex   1.763596e+01 1.006815e+02 7.914350e+01
      vertex   1.720503e+01 1.001095e+02 7.789549e+01
      vertex   1.720503e+01 1.003401e+02 7.920368e+01
    endloop
  endfacet
  facet normal -5.622693e-01 8.143982e-01 -1.435580e-01
    outer loop
      vertex   1.720503e+01 1.003401e+02 7.920368e+01
      vertex   1.720503e+01 1.001095e+02 7.789549e+01
      vertex   1.653121e+01 9.965832e+01 7.797502e+01
    endloop
  endfacet
  facet normal -5.622693e-01 8.143982e-01 -1.435580e-01
    outer loop
      vertex   1.720503e+01 1.003401e+02 7.920368e+01
      vertex   1.653121e+01 9.965832e+01 7.797502e+01
      vertex   1.653121e+01 9.988892e+01 7.928321e+01
    endloop
  endfacet
  facet normal -4.827935e-01 8.624375e-01 -1.520262e-01
    outer loop
      vertex   1.653121e+01 9.988892e+01 7.928321e+01
      vertex   1.653121e+01 9.965832e+01 7.797502e+01
      vertex   1.581129e+01 9.926745e+01 7.804392e+01
    endloop
  endfacet
  facet normal -4.827935e-01 8.624375e-01 -1.520262e-01
    outer loop
      vertex   1.653121e+01 9.988892e+01 7.928321e+01
      vertex   1.581129e+01 9.926745e+01 7.804392e+01
      vertex   1.581129e+01 9.949805e+01 7.935211e+01
    endloop
  endfacet
  facet normal -4.021927e-01 9.016537e-01 -1.589390e-01
    outer loop
      vertex   1.581129e+01 9.949805e+01 7.935211e+01
      vertex   1.581129e+01 9.926745e+01 7.804392e+01
      vertex   1.504988e+01 9.893805e+01 7.810199e+01
    endloop
  endfacet
  facet normal -4.021927e-01 9.016537e-01 -1.589390e-01
    outer loop
      vertex   1.581129e+01 9.949805e+01 7.935211e+01
      vertex   1.504988e+01 9.893805e+01 7.810199e+01
      vertex   1.504988e+01 9.916865e+01 7.941018e+01
    endloop
  endfacet
  facet normal -3.222135e-01 9.322933e-01 -1.643400e-01
    outer loop
      vertex   1.504988e+01 9.916865e+01 7.941018e+01
      vertex   1.504988e+01 9.893805e+01 7.810199e+01
      vertex   1.425195e+01 9.867058e+01 7.814913e+01
    endloop
  endfacet
  facet normal -3.222135e-01 9.322933e-01 -1.643400e-01
    outer loop
      vertex   1.504988e+01 9.916865e+01 7.941018e+01
      vertex   1.425195e+01 9.867058e+01 7.814913e+01
      vertex   1.425195e+01 9.890118e+01 7.945733e+01
    endloop
  endfacet
  facet normal -2.442914e-01 9.549784e-01 -1.683388e-01
    outer loop
      vertex   1.425195e+01 9.890118e+01 7.945733e+01
      vertex   1.425195e+01 9.867058e+01 7.814913e+01
      vertex   1.342267e+01 9.846484e+01 7.818540e+01
    endloop
  endfacet
  facet normal -2.442914e-01 9.549784e-01 -1.683388e-01
    outer loop
      vertex   1.425195e+01 9.890118e+01 7.945733e+01
      vertex   1.342267e+01 9.846484e+01 7.818540e+01
      vertex   1.342267e+01 9.869544e+01 7.949359e+01
    endloop
  endfacet
  facet normal -1.694973e-01 9.705669e-01 -1.710867e-01
    outer loop
      vertex   1.342267e+01 9.869544e+01 7.949359e+01
      vertex   1.342267e+01 9.846484e+01 7.818540e+01
      vertex   1.256736e+01 9.831997e+01 7.821094e+01
    endloop
  endfacet
  facet normal -1.694973e-01 9.705669e-01 -1.710867e-01
    outer loop
      vertex   1.342267e+01 9.869544e+01 7.949359e+01
      vertex   1.256736e+01 9.831997e+01 7.821094e+01
      vertex   1.256736e+01 9.855057e+01 7.951913e+01
    endloop
  endfacet
  facet normal -9.854410e-02 9.800231e-01 -1.727536e-01
    outer loop
      vertex   1.256736e+01 9.855057e+01 7.951913e+01
      vertex   1.256736e+01 9.831997e+01 7.821094e+01
      vertex   1.169138e+01 9.823454e+01 7.822600e+01
    endloop
  endfacet
  facet normal -9.854410e-02 9.800231e-01 -1.727536e-01
    outer loop
      vertex   1.256736e+01 9.855057e+01 7.951913e+01
      vertex   1.169138e+01 9.823454e+01 7.822600e+01
      vertex   1.169138e+01 9.846515e+01 7.953419e+01
    endloop
  endfacet
  facet normal -3.183335e-02 9.843174e-01 -1.735105e-01
    outer loop
      vertex   1.169138e+01 9.846515e+01 7.953419e+01
      vertex   1.169138e+01 9.823454e+01 7.822600e+01
      vertex   1.080000e+01 9.889839e+01 8.215550e+01
    endloop
  endfacet
  facet normal -3.724578e-02 9.838160e-01 -1.752682e-01
    outer loop
      vertex   1.169138e+01 9.846515e+01 7.953419e+01
      vertex   1.080000e+01 9.889839e+01 8.215550e+01
      vertex   1.183773e+01 9.893389e+01 8.213422e+01
    endloop
  endfacet
  facet normal -9.937199e-01 1.113037e-01 -1.149707e-02
    outer loop
      vertex   2.066043e+01 1.051199e+02 7.102253e+01
      vertex   2.074691e+01 1.059385e+02 7.147262e+01
      vertex   2.076613e+01 1.060085e+02 7.048961e+01
    endloop
  endfacet
  facet normal -9.967988e-01 7.873640e-02 -1.387926e-02
    outer loop
      vertex   2.076613e+01 1.060085e+02 7.048961e+01
      vertex   2.074691e+01 1.059385e+02 7.147262e+01
      vertex   2.074691e+01 1.061691e+02 7.278081e+01
    endloop
  endfacet
  facet normal -9.967988e-01 7.873640e-02 -1.387926e-02
    outer loop
      vertex   2.076613e+01 1.060085e+02 7.048961e+01
      vertex   2.074691e+01 1.061691e+02 7.278081e+01
      vertex   2.074691e+01 1.063997e+02 7.408901e+01
    endloop
  endfacet
  facet normal -9.905881e-01 1.347985e-01 -2.376160e-02
    outer loop
      vertex   2.074691e+01 1.063997e+02 7.408901e+01
      vertex   2.074691e+01 1.061691e+02 7.278081e+01
      vertex   2.058384e+01 1.050069e+02 7.298567e+01
    endloop
  endfacet
  facet normal -9.905881e-01 1.347985e-01 -2.376160e-02
    outer loop
      vertex   2.074691e+01 1.063997e+02 7.408901e+01
      vertex   2.058384e+01 1.050069e+02 7.298567e+01
      vertex   2.058384e+01 1.052375e+02 7.429387e+01
    endloop
  endfacet
  facet normal -9.713859e-01 2.339005e-01 -4.123080e-02
    outer loop
      vertex   2.058384e+01 1.052375e+02 7.429387e+01
      vertex   2.058384e+01 1.050069e+02 7.298567e+01
      vertex   2.030649e+01 1.038897e+02 7.318260e+01
    endloop
  endfacet
  facet normal -9.713859e-01 2.339005e-01 -4.123080e-02
    outer loop
      vertex   2.058384e+01 1.052375e+02 7.429387e+01
      vertex   2.030649e+01 1.038897e+02 7.318260e+01
      vertex   2.030649e+01 1.041203e+02 7.449079e+01
    endloop
  endfacet
  facet normal -9.484700e-01 3.120558e-01 -5.500764e-02
    outer loop
      vertex   2.030649e+01 1.041203e+02 7.449079e+01
      vertex   2.030649e+01 1.038897e+02 7.318260e+01
      vertex   2.012414e+01 1.033522e+02 7.327735e+01
    endloop
  endfacet
  facet normal -9.484700e-01 3.120558e-01 -5.500764e-02
    outer loop
      vertex   2.030649e+01 1.041203e+02 7.449079e+01
      vertex   2.012414e+01 1.033522e+02 7.327735e+01
      vertex   2.012414e+01 1.035828e+02 7.458554e+01
    endloop
  endfacet
  facet normal -9.285533e-01 3.655629e-01 -6.443959e-02
    outer loop
      vertex   2.012414e+01 1.035828e+02 7.458554e+01
      vertex   2.012414e+01 1.033522e+02 7.327735e+01
      vertex   1.991253e+01 1.028309e+02 7.336925e+01
    endloop
  endfacet
  facet normal -9.285533e-01 3.655629e-01 -6.443959e-02
    outer loop
      vertex   2.012414e+01 1.035828e+02 7.458554e+01
      vertex   1.991253e+01 1.028309e+02 7.336925e+01
      vertex   1.991253e+01 1.030615e+02 7.467744e+01
    endloop
  endfacet
  facet normal -9.046741e-01 4.196344e-01 -7.397106e-02
    outer loop
      vertex   1.991253e+01 1.030615e+02 7.467744e+01
      vertex   1.991253e+01 1.028309e+02 7.336925e+01
      vertex   1.967170e+01 1.023274e+02 7.345801e+01
    endloop
  endfacet
  facet normal -9.046741e-01 4.196344e-01 -7.397106e-02
    outer loop
      vertex   1.991253e+01 1.030615e+02 7.467744e+01
      vertex   1.967170e+01 1.023274e+02 7.345801e+01
      vertex   1.967170e+01 1.025580e+02 7.476620e+01
    endloop
  endfacet
  facet normal -8.766784e-01 4.737724e-01 -8.351423e-02
    outer loop
      vertex   1.967170e+01 1.025580e+02 7.476620e+01
      vertex   1.967170e+01 1.023274e+02 7.345801e+01
      vertex   1.940189e+01 1.018431e+02 7.354336e+01
    endloop
  endfacet
  facet normal -8.766784e-01 4.737724e-01 -8.351423e-02
    outer loop
      vertex   1.967170e+01 1.025580e+02 7.476620e+01
      vertex   1.940189e+01 1.018431e+02 7.354336e+01
      vertex   1.940189e+01 1.020737e+02 7.485156e+01
    endloop
  endfacet
  facet normal -8.445043e-01 5.274173e-01 -9.297047e-02
    outer loop
      vertex   1.940189e+01 1.020737e+02 7.485156e+01
      vertex   1.940189e+01 1.018431e+02 7.354336e+01
      vertex   1.910345e+01 1.013797e+02 7.362506e+01
    endloop
  endfacet
  facet normal -8.445043e-01 5.274173e-01 -9.297047e-02
    outer loop
      vertex   1.940189e+01 1.020737e+02 7.485156e+01
      vertex   1.910345e+01 1.013797e+02 7.362506e+01
      vertex   1.910345e+01 1.016103e+02 7.493325e+01
    endloop
  endfacet
  facet normal -8.081989e-01 5.799679e-01 -1.022338e-01
    outer loop
      vertex   1.910345e+01 1.016103e+02 7.493325e+01
      vertex   1.910345e+01 1.013797e+02 7.362506e+01
      vertex   1.877690e+01 1.009383e+02 7.370286e+01
    endloop
  endfacet
  facet normal -8.081989e-01 5.799679e-01 -1.022338e-01
    outer loop
      vertex   1.910345e+01 1.016103e+02 7.493325e+01
      vertex   1.877690e+01 1.009383e+02 7.370286e+01
      vertex   1.877690e+01 1.011689e+02 7.501105e+01
    endloop
  endfacet
  facet normal -7.679300e-01 6.308082e-01 -1.111957e-01
    outer loop
      vertex   1.877690e+01 1.011689e+02 7.501105e+01
      vertex   1.877690e+01 1.009383e+02 7.370286e+01
      vertex   1.842291e+01 1.007510e+02 7.508473e+01
    endloop
  endfacet
  facet normal -7.679300e-01 6.308082e-01 -1.111957e-01
    outer loop
      vertex   1.877690e+01 1.011689e+02 7.501105e+01
      vertex   1.842291e+01 1.007510e+02 7.508473e+01
      vertex   1.877690e+01 1.013995e+02 7.631924e+01
    endloop
  endfacet
  facet normal -7.679300e-01 6.308082e-01 -1.111957e-01
    outer loop
      vertex   1.877690e+01 1.013995e+02 7.631924e+01
      vertex   1.842291e+01 1.007510e+02 7.508473e+01
      vertex   1.842291e+01 1.009816e+02 7.639292e+01
    endloop
  endfacet
  facet normal -7.679300e-01 6.308082e-01 -1.111957e-01
    outer loop
      vertex   1.877690e+01 1.013995e+02 7.631924e+01
      vertex   1.842291e+01 1.009816e+02 7.639292e+01
      vertex   1.877690e+01 1.016301e+02 7.762744e+01
    endloop
  endfacet
  facet normal -7.679300e-01 6.308082e-01 -1.111957e-01
    outer loop
      vertex   1.877690e+01 1.016301e+02 7.762744e+01
      vertex   1.842291e+01 1.009816e+02 7.639292e+01
      vertex   1.842291e+01 1.012122e+02 7.770111e+01
    endloop
  endfacet
  facet normal -9.799398e-01 1.990342e-01 -1.016916e-02
    outer loop
      vertex   2.047675e+01 1.042425e+02 7.154870e+01
      vertex   2.058384e+01 1.047763e+02 7.167748e+01
      vertex   2.066043e+01 1.051199e+02 7.102253e+01
    endloop
  endfacet
  facet normal -9.884612e-01 1.464314e-01 -3.876050e-02
    outer loop
      vertex   2.066043e+01 1.051199e+02 7.102253e+01
      vertex   2.058384e+01 1.047763e+02 7.167748e+01
      vertex   2.074691e+01 1.061691e+02 7.278081e+01
    endloop
  endfacet
  facet normal -9.930185e-01 1.161673e-01 -2.047739e-02
    outer loop
      vertex   2.066043e+01 1.051199e+02 7.102253e+01
      vertex   2.074691e+01 1.061691e+02 7.278081e+01
      vertex   2.074691e+01 1.059385e+02 7.147262e+01
    endloop
  endfacet
  facet normal -9.606217e-01 2.748518e-01 -4.077314e-02
    outer loop
      vertex   2.020898e+01 1.033830e+02 7.206409e+01
      vertex   2.030649e+01 1.038897e+02 7.318260e+01
      vertex   2.047675e+01 1.042425e+02 7.154870e+01
    endloop
  endfacet
  facet normal -9.713370e-01 2.321472e-01 -5.110836e-02
    outer loop
      vertex   2.047675e+01 1.042425e+02 7.154870e+01
      vertex   2.030649e+01 1.038897e+02 7.318260e+01
      vertex   2.058384e+01 1.050069e+02 7.298567e+01
    endloop
  endfacet
  facet normal -9.781102e-01 2.049283e-01 -3.612373e-02
    outer loop
      vertex   2.047675e+01 1.042425e+02 7.154870e+01
      vertex   2.058384e+01 1.050069e+02 7.298567e+01
      vertex   2.058384e+01 1.047763e+02 7.167748e+01
    endloop
  endfacet
  facet normal -9.905881e-01 1.347985e-01 -2.376160e-02
    outer loop
      vertex   2.058384e+01 1.047763e+02 7.167748e+01
      vertex   2.058384e+01 1.050069e+02 7.298567e+01
      vertex   2.074691e+01 1.061691e+02 7.278081e+01
    endloop
  endfacet
  facet normal -9.484643e-01 3.114533e-01 -5.841465e-02
    outer loop
      vertex   2.030649e+01 1.038897e+02 7.318260e+01
      vertex   2.020898e+01 1.033830e+02 7.206409e+01
      vertex   2.012414e+01 1.033522e+02 7.327735e+01
    endloop
  endfacet
  facet normal -9.292768e-01 3.651589e-01 -5.570931e-02
    outer loop
      vertex   2.012414e+01 1.033522e+02 7.327735e+01
      vertex   2.020898e+01 1.033830e+02 7.206409e+01
      vertex   1.985109e+01 1.025486e+02 7.256449e+01
    endloop
  endfacet
  facet normal -9.285320e-01 3.667305e-01 -5.776637e-02
    outer loop
      vertex   2.012414e+01 1.033522e+02 7.327735e+01
      vertex   1.985109e+01 1.025486e+02 7.256449e+01
      vertex   1.991253e+01 1.028309e+02 7.336925e+01
    endloop
  endfacet
  facet normal -9.046669e-01 4.189379e-01 -7.790323e-02
    outer loop
      vertex   1.991253e+01 1.028309e+02 7.336925e+01
      vertex   1.985109e+01 1.025486e+02 7.256449e+01
      vertex   1.967170e+01 1.023274e+02 7.345801e+01
    endloop
  endfacet
  facet normal -8.843447e-01 4.625607e-01 -6.302339e-02
    outer loop
      vertex   1.985109e+01 1.025486e+02 7.256449e+01
      vertex   1.940115e+01 1.017534e+02 7.304137e+01
      vertex   1.967170e+01 1.023274e+02 7.345801e+01
    endloop
  endfacet
  facet normal -8.766784e-01 4.737817e-01 -8.346132e-02
    outer loop
      vertex   1.967170e+01 1.023274e+02 7.345801e+01
      vertex   1.940115e+01 1.017534e+02 7.304137e+01
      vertex   1.940189e+01 1.018431e+02 7.354336e+01
    endloop
  endfacet
  facet normal -8.445043e-01 5.273947e-01 -9.309855e-02
    outer loop
      vertex   1.940189e+01 1.018431e+02 7.354336e+01
      vertex   1.940115e+01 1.017534e+02 7.304137e+01
      vertex   1.910345e+01 1.013797e+02 7.362506e+01
    endloop
  endfacet
  facet normal -8.231739e-01 5.647904e-01 -5.827906e-02
    outer loop
      vertex   1.910345e+01 1.013797e+02 7.362506e+01
      vertex   1.940115e+01 1.017534e+02 7.304137e+01
      vertex   1.885776e+01 1.010075e+02 7.348864e+01
    endloop
  endfacet
  facet normal -8.080857e-01 5.769805e-01 -1.187059e-01
    outer loop
      vertex   1.910345e+01 1.013797e+02 7.362506e+01
      vertex   1.885776e+01 1.010075e+02 7.348864e+01
      vertex   1.877690e+01 1.009383e+02 7.370286e+01
    endloop
  endfacet
  facet normal -7.527775e-01 6.542276e-01 -7.288500e-02
    outer loop
      vertex   1.877690e+01 1.009383e+02 7.370286e+01
      vertex   1.885776e+01 1.010075e+02 7.348864e+01
      vertex   1.821834e+01 1.003179e+02 7.390222e+01
    endloop
  endfacet
  facet normal -7.557291e-01 6.462527e-01 -1.059762e-01
    outer loop
      vertex   1.877690e+01 1.009383e+02 7.370286e+01
      vertex   1.821834e+01 1.003179e+02 7.390222e+01
      vertex   1.842291e+01 1.007510e+02 7.508473e+01
    endloop
  endfacet
  facet normal -7.239837e-01 6.786986e-01 -1.233523e-01
    outer loop
      vertex   1.842291e+01 1.007510e+02 7.508473e+01
      vertex   1.821834e+01 1.003179e+02 7.390222e+01
      vertex   1.804228e+01 1.003576e+02 7.515408e+01
    endloop
  endfacet
  facet normal -7.239886e-01 6.793382e-01 -1.197503e-01
    outer loop
      vertex   1.842291e+01 1.007510e+02 7.508473e+01
      vertex   1.804228e+01 1.003576e+02 7.515408e+01
      vertex   1.842291e+01 1.009816e+02 7.639292e+01
    endloop
  endfacet
  facet normal -7.239886e-01 6.793382e-01 -1.197503e-01
    outer loop
      vertex   1.842291e+01 1.009816e+02 7.639292e+01
      vertex   1.804228e+01 1.003576e+02 7.515408e+01
      vertex   1.804228e+01 1.005882e+02 7.646227e+01
    endloop
  endfacet
  facet normal -7.239886e-01 6.793382e-01 -1.197503e-01
    outer loop
      vertex   1.842291e+01 1.009816e+02 7.639292e+01
      vertex   1.804228e+01 1.005882e+02 7.646227e+01
      vertex   1.842291e+01 1.012122e+02 7.770111e+01
    endloop
  endfacet
  facet normal -7.239886e-01 6.793382e-01 -1.197503e-01
    outer loop
      vertex   1.842291e+01 1.012122e+02 7.770111e+01
      vertex   1.804228e+01 1.005882e+02 7.646227e+01
      vertex   1.804228e+01 1.008188e+02 7.777046e+01
    endloop
  endfacet
  facet normal -6.773021e-01 7.261329e-01 -1.182917e-01
    outer loop
      vertex   1.821834e+01 1.003179e+02 7.390222e+01
      vertex   1.748517e+01 9.969485e+01 7.427582e+01
      vertex   1.804228e+01 1.003576e+02 7.515408e+01
    endloop
  endfacet
  facet normal -6.767537e-01 7.265374e-01 -1.189448e-01
    outer loop
      vertex   1.804228e+01 1.003576e+02 7.515408e+01
      vertex   1.748517e+01 9.969485e+01 7.427582e+01
      vertex   1.763596e+01 9.998971e+01 7.521892e+01
    endloop
  endfacet
  facet normal -6.767811e-01 7.250065e-01 -1.278005e-01
    outer loop
      vertex   1.804228e+01 1.003576e+02 7.515408e+01
      vertex   1.763596e+01 9.998971e+01 7.521892e+01
      vertex   1.804228e+01 1.005882e+02 7.646227e+01
    endloop
  endfacet
  facet normal -6.767811e-01 7.250065e-01 -1.278005e-01
    outer loop
      vertex   1.804228e+01 1.005882e+02 7.646227e+01
      vertex   1.763596e+01 9.998971e+01 7.521892e+01
      vertex   1.763596e+01 1.002203e+02 7.652711e+01
    endloop
  endfacet
  facet normal -6.767811e-01 7.250065e-01 -1.278005e-01
    outer loop
      vertex   1.804228e+01 1.005882e+02 7.646227e+01
      vertex   1.763596e+01 1.002203e+02 7.652711e+01
      vertex   1.804228e+01 1.008188e+02 7.777046e+01
    endloop
  endfacet
  facet normal -6.767811e-01 7.250065e-01 -1.278005e-01
    outer loop
      vertex   1.804228e+01 1.008188e+02 7.777046e+01
      vertex   1.763596e+01 1.002203e+02 7.652711e+01
      vertex   1.763596e+01 1.004509e+02 7.783531e+01
    endloop
  endfacet
  facet normal -6.268064e-01 7.665939e-01 -1.394544e-01
    outer loop
      vertex   1.763596e+01 9.998971e+01 7.521892e+01
      vertex   1.748517e+01 9.969485e+01 7.427582e+01
      vertex   1.720503e+01 9.964831e+01 7.527910e+01
    endloop
  endfacet
  facet normal -5.847113e-01 8.013831e-01 -1.260868e-01
    outer loop
      vertex   1.720503e+01 9.964831e+01 7.527910e+01
      vertex   1.748517e+01 9.969485e+01 7.427582e+01
      vertex   1.667647e+01 9.915567e+01 7.459916e+01
    endloop
  endfacet
  facet normal -5.622491e-01 8.128991e-01 -1.518915e-01
    outer loop
      vertex   1.720503e+01 9.964831e+01 7.527910e+01
      vertex   1.667647e+01 9.915567e+01 7.459916e+01
      vertex   1.653121e+01 9.919711e+01 7.535864e+01
    endloop
  endfacet
  facet normal -4.886913e-01 8.610773e-01 -1.404520e-01
    outer loop
      vertex   1.653121e+01 9.919711e+01 7.535864e+01
      vertex   1.667647e+01 9.915567e+01 7.459916e+01
      vertex   1.579871e+01 9.870190e+01 7.487127e+01
    endloop
  endfacet
  facet normal -4.827932e-01 8.626354e-01 -1.509001e-01
    outer loop
      vertex   1.653121e+01 9.919711e+01 7.535864e+01
      vertex   1.579871e+01 9.870190e+01 7.487127e+01
      vertex   1.581129e+01 9.880624e+01 7.542754e+01
    endloop
  endfacet
  facet normal -4.021925e-01 9.014651e-01 -1.600059e-01
    outer loop
      vertex   1.581129e+01 9.880624e+01 7.542754e+01
      vertex   1.579871e+01 9.870190e+01 7.487127e+01
      vertex   1.504988e+01 9.847685e+01 7.548560e+01
    endloop
  endfacet
  facet normal -4.021927e-01 9.016537e-01 -1.589390e-01
    outer loop
      vertex   1.581129e+01 9.880624e+01 7.542754e+01
      vertex   1.504988e+01 9.847685e+01 7.548560e+01
      vertex   1.581129e+01 9.903685e+01 7.673573e+01
    endloop
  endfacet
  facet normal -4.021927e-01 9.016537e-01 -1.589390e-01
    outer loop
      vertex   1.581129e+01 9.903685e+01 7.673573e+01
      vertex   1.504988e+01 9.847685e+01 7.548560e+01
      vertex   1.504988e+01 9.870745e+01 7.679379e+01
    endloop
  endfacet
  facet normal -4.021927e-01 9.016537e-01 -1.589390e-01
    outer loop
      vertex   1.581129e+01 9.903685e+01 7.673573e+01
      vertex   1.504988e+01 9.870745e+01 7.679379e+01
      vertex   1.581129e+01 9.926745e+01 7.804392e+01
    endloop
  endfacet
  facet normal -4.021927e-01 9.016537e-01 -1.589390e-01
    outer loop
      vertex   1.581129e+01 9.926745e+01 7.804392e+01
      vertex   1.504988e+01 9.870745e+01 7.679379e+01
      vertex   1.504988e+01 9.893805e+01 7.810199e+01
    endloop
  endfacet
  facet normal -3.889402e-01 9.104786e-01 -1.405500e-01
    outer loop
      vertex   1.579871e+01 9.870190e+01 7.487127e+01
      vertex   1.485841e+01 9.833425e+01 7.509175e+01
      vertex   1.504988e+01 9.847685e+01 7.548560e+01
    endloop
  endfacet
  facet normal -3.221733e-01 9.294355e-01 -1.798723e-01
    outer loop
      vertex   1.504988e+01 9.847685e+01 7.548560e+01
      vertex   1.485841e+01 9.833425e+01 7.509175e+01
      vertex   1.425195e+01 9.820938e+01 7.553275e+01
    endloop
  endfacet
  facet normal -3.222135e-01 9.322933e-01 -1.643400e-01
    outer loop
      vertex   1.504988e+01 9.847685e+01 7.548560e+01
      vertex   1.425195e+01 9.820938e+01 7.553275e+01
      vertex   1.504988e+01 9.870745e+01 7.679379e+01
    endloop
  endfacet
  facet normal -3.222135e-01 9.322933e-01 -1.643400e-01
    outer loop
      vertex   1.504988e+01 9.870745e+01 7.679379e+01
      vertex   1.425195e+01 9.820938e+01 7.553275e+01
      vertex   1.425195e+01 9.843998e+01 7.684094e+01
    endloop
  endfacet
  facet normal -3.222135e-01 9.322933e-01 -1.643400e-01
    outer loop
      vertex   1.504988e+01 9.870745e+01 7.679379e+01
      vertex   1.425195e+01 9.843998e+01 7.684094e+01
      vertex   1.504988e+01 9.893805e+01 7.810199e+01
    endloop
  endfacet
  facet normal -3.222135e-01 9.322933e-01 -1.643400e-01
    outer loop
      vertex   1.504988e+01 9.893805e+01 7.810199e+01
      vertex   1.425195e+01 9.843998e+01 7.684094e+01
      vertex   1.425195e+01 9.867058e+01 7.814913e+01
    endloop
  endfacet
  facet normal -2.906717e-01 9.477626e-01 -1.313623e-01
    outer loop
      vertex   1.485841e+01 9.833425e+01 7.509175e+01
      vertex   1.387646e+01 9.805621e+01 7.525848e+01
      vertex   1.425195e+01 9.820938e+01 7.553275e+01
    endloop
  endfacet
  facet normal -2.651000e-01 9.495807e-01 -1.673873e-01
    outer loop
      vertex   1.425195e+01 9.820938e+01 7.553275e+01
      vertex   1.387646e+01 9.805621e+01 7.525848e+01
      vertex   1.425195e+01 9.843998e+01 7.684094e+01
    endloop
  endfacet
  facet normal -1.987081e-01 9.719466e-01 -1.258369e-01
    outer loop
      vertex   1.286513e+01 9.786434e+01 7.537354e+01
      vertex   1.342267e+01 9.800364e+01 7.556902e+01
      vertex   1.387646e+01 9.805621e+01 7.525848e+01
    endloop
  endfacet
  facet normal -2.268131e-01 9.591505e-01 -1.690742e-01
    outer loop
      vertex   1.387646e+01 9.805621e+01 7.525848e+01
      vertex   1.342267e+01 9.800364e+01 7.556902e+01
      vertex   1.342267e+01 9.823424e+01 7.687721e+01
    endloop
  endfacet
  facet normal -2.442882e-01 9.540706e-01 -1.734145e-01
    outer loop
      vertex   1.387646e+01 9.805621e+01 7.525848e+01
      vertex   1.342267e+01 9.823424e+01 7.687721e+01
      vertex   1.425195e+01 9.843998e+01 7.684094e+01
    endloop
  endfacet
  facet normal -2.442914e-01 9.549784e-01 -1.683388e-01
    outer loop
      vertex   1.425195e+01 9.843998e+01 7.684094e+01
      vertex   1.342267e+01 9.823424e+01 7.687721e+01
      vertex   1.425195e+01 9.867058e+01 7.814913e+01
    endloop
  endfacet
  facet normal -1.142157e-01 9.850398e-01 -1.290403e-01
    outer loop
      vertex   1.183645e+01 9.775376e+01 7.543986e+01
      vertex   1.256736e+01 9.785877e+01 7.559455e+01
      vertex   1.286513e+01 9.786434e+01 7.537354e+01
    endloop
  endfacet
  facet normal -1.457119e-01 9.743056e-01 -1.717457e-01
    outer loop
      vertex   1.286513e+01 9.786434e+01 7.537354e+01
      vertex   1.256736e+01 9.785877e+01 7.559455e+01
      vertex   1.256736e+01 9.808937e+01 7.690274e+01
    endloop
  endfacet
  facet normal -1.694954e-01 9.697417e-01 -1.757052e-01
    outer loop
      vertex   1.286513e+01 9.786434e+01 7.537354e+01
      vertex   1.256736e+01 9.808937e+01 7.690274e+01
      vertex   1.342267e+01 9.823424e+01 7.687721e+01
    endloop
  endfacet
  facet normal -1.694973e-01 9.705669e-01 -1.710867e-01
    outer loop
      vertex   1.342267e+01 9.823424e+01 7.687721e+01
      vertex   1.256736e+01 9.808937e+01 7.690274e+01
      vertex   1.342267e+01 9.846484e+01 7.818540e+01
    endloop
  endfacet
  facet normal -2.442914e-01 9.549784e-01 -1.683388e-01
    outer loop
      vertex   1.342267e+01 9.823424e+01 7.687721e+01
      vertex   1.342267e+01 9.846484e+01 7.818540e+01
      vertex   1.425195e+01 9.867058e+01 7.814913e+01
    endloop
  endfacet
  facet normal -3.676954e-02 9.886752e-01 -1.454969e-01
    outer loop
      vertex   1.080000e+01 9.771833e+01 7.546110e+01
      vertex   1.169138e+01 9.777334e+01 7.560961e+01
      vertex   1.183645e+01 9.775376e+01 7.543986e+01
    endloop
  endfacet
  facet normal -6.999986e-02 9.824008e-01 -1.731727e-01
    outer loop
      vertex   1.183645e+01 9.775376e+01 7.543986e+01
      vertex   1.169138e+01 9.777334e+01 7.560961e+01
      vertex   1.169138e+01 9.800394e+01 7.691780e+01
    endloop
  endfacet
  facet normal -9.854372e-02 9.795369e-01 -1.754897e-01
    outer loop
      vertex   1.183645e+01 9.775376e+01 7.543986e+01
      vertex   1.169138e+01 9.800394e+01 7.691780e+01
      vertex   1.256736e+01 9.808937e+01 7.690274e+01
    endloop
  endfacet
  facet normal -9.854410e-02 9.800231e-01 -1.727536e-01
    outer loop
      vertex   1.256736e+01 9.808937e+01 7.690274e+01
      vertex   1.169138e+01 9.800394e+01 7.691780e+01
      vertex   1.256736e+01 9.831997e+01 7.821094e+01
    endloop
  endfacet
  facet normal -1.694973e-01 9.705669e-01 -1.710867e-01
    outer loop
      vertex   1.256736e+01 9.808937e+01 7.690274e+01
      vertex   1.256736e+01 9.831997e+01 7.821094e+01
      vertex   1.342267e+01 9.846484e+01 7.818540e+01
    endloop
  endfacet
  facet normal -3.183335e-02 9.843174e-01 -1.735105e-01
    outer loop
      vertex   1.080000e+01 9.889839e+01 8.215550e+01
      vertex   1.169138e+01 9.823454e+01 7.822600e+01
      vertex   1.080000e+01 9.771833e+01 7.546110e+01
    endloop
  endfacet
  facet normal -3.183335e-02 9.843174e-01 -1.735105e-01
    outer loop
      vertex   1.080000e+01 9.771833e+01 7.546110e+01
      vertex   1.169138e+01 9.823454e+01 7.822600e+01
      vertex   1.169138e+01 9.800394e+01 7.691780e+01
    endloop
  endfacet
  facet normal -3.183335e-02 9.843174e-01 -1.735105e-01
    outer loop
      vertex   1.080000e+01 9.771833e+01 7.546110e+01
      vertex   1.169138e+01 9.800394e+01 7.691780e+01
      vertex   1.169138e+01 9.777334e+01 7.560961e+01
    endloop
  endfacet
  facet normal -9.854398e-02 9.802986e-01 -1.711836e-01
    outer loop
      vertex   1.169138e+01 9.846515e+01 7.953419e+01
      vertex   1.183773e+01 9.893389e+01 8.213422e+01
      vertex   1.256736e+01 9.855057e+01 7.951913e+01
    endloop
  endfacet
  facet normal -1.164009e-01 9.775272e-01 -1.757596e-01
    outer loop
      vertex   1.256736e+01 9.855057e+01 7.951913e+01
      vertex   1.183773e+01 9.893389e+01 8.213422e+01
      vertex   1.286481e+01 9.904428e+01 8.206801e+01
    endloop
  endfacet
  facet normal -1.694966e-01 9.710524e-01 -1.683094e-01
    outer loop
      vertex   1.256736e+01 9.855057e+01 7.951913e+01
      vertex   1.286481e+01 9.904428e+01 8.206801e+01
      vertex   1.342267e+01 9.869544e+01 7.949359e+01
    endloop
  endfacet
  facet normal -2.024942e-01 9.636194e-01 -1.744526e-01
    outer loop
      vertex   1.342267e+01 9.869544e+01 7.949359e+01
      vertex   1.286481e+01 9.904428e+01 8.206801e+01
      vertex   1.387330e+01 9.923545e+01 8.195337e+01
    endloop
  endfacet
  facet normal -2.442900e-01 9.555569e-01 -1.650256e-01
    outer loop
      vertex   1.342267e+01 9.869544e+01 7.949359e+01
      vertex   1.387330e+01 9.923545e+01 8.195337e+01
      vertex   1.425195e+01 9.890118e+01 7.945733e+01
    endloop
  endfacet
  facet normal -2.949277e-01 9.401584e-01 -1.706452e-01
    outer loop
      vertex   1.425195e+01 9.890118e+01 7.945733e+01
      vertex   1.387330e+01 9.923545e+01 8.195337e+01
      vertex   1.485528e+01 9.951326e+01 8.178678e+01
    endloop
  endfacet
  facet normal -3.222123e-01 9.327663e-01 -1.616361e-01
    outer loop
      vertex   1.425195e+01 9.890118e+01 7.945733e+01
      vertex   1.485528e+01 9.951326e+01 8.178678e+01
      vertex   1.504988e+01 9.916865e+01 7.941018e+01
    endloop
  endfacet
  facet normal -3.918620e-01 9.054026e-01 -1.633714e-01
    outer loop
      vertex   1.504988e+01 9.916865e+01 7.941018e+01
      vertex   1.485528e+01 9.951326e+01 8.178678e+01
      vertex   1.579476e+01 9.988017e+01 8.156675e+01
    endloop
  endfacet
  facet normal -4.021927e-01 9.017157e-01 -1.585868e-01
    outer loop
      vertex   1.504988e+01 9.916865e+01 7.941018e+01
      vertex   1.579476e+01 9.988017e+01 8.156675e+01
      vertex   1.581129e+01 9.949805e+01 7.935211e+01
    endloop
  endfacet
  facet normal -4.827935e-01 8.623716e-01 -1.523998e-01
    outer loop
      vertex   1.581129e+01 9.949805e+01 7.935211e+01
      vertex   1.579476e+01 9.988017e+01 8.156675e+01
      vertex   1.653121e+01 9.988892e+01 7.928321e+01
    endloop
  endfacet
  facet normal -4.906999e-01 8.574371e-01 -1.549686e-01
    outer loop
      vertex   1.579476e+01 9.988017e+01 8.156675e+01
      vertex   1.667225e+01 1.003332e+02 8.129505e+01
      vertex   1.653121e+01 9.988892e+01 7.928321e+01
    endloop
  endfacet
  facet normal -5.622667e-01 8.149224e-01 -1.405621e-01
    outer loop
      vertex   1.653121e+01 9.988892e+01 7.928321e+01
      vertex   1.667225e+01 1.003332e+02 8.129505e+01
      vertex   1.720503e+01 1.003401e+02 7.920368e+01
    endloop
  endfacet
  facet normal -5.883412e-01 7.950888e-01 -1.472699e-01
    outer loop
      vertex   1.667225e+01 1.003332e+02 8.129505e+01
      vertex   1.748212e+01 1.008726e+02 8.097160e+01
      vertex   1.720503e+01 1.003401e+02 7.920368e+01
    endloop
  endfacet
  facet normal -6.268104e-01 7.677364e-01 -1.330020e-01
    outer loop
      vertex   1.720503e+01 1.003401e+02 7.920368e+01
      vertex   1.748212e+01 1.008726e+02 8.097160e+01
      vertex   1.763596e+01 1.006815e+02 7.914350e+01
    endloop
  endfacet
  facet normal -6.767729e-01 7.241427e-01 -1.326495e-01
    outer loop
      vertex   1.763596e+01 1.006815e+02 7.914350e+01
      vertex   1.748212e+01 1.008726e+02 8.097160e+01
      vertex   1.804228e+01 1.010494e+02 7.907865e+01
    endloop
  endfacet
  facet normal -6.801451e-01 7.207328e-01 -1.339658e-01
    outer loop
      vertex   1.804228e+01 1.010494e+02 7.907865e+01
      vertex   1.748212e+01 1.008726e+02 8.097160e+01
      vertex   1.821638e+01 1.014960e+02 8.059774e+01
    endloop
  endfacet
  facet normal -7.239856e-01 6.798349e-01 -1.169160e-01
    outer loop
      vertex   1.804228e+01 1.010494e+02 7.907865e+01
      vertex   1.821638e+01 1.014960e+02 8.059774e+01
      vertex   1.842291e+01 1.014428e+02 7.900930e+01
    endloop
  endfacet
  facet normal -7.627593e-01 6.353629e-01 -1.204669e-01
    outer loop
      vertex   1.842291e+01 1.014428e+02 7.900930e+01
      vertex   1.821638e+01 1.014960e+02 8.059774e+01
      vertex   1.885636e+01 1.021859e+02 8.018404e+01
    endloop
  endfacet
  facet normal -7.679236e-01 6.300921e-01 -1.152272e-01
    outer loop
      vertex   1.842291e+01 1.014428e+02 7.900930e+01
      vertex   1.885636e+01 1.021859e+02 8.018404e+01
      vertex   1.877690e+01 1.018608e+02 7.893563e+01
    endloop
  endfacet
  facet normal -8.081963e-01 5.804084e-01 -9.972390e-02
    outer loop
      vertex   1.877690e+01 1.018608e+02 7.893563e+01
      vertex   1.885636e+01 1.021859e+02 8.018404e+01
      vertex   1.910345e+01 1.023021e+02 7.885783e+01
    endloop
  endfacet
  facet normal -8.330780e-01 5.425747e-01 -1.076744e-01
    outer loop
      vertex   1.885636e+01 1.021859e+02 8.018404e+01
      vertex   1.940107e+01 1.029333e+02 7.973584e+01
      vertex   1.910345e+01 1.023021e+02 7.885783e+01
    endloop
  endfacet
  facet normal -8.445043e-01 5.274276e-01 -9.291190e-02
    outer loop
      vertex   1.910345e+01 1.023021e+02 7.885783e+01
      vertex   1.940107e+01 1.029333e+02 7.973584e+01
      vertex   1.940189e+01 1.027656e+02 7.877613e+01
    endloop
  endfacet
  facet normal -8.766784e-01 4.737644e-01 -8.355985e-02
    outer loop
      vertex   1.940189e+01 1.027656e+02 7.877613e+01
      vertex   1.940107e+01 1.029333e+02 7.973584e+01
      vertex   1.967170e+01 1.032498e+02 7.869078e+01
    endloop
  endfacet
  facet normal -8.898863e-01 4.461048e-01 -9.535641e-02
    outer loop
      vertex   1.967170e+01 1.032498e+02 7.869078e+01
      vertex   1.940107e+01 1.029333e+02 7.973584e+01
      vertex   1.985250e+01 1.037315e+02 7.925718e+01
    endloop
  endfacet
  facet normal -9.046620e-01 4.205253e-01 -6.888445e-02
    outer loop
      vertex   1.967170e+01 1.032498e+02 7.869078e+01
      vertex   1.985250e+01 1.037315e+02 7.925718e+01
      vertex   1.991253e+01 1.037533e+02 7.860202e+01
    endloop
  endfacet
  facet normal -9.285187e-01 3.640486e-01 -7.295012e-02
    outer loop
      vertex   1.991253e+01 1.037533e+02 7.860202e+01
      vertex   1.985250e+01 1.037315e+02 7.925718e+01
      vertex   2.012414e+01 1.042746e+02 7.851012e+01
    endloop
  endfacet
  facet normal -9.334826e-01 3.480655e-01 -8.637527e-02
    outer loop
      vertex   1.985250e+01 1.037315e+02 7.925718e+01
      vertex   2.021007e+01 1.045662e+02 7.875659e+01
      vertex   2.012414e+01 1.042746e+02 7.851012e+01
    endloop
  endfacet
  facet normal -9.483792e-01 3.144273e-01 -4.137988e-02
    outer loop
      vertex   2.012414e+01 1.042746e+02 7.851012e+01
      vertex   2.021007e+01 1.045662e+02 7.875659e+01
      vertex   2.030649e+01 1.048122e+02 7.841537e+01
    endloop
  endfacet
  facet normal -9.654905e-01 2.407640e-01 -9.930110e-02
    outer loop
      vertex   2.021007e+01 1.045662e+02 7.875659e+01
      vertex   2.047749e+01 1.054260e+02 7.824102e+01
      vertex   2.030649e+01 1.048122e+02 7.841537e+01
    endloop
  endfacet
  facet normal -9.967988e-01 7.873640e-02 -1.387926e-02
    outer loop
      vertex   2.076613e+01 1.060085e+02 7.048961e+01
      vertex   2.074691e+01 1.066303e+02 7.539720e+01
      vertex   2.074691e+01 1.068609e+02 7.670539e+01
    endloop
  endfacet
  facet normal -9.905881e-01 1.347985e-01 -2.376160e-02
    outer loop
      vertex   2.074691e+01 1.068609e+02 7.670539e+01
      vertex   2.074691e+01 1.066303e+02 7.539720e+01
      vertex   2.058384e+01 1.054681e+02 7.560206e+01
    endloop
  endfacet
  facet normal -9.905881e-01 1.347985e-01 -2.376160e-02
    outer loop
      vertex   2.074691e+01 1.068609e+02 7.670539e+01
      vertex   2.058384e+01 1.054681e+02 7.560206e+01
      vertex   2.058384e+01 1.056987e+02 7.691025e+01
    endloop
  endfacet
  facet normal -9.713859e-01 2.339005e-01 -4.123080e-02
    outer loop
      vertex   2.058384e+01 1.056987e+02 7.691025e+01
      vertex   2.058384e+01 1.054681e+02 7.560206e+01
      vertex   2.030649e+01 1.043509e+02 7.579898e+01
    endloop
  endfacet
  facet normal -9.713859e-01 2.339005e-01 -4.123080e-02
    outer loop
      vertex   2.058384e+01 1.056987e+02 7.691025e+01
      vertex   2.030649e+01 1.043509e+02 7.579898e+01
      vertex   2.030649e+01 1.045816e+02 7.710718e+01
    endloop
  endfacet
  facet normal -9.484700e-01 3.120558e-01 -5.500764e-02
    outer loop
      vertex   2.030649e+01 1.045816e+02 7.710718e+01
      vertex   2.030649e+01 1.043509e+02 7.579898e+01
      vertex   2.012414e+01 1.038134e+02 7.589374e+01
    endloop
  endfacet
  facet normal -9.484700e-01 3.120558e-01 -5.500764e-02
    outer loop
      vertex   2.030649e+01 1.045816e+02 7.710718e+01
      vertex   2.012414e+01 1.038134e+02 7.589374e+01
      vertex   2.012414e+01 1.040440e+02 7.720193e+01
    endloop
  endfacet
  facet normal -9.285533e-01 3.655629e-01 -6.443959e-02
    outer loop
      vertex   2.012414e+01 1.040440e+02 7.720193e+01
      vertex   2.012414e+01 1.038134e+02 7.589374e+01
      vertex   1.991253e+01 1.032921e+02 7.598563e+01
    endloop
  endfacet
  facet normal -9.285533e-01 3.655629e-01 -6.443959e-02
    outer loop
      vertex   2.012414e+01 1.040440e+02 7.720193e+01
      vertex   1.991253e+01 1.032921e+02 7.598563e+01
      vertex   1.991253e+01 1.035227e+02 7.729383e+01
    endloop
  endfacet
  facet normal -9.046741e-01 4.196344e-01 -7.397106e-02
    outer loop
      vertex   1.991253e+01 1.035227e+02 7.729383e+01
      vertex   1.991253e+01 1.032921e+02 7.598563e+01
      vertex   1.967170e+01 1.027886e+02 7.607439e+01
    endloop
  endfacet
  facet normal -9.046741e-01 4.196344e-01 -7.397106e-02
    outer loop
      vertex   1.991253e+01 1.035227e+02 7.729383e+01
      vertex   1.967170e+01 1.027886e+02 7.607439e+01
      vertex   1.967170e+01 1.030192e+02 7.738259e+01
    endloop
  endfacet
  facet normal -8.766784e-01 4.737724e-01 -8.351423e-02
    outer loop
      vertex   1.967170e+01 1.030192e+02 7.738259e+01
      vertex   1.967170e+01 1.027886e+02 7.607439e+01
      vertex   1.940189e+01 1.023043e+02 7.615975e+01
    endloop
  endfacet
  facet normal -8.766784e-01 4.737724e-01 -8.351423e-02
    outer loop
      vertex   1.967170e+01 1.030192e+02 7.738259e+01
      vertex   1.940189e+01 1.023043e+02 7.615975e+01
      vertex   1.940189e+01 1.025350e+02 7.746794e+01
    endloop
  endfacet
  facet normal -8.445043e-01 5.274173e-01 -9.297047e-02
    outer loop
      vertex   1.940189e+01 1.025350e+02 7.746794e+01
      vertex   1.940189e+01 1.023043e+02 7.615975e+01
      vertex   1.910345e+01 1.018409e+02 7.624145e+01
    endloop
  endfacet
  facet normal -8.445043e-01 5.274173e-01 -9.297047e-02
    outer loop
      vertex   1.940189e+01 1.025350e+02 7.746794e+01
      vertex   1.910345e+01 1.018409e+02 7.624145e+01
      vertex   1.910345e+01 1.020715e+02 7.754964e+01
    endloop
  endfacet
  facet normal -8.081989e-01 5.799679e-01 -1.022338e-01
    outer loop
      vertex   1.910345e+01 1.020715e+02 7.754964e+01
      vertex   1.910345e+01 1.018409e+02 7.624145e+01
      vertex   1.877690e+01 1.013995e+02 7.631924e+01
    endloop
  endfacet
  facet normal -8.081989e-01 5.799679e-01 -1.022338e-01
    outer loop
      vertex   1.910345e+01 1.020715e+02 7.754964e+01
      vertex   1.877690e+01 1.013995e+02 7.631924e+01
      vertex   1.877690e+01 1.016301e+02 7.762744e+01
    endloop
  endfacet
  facet normal -9.967988e-01 7.873640e-02 -1.387926e-02
    outer loop
      vertex   2.074691e+01 1.066303e+02 7.539720e+01
      vertex   2.076613e+01 1.060085e+02 7.048961e+01
      vertex   2.074691e+01 1.063997e+02 7.408901e+01
    endloop
  endfacet
  facet normal -1.041831e-01 9.794573e-01 -1.726538e-01
    outer loop
      vertex   1.183645e+01 9.775376e+01 7.543986e+01
      vertex   1.256736e+01 9.808937e+01 7.690274e+01
      vertex   1.256736e+01 9.785877e+01 7.559455e+01
    endloop
  endfacet
  facet normal -1.820828e-01 9.683535e-01 -1.706965e-01
    outer loop
      vertex   1.286513e+01 9.786434e+01 7.537354e+01
      vertex   1.342267e+01 9.823424e+01 7.687721e+01
      vertex   1.342267e+01 9.800364e+01 7.556902e+01
    endloop
  endfacet
  facet normal -4.827935e-01 8.624375e-01 -1.520262e-01
    outer loop
      vertex   1.653121e+01 9.919711e+01 7.535864e+01
      vertex   1.581129e+01 9.880624e+01 7.542754e+01
      vertex   1.653121e+01 9.942772e+01 7.666683e+01
    endloop
  endfacet
  facet normal -4.827935e-01 8.624375e-01 -1.520262e-01
    outer loop
      vertex   1.653121e+01 9.942772e+01 7.666683e+01
      vertex   1.581129e+01 9.880624e+01 7.542754e+01
      vertex   1.581129e+01 9.903685e+01 7.673573e+01
    endloop
  endfacet
  facet normal -4.827935e-01 8.624375e-01 -1.520262e-01
    outer loop
      vertex   1.653121e+01 9.942772e+01 7.666683e+01
      vertex   1.581129e+01 9.903685e+01 7.673573e+01
      vertex   1.653121e+01 9.965832e+01 7.797502e+01
    endloop
  endfacet
  facet normal -4.827935e-01 8.624375e-01 -1.520262e-01
    outer loop
      vertex   1.653121e+01 9.965832e+01 7.797502e+01
      vertex   1.581129e+01 9.903685e+01 7.673573e+01
      vertex   1.581129e+01 9.926745e+01 7.804392e+01
    endloop
  endfacet
  facet normal -6.268121e-01 7.673399e-01 -1.352628e-01
    outer loop
      vertex   1.763596e+01 1.002203e+02 7.652711e+01
      vertex   1.763596e+01 9.998971e+01 7.521892e+01
      vertex   1.720503e+01 9.964831e+01 7.527910e+01
    endloop
  endfacet
  facet normal -5.622693e-01 8.143982e-01 -1.435580e-01
    outer loop
      vertex   1.720503e+01 9.964831e+01 7.527910e+01
      vertex   1.653121e+01 9.919711e+01 7.535864e+01
      vertex   1.720503e+01 9.987891e+01 7.658729e+01
    endloop
  endfacet
  facet normal -5.622693e-01 8.143982e-01 -1.435580e-01
    outer loop
      vertex   1.720503e+01 9.987891e+01 7.658729e+01
      vertex   1.653121e+01 9.919711e+01 7.535864e+01
      vertex   1.653121e+01 9.942772e+01 7.666683e+01
    endloop
  endfacet
  facet normal -5.622693e-01 8.143982e-01 -1.435580e-01
    outer loop
      vertex   1.720503e+01 9.987891e+01 7.658729e+01
      vertex   1.653121e+01 9.942772e+01 7.666683e+01
      vertex   1.720503e+01 1.001095e+02 7.789549e+01
    endloop
  endfacet
  facet normal -5.622693e-01 8.143982e-01 -1.435580e-01
    outer loop
      vertex   1.720503e+01 1.001095e+02 7.789549e+01
      vertex   1.653121e+01 9.942772e+01 7.666683e+01
      vertex   1.653121e+01 9.965832e+01 7.797502e+01
    endloop
  endfacet
  facet normal -8.081989e-01 5.799679e-01 -1.022338e-01
    outer loop
      vertex   1.877690e+01 1.013995e+02 7.631924e+01
      vertex   1.910345e+01 1.018409e+02 7.624145e+01
      vertex   1.877690e+01 1.011689e+02 7.501105e+01
    endloop
  endfacet
  facet normal -8.081989e-01 5.799679e-01 -1.022338e-01
    outer loop
      vertex   1.877690e+01 1.011689e+02 7.501105e+01
      vertex   1.910345e+01 1.018409e+02 7.624145e+01
      vertex   1.910345e+01 1.016103e+02 7.493325e+01
    endloop
  endfacet
  facet normal -8.445043e-01 5.274173e-01 -9.297047e-02
    outer loop
      vertex   1.910345e+01 1.018409e+02 7.624145e+01
      vertex   1.940189e+01 1.023043e+02 7.615975e+01
      vertex   1.910345e+01 1.016103e+02 7.493325e+01
    endloop
  endfacet
  facet normal -8.445043e-01 5.274173e-01 -9.297047e-02
    outer loop
      vertex   1.910345e+01 1.016103e+02 7.493325e+01
      vertex   1.940189e+01 1.023043e+02 7.615975e+01
      vertex   1.940189e+01 1.020737e+02 7.485156e+01
    endloop
  endfacet
  facet normal -8.766784e-01 4.737724e-01 -8.351423e-02
    outer loop
      vertex   1.940189e+01 1.023043e+02 7.615975e+01
      vertex   1.967170e+01 1.027886e+02 7.607439e+01
      vertex   1.940189e+01 1.020737e+02 7.485156e+01
    endloop
  endfacet
  facet normal -8.766784e-01 4.737724e-01 -8.351423e-02
    outer loop
      vertex   1.940189e+01 1.020737e+02 7.485156e+01
      vertex   1.967170e+01 1.027886e+02 7.607439e+01
      vertex   1.967170e+01 1.025580e+02 7.476620e+01
    endloop
  endfacet
  facet normal -9.046741e-01 4.196344e-01 -7.397106e-02
    outer loop
      vertex   1.967170e+01 1.027886e+02 7.607439e+01
      vertex   1.991253e+01 1.032921e+02 7.598563e+01
      vertex   1.967170e+01 1.025580e+02 7.476620e+01
    endloop
  endfacet
  facet normal -9.046741e-01 4.196344e-01 -7.397106e-02
    outer loop
      vertex   1.967170e+01 1.025580e+02 7.476620e+01
      vertex   1.991253e+01 1.032921e+02 7.598563e+01
      vertex   1.991253e+01 1.030615e+02 7.467744e+01
    endloop
  endfacet
  facet normal -9.285533e-01 3.655629e-01 -6.443959e-02
    outer loop
      vertex   1.991253e+01 1.032921e+02 7.598563e+01
      vertex   2.012414e+01 1.038134e+02 7.589374e+01
      vertex   1.991253e+01 1.030615e+02 7.467744e+01
    endloop
  endfacet
  facet normal -9.285533e-01 3.655629e-01 -6.443959e-02
    outer loop
      vertex   1.991253e+01 1.030615e+02 7.467744e+01
      vertex   2.012414e+01 1.038134e+02 7.589374e+01
      vertex   2.012414e+01 1.035828e+02 7.458554e+01
    endloop
  endfacet
  facet normal -9.484700e-01 3.120558e-01 -5.500764e-02
    outer loop
      vertex   2.012414e+01 1.038134e+02 7.589374e+01
      vertex   2.030649e+01 1.043509e+02 7.579898e+01
      vertex   2.012414e+01 1.035828e+02 7.458554e+01
    endloop
  endfacet
  facet normal -9.484700e-01 3.120558e-01 -5.500764e-02
    outer loop
      vertex   2.012414e+01 1.035828e+02 7.458554e+01
      vertex   2.030649e+01 1.043509e+02 7.579898e+01
      vertex   2.030649e+01 1.041203e+02 7.449079e+01
    endloop
  endfacet
  facet normal -9.905881e-01 1.347985e-01 -2.376160e-02
    outer loop
      vertex   2.074691e+01 1.066303e+02 7.539720e+01
      vertex   2.074691e+01 1.063997e+02 7.408901e+01
      vertex   2.058384e+01 1.052375e+02 7.429387e+01
    endloop
  endfacet
  facet normal -9.713859e-01 2.339005e-01 -4.123080e-02
    outer loop
      vertex   2.030649e+01 1.043509e+02 7.579898e+01
      vertex   2.058384e+01 1.054681e+02 7.560206e+01
      vertex   2.030649e+01 1.041203e+02 7.449079e+01
    endloop
  endfacet
  facet normal -9.713859e-01 2.339005e-01 -4.123080e-02
    outer loop
      vertex   2.030649e+01 1.041203e+02 7.449079e+01
      vertex   2.058384e+01 1.054681e+02 7.560206e+01
      vertex   2.058384e+01 1.052375e+02 7.429387e+01
    endloop
  endfacet
  facet normal -9.905881e-01 1.347985e-01 -2.376160e-02
    outer loop
      vertex   2.058384e+01 1.054681e+02 7.560206e+01
      vertex   2.074691e+01 1.066303e+02 7.539720e+01
      vertex   2.058384e+01 1.052375e+02 7.429387e+01
    endloop
  endfacet
  facet normal -6.268121e-01 7.673399e-01 -1.352628e-01
    outer loop
      vertex   1.720503e+01 9.987891e+01 7.658729e+01
      vertex   1.720503e+01 1.001095e+02 7.789549e+01
      vertex   1.763596e+01 1.004509e+02 7.783531e+01
    endloop
  endfacet
  facet normal -6.268121e-01 7.673399e-01 -1.352628e-01
    outer loop
      vertex   1.720503e+01 9.987891e+01 7.658729e+01
      vertex   1.763596e+01 1.004509e+02 7.783531e+01
      vertex   1.763596e+01 1.002203e+02 7.652711e+01
    endloop
  endfacet
  facet normal -9.854410e-02 9.800231e-01 -1.727536e-01
    outer loop
      vertex   1.169138e+01 9.800394e+01 7.691780e+01
      vertex   1.169138e+01 9.823454e+01 7.822600e+01
      vertex   1.256736e+01 9.831997e+01 7.821094e+01
    endloop
  endfacet
  facet normal -6.268121e-01 7.673399e-01 -1.352628e-01
    outer loop
      vertex   1.720503e+01 9.964831e+01 7.527910e+01
      vertex   1.720503e+01 9.987891e+01 7.658729e+01
      vertex   1.763596e+01 1.002203e+02 7.652711e+01
    endloop
  endfacet
  facet normal -1.000000e+00 -4.905164e-16 8.646578e-17
    outer loop
      vertex   -2.350000e+01 1.084007e+02 6.905507e+01
      vertex   -2.350000e+01 1.095808e+02 7.574947e+01
      vertex   -2.350000e+01 1.215014e+02 6.119879e+01
    endloop
  endfacet
  facet normal -1.000000e+00 1.015750e-15 1.320479e-15
    outer loop
      vertex   -2.350000e+01 1.215014e+02 6.119879e+01
      vertex   -2.350000e+01 1.095808e+02 7.574947e+01
      vertex   -2.350000e+01 1.254494e+02 6.623333e+01
    endloop
  endfacet
  facet normal -1.000000e+00 8.881535e-16 1.420537e-15
    outer loop
      vertex   -2.350000e+01 1.215014e+02 6.119879e+01
      vertex   -2.350000e+01 1.254494e+02 6.623333e+01
      vertex   -2.350000e+01 1.222889e+02 6.070647e+01
    endloop
  endfacet
  facet normal -1.000000e+00 9.423104e-16 1.389567e-15
    outer loop
      vertex   -2.350000e+01 1.222889e+02 6.070647e+01
      vertex   -2.350000e+01 1.254494e+02 6.623333e+01
      vertex   -2.350000e+01 1.230570e+02 6.018556e+01
    endloop
  endfacet
  facet normal -1.000000e+00 1.002210e-15 1.365872e-15
    outer loop
      vertex   -2.350000e+01 1.230570e+02 6.018556e+01
      vertex   -2.350000e+01 1.254494e+02 6.623333e+01
      vertex   -2.350000e+01 1.238051e+02 5.963664e+01
    endloop
  endfacet
  facet normal -1.000000e+00 1.069196e-15 1.349175e-15
    outer loop
      vertex   -2.350000e+01 1.238051e+02 5.963664e+01
      vertex   -2.350000e+01 1.254494e+02 6.623333e+01
      vertex   -2.350000e+01 1.245324e+02 5.906029e+01
    endloop
  endfacet
  facet normal -1.000000e+00 -2.862450e-15 1.851793e-15
    outer loop
      vertex   -2.350000e+01 1.245324e+02 5.906029e+01
      vertex   -2.350000e+01 1.254494e+02 6.623333e+01
      vertex   -2.350000e+01 1.263343e+02 6.568259e+01
    endloop
  endfacet
  facet normal -1.000000e+00 7.440904e-16 8.704954e-16
    outer loop
      vertex   -2.350000e+01 1.245324e+02 5.906029e+01
      vertex   -2.350000e+01 1.263343e+02 6.568259e+01
      vertex   -2.350000e+01 1.252381e+02 5.845707e+01
    endloop
  endfacet
  facet normal -1.000000e+00 9.920329e-15 -5.216095e-16
    outer loop
      vertex   -2.350000e+01 1.252381e+02 5.845707e+01
      vertex   -2.350000e+01 1.263343e+02 6.568259e+01
      vertex   -2.350000e+01 1.259213e+02 5.782774e+01
    endloop
  endfacet
  facet normal -1.000000e+00 0.000000e+00 0.000000e+00
    outer loop
      vertex   -2.350000e+01 1.259213e+02 5.782774e+01
      vertex   -2.350000e+01 1.263343e+02 6.568259e+01
      vertex   -2.350000e+01 1.271993e+02 6.510367e+01
    endloop
  endfacet
  facet normal -1.000000e+00 -9.182295e-15 1.612870e-15
    outer loop
      vertex   -2.350000e+01 1.259213e+02 5.782774e+01
      vertex   -2.350000e+01 1.271993e+02 6.510367e+01
      vertex   -2.350000e+01 1.265802e+02 5.717382e+01
    endloop
  endfacet
  facet normal -1.000000e+00 6.093555e-16 8.484643e-16
    outer loop
      vertex   -2.350000e+01 1.265802e+02 5.717382e+01
      vertex   -2.350000e+01 1.271993e+02 6.510367e+01
      vertex   -2.350000e+01 1.280438e+02 6.449714e+01
    endloop
  endfacet
  facet normal -1.000000e+00 8.545463e-16 7.994620e-16
    outer loop
      vertex   -2.350000e+01 1.265802e+02 5.717382e+01
      vertex   -2.350000e+01 1.280438e+02 6.449714e+01
      vertex   -2.350000e+01 1.272142e+02 5.649618e+01
    endloop
  endfacet
  facet normal -1.000000e+00 -7.358714e-15 1.651108e-15
    outer loop
      vertex   -2.350000e+01 1.272142e+02 5.649618e+01
      vertex   -2.350000e+01 1.280438e+02 6.449714e+01
      vertex   -2.350000e+01 1.288672e+02 6.386357e+01
    endloop
  endfacet
  facet normal -1.000000e+00 0.000000e+00 0.000000e+00
    outer loop
      vertex   -2.350000e+01 1.272142e+02 5.649618e+01
      vertex   -2.350000e+01 1.288672e+02 6.386357e+01
      vertex   -2.350000e+01 1.278225e+02 5.579553e+01
    endloop
  endfacet
  facet normal -1.000000e+00 8.009283e-15 -1.037118e-15
    outer loop
      vertex   -2.350000e+01 1.278225e+02 5.579553e+01
      vertex   -2.350000e+01 1.288672e+02 6.386357e+01
      vertex   -2.350000e+01 1.296689e+02 6.320353e+01
    endloop
  endfacet
  facet normal -1.000000e+00 9.096849e-16 7.324216e-16
    outer loop
      vertex   -2.350000e+01 1.278225e+02 5.579553e+01
      vertex   -2.350000e+01 1.296689e+02 6.320353e+01
      vertex   -2.350000e+01 1.284046e+02 5.507260e+01
    endloop
  endfacet
  facet normal -1.000000e+00 6.765756e-16 7.686698e-16
    outer loop
      vertex   -2.350000e+01 1.284046e+02 5.507260e+01
      vertex   -2.350000e+01 1.296689e+02 6.320353e+01
      vertex   -2.350000e+01 1.304482e+02 6.251759e+01
    endloop
  endfacet
  facet normal -1.000000e+00 9.355157e-16 6.975905e-16
    outer loop
      vertex   -2.350000e+01 1.284046e+02 5.507260e+01
      vertex   -2.350000e+01 1.304482e+02 6.251759e+01
      vertex   -2.350000e+01 1.289597e+02 5.432810e+01
    endloop
  endfacet
  facet normal -1.000000e+00 6.968472e-16 7.409704e-16
    outer loop
      vertex   -2.350000e+01 1.289597e+02 5.432810e+01
      vertex   -2.350000e+01 1.304482e+02 6.251759e+01
      vertex   -2.350000e+01 1.312045e+02 6.180633e+01
    endloop
  endfacet
  facet normal -1.000000e+00 -8.435194e-15 3.482216e-15
    outer loop
      vertex   -2.350000e+01 1.289597e+02 5.432810e+01
      vertex   -2.350000e+01 1.312045e+02 6.180633e+01
      vertex   -2.350000e+01 1.294866e+02 5.356388e+01
    endloop
  endfacet
  facet normal -1.000000e+00 1.432143e-15 1.425611e-15
    outer loop
      vertex   -2.350000e+01 1.294866e+02 5.356388e+01
      vertex   -2.350000e+01 1.312045e+02 6.180633e+01
      vertex   -2.350000e+01 1.319372e+02 6.107031e+01
    endloop
  endfacet
  facet normal -1.000000e+00 1.140606e-14 -1.830541e-15
    outer loop
      vertex   -2.350000e+01 1.294866e+02 5.356388e+01
      vertex   -2.350000e+01 1.319372e+02 6.107031e+01
      vertex   -2.350000e+01 1.299840e+02 5.278177e+01
    endloop
  endfacet
  facet normal -1.000000e+00 7.342739e-16 6.842301e-16
    outer loop
      vertex   -2.350000e+01 1.299840e+02 5.278177e+01
      vertex   -2.350000e+01 1.319372e+02 6.107031e+01
      vertex   -2.350000e+01 1.326456e+02 6.031010e+01
    endloop
  endfacet
  facet normal -1.000000e+00 1.005483e-15 5.883470e-16
    outer loop
      vertex   -2.350000e+01 1.299840e+02 5.278177e+01
      vertex   -2.350000e+01 1.326456e+02 6.031010e+01
      vertex   -2.350000e+01 1.304516e+02 5.198264e+01
    endloop
  endfacet
  facet normal -1.000000e+00 7.514569e-16 6.552730e-16
    outer loop
      vertex   -2.350000e+01 1.304516e+02 5.198264e+01
      vertex   -2.350000e+01 1.326456e+02 6.031010e+01
      vertex   -2.350000e+01 1.333291e+02 5.952628e+01
    endloop
  endfacet
  facet normal -1.000000e+00 1.026143e-15 5.504964e-16
    outer loop
      vertex   -2.350000e+01 1.304516e+02 5.198264e+01
      vertex   -2.350000e+01 1.333291e+02 5.952628e+01
      vertex   -2.350000e+01 1.308890e+02 5.116737e+01
    endloop
  endfacet
  facet normal -1.000000e+00 7.676227e-16 6.259621e-16
    outer loop
      vertex   -2.350000e+01 1.308890e+02 5.116737e+01
      vertex   -2.350000e+01 1.333291e+02 5.952628e+01
      vertex   -2.350000e+01 1.339870e+02 5.871942e+01
    endloop
  endfacet
  facet normal -1.000000e+00 1.045454e-15 5.119890e-16
    outer loop
      vertex   -2.350000e+01 1.308890e+02 5.116737e+01
      vertex   -2.350000e+01 1.339870e+02 5.871942e+01
      vertex   -2.350000e+01 1.312957e+02 5.033681e+01
    endloop
  endfacet
  facet normal -1.000000e+00 1.106984e-15 4.922345e-16
    outer loop
      vertex   -2.350000e+01 1.312957e+02 5.033681e+01
      vertex   -2.350000e+01 1.339870e+02 5.871942e+01
      vertex   -2.350000e+01 1.316715e+02 4.949186e+01
    endloop
  endfacet
  facet normal -1.000000e+00 7.603256e-16 5.792250e-16
    outer loop
      vertex   -2.350000e+01 1.316715e+02 4.949186e+01
      vertex   -2.350000e+01 1.339870e+02 5.871942e+01
      vertex   -2.350000e+01 1.346188e+02 5.789015e+01
    endloop
  endfacet
  facet normal -1.000000e+00 1.125082e-15 4.512162e-16
    outer loop
      vertex   -2.350000e+01 1.316715e+02 4.949186e+01
      vertex   -2.350000e+01 1.346188e+02 5.789015e+01
      vertex   -2.350000e+01 1.320158e+02 4.863336e+01
    endloop
  endfacet
  facet normal -1.000000e+00 9.206537e-15 -1.821301e-15
    outer loop
      vertex   -2.350000e+01 1.320158e+02 4.863336e+01
      vertex   -2.350000e+01 1.346188e+02 5.789015e+01
      vertex   -2.350000e+01 1.352225e+02 5.704074e+01
    endloop
  endfacet
  facet normal -1.000000e+00 -6.224605e-15 4.064490e-15
    outer loop
      vertex   -2.350000e+01 1.320158e+02 4.863336e+01
      vertex   -2.350000e+01 1.352225e+02 5.704074e+01
      vertex   -2.350000e+01 1.357973e+02 5.617274e+01
    endloop
  endfacet
  facet normal -1.000000e+00 1.095526e-15 3.929625e-16
    outer loop
      vertex   -2.350000e+01 1.320158e+02 4.863336e+01
      vertex   -2.350000e+01 1.357973e+02 5.617274e+01
      vertex   -2.350000e+01 1.323282e+02 4.776219e+01
    endloop
  endfacet
  facet normal -1.000000e+00 8.217537e-16 5.058827e-16
    outer loop
      vertex   -2.350000e+01 1.323282e+02 4.776219e+01
      vertex   -2.350000e+01 1.357973e+02 5.617274e+01
      vertex   -2.350000e+01 1.363426e+02 5.528692e+01
    endloop
  endfacet
  facet normal -1.000000e+00 1.109730e-15 3.522511e-16
    outer loop
      vertex   -2.350000e+01 1.323282e+02 4.776219e+01
      vertex   -2.350000e+01 1.363426e+02 5.528692e+01
      vertex   -2.350000e+01 1.326085e+02 4.687922e+01
    endloop
  endfacet
  facet normal -1.000000e+00 4.708809e-15 -1.246189e-15
    outer loop
      vertex   -2.350000e+01 1.326085e+02 4.687922e+01
      vertex   -2.350000e+01 1.363426e+02 5.528692e+01
      vertex   -2.350000e+01 1.368581e+02 5.438403e+01
    endloop
  endfacet
  facet normal -1.000000e+00 1.684054e-15 4.665800e-16
    outer loop
      vertex   -2.350000e+01 1.326085e+02 4.687922e+01
      vertex   -2.350000e+01 1.368581e+02 5.438403e+01
      vertex   -2.350000e+01 1.328562e+02 4.598533e+01
    endloop
  endfacet
  facet normal -1.000000e+00 -1.027966e-14 6.167226e-15
    outer loop
      vertex   -2.350000e+01 1.328562e+02 4.598533e+01
      vertex   -2.350000e+01 1.368581e+02 5.438403e+01
      vertex   -2.350000e+01 1.373435e+02 5.346482e+01
    endloop
  endfacet
  facet normal -1.000000e+00 0.000000e+00 0.000000e+00
    outer loop
      vertex   -2.350000e+01 1.328562e+02 4.598533e+01
      vertex   -2.350000e+01 1.373435e+02 5.346482e+01
      vertex   -2.350000e+01 1.330707e+02 4.508180e+01
    endloop
  endfacet
  facet normal -1.000000e+00 7.630348e-15 -3.889094e-15
    outer loop
      vertex   -2.350000e+01 1.330707e+02 4.508180e+01
      vertex   -2.350000e+01 1.373435e+02 5.346482e+01
      vertex   -2.350000e+01 1.377982e+02 5.253006e+01
    endloop
  endfacet
  facet normal -1.000000e+00 1.144833e-15 2.273328e-16
    outer loop
      vertex   -2.350000e+01 1.330707e+02 4.508180e+01
      vertex   -2.350000e+01 1.377982e+02 5.253006e+01
      vertex   -2.350000e+01 1.332514e+02 4.417202e+01
    endloop
  endfacet
  facet normal -1.000000e+00 8.584273e-16 3.831394e-16
    outer loop
      vertex   -2.350000e+01 1.332514e+02 4.417202e+01
      vertex   -2.350000e+01 1.377982e+02 5.253006e+01
      vertex   -2.350000e+01 1.382220e+02 5.158052e+01
    endloop
  endfacet
  facet normal -1.000000e+00 8.895078e-16 3.622864e-16
    outer loop
      vertex   -2.350000e+01 1.332514e+02 4.417202e+01
      vertex   -2.350000e+01 1.382220e+02 5.158052e+01
      vertex   -2.350000e+01 1.386145e+02 5.061694e+01
    endloop
  endfacet
  facet normal -1.000000e+00 1.110886e-15 1.780675e-16
    outer loop
      vertex   -2.350000e+01 1.332514e+02 4.417202e+01
      vertex   -2.350000e+01 1.386145e+02 5.061694e+01
      vertex   -2.350000e+01 1.333980e+02 4.325734e+01
    endloop
  endfacet
  facet normal -1.000000e+00 7.642667e-15 -4.451661e-15
    outer loop
      vertex   -2.350000e+01 1.333980e+02 4.325734e+01
      vertex   -2.350000e+01 1.386145e+02 5.061694e+01
      vertex   -2.350000e+01 1.389752e+02 4.964008e+01
    endloop
  endfacet
  facet normal -1.000000e+00 2.234714e-15 2.737716e-16
    outer loop
      vertex   -2.350000e+01 1.333980e+02 4.325734e+01
      vertex   -2.350000e+01 1.389752e+02 4.964008e+01
      vertex   -2.350000e+01 1.335105e+02 4.233871e+01
    endloop
  endfacet
  facet normal -1.000000e+00 -4.845259e-15 5.572721e-15
    outer loop
      vertex   -2.350000e+01 1.335105e+02 4.233871e+01
      vertex   -2.350000e+01 1.389752e+02 4.964008e+01
      vertex   -2.350000e+01 1.393038e+02 4.865073e+01
    endloop
  endfacet
  facet normal -1.000000e+00 3.856727e-15 -2.414042e-15
    outer loop
      vertex   -2.350000e+01 1.335105e+02 4.233871e+01
      vertex   -2.350000e+01 1.393038e+02 4.865073e+01
      vertex   -2.350000e+01 1.395994e+02 4.765128e+01
    endloop
  endfacet
  facet normal -1.000000e+00 1.629462e-15 1.386596e-16
    outer loop
      vertex   -2.350000e+01 1.335105e+02 4.233871e+01
      vertex   -2.350000e+01 1.395994e+02 4.765128e+01
      vertex   -2.350000e+01 1.335890e+02 4.141708e+01
    endloop
  endfacet
  facet normal -1.000000e+00 -1.483655e-15 3.140016e-15
    outer loop
      vertex   -2.350000e+01 1.335890e+02 4.141708e+01
      vertex   -2.350000e+01 1.395994e+02 4.765128e+01
      vertex   -2.350000e+01 1.398615e+02 4.664369e+01
    endloop
  endfacet
  facet normal -1.000000e+00 9.538518e-16 2.147467e-16
    outer loop
      vertex   -2.350000e+01 1.335890e+02 4.141708e+01
      vertex   -2.350000e+01 1.398615e+02 4.664369e+01
      vertex   -2.350000e+01 1.400900e+02 4.562880e+01
    endloop
  endfacet
  facet normal -1.000000e+00 9.727985e-16 1.855016e-16
    outer loop
      vertex   -2.350000e+01 1.400900e+02 4.562880e+01
      vertex   -2.350000e+01 1.402847e+02 4.460746e+01
      vertex   -2.350000e+01 1.335890e+02 4.141708e+01
    endloop
  endfacet
  facet normal -1.000000e+00 1.037490e-15 4.973089e-17
    outer loop
      vertex   -2.350000e+01 1.335890e+02 4.141708e+01
      vertex   -2.350000e+01 1.402847e+02 4.460746e+01
      vertex   -2.350000e+01 1.336333e+02 4.049341e+01
    endloop
  endfacet
  facet normal -1.000000e+00 9.738693e-16 1.525916e-16
    outer loop
      vertex   -2.350000e+01 1.336333e+02 4.049341e+01
      vertex   -2.350000e+01 1.402847e+02 4.460746e+01
      vertex   -2.350000e+01 1.404456e+02 4.358051e+01
    endloop
  endfacet
  facet normal -1.000000e+00 2.465981e-15 -3.140092e-15
    outer loop
      vertex   -2.350000e+01 1.336333e+02 4.049341e+01
      vertex   -2.350000e+01 1.404456e+02 4.358051e+01
      vertex   -2.350000e+01 1.405726e+02 4.254879e+01
    endloop
  endfacet
  facet normal -1.000000e+00 5.063775e-16 3.475870e-15
    outer loop
      vertex   -2.350000e+01 1.405726e+02 4.254879e+01
      vertex   -2.350000e+01 1.406654e+02 4.151316e+01
      vertex   -2.350000e+01 1.336333e+02 4.049341e+01
    endloop
  endfacet
  facet normal -1.000000e+00 1.008822e-15 1.100344e-17
    outer loop
      vertex   -2.350000e+01 1.336333e+02 4.049341e+01
      vertex   -2.350000e+01 1.406654e+02 4.151316e+01
      vertex   -2.350000e+01 1.336433e+02 3.956866e+01
    endloop
  endfacet
  facet normal -1.000000e+00 9.962936e-16 5.624812e-17
    outer loop
      vertex   -2.350000e+01 1.336433e+02 3.956866e+01
      vertex   -2.350000e+01 1.406654e+02 4.151316e+01
      vertex   -2.350000e+01 1.407241e+02 4.047445e+01
    endloop
  endfacet
  facet normal -1.000000e+00 1.000499e-15 2.337029e-17
    outer loop
      vertex   -2.350000e+01 1.336433e+02 3.956866e+01
      vertex   -2.350000e+01 1.407241e+02 4.047445e+01
      vertex   -2.350000e+01 1.407484e+02 3.943351e+01
    endloop
  endfacet
  facet normal -1.000000e+00 1.129517e-15 6.805942e-15
    outer loop
      vertex   -2.350000e+01 1.407484e+02 3.943351e+01
      vertex   -2.350000e+01 1.407382e+02 3.839119e+01
      vertex   -2.350000e+01 1.336433e+02 3.956866e+01
    endloop
  endfacet
  facet normal -1.000000e+00 0.000000e+00 -0.000000e+00
    outer loop
      vertex   -2.350000e+01 1.336433e+02 3.956866e+01
      vertex   -2.350000e+01 1.407382e+02 3.839119e+01
      vertex   -2.350000e+01 1.336192e+02 3.864378e+01
    endloop
  endfacet
  facet normal -1.000000e+00 0.000000e+00 0.000000e+00
    outer loop
      vertex   -2.350000e+01 1.336192e+02 3.864378e+01
      vertex   -2.350000e+01 1.407382e+02 3.839119e+01
      vertex   -2.350000e+01 1.406911e+02 3.714109e+01
    endloop
  endfacet
  facet normal -1.000000e+00 0.000000e+00 0.000000e+00
    outer loop
      vertex   -2.350000e+01 1.336192e+02 3.864378e+01
      vertex   -2.350000e+01 1.406911e+02 3.714109e+01
      vertex   -2.350000e+01 1.406159e+02 3.591501e+01
    endloop
  endfacet
  facet normal -1.000000e+00 0.000000e+00 -0.000000e+00
    outer loop
      vertex   -2.350000e+01 1.336192e+02 3.864378e+01
      vertex   -2.350000e+01 1.406159e+02 3.591501e+01
      vertex   -2.350000e+01 1.335608e+02 3.771972e+01
    endloop
  endfacet
  facet normal -1.000000e+00 0.000000e+00 0.000000e+00
    outer loop
      vertex   -2.350000e+01 1.335608e+02 3.771972e+01
      vertex   -2.350000e+01 1.406159e+02 3.591501e+01
      vertex   -2.350000e+01 1.405123e+02 3.471252e+01
    endloop
  endfacet
  facet normal -1.000000e+00 -2.485838e-15 -5.746326e-15
    outer loop
      vertex   -2.350000e+01 1.335608e+02 3.771972e+01
      vertex   -2.350000e+01 1.405123e+02 3.471252e+01
      vertex   -2.350000e+01 1.403801e+02 3.353320e+01
    endloop
  endfacet
  facet normal -1.000000e+00 9.813972e-16 -9.864414e-17
    outer loop
      vertex   -2.350000e+01 1.335608e+02 3.771972e+01
      vertex   -2.350000e+01 1.403801e+02 3.353320e+01
      vertex   -2.350000e+01 1.334681e+02 3.679745e+01
    endloop
  endfacet
  facet normal -1.000000e+00 -3.966040e-16 -3.016547e-15
    outer loop
      vertex   -2.350000e+01 1.334681e+02 3.679745e+01
      vertex   -2.350000e+01 1.403801e+02 3.353320e+01
      vertex   -2.350000e+01 1.402190e+02 3.237665e+01
    endloop
  endfacet
  facet normal -1.000000e+00 1.422454e-15 -2.387239e-16
    outer loop
      vertex   -2.350000e+01 1.334681e+02 3.679745e+01
      vertex   -2.350000e+01 1.402190e+02 3.237665e+01
      vertex   -2.350000e+01 1.400286e+02 3.124244e+01
    endloop
  endfacet
  facet normal -1.000000e+00 -4.403174e-15 -7.118836e-15
    outer loop
      vertex   -2.350000e+01 1.334681e+02 3.679745e+01
      vertex   -2.350000e+01 1.400286e+02 3.124244e+01
      vertex   -2.350000e+01 1.333411e+02 3.587791e+01
    endloop
  endfacet
  facet normal -1.000000e+00 4.672360e-16 -9.234214e-17
    outer loop
      vertex   -2.350000e+01 1.333411e+02 3.587791e+01
      vertex   -2.350000e+01 1.400286e+02 3.124244e+01
      vertex   -2.350000e+01 1.398088e+02 3.013016e+01
    endloop
  endfacet
  facet normal -1.000000e+00 4.564762e-16 -1.044496e-16
    outer loop
      vertex   -2.350000e+01 1.333411e+02 3.587791e+01
      vertex   -2.350000e+01 1.398088e+02 3.013016e+01
      vertex   -2.350000e+01 1.395591e+02 2.903902e+01
    endloop
  endfacet
  facet normal -1.000000e+00 4.437357e-16 -1.160336e-16
    outer loop
      vertex   -2.350000e+01 1.395591e+02 2.903902e+01
      vertex   -2.350000e+01 1.392784e+02 2.796557e+01
      vertex   -2.350000e+01 1.333411e+02 3.587791e+01
    endloop
  endfacet
  facet normal -1.000000e+00 1.649763e-14 1.193067e-14
    outer loop
      vertex   -2.350000e+01 1.333411e+02 3.587791e+01
      vertex   -2.350000e+01 1.392784e+02 2.796557e+01
      vertex   -2.350000e+01 1.389659e+02 2.690885e+01
    endloop
  endfacet
  facet normal -1.000000e+00 -9.842976e-15 -4.588444e-15
    outer loop
      vertex   -2.350000e+01 1.333411e+02 3.587791e+01
      vertex   -2.350000e+01 1.389659e+02 2.690885e+01
      vertex   -2.350000e+01 1.329365e+02 3.364875e+01
    endloop
  endfacet
  facet normal -1.000000e+00 2.131293e-15 6.123556e-15
    outer loop
      vertex   -2.350000e+01 1.329365e+02 3.364875e+01
      vertex   -2.350000e+01 1.389659e+02 2.690885e+01
      vertex   -2.350000e+01 1.386208e+02 2.586861e+01
    endloop
  endfacet
  facet normal -1.000000e+00 5.310546e-15 8.446391e-15
    outer loop
      vertex   -2.350000e+01 1.329365e+02 3.364875e+01
      vertex   -2.350000e+01 1.386208e+02 2.586861e+01
      vertex   -2.350000e+01 1.382426e+02 2.484457e+01
    endloop
  endfacet
  facet normal -1.000000e+00 1.223468e-14 1.261943e-14
    outer loop
      vertex   -2.350000e+01 1.382426e+02 2.484457e+01
      vertex   -2.350000e+01 1.378305e+02 2.383646e+01
      vertex   -2.350000e+01 1.329365e+02 3.364875e+01
    endloop
  endfacet
  facet normal -1.000000e+00 -2.204658e-14 -4.478811e-15
    outer loop
      vertex   -2.350000e+01 1.329365e+02 3.364875e+01
      vertex   -2.350000e+01 1.378305e+02 2.383646e+01
      vertex   -2.350000e+01 1.324178e+02 3.144240e+01
    endloop
  endfacet
  facet normal -1.000000e+00 5.757886e-15 1.530785e-14
    outer loop
      vertex   -2.350000e+01 1.324178e+02 3.144240e+01
      vertex   -2.350000e+01 1.378305e+02 2.383646e+01
      vertex   -2.350000e+01 1.373838e+02 2.284403e+01
    endloop
  endfacet
  facet normal -1.000000e+00 5.789650e-15 1.532620e-14
    outer loop
      vertex   -2.350000e+01 1.324178e+02 3.144240e+01
      vertex   -2.350000e+01 1.373838e+02 2.284403e+01
      vertex   -2.350000e+01 1.369020e+02 2.186701e+01
    endloop
  endfacet
  facet normal -1.000000e+00 -3.425614e-14 -3.427551e-15
    outer loop
      vertex   -2.350000e+01 1.324178e+02 3.144240e+01
      vertex   -2.350000e+01 1.369020e+02 2.186701e+01
      vertex   -2.350000e+01 1.321121e+02 3.035154e+01
    endloop
  endfacet
  facet normal -1.000000e+00 -1.031659e-15 1.532926e-14
    outer loop
      vertex   -2.350000e+01 1.321121e+02 3.035154e+01
      vertex   -2.350000e+01 1.369020e+02 2.186701e+01
      vertex   -2.350000e+01 1.363844e+02 2.090513e+01
    endloop
  endfacet
  facet normal -1.000000e+00 -2.922312e-14 2.579336e-15
    outer loop
      vertex   -2.350000e+01 1.321121e+02 3.035154e+01
      vertex   -2.350000e+01 1.363844e+02 2.090513e+01
      vertex   -2.350000e+01 1.317736e+02 2.927089e+01
    endloop
  endfacet
  facet normal -1.000000e+00 -1.314197e-14 1.144244e-14
    outer loop
      vertex   -2.350000e+01 1.317736e+02 2.927089e+01
      vertex   -2.350000e+01 1.363844e+02 2.090513e+01
      vertex   -2.350000e+01 1.358302e+02 1.995812e+01
    endloop
  endfacet
  facet normal -1.000000e+00 -5.361380e-15 1.483161e-14
    outer loop
      vertex   -2.350000e+01 1.317736e+02 2.927089e+01
      vertex   -2.350000e+01 1.358302e+02 1.995812e+01
      vertex   -2.350000e+01 1.352388e+02 1.902573e+01
    endloop
  endfacet
  facet normal -1.000000e+00 -4.841893e-14 2.684546e-16
    outer loop
      vertex   -2.350000e+01 1.317736e+02 2.927089e+01
      vertex   -2.350000e+01 1.352388e+02 1.902573e+01
      vertex   -2.350000e+01 1.314008e+02 2.820196e+01
    endloop
  endfacet
  facet normal -1.000000e+00 -1.157927e-14 1.567669e-14
    outer loop
      vertex   -2.350000e+01 1.314008e+02 2.820196e+01
      vertex   -2.350000e+01 1.352388e+02 1.902573e+01
      vertex   -2.350000e+01 1.346095e+02 1.810769e+01
    endloop
  endfacet
  facet normal -1.000000e+00 -2.268884e-14 1.214526e-14
    outer loop
      vertex   -2.350000e+01 1.314008e+02 2.820196e+01
      vertex   -2.350000e+01 1.346095e+02 1.810769e+01
      vertex   -2.350000e+01 1.309923e+02 2.714643e+01
    endloop
  endfacet
  facet normal -1.000000e+00 -3.194383e-14 8.441585e-15
    outer loop
      vertex   -2.350000e+01 1.309923e+02 2.714643e+01
      vertex   -2.350000e+01 1.346095e+02 1.810769e+01
      vertex   -2.350000e+01 1.339171e+02 1.717093e+01
    endloop
  endfacet
  facet normal -1.000000e+00 -2.469907e-14 1.056567e-14
    outer loop
      vertex   -2.350000e+01 1.309923e+02 2.714643e+01
      vertex   -2.350000e+01 1.339171e+02 1.717093e+01
      vertex   -2.350000e+01 1.305499e+02 2.611209e+01
    endloop
  endfacet
  facet normal -1.000000e+00 -4.114598e-14 4.371872e-15
    outer loop
      vertex   -2.350000e+01 1.305499e+02 2.611209e+01
      vertex   -2.350000e+01 1.339171e+02 1.717093e+01
      vertex   -2.350000e+01 1.331203e+02 1.617317e+01
    endloop
  endfacet
  facet normal -1.000000e+00 -6.109134e-15 1.343315e-14
    outer loop
      vertex   -2.350000e+01 1.305499e+02 2.611209e+01
      vertex   -2.350000e+01 1.331203e+02 1.617317e+01
      vertex   -2.350000e+01 1.300741e+02 2.510229e+01
    endloop
  endfacet
  facet normal -1.000000e+00 -5.759336e-14 -4.130884e-15
    outer loop
      vertex   -2.350000e+01 1.300741e+02 2.510229e+01
      vertex   -2.350000e+01 1.331203e+02 1.617317e+01
      vertex   -2.350000e+01 1.322088e+02 1.512087e+01
    endloop
  endfacet
  facet normal -1.000000e+00 3.594835e-15 8.955272e-15
    outer loop
      vertex   -2.350000e+01 1.300741e+02 2.510229e+01
      vertex   -2.350000e+01 1.322088e+02 1.512087e+01
      vertex   -2.350000e+01 1.295643e+02 2.411677e+01
    endloop
  endfacet
  facet normal -1.000000e+00 -4.406245e-14 -5.054265e-15
    outer loop
      vertex   -2.350000e+01 1.295643e+02 2.411677e+01
      vertex   -2.350000e+01 1.322088e+02 1.512087e+01
      vertex   -2.350000e+01 1.317068e+02 1.457640e+01
    endloop
  endfacet
  facet normal -1.000000e+00 3.223138e-15 5.564872e-15
    outer loop
      vertex   -2.350000e+01 1.295643e+02 2.411677e+01
      vertex   -2.350000e+01 1.317068e+02 1.457640e+01
      vertex   -2.350000e+01 1.290199e+02 2.315526e+01
    endloop
  endfacet
  facet normal -1.000000e+00 -3.867610e-14 -7.558242e-15
    outer loop
      vertex   -2.350000e+01 1.290199e+02 2.315526e+01
      vertex   -2.350000e+01 1.317068e+02 1.457640e+01
      vertex   -2.350000e+01 1.311724e+02 1.402085e+01
    endloop
  endfacet
  facet normal -1.000000e+00 2.614826e-15 2.171931e-15
    outer loop
      vertex   -2.350000e+01 1.290199e+02 2.315526e+01
      vertex   -2.350000e+01 1.311724e+02 1.402085e+01
      vertex   -2.350000e+01 1.284401e+02 2.221751e+01
    endloop
  endfacet
  facet normal -1.000000e+00 -3.852751e-14 -1.154247e-14
    outer loop
      vertex   -2.350000e+01 1.284401e+02 2.221751e+01
      vertex   -2.350000e+01 1.311724e+02 1.402085e+01
      vertex   -2.350000e+01 1.306042e+02 1.345508e+01
    endloop
  endfacet
  facet normal -1.000000e+00 -3.657151e-14 -1.105940e-14
    outer loop
      vertex   -2.350000e+01 1.284401e+02 2.221751e+01
      vertex   -2.350000e+01 1.306042e+02 1.345508e+01
      vertex   -2.350000e+01 1.300010e+02 1.287993e+01
    endloop
  endfacet
  facet normal -1.000000e+00 1.975083e-14 -1.644658e-15
    outer loop
      vertex   -2.350000e+01 1.284401e+02 2.221751e+01
      vertex   -2.350000e+01 1.300010e+02 1.287993e+01
      vertex   -2.350000e+01 1.278244e+02 2.130324e+01
    endloop
  endfacet
  facet normal -1.000000e+00 -2.648226e-14 -1.359146e-14
    outer loop
      vertex   -2.350000e+01 1.278244e+02 2.130324e+01
      vertex   -2.350000e+01 1.300010e+02 1.287993e+01
      vertex   -2.350000e+01 1.293615e+02 1.229625e+01
    endloop
  endfacet
  facet normal -1.000000e+00 1.888035e-14 -5.850079e-15
    outer loop
      vertex   -2.350000e+01 1.278244e+02 2.130324e+01
      vertex   -2.350000e+01 1.293615e+02 1.229625e+01
      vertex   -2.350000e+01 1.271719e+02 2.041219e+01
    endloop
  endfacet
  facet normal -1.000000e+00 -1.349725e-14 -1.458494e-14
    outer loop
      vertex   -2.350000e+01 1.271719e+02 2.041219e+01
      vertex   -2.350000e+01 1.293615e+02 1.229625e+01
      vertex   -2.350000e+01 1.286844e+02 1.170491e+01
    endloop
  endfacet
  facet normal -1.000000e+00 2.109471e-14 -8.576390e-15
    outer loop
      vertex   -2.350000e+01 1.271719e+02 2.041219e+01
      vertex   -2.350000e+01 1.286844e+02 1.170491e+01
      vertex   -2.350000e+01 1.264822e+02 1.954409e+01
    endloop
  endfacet
  facet normal -1.000000e+00 -2.233907e-14 -2.077795e-14
    outer loop
      vertex   -2.350000e+01 1.264822e+02 1.954409e+01
      vertex   -2.350000e+01 1.286844e+02 1.170491e+01
      vertex   -2.350000e+01 1.279684e+02 1.110674e+01
    endloop
  endfacet
  facet normal -1.000000e+00 2.839848e-14 -1.184025e-14
    outer loop
      vertex   -2.350000e+01 1.264822e+02 1.954409e+01
      vertex   -2.350000e+01 1.279684e+02 1.110674e+01
      vertex   -2.350000e+01 1.257544e+02 1.869868e+01
    endloop
  endfacet
  facet normal -1.000000e+00 9.229432e-15 -1.743060e-14
    outer loop
      vertex   -2.350000e+01 1.257544e+02 1.869868e+01
      vertex   -2.350000e+01 1.279684e+02 1.110674e+01
      vertex   -2.350000e+01 1.272124e+02 1.050261e+01
    endloop
  endfacet
  facet normal -1.000000e+00 8.906332e-15 -1.748808e-14
    outer loop
      vertex   -2.350000e+01 1.257544e+02 1.869868e+01
      vertex   -2.350000e+01 1.272124e+02 1.050261e+01
      vertex   -2.350000e+01 1.264150e+02 9.893360e+00
    endloop
  endfacet
  facet normal -1.000000e+00 1.804167e-14 -1.680268e-14
    outer loop
      vertex   -2.350000e+01 1.257544e+02 1.869868e+01
      vertex   -2.350000e+01 1.264150e+02 9.893360e+00
      vertex   -2.350000e+01 1.249879e+02 1.787570e+01
    endloop
  endfacet
  facet normal -1.000000e+00 9.175044e-15 -1.838789e-14
    outer loop
      vertex   -2.350000e+01 1.249879e+02 1.787570e+01
      vertex   -2.350000e+01 1.264150e+02 9.893360e+00
      vertex   -2.350000e+01 1.255800e+02 9.283518e+00
    endloop
  endfacet
  facet normal -1.000000e+00 1.770025e-14 -1.780037e-14
    outer loop
      vertex   -2.350000e+01 1.249879e+02 1.787570e+01
      vertex   -2.350000e+01 1.255800e+02 9.283518e+00
      vertex   -2.350000e+01 1.241906e+02 1.708286e+01
    endloop
  endfacet
  facet normal -1.000000e+00 1.661888e-14 -1.799301e-14
    outer loop
      vertex   -2.350000e+01 1.241906e+02 1.708286e+01
      vertex   -2.350000e+01 1.255800e+02 9.283518e+00
      vertex   -2.350000e+01 1.233804e+02 1.633455e+01
    endloop
  endfacet
  facet normal -1.000000e+00 2.837579e-14 -1.432534e-14
    outer loop
      vertex   -2.350000e+01 1.233804e+02 1.633455e+01
      vertex   -2.350000e+01 1.255800e+02 9.283518e+00
      vertex   -2.350000e+01 1.238605e+02 8.109377e+00
    endloop
  endfacet
  facet normal -1.000000e+00 1.309541e-14 -1.521717e-14
    outer loop
      vertex   -2.350000e+01 1.233804e+02 1.633455e+01
      vertex   -2.350000e+01 1.238605e+02 8.109377e+00
      vertex   -2.350000e+01 1.225616e+02 1.562991e+01
    endloop
  endfacet
  facet normal -1.000000e+00 1.234049e-14 -1.534755e-14
    outer loop
      vertex   -2.350000e+01 1.225616e+02 1.562991e+01
      vertex   -2.350000e+01 1.238605e+02 8.109377e+00
      vertex   -2.350000e+01 1.217380e+02 1.496769e+01
    endloop
  endfacet
  facet normal -1.000000e+00 2.683425e-14 -1.086214e-14
    outer loop
      vertex   -2.350000e+01 1.217380e+02 1.496769e+01
      vertex   -2.350000e+01 1.238605e+02 8.109377e+00
      vertex   -2.350000e+01 1.220879e+02 7.000997e+00
    endloop
  endfacet
  facet normal -1.000000e+00 8.778836e-15 -1.165503e-14
    outer loop
      vertex   -2.350000e+01 1.217380e+02 1.496769e+01
      vertex   -2.350000e+01 1.220879e+02 7.000997e+00
      vertex   -2.350000e+01 1.209135e+02 1.434667e+01
    endloop
  endfacet
  facet normal -1.000000e+00 8.297898e-15 -1.173191e-14
    outer loop
      vertex   -2.350000e+01 1.209135e+02 1.434667e+01
      vertex   -2.350000e+01 1.220879e+02 7.000997e+00
      vertex   -2.350000e+01 1.200920e+02 1.376563e+01
    endloop
  endfacet
  facet normal -1.000000e+00 2.870205e-14 -5.711902e-15
    outer loop
      vertex   -2.350000e+01 1.200920e+02 1.376563e+01
      vertex   -2.350000e+01 1.220879e+02 7.000997e+00
      vertex   -2.350000e+01 1.202715e+02 5.959488e+00
    endloop
  endfacet
  facet normal -1.000000e+00 4.177542e-15 -6.275622e-15
    outer loop
      vertex   -2.350000e+01 1.200920e+02 1.376563e+01
      vertex   -2.350000e+01 1.202715e+02 5.959488e+00
      vertex   -2.350000e+01 1.192774e+02 1.322334e+01
    endloop
  endfacet
  facet normal -1.000000e+00 3.959147e-15 -6.305510e-15
    outer loop
      vertex   -2.350000e+01 1.192774e+02 1.322334e+01
      vertex   -2.350000e+01 1.202715e+02 5.959488e+00
      vertex   -2.350000e+01 1.184734e+02 1.271855e+01
    endloop
  endfacet
  facet normal -1.000000e+00 2.191723e-14 -1.528369e-15
    outer loop
      vertex   -2.350000e+01 1.184734e+02 1.271855e+01
      vertex   -2.350000e+01 1.202715e+02 5.959488e+00
      vertex   -2.350000e+01 1.184205e+02 4.985960e+00
    endloop
  endfacet
  facet normal -1.000000e+00 8.214096e-16 -1.383962e-15
    outer loop
      vertex   -2.350000e+01 1.184734e+02 1.271855e+01
      vertex   -2.350000e+01 1.184205e+02 4.985960e+00
      vertex   -2.350000e+01 1.176841e+02 1.225006e+01
    endloop
  endfacet
  facet normal -1.000000e+00 7.804724e-16 -1.388112e-15
    outer loop
      vertex   -2.350000e+01 1.176841e+02 1.225006e+01
      vertex   -2.350000e+01 1.184205e+02 4.985960e+00
      vertex   -2.350000e+01 1.169132e+02 1.181662e+01
    endloop
  endfacet
  facet normal -1.000000e+00 7.525605e-15 1.003212e-16
    outer loop
      vertex   -2.350000e+01 1.169132e+02 1.181662e+01
      vertex   -2.350000e+01 1.184205e+02 4.985960e+00
      vertex   -2.350000e+01 1.165442e+02 4.081520e+00
    endloop
  endfacet
  facet normal -1.000000e+00 -2.515953e-16 4.712988e-16
    outer loop
      vertex   -2.350000e+01 1.169132e+02 1.181662e+01
      vertex   -2.350000e+01 1.165442e+02 4.081520e+00
      vertex   -2.350000e+01 1.161646e+02 1.141701e+01
    endloop
  endfacet
  facet normal -1.000000e+00 4.552420e-15 7.198944e-16
    outer loop
      vertex   -2.350000e+01 1.161646e+02 1.141701e+01
      vertex   -2.350000e+01 1.165442e+02 4.081520e+00
      vertex   -2.350000e+01 1.154423e+02 1.105001e+01
    endloop
  endfacet
  facet normal -1.000000e+00 0.000000e+00 -0.000000e+00
    outer loop
      vertex   -2.350000e+01 1.154423e+02 1.105001e+01
      vertex   -2.350000e+01 1.165442e+02 4.081520e+00
      vertex   -2.350000e+01 1.143817e+02 6.320230e+00
    endloop
  endfacet
  facet normal -1.000000e+00 0.000000e+00 0.000000e+00
    outer loop
      vertex   -2.350000e+01 1.154423e+02 1.105001e+01
      vertex   -2.350000e+01 1.143817e+02 6.320230e+00
      vertex   -2.350000e+01 1.143323e+02 6.695517e+00
    endloop
  endfacet
  facet normal -1.000000e+00 -0.000000e+00 0.000000e+00
    outer loop
      vertex   -2.350000e+01 1.165442e+02 4.081520e+00
      vertex   -2.350000e+01 1.161119e+02 3.500889e+00
      vertex   -2.350000e+01 1.143817e+02 6.320230e+00
    endloop
  endfacet
  facet normal -1.000000e+00 0.000000e+00 0.000000e+00
    outer loop
      vertex   -2.350000e+01 1.143817e+02 6.320230e+00
      vertex   -2.350000e+01 1.161119e+02 3.500889e+00
      vertex   -2.350000e+01 1.155873e+02 3.002057e+00
    endloop
  endfacet
  facet normal -1.000000e+00 0.000000e+00 -0.000000e+00
    outer loop
      vertex   -2.350000e+01 1.143817e+02 6.320230e+00
      vertex   -2.350000e+01 1.155873e+02 3.002057e+00
      vertex   -2.350000e+01 1.143323e+02 5.944942e+00
    endloop
  endfacet
  facet normal -1.000000e+00 0.000000e+00 0.000000e+00
    outer loop
      vertex   -2.350000e+01 1.143323e+02 5.944942e+00
      vertex   -2.350000e+01 1.155873e+02 3.002057e+00
      vertex   -2.350000e+01 1.149856e+02 2.599498e+00
    endloop
  endfacet
  facet normal -1.000000e+00 0.000000e+00 -0.000000e+00
    outer loop
      vertex   -2.350000e+01 1.143323e+02 5.944942e+00
      vertex   -2.350000e+01 1.149856e+02 2.599498e+00
      vertex   -2.350000e+01 1.141874e+02 5.595230e+00
    endloop
  endfacet
  facet normal -1.000000e+00 0.000000e+00 0.000000e+00
    outer loop
      vertex   -2.350000e+01 1.141874e+02 5.595230e+00
      vertex   -2.350000e+01 1.149856e+02 2.599498e+00
      vertex   -2.350000e+01 1.143243e+02 2.304890e+00
    endloop
  endfacet
  facet normal -1.000000e+00 0.000000e+00 -0.000000e+00
    outer loop
      vertex   -2.350000e+01 1.141874e+02 5.595230e+00
      vertex   -2.350000e+01 1.143243e+02 2.304890e+00
      vertex   -2.350000e+01 1.139570e+02 5.294925e+00
    endloop
  endfacet
  facet normal -1.000000e+00 0.000000e+00 -0.000000e+00
    outer loop
      vertex   -2.350000e+01 1.139570e+02 5.294925e+00
      vertex   -2.350000e+01 1.143243e+02 2.304890e+00
      vertex   -2.350000e+01 1.136567e+02 5.064493e+00
    endloop
  endfacet
  facet normal -1.000000e+00 0.000000e+00 -0.000000e+00
    outer loop
      vertex   -2.350000e+01 1.136567e+02 5.064493e+00
      vertex   -2.350000e+01 1.143243e+02 2.304890e+00
      vertex   -2.350000e+01 1.136227e+02 2.126782e+00
    endloop
  endfacet
  facet normal -1.000000e+00 0.000000e+00 0.000000e+00
    outer loop
      vertex   -2.350000e+01 1.136567e+02 5.064493e+00
      vertex   -2.350000e+01 1.136227e+02 2.126782e+00
      vertex   -2.350000e+01 1.133069e+02 4.919637e+00
    endloop
  endfacet
  facet normal -1.000000e+00 0.000000e+00 -0.000000e+00
    outer loop
      vertex   -2.350000e+01 1.133069e+02 4.919637e+00
      vertex   -2.350000e+01 1.136227e+02 2.126782e+00
      vertex   -2.350000e+01 1.129010e+02 2.070341e+00
    endloop
  endfacet
  facet normal -1.000000e+00 0.000000e+00 0.000000e+00
    outer loop
      vertex   -2.350000e+01 1.133069e+02 4.919637e+00
      vertex   -2.350000e+01 1.129010e+02 2.070341e+00
      vertex   -2.350000e+01 1.129317e+02 4.870230e+00
    endloop
  endfacet
  facet normal -1.000000e+00 -0.000000e+00 0.000000e+00
    outer loop
      vertex   -2.350000e+01 1.129317e+02 4.870230e+00
      vertex   -2.350000e+01 1.129010e+02 2.070341e+00
      vertex   -2.350000e+01 1.125564e+02 4.919637e+00
    endloop
  endfacet
  facet normal -1.000000e+00 0.000000e+00 -0.000000e+00
    outer loop
      vertex   -2.350000e+01 1.125564e+02 4.919637e+00
      vertex   -2.350000e+01 1.129010e+02 2.070341e+00
      vertex   -2.350000e+01 1.121801e+02 2.137204e+00
    endloop
  endfacet
  facet normal -1.000000e+00 -0.000000e+00 0.000000e+00
    outer loop
      vertex   -2.350000e+01 1.125564e+02 4.919637e+00
      vertex   -2.350000e+01 1.121801e+02 2.137204e+00
      vertex   -2.350000e+01 1.122067e+02 5.064493e+00
    endloop
  endfacet
  facet normal -1.000000e+00 0.000000e+00 0.000000e+00
    outer loop
      vertex   -2.350000e+01 1.122067e+02 5.064493e+00
      vertex   -2.350000e+01 1.121801e+02 2.137204e+00
      vertex   -2.350000e+01 1.114811e+02 2.325432e+00
    endloop
  endfacet
  facet normal -1.000000e+00 -0.000000e+00 0.000000e+00
    outer loop
      vertex   -2.350000e+01 1.122067e+02 5.064493e+00
      vertex   -2.350000e+01 1.114811e+02 2.325432e+00
      vertex   -2.350000e+01 1.119064e+02 5.294925e+00
    endloop
  endfacet
  facet normal -1.000000e+00 -0.000000e+00 0.000000e+00
    outer loop
      vertex   -2.350000e+01 1.119064e+02 5.294925e+00
      vertex   -2.350000e+01 1.114811e+02 2.325432e+00
      vertex   -2.350000e+01 1.116759e+02 5.595230e+00
    endloop
  endfacet
  facet normal -1.000000e+00 0.000000e+00 0.000000e+00
    outer loop
      vertex   -2.350000e+01 1.116759e+02 5.595230e+00
      vertex   -2.350000e+01 1.114811e+02 2.325432e+00
      vertex   -2.350000e+01 1.108242e+02 2.629563e+00
    endloop
  endfacet
  facet normal -1.000000e+00 -0.000000e+00 0.000000e+00
    outer loop
      vertex   -2.350000e+01 1.116759e+02 5.595230e+00
      vertex   -2.350000e+01 1.108242e+02 2.629563e+00
      vertex   -2.350000e+01 1.115311e+02 5.944942e+00
    endloop
  endfacet
  facet normal -1.000000e+00 0.000000e+00 0.000000e+00
    outer loop
      vertex   -2.350000e+01 1.115311e+02 5.944942e+00
      vertex   -2.350000e+01 1.108242e+02 2.629563e+00
      vertex   -2.350000e+01 1.102284e+02 3.040774e+00
    endloop
  endfacet
  facet normal -1.000000e+00 -0.000000e+00 0.000000e+00
    outer loop
      vertex   -2.350000e+01 1.115311e+02 5.944942e+00
      vertex   -2.350000e+01 1.102284e+02 3.040774e+00
      vertex   -2.350000e+01 1.114817e+02 6.320230e+00
    endloop
  endfacet
  facet normal -1.000000e+00 0.000000e+00 0.000000e+00
    outer loop
      vertex   -2.350000e+01 1.114817e+02 6.320230e+00
      vertex   -2.350000e+01 1.102284e+02 3.040774e+00
      vertex   -2.350000e+01 1.097110e+02 3.547134e+00
    endloop
  endfacet
  facet normal -1.000000e+00 -0.000000e+00 0.000000e+00
    outer loop
      vertex   -2.350000e+01 1.114817e+02 6.320230e+00
      vertex   -2.350000e+01 1.097110e+02 3.547134e+00
      vertex   -2.350000e+01 1.095572e+02 8.903941e+00
    endloop
  endfacet
  facet normal -1.000000e+00 0.000000e+00 -0.000000e+00
    outer loop
      vertex   -2.350000e+01 1.095572e+02 8.903941e+00
      vertex   -2.350000e+01 1.097110e+02 3.547134e+00
      vertex   -2.350000e+01 1.092871e+02 4.133951e+00
    endloop
  endfacet
  facet normal -1.000000e+00 0.000000e+00 0.000000e+00
    outer loop
      vertex   -2.350000e+01 1.095572e+02 8.903941e+00
      vertex   -2.350000e+01 1.092871e+02 4.133951e+00
      vertex   -2.350000e+01 1.091677e+02 8.293764e+00
    endloop
  endfacet
  facet normal -1.000000e+00 0.000000e+00 -0.000000e+00
    outer loop
      vertex   -2.350000e+01 1.091677e+02 8.293764e+00
      vertex   -2.350000e+01 1.092871e+02 4.133951e+00
      vertex   -2.350000e+01 1.089689e+02 4.784200e+00
    endloop
  endfacet
  facet normal -1.000000e+00 0.000000e+00 0.000000e+00
    outer loop
      vertex   -2.350000e+01 1.091677e+02 8.293764e+00
      vertex   -2.350000e+01 1.089689e+02 4.784200e+00
      vertex   -2.350000e+01 1.088873e+02 7.626328e+00
    endloop
  endfacet
  facet normal -1.000000e+00 0.000000e+00 -0.000000e+00
    outer loop
      vertex   -2.350000e+01 1.088873e+02 7.626328e+00
      vertex   -2.350000e+01 1.089689e+02 4.784200e+00
      vertex   -2.350000e+01 1.087657e+02 5.479015e+00
    endloop
  endfacet
  facet normal -1.000000e+00 0.000000e+00 0.000000e+00
    outer loop
      vertex   -2.350000e+01 1.088873e+02 7.626328e+00
      vertex   -2.350000e+01 1.087657e+02 5.479015e+00
      vertex   -2.350000e+01 1.087243e+02 6.920998e+00
    endloop
  endfacet
  facet normal -1.000000e+00 0.000000e+00 -0.000000e+00
    outer loop
      vertex   -2.350000e+01 1.087243e+02 6.920998e+00
      vertex   -2.350000e+01 1.087657e+02 5.479015e+00
      vertex   -2.350000e+01 1.086834e+02 6.198237e+00
    endloop
  endfacet
  facet normal -1.000000e+00 0.000000e+00 0.000000e+00
    outer loop
      vertex   -2.350000e+01 1.095572e+02 8.903941e+00
      vertex   -2.350000e+01 1.100447e+02 9.439154e+00
      vertex   -2.350000e+01 1.114817e+02 6.320230e+00
    endloop
  endfacet
  facet normal -1.000000e+00 0.000000e+00 0.000000e+00
    outer loop
      vertex   -2.350000e+01 1.114817e+02 6.320230e+00
      vertex   -2.350000e+01 1.100447e+02 9.439154e+00
      vertex   -2.350000e+01 1.115311e+02 6.695517e+00
    endloop
  endfacet
  facet normal -1.000000e+00 0.000000e+00 0.000000e+00
    outer loop
      vertex   -2.350000e+01 1.115311e+02 6.695517e+00
      vertex   -2.350000e+01 1.100447e+02 9.439154e+00
      vertex   -2.350000e+01 1.106159e+02 9.883877e+00
    endloop
  endfacet
  facet normal -1.000000e+00 0.000000e+00 0.000000e+00
    outer loop
      vertex   -2.350000e+01 1.115311e+02 6.695517e+00
      vertex   -2.350000e+01 1.106159e+02 9.883877e+00
      vertex   -2.350000e+01 1.116759e+02 7.045230e+00
    endloop
  endfacet
  facet normal -1.000000e+00 0.000000e+00 0.000000e+00
    outer loop
      vertex   -2.350000e+01 1.116759e+02 7.045230e+00
      vertex   -2.350000e+01 1.106159e+02 9.883877e+00
      vertex   -2.350000e+01 1.112543e+02 1.022521e+01
    endloop
  endfacet
  facet normal -1.000000e+00 0.000000e+00 0.000000e+00
    outer loop
      vertex   -2.350000e+01 1.116759e+02 7.045230e+00
      vertex   -2.350000e+01 1.112543e+02 1.022521e+01
      vertex   -2.350000e+01 1.119064e+02 7.345534e+00
    endloop
  endfacet
  facet normal -1.000000e+00 0.000000e+00 0.000000e+00
    outer loop
      vertex   -2.350000e+01 1.119064e+02 7.345534e+00
      vertex   -2.350000e+01 1.112543e+02 1.022521e+01
      vertex   -2.350000e+01 1.119413e+02 1.045324e+01
    endloop
  endfacet
  facet normal -1.000000e+00 0.000000e+00 0.000000e+00
    outer loop
      vertex   -2.350000e+01 1.119064e+02 7.345534e+00
      vertex   -2.350000e+01 1.119413e+02 1.045324e+01
      vertex   -2.350000e+01 1.122067e+02 7.575966e+00
    endloop
  endfacet
  facet normal -1.000000e+00 0.000000e+00 0.000000e+00
    outer loop
      vertex   -2.350000e+01 1.122067e+02 7.575966e+00
      vertex   -2.350000e+01 1.119413e+02 1.045324e+01
      vertex   -2.350000e+01 1.125564e+02 7.720822e+00
    endloop
  endfacet
  facet normal -1.000000e+00 0.000000e+00 0.000000e+00
    outer loop
      vertex   -2.350000e+01 1.125564e+02 7.720822e+00
      vertex   -2.350000e+01 1.119413e+02 1.045324e+01
      vertex   -2.350000e+01 1.126571e+02 1.056135e+01
    endloop
  endfacet
  facet normal -1.000000e+00 0.000000e+00 0.000000e+00
    outer loop
      vertex   -2.350000e+01 1.125564e+02 7.720822e+00
      vertex   -2.350000e+01 1.126571e+02 1.056135e+01
      vertex   -2.350000e+01 1.129317e+02 7.770230e+00
    endloop
  endfacet
  facet normal -1.000000e+00 0.000000e+00 0.000000e+00
    outer loop
      vertex   -2.350000e+01 1.129317e+02 7.770230e+00
      vertex   -2.350000e+01 1.126571e+02 1.056135e+01
      vertex   -2.350000e+01 1.133809e+02 1.054642e+01
    endloop
  endfacet
  facet normal -1.000000e+00 0.000000e+00 0.000000e+00
    outer loop
      vertex   -2.350000e+01 1.129317e+02 7.770230e+00
      vertex   -2.350000e+01 1.133809e+02 1.054642e+01
      vertex   -2.350000e+01 1.133069e+02 7.720822e+00
    endloop
  endfacet
  facet normal -1.000000e+00 0.000000e+00 0.000000e+00
    outer loop
      vertex   -2.350000e+01 1.133069e+02 7.720822e+00
      vertex   -2.350000e+01 1.133809e+02 1.054642e+01
      vertex   -2.350000e+01 1.136567e+02 7.575966e+00
    endloop
  endfacet
  facet normal -1.000000e+00 0.000000e+00 0.000000e+00
    outer loop
      vertex   -2.350000e+01 1.136567e+02 7.575966e+00
      vertex   -2.350000e+01 1.133809e+02 1.054642e+01
      vertex   -2.350000e+01 1.140916e+02 1.040887e+01
    endloop
  endfacet
  facet normal -1.000000e+00 0.000000e+00 0.000000e+00
    outer loop
      vertex   -2.350000e+01 1.136567e+02 7.575966e+00
      vertex   -2.350000e+01 1.140916e+02 1.040887e+01
      vertex   -2.350000e+01 1.139570e+02 7.345534e+00
    endloop
  endfacet
  facet normal -1.000000e+00 0.000000e+00 0.000000e+00
    outer loop
      vertex   -2.350000e+01 1.139570e+02 7.345534e+00
      vertex   -2.350000e+01 1.140916e+02 1.040887e+01
      vertex   -2.350000e+01 1.141874e+02 7.045230e+00
    endloop
  endfacet
  facet normal -1.000000e+00 -1.065193e-14 -3.032971e-16
    outer loop
      vertex   -2.350000e+01 1.141874e+02 7.045230e+00
      vertex   -2.350000e+01 1.140916e+02 1.040887e+01
      vertex   -2.350000e+01 1.147500e+02 1.071437e+01
    endloop
  endfacet
  facet normal -1.000000e+00 -3.412152e-15 -1.413360e-15
    outer loop
      vertex   -2.350000e+01 1.141874e+02 7.045230e+00
      vertex   -2.350000e+01 1.147500e+02 1.071437e+01
      vertex   -2.350000e+01 1.143323e+02 6.695517e+00
    endloop
  endfacet
  facet normal -1.000000e+00 1.171089e-14 -2.985276e-15
    outer loop
      vertex   -2.350000e+01 1.143323e+02 6.695517e+00
      vertex   -2.350000e+01 1.147500e+02 1.071437e+01
      vertex   -2.350000e+01 1.154423e+02 1.105001e+01
    endloop
  endfacet
  facet normal -1.000000e+00 0.000000e+00 0.000000e+00
    outer loop
      vertex   2.080000e+01 1.069017e+02 6.995398e+01
      vertex   2.080000e+01 1.080818e+02 7.664838e+01
      vertex   2.080000e+01 1.215014e+02 6.119879e+01
    endloop
  endfacet
  facet normal -1.000000e+00 -4.269572e-15 -3.708589e-15
    outer loop
      vertex   2.080000e+01 1.215014e+02 6.119879e+01
      vertex   2.080000e+01 1.080818e+02 7.664838e+01
      vertex   2.080000e+01 1.254494e+02 6.623333e+01
    endloop
  endfacet
  facet normal -1.000000e+00 -2.960478e-15 -4.735148e-15
    outer loop
      vertex   2.080000e+01 1.215014e+02 6.119879e+01
      vertex   2.080000e+01 1.254494e+02 6.623333e+01
      vertex   2.080000e+01 1.222885e+02 6.070669e+01
    endloop
  endfacet
  facet normal -1.000000e+00 -3.140846e-15 -4.631990e-15
    outer loop
      vertex   2.080000e+01 1.222885e+02 6.070669e+01
      vertex   2.080000e+01 1.254494e+02 6.623333e+01
      vertex   2.080000e+01 1.230557e+02 6.018648e+01
    endloop
  endfacet
  facet normal -1.000000e+00 -3.340140e-15 -4.553098e-15
    outer loop
      vertex   2.080000e+01 1.230557e+02 6.018648e+01
      vertex   2.080000e+01 1.254494e+02 6.623333e+01
      vertex   2.080000e+01 1.238023e+02 5.963881e+01
    endloop
  endfacet
  facet normal -1.000000e+00 4.616511e-15 -6.540443e-15
    outer loop
      vertex   2.080000e+01 1.238023e+02 5.963881e+01
      vertex   2.080000e+01 1.254494e+02 6.623333e+01
      vertex   2.080000e+01 1.245275e+02 5.906432e+01
    endloop
  endfacet
  facet normal -1.000000e+00 3.374343e-14 -1.028603e-14
    outer loop
      vertex   2.080000e+01 1.245275e+02 5.906432e+01
      vertex   2.080000e+01 1.254494e+02 6.623333e+01
      vertex   2.080000e+01 1.263344e+02 6.568253e+01
    endloop
  endfacet
  facet normal -1.000000e+00 -8.937505e-15 1.366443e-15
    outer loop
      vertex   2.080000e+01 1.245275e+02 5.906432e+01
      vertex   2.080000e+01 1.263344e+02 6.568253e+01
      vertex   2.080000e+01 1.252307e+02 5.846364e+01
    endloop
  endfacet
  facet normal -1.000000e+00 0.000000e+00 0.000000e+00
    outer loop
      vertex   2.080000e+01 1.252307e+02 5.846364e+01
      vertex   2.080000e+01 1.263344e+02 6.568253e+01
      vertex   2.080000e+01 1.259111e+02 5.783743e+01
    endloop
  endfacet
  facet normal -1.000000e+00 0.000000e+00 0.000000e+00
    outer loop
      vertex   2.080000e+01 1.259111e+02 5.783743e+01
      vertex   2.080000e+01 1.263344e+02 6.568253e+01
      vertex   2.080000e+01 1.271997e+02 6.510340e+01
    endloop
  endfacet
  facet normal -1.000000e+00 0.000000e+00 0.000000e+00
    outer loop
      vertex   2.080000e+01 1.259111e+02 5.783743e+01
      vertex   2.080000e+01 1.271997e+02 6.510340e+01
      vertex   2.080000e+01 1.265681e+02 5.718631e+01
    endloop
  endfacet
  facet normal -1.000000e+00 -3.976535e-15 3.172393e-16
    outer loop
      vertex   2.080000e+01 1.265681e+02 5.718631e+01
      vertex   2.080000e+01 1.271997e+02 6.510340e+01
      vertex   2.080000e+01 1.280447e+02 6.449650e+01
    endloop
  endfacet
  facet normal -1.000000e+00 -4.267077e-16 -3.998027e-16
    outer loop
      vertex   2.080000e+01 1.265681e+02 5.718631e+01
      vertex   2.080000e+01 1.280447e+02 6.449650e+01
      vertex   2.080000e+01 1.272009e+02 5.651094e+01
    endloop
  endfacet
  facet normal -1.000000e+00 3.670475e-15 -8.327454e-16
    outer loop
      vertex   2.080000e+01 1.272009e+02 5.651094e+01
      vertex   2.080000e+01 1.280447e+02 6.449650e+01
      vertex   2.080000e+01 1.288687e+02 6.386239e+01
    endloop
  endfacet
  facet normal -1.000000e+00 0.000000e+00 0.000000e+00
    outer loop
      vertex   2.080000e+01 1.272009e+02 5.651094e+01
      vertex   2.080000e+01 1.288687e+02 6.386239e+01
      vertex   2.080000e+01 1.278088e+02 5.581195e+01
    endloop
  endfacet
  facet normal -1.000000e+00 0.000000e+00 0.000000e+00
    outer loop
      vertex   2.080000e+01 1.278088e+02 5.581195e+01
      vertex   2.080000e+01 1.288687e+02 6.386239e+01
      vertex   2.080000e+01 1.296712e+02 6.320161e+01
    endloop
  endfacet
  facet normal -1.000000e+00 0.000000e+00 0.000000e+00
    outer loop
      vertex   2.080000e+01 1.278088e+02 5.581195e+01
      vertex   2.080000e+01 1.296712e+02 6.320161e+01
      vertex   2.080000e+01 1.283911e+02 5.508998e+01
    endloop
  endfacet
  facet normal -1.000000e+00 0.000000e+00 0.000000e+00
    outer loop
      vertex   2.080000e+01 1.283911e+02 5.508998e+01
      vertex   2.080000e+01 1.296712e+02 6.320161e+01
      vertex   2.080000e+01 1.304514e+02 6.251473e+01
    endloop
  endfacet
  facet normal -1.000000e+00 0.000000e+00 0.000000e+00
    outer loop
      vertex   2.080000e+01 1.283911e+02 5.508998e+01
      vertex   2.080000e+01 1.304514e+02 6.251473e+01
      vertex   2.080000e+01 1.289469e+02 5.434600e+01
    endloop
  endfacet
  facet normal -1.000000e+00 0.000000e+00 0.000000e+00
    outer loop
      vertex   2.080000e+01 1.289469e+02 5.434600e+01
      vertex   2.080000e+01 1.304514e+02 6.251473e+01
      vertex   2.080000e+01 1.312087e+02 6.180229e+01
    endloop
  endfacet
  facet normal -1.000000e+00 0.000000e+00 0.000000e+00
    outer loop
      vertex   2.080000e+01 1.289469e+02 5.434600e+01
      vertex   2.080000e+01 1.312087e+02 6.180229e+01
      vertex   2.080000e+01 1.294740e+02 5.358280e+01
    endloop
  endfacet
  facet normal -1.000000e+00 0.000000e+00 0.000000e+00
    outer loop
      vertex   2.080000e+01 1.294740e+02 5.358280e+01
      vertex   2.080000e+01 1.312087e+02 6.180229e+01
      vertex   2.080000e+01 1.319424e+02 6.106486e+01
    endloop
  endfacet
  facet normal -1.000000e+00 0.000000e+00 0.000000e+00
    outer loop
      vertex   2.080000e+01 1.294740e+02 5.358280e+01
      vertex   2.080000e+01 1.319424e+02 6.106486e+01
      vertex   2.080000e+01 1.299719e+02 5.280158e+01
    endloop
  endfacet
  facet normal -1.000000e+00 0.000000e+00 0.000000e+00
    outer loop
      vertex   2.080000e+01 1.299719e+02 5.280158e+01
      vertex   2.080000e+01 1.319424e+02 6.106486e+01
      vertex   2.080000e+01 1.326520e+02 6.030298e+01
    endloop
  endfacet
  facet normal -1.000000e+00 0.000000e+00 0.000000e+00
    outer loop
      vertex   2.080000e+01 1.299719e+02 5.280158e+01
      vertex   2.080000e+01 1.326520e+02 6.030298e+01
      vertex   2.080000e+01 1.304401e+02 5.200321e+01
    endloop
  endfacet
  facet normal -1.000000e+00 0.000000e+00 0.000000e+00
    outer loop
      vertex   2.080000e+01 1.304401e+02 5.200321e+01
      vertex   2.080000e+01 1.326520e+02 6.030298e+01
      vertex   2.080000e+01 1.333367e+02 5.951722e+01
    endloop
  endfacet
  facet normal -1.000000e+00 0.000000e+00 0.000000e+00
    outer loop
      vertex   2.080000e+01 1.304401e+02 5.200321e+01
      vertex   2.080000e+01 1.333367e+02 5.951722e+01
      vertex   2.080000e+01 1.308781e+02 5.118854e+01
    endloop
  endfacet
  facet normal -1.000000e+00 0.000000e+00 0.000000e+00
    outer loop
      vertex   2.080000e+01 1.308781e+02 5.118854e+01
      vertex   2.080000e+01 1.333367e+02 5.951722e+01
      vertex   2.080000e+01 1.339952e+02 5.870903e+01
    endloop
  endfacet
  facet normal -1.000000e+00 0.000000e+00 0.000000e+00
    outer loop
      vertex   2.080000e+01 1.308781e+02 5.118854e+01
      vertex   2.080000e+01 1.339952e+02 5.870903e+01
      vertex   2.080000e+01 1.312856e+02 5.035844e+01
    endloop
  endfacet
  facet normal -1.000000e+00 0.000000e+00 0.000000e+00
    outer loop
      vertex   2.080000e+01 1.312856e+02 5.035844e+01
      vertex   2.080000e+01 1.339952e+02 5.870903e+01
      vertex   2.080000e+01 1.346259e+02 5.788044e+01
    endloop
  endfacet
  facet normal -1.000000e+00 -4.726556e-15 2.098927e-15
    outer loop
      vertex   2.080000e+01 1.312856e+02 5.035844e+01
      vertex   2.080000e+01 1.346259e+02 5.788044e+01
      vertex   2.080000e+01 1.316622e+02 4.951377e+01
    endloop
  endfacet
  facet normal -1.000000e+00 3.989065e-16 2.833217e-16
    outer loop
      vertex   2.080000e+01 1.316622e+02 4.951377e+01
      vertex   2.080000e+01 1.346259e+02 5.788044e+01
      vertex   2.080000e+01 1.352284e+02 5.703218e+01
    endloop
  endfacet
  facet normal -1.000000e+00 5.261282e-15 -2.023054e-15
    outer loop
      vertex   2.080000e+01 1.316622e+02 4.951377e+01
      vertex   2.080000e+01 1.352284e+02 5.703218e+01
      vertex   2.080000e+01 1.320074e+02 4.865540e+01
    endloop
  endfacet
  facet normal -1.000000e+00 0.000000e+00 0.000000e+00
    outer loop
      vertex   2.080000e+01 1.320074e+02 4.865540e+01
      vertex   2.080000e+01 1.352284e+02 5.703218e+01
      vertex   2.080000e+01 1.358022e+02 5.616500e+01
    endloop
  endfacet
  facet normal -1.000000e+00 9.427702e-15 -4.764094e-15
    outer loop
      vertex   2.080000e+01 1.320074e+02 4.865540e+01
      vertex   2.080000e+01 1.358022e+02 5.616500e+01
      vertex   2.080000e+01 1.323208e+02 4.778418e+01
    endloop
  endfacet
  facet normal -1.000000e+00 -4.716055e-15 1.111232e-15
    outer loop
      vertex   2.080000e+01 1.323208e+02 4.778418e+01
      vertex   2.080000e+01 1.358022e+02 5.616500e+01
      vertex   2.080000e+01 1.363469e+02 5.527963e+01
    endloop
  endfacet
  facet normal -1.000000e+00 -1.106518e-14 4.521603e-15
    outer loop
      vertex   2.080000e+01 1.323208e+02 4.778418e+01
      vertex   2.080000e+01 1.363469e+02 5.527963e+01
      vertex   2.080000e+01 1.326020e+02 4.690099e+01
    endloop
  endfacet
  facet normal -1.000000e+00 3.450430e-15 -1.966202e-15
    outer loop
      vertex   2.080000e+01 1.326020e+02 4.690099e+01
      vertex   2.080000e+01 1.363469e+02 5.527963e+01
      vertex   2.080000e+01 1.368621e+02 5.437680e+01
    endloop
  endfacet
  facet normal -1.000000e+00 0.000000e+00 0.000000e+00
    outer loop
      vertex   2.080000e+01 1.326020e+02 4.690099e+01
      vertex   2.080000e+01 1.368621e+02 5.437680e+01
      vertex   2.080000e+01 1.328507e+02 4.600667e+01
    endloop
  endfacet
  facet normal -1.000000e+00 0.000000e+00 0.000000e+00
    outer loop
      vertex   2.080000e+01 1.328507e+02 4.600667e+01
      vertex   2.080000e+01 1.368621e+02 5.437680e+01
      vertex   2.080000e+01 1.373473e+02 5.345726e+01
    endloop
  endfacet
  facet normal -1.000000e+00 0.000000e+00 0.000000e+00
    outer loop
      vertex   2.080000e+01 1.328507e+02 4.600667e+01
      vertex   2.080000e+01 1.373473e+02 5.345726e+01
      vertex   2.080000e+01 1.330660e+02 4.510329e+01
    endloop
  endfacet
  facet normal -1.000000e+00 0.000000e+00 0.000000e+00
    outer loop
      vertex   2.080000e+01 1.330660e+02 4.510329e+01
      vertex   2.080000e+01 1.373473e+02 5.345726e+01
      vertex   2.080000e+01 1.378021e+02 5.252174e+01
    endloop
  endfacet
  facet normal -1.000000e+00 0.000000e+00 0.000000e+00
    outer loop
      vertex   2.080000e+01 1.330660e+02 4.510329e+01
      vertex   2.080000e+01 1.378021e+02 5.252174e+01
      vertex   2.080000e+01 1.382261e+02 5.157097e+01
    endloop
  endfacet
  facet normal -1.000000e+00 0.000000e+00 0.000000e+00
    outer loop
      vertex   2.080000e+01 1.330660e+02 4.510329e+01
      vertex   2.080000e+01 1.382261e+02 5.157097e+01
      vertex   2.080000e+01 1.332476e+02 4.419309e+01
    endloop
  endfacet
  facet normal -1.000000e+00 0.000000e+00 0.000000e+00
    outer loop
      vertex   2.080000e+01 1.332476e+02 4.419309e+01
      vertex   2.080000e+01 1.382261e+02 5.157097e+01
      vertex   2.080000e+01 1.386189e+02 5.060570e+01
    endloop
  endfacet
  facet normal -1.000000e+00 0.000000e+00 0.000000e+00
    outer loop
      vertex   2.080000e+01 1.332476e+02 4.419309e+01
      vertex   2.080000e+01 1.386189e+02 5.060570e+01
      vertex   2.080000e+01 1.333952e+02 4.327703e+01
    endloop
  endfacet
  facet normal -1.000000e+00 0.000000e+00 0.000000e+00
    outer loop
      vertex   2.080000e+01 1.333952e+02 4.327703e+01
      vertex   2.080000e+01 1.386189e+02 5.060570e+01
      vertex   2.080000e+01 1.389796e+02 4.962759e+01
    endloop
  endfacet
  facet normal -1.000000e+00 0.000000e+00 0.000000e+00
    outer loop
      vertex   2.080000e+01 1.333952e+02 4.327703e+01
      vertex   2.080000e+01 1.389796e+02 4.962759e+01
      vertex   2.080000e+01 1.393073e+02 4.863941e+01
    endloop
  endfacet
  facet normal -1.000000e+00 0.000000e+00 0.000000e+00
    outer loop
      vertex   2.080000e+01 1.333952e+02 4.327703e+01
      vertex   2.080000e+01 1.393073e+02 4.863941e+01
      vertex   2.080000e+01 1.335088e+02 4.235604e+01
    endloop
  endfacet
  facet normal -1.000000e+00 0.000000e+00 0.000000e+00
    outer loop
      vertex   2.080000e+01 1.335088e+02 4.235604e+01
      vertex   2.080000e+01 1.393073e+02 4.863941e+01
      vertex   2.080000e+01 1.396019e+02 4.764204e+01
    endloop
  endfacet
  facet normal -1.000000e+00 0.000000e+00 0.000000e+00
    outer loop
      vertex   2.080000e+01 1.335088e+02 4.235604e+01
      vertex   2.080000e+01 1.396019e+02 4.764204e+01
      vertex   2.080000e+01 1.398632e+02 4.663633e+01
    endloop
  endfacet
  facet normal -1.000000e+00 0.000000e+00 0.000000e+00
    outer loop
      vertex   2.080000e+01 1.335088e+02 4.235604e+01
      vertex   2.080000e+01 1.398632e+02 4.663633e+01
      vertex   2.080000e+01 1.335881e+02 4.143108e+01
    endloop
  endfacet
  facet normal -1.000000e+00 0.000000e+00 0.000000e+00
    outer loop
      vertex   2.080000e+01 1.335881e+02 4.143108e+01
      vertex   2.080000e+01 1.398632e+02 4.663633e+01
      vertex   2.080000e+01 1.400911e+02 4.562313e+01
    endloop
  endfacet
  facet normal -1.000000e+00 0.000000e+00 0.000000e+00
    outer loop
      vertex   2.080000e+01 1.335881e+02 4.143108e+01
      vertex   2.080000e+01 1.400911e+02 4.562313e+01
      vertex   2.080000e+01 1.402854e+02 4.460326e+01
    endloop
  endfacet
  facet normal -1.000000e+00 0.000000e+00 0.000000e+00
    outer loop
      vertex   2.080000e+01 1.335881e+02 4.143108e+01
      vertex   2.080000e+01 1.402854e+02 4.460326e+01
      vertex   2.080000e+01 1.336330e+02 4.050332e+01
    endloop
  endfacet
  facet normal -1.000000e+00 0.000000e+00 0.000000e+00
    outer loop
      vertex   2.080000e+01 1.336330e+02 4.050332e+01
      vertex   2.080000e+01 1.402854e+02 4.460326e+01
      vertex   2.080000e+01 1.404460e+02 4.357757e+01
    endloop
  endfacet
  facet normal -1.000000e+00 0.000000e+00 0.000000e+00
    outer loop
      vertex   2.080000e+01 1.336330e+02 4.050332e+01
      vertex   2.080000e+01 1.404460e+02 4.357757e+01
      vertex   2.080000e+01 1.405728e+02 4.254690e+01
    endloop
  endfacet
  facet normal -1.000000e+00 0.000000e+00 -0.000000e+00
    outer loop
      vertex   2.080000e+01 1.405728e+02 4.254690e+01
      vertex   2.080000e+01 1.406655e+02 4.151208e+01
      vertex   2.080000e+01 1.336330e+02 4.050332e+01
    endloop
  endfacet
  facet normal -1.000000e+00 0.000000e+00 0.000000e+00
    outer loop
      vertex   2.080000e+01 1.336330e+02 4.050332e+01
      vertex   2.080000e+01 1.406655e+02 4.151208e+01
      vertex   2.080000e+01 1.336434e+02 3.957501e+01
    endloop
  endfacet
  facet normal -1.000000e+00 0.000000e+00 0.000000e+00
    outer loop
      vertex   2.080000e+01 1.336434e+02 3.957501e+01
      vertex   2.080000e+01 1.406655e+02 4.151208e+01
      vertex   2.080000e+01 1.407241e+02 4.047397e+01
    endloop
  endfacet
  facet normal -1.000000e+00 0.000000e+00 0.000000e+00
    outer loop
      vertex   2.080000e+01 1.336434e+02 3.957501e+01
      vertex   2.080000e+01 1.407241e+02 4.047397e+01
      vertex   2.080000e+01 1.407484e+02 3.943339e+01
    endloop
  endfacet
  facet normal -1.000000e+00 -1.358696e-16 -6.816393e-15
    outer loop
      vertex   2.080000e+01 1.407484e+02 3.943339e+01
      vertex   2.080000e+01 1.407382e+02 3.839119e+01
      vertex   2.080000e+01 1.336434e+02 3.957501e+01
    endloop
  endfacet
  facet normal -1.000000e+00 9.971810e-16 -2.583143e-17
    outer loop
      vertex   2.080000e+01 1.336434e+02 3.957501e+01
      vertex   2.080000e+01 1.407382e+02 3.839119e+01
      vertex   2.080000e+01 1.336194e+02 3.864736e+01
    endloop
  endfacet
  facet normal -1.000000e+00 1.201016e-15 5.638651e-15
    outer loop
      vertex   2.080000e+01 1.336194e+02 3.864736e+01
      vertex   2.080000e+01 1.407382e+02 3.839119e+01
      vertex   2.080000e+01 1.406911e+02 3.714109e+01
    endloop
  endfacet
  facet normal -1.000000e+00 0.000000e+00 0.000000e+00
    outer loop
      vertex   2.080000e+01 1.336194e+02 3.864736e+01
      vertex   2.080000e+01 1.406911e+02 3.714109e+01
      vertex   2.080000e+01 1.406159e+02 3.591501e+01
    endloop
  endfacet
  facet normal -1.000000e+00 0.000000e+00 -0.000000e+00
    outer loop
      vertex   2.080000e+01 1.336194e+02 3.864736e+01
      vertex   2.080000e+01 1.406159e+02 3.591501e+01
      vertex   2.080000e+01 1.335609e+02 3.772132e+01
    endloop
  endfacet
  facet normal -1.000000e+00 -1.480232e-15 -5.781411e-15
    outer loop
      vertex   2.080000e+01 1.335609e+02 3.772132e+01
      vertex   2.080000e+01 1.406159e+02 3.591501e+01
      vertex   2.080000e+01 1.405123e+02 3.471252e+01
    endloop
  endfacet
  facet normal -1.000000e+00 9.748478e-16 -1.093015e-16
    outer loop
      vertex   2.080000e+01 1.335609e+02 3.772132e+01
      vertex   2.080000e+01 1.405123e+02 3.471252e+01
      vertex   2.080000e+01 1.403801e+02 3.353320e+01
    endloop
  endfacet
  facet normal -1.000000e+00 9.814152e-16 -9.860836e-17
    outer loop
      vertex   2.080000e+01 1.335609e+02 3.772132e+01
      vertex   2.080000e+01 1.403801e+02 3.353320e+01
      vertex   2.080000e+01 1.334681e+02 3.679785e+01
    endloop
  endfacet
  facet normal -1.000000e+00 3.687082e-15 5.629873e-15
    outer loop
      vertex   2.080000e+01 1.334681e+02 3.679785e+01
      vertex   2.080000e+01 1.403801e+02 3.353320e+01
      vertex   2.080000e+01 1.402190e+02 3.237665e+01
    endloop
  endfacet
  facet normal -1.000000e+00 -3.696521e-15 -5.644284e-15
    outer loop
      vertex   2.080000e+01 1.334681e+02 3.679785e+01
      vertex   2.080000e+01 1.402190e+02 3.237665e+01
      vertex   2.080000e+01 1.400286e+02 3.124244e+01
    endloop
  endfacet
  facet normal -1.000000e+00 9.696369e-16 -1.339521e-16
    outer loop
      vertex   2.080000e+01 1.334681e+02 3.679785e+01
      vertex   2.080000e+01 1.400286e+02 3.124244e+01
      vertex   2.080000e+01 1.333411e+02 3.587791e+01
    endloop
  endfacet
  facet normal -1.000000e+00 9.344719e-16 -1.846843e-16
    outer loop
      vertex   2.080000e+01 1.333411e+02 3.587791e+01
      vertex   2.080000e+01 1.400286e+02 3.124244e+01
      vertex   2.080000e+01 1.398088e+02 3.013016e+01
    endloop
  endfacet
  facet normal -1.000000e+00 9.129525e-16 -2.088993e-16
    outer loop
      vertex   2.080000e+01 1.333411e+02 3.587791e+01
      vertex   2.080000e+01 1.398088e+02 3.013016e+01
      vertex   2.080000e+01 1.395591e+02 2.903902e+01
    endloop
  endfacet
  facet normal -1.000000e+00 6.541505e-15 4.908691e-15
    outer loop
      vertex   2.080000e+01 1.395591e+02 2.903902e+01
      vertex   2.080000e+01 1.392784e+02 2.796557e+01
      vertex   2.080000e+01 1.333411e+02 3.587791e+01
    endloop
  endfacet
  facet normal -1.000000e+00 0.000000e+00 -0.000000e+00
    outer loop
      vertex   2.080000e+01 1.333411e+02 3.587791e+01
      vertex   2.080000e+01 1.392784e+02 2.796557e+01
      vertex   2.080000e+01 1.329365e+02 3.364875e+01
    endloop
  endfacet
  facet normal -1.000000e+00 2.381574e-15 2.657637e-15
    outer loop
      vertex   2.080000e+01 1.329365e+02 3.364875e+01
      vertex   2.080000e+01 1.392784e+02 2.796557e+01
      vertex   2.080000e+01 1.389659e+02 2.690885e+01
    endloop
  endfacet
  facet normal -1.000000e+00 1.349529e-14 1.259980e-14
    outer loop
      vertex   2.080000e+01 1.329365e+02 3.364875e+01
      vertex   2.080000e+01 1.389659e+02 2.690885e+01
      vertex   2.080000e+01 1.386208e+02 2.586861e+01
    endloop
  endfacet
  facet normal -1.000000e+00 1.327897e-14 1.244175e-14
    outer loop
      vertex   2.080000e+01 1.386208e+02 2.586861e+01
      vertex   2.080000e+01 1.382426e+02 2.484457e+01
      vertex   2.080000e+01 1.329365e+02 3.364875e+01
    endloop
  endfacet
  facet normal -1.000000e+00 9.548372e-15 1.019339e-14
    outer loop
      vertex   2.080000e+01 1.329365e+02 3.364875e+01
      vertex   2.080000e+01 1.382426e+02 2.484457e+01
      vertex   2.080000e+01 1.378305e+02 2.383646e+01
    endloop
  endfacet
  facet normal -1.000000e+00 -7.400872e-15 1.739731e-15
    outer loop
      vertex   2.080000e+01 1.329365e+02 3.364875e+01
      vertex   2.080000e+01 1.378305e+02 2.383646e+01
      vertex   2.080000e+01 1.324178e+02 3.144240e+01
    endloop
  endfacet
  facet normal -1.000000e+00 9.376731e-15 1.367928e-14
    outer loop
      vertex   2.080000e+01 1.324178e+02 3.144240e+01
      vertex   2.080000e+01 1.378305e+02 2.383646e+01
      vertex   2.080000e+01 1.373838e+02 2.284403e+01
    endloop
  endfacet
  facet normal -1.000000e+00 9.262766e-15 1.361346e-14
    outer loop
      vertex   2.080000e+01 1.324178e+02 3.144240e+01
      vertex   2.080000e+01 1.373838e+02 2.284403e+01
      vertex   2.080000e+01 1.369020e+02 2.186701e+01
    endloop
  endfacet
  facet normal -1.000000e+00 -1.239166e-14 3.472522e-15
    outer loop
      vertex   2.080000e+01 1.324178e+02 3.144240e+01
      vertex   2.080000e+01 1.369020e+02 2.186701e+01
      vertex   2.080000e+01 1.321121e+02 3.035154e+01
    endloop
  endfacet
  facet normal -1.000000e+00 -2.794136e-15 8.890786e-15
    outer loop
      vertex   2.080000e+01 1.321121e+02 3.035154e+01
      vertex   2.080000e+01 1.369020e+02 2.186701e+01
      vertex   2.080000e+01 1.363844e+02 2.090513e+01
    endloop
  endfacet
  facet normal -1.000000e+00 -1.326473e-14 4.155334e-15
    outer loop
      vertex   2.080000e+01 1.321121e+02 3.035154e+01
      vertex   2.080000e+01 1.363844e+02 2.090513e+01
      vertex   2.080000e+01 1.317736e+02 2.927089e+01
    endloop
  endfacet
  facet normal -1.000000e+00 3.115152e-15 1.318308e-14
    outer loop
      vertex   2.080000e+01 1.317736e+02 2.927089e+01
      vertex   2.080000e+01 1.363844e+02 2.090513e+01
      vertex   2.080000e+01 1.358302e+02 1.995812e+01
    endloop
  endfacet
  facet normal -1.000000e+00 -1.507760e-14 5.258453e-15
    outer loop
      vertex   2.080000e+01 1.317736e+02 2.927089e+01
      vertex   2.080000e+01 1.358302e+02 1.995812e+01
      vertex   2.080000e+01 1.314008e+02 2.820196e+01
    endloop
  endfacet
  facet normal -1.000000e+00 -1.646160e-15 1.247510e-14
    outer loop
      vertex   2.080000e+01 1.314008e+02 2.820196e+01
      vertex   2.080000e+01 1.358302e+02 1.995812e+01
      vertex   2.080000e+01 1.352388e+02 1.902573e+01
    endloop
  endfacet
  facet normal -1.000000e+00 -1.192682e-14 8.175195e-15
    outer loop
      vertex   2.080000e+01 1.314008e+02 2.820196e+01
      vertex   2.080000e+01 1.352388e+02 1.902573e+01
      vertex   2.080000e+01 1.346095e+02 1.810769e+01
    endloop
  endfacet
  facet normal -1.000000e+00 -1.220250e-14 8.087566e-15
    outer loop
      vertex   2.080000e+01 1.314008e+02 2.820196e+01
      vertex   2.080000e+01 1.346095e+02 1.810769e+01
      vertex   2.080000e+01 1.309923e+02 2.714643e+01
    endloop
  endfacet
  facet normal -1.000000e+00 -2.469923e-14 3.086607e-15
    outer loop
      vertex   2.080000e+01 1.309923e+02 2.714643e+01
      vertex   2.080000e+01 1.346095e+02 1.810769e+01
      vertex   2.080000e+01 1.339171e+02 1.717093e+01
    endloop
  endfacet
  facet normal -1.000000e+00 -1.908956e-14 4.731307e-15
    outer loop
      vertex   2.080000e+01 1.309923e+02 2.714643e+01
      vertex   2.080000e+01 1.339171e+02 1.717093e+01
      vertex   2.080000e+01 1.305499e+02 2.611209e+01
    endloop
  endfacet
  facet normal -1.000000e+00 -3.741352e-14 -2.169384e-15
    outer loop
      vertex   2.080000e+01 1.305499e+02 2.611209e+01
      vertex   2.080000e+01 1.339171e+02 1.717093e+01
      vertex   2.080000e+01 1.331203e+02 1.617317e+01
    endloop
  endfacet
  facet normal -1.000000e+00 -1.028591e-14 4.846394e-15
    outer loop
      vertex   2.080000e+01 1.305499e+02 2.611209e+01
      vertex   2.080000e+01 1.331203e+02 1.617317e+01
      vertex   2.080000e+01 1.300741e+02 2.510229e+01
    endloop
  endfacet
  facet normal -1.000000e+00 -4.886522e-14 -8.315077e-15
    outer loop
      vertex   2.080000e+01 1.300741e+02 2.510229e+01
      vertex   2.080000e+01 1.331203e+02 1.617317e+01
      vertex   2.080000e+01 1.322088e+02 1.512087e+01
    endloop
  endfacet
  facet normal -1.000000e+00 2.009653e-15 2.565396e-15
    outer loop
      vertex   2.080000e+01 1.300741e+02 2.510229e+01
      vertex   2.080000e+01 1.322088e+02 1.512087e+01
      vertex   2.080000e+01 1.295643e+02 2.411677e+01
    endloop
  endfacet
  facet normal -1.000000e+00 -3.382369e-14 -7.968327e-15
    outer loop
      vertex   2.080000e+01 1.295643e+02 2.411677e+01
      vertex   2.080000e+01 1.322088e+02 1.512087e+01
      vertex   2.080000e+01 1.317068e+02 1.457640e+01
    endloop
  endfacet
  facet normal -1.000000e+00 4.708973e-16 -2.666360e-16
    outer loop
      vertex   2.080000e+01 1.295643e+02 2.411677e+01
      vertex   2.080000e+01 1.317068e+02 1.457640e+01
      vertex   2.080000e+01 1.290199e+02 2.315526e+01
    endloop
  endfacet
  facet normal -1.000000e+00 -4.480878e-14 -1.444852e-14
    outer loop
      vertex   2.080000e+01 1.290199e+02 2.315526e+01
      vertex   2.080000e+01 1.317068e+02 1.457640e+01
      vertex   2.080000e+01 1.311724e+02 1.402085e+01
    endloop
  endfacet
  facet normal -1.000000e+00 -8.755453e-15 -5.952588e-15
    outer loop
      vertex   2.080000e+01 1.290199e+02 2.315526e+01
      vertex   2.080000e+01 1.311724e+02 1.402085e+01
      vertex   2.080000e+01 1.284401e+02 2.221751e+01
    endloop
  endfacet
  facet normal -1.000000e+00 -3.059275e-14 -1.323184e-14
    outer loop
      vertex   2.080000e+01 1.284401e+02 2.221751e+01
      vertex   2.080000e+01 1.311724e+02 1.402085e+01
      vertex   2.080000e+01 1.306042e+02 1.345508e+01
    endloop
  endfacet
  facet normal -1.000000e+00 -3.375543e-14 -1.401294e-14
    outer loop
      vertex   2.080000e+01 1.284401e+02 2.221751e+01
      vertex   2.080000e+01 1.306042e+02 1.345508e+01
      vertex   2.080000e+01 1.300010e+02 1.287993e+01
    endloop
  endfacet
  facet normal -1.000000e+00 1.920177e-14 -5.160710e-15
    outer loop
      vertex   2.080000e+01 1.284401e+02 2.221751e+01
      vertex   2.080000e+01 1.300010e+02 1.287993e+01
      vertex   2.080000e+01 1.278244e+02 2.130324e+01
    endloop
  endfacet
  facet normal -1.000000e+00 -2.848556e-14 -1.748329e-14
    outer loop
      vertex   2.080000e+01 1.278244e+02 2.130324e+01
      vertex   2.080000e+01 1.300010e+02 1.287993e+01
      vertex   2.080000e+01 1.293615e+02 1.229625e+01
    endloop
  endfacet
  facet normal -1.000000e+00 1.839617e-14 -9.482665e-15
    outer loop
      vertex   2.080000e+01 1.278244e+02 2.130324e+01
      vertex   2.080000e+01 1.293615e+02 1.229625e+01
      vertex   2.080000e+01 1.271719e+02 2.041219e+01
    endloop
  endfacet
  facet normal -1.000000e+00 -1.526847e-14 -1.856474e-14
    outer loop
      vertex   2.080000e+01 1.271719e+02 2.041219e+01
      vertex   2.080000e+01 1.293615e+02 1.229625e+01
      vertex   2.080000e+01 1.286844e+02 1.170491e+01
    endloop
  endfacet
  facet normal -1.000000e+00 1.643396e-14 -1.305810e-14
    outer loop
      vertex   2.080000e+01 1.271719e+02 2.041219e+01
      vertex   2.080000e+01 1.286844e+02 1.170491e+01
      vertex   2.080000e+01 1.264822e+02 1.954409e+01
    endloop
  endfacet
  facet normal -1.000000e+00 -8.135113e-15 -1.996012e-14
    outer loop
      vertex   2.080000e+01 1.264822e+02 1.954409e+01
      vertex   2.080000e+01 1.286844e+02 1.170491e+01
      vertex   2.080000e+01 1.279684e+02 1.110674e+01
    endloop
  endfacet
  facet normal -1.000000e+00 1.786564e-14 -1.537995e-14
    outer loop
      vertex   2.080000e+01 1.264822e+02 1.954409e+01
      vertex   2.080000e+01 1.279684e+02 1.110674e+01
      vertex   2.080000e+01 1.257544e+02 1.869868e+01
    endloop
  endfacet
  facet normal -1.000000e+00 5.721645e-15 -1.892155e-14
    outer loop
      vertex   2.080000e+01 1.257544e+02 1.869868e+01
      vertex   2.080000e+01 1.279684e+02 1.110674e+01
      vertex   2.080000e+01 1.272124e+02 1.050261e+01
    endloop
  endfacet
  facet normal -1.000000e+00 1.797604e-14 -1.674155e-14
    outer loop
      vertex   2.080000e+01 1.257544e+02 1.869868e+01
      vertex   2.080000e+01 1.272124e+02 1.050261e+01
      vertex   2.080000e+01 1.249879e+02 1.787570e+01
    endloop
  endfacet
  facet normal -1.000000e+00 1.376260e-14 -1.801278e-14
    outer loop
      vertex   2.080000e+01 1.249879e+02 1.787570e+01
      vertex   2.080000e+01 1.272124e+02 1.050261e+01
      vertex   2.080000e+01 1.264150e+02 9.893360e+00
    endloop
  endfacet
  facet normal -1.000000e+00 1.728521e-14 -1.738299e-14
    outer loop
      vertex   2.080000e+01 1.249879e+02 1.787570e+01
      vertex   2.080000e+01 1.264150e+02 9.893360e+00
      vertex   2.080000e+01 1.241906e+02 1.708286e+01
    endloop
  endfacet
  facet normal -1.000000e+00 3.130109e-15 -2.176257e-14
    outer loop
      vertex   2.080000e+01 1.241906e+02 1.708286e+01
      vertex   2.080000e+01 1.264150e+02 9.893360e+00
      vertex   2.080000e+01 1.255800e+02 9.283518e+00
    endloop
  endfacet
  facet normal -1.000000e+00 1.770272e-14 -1.916647e-14
    outer loop
      vertex   2.080000e+01 1.241906e+02 1.708286e+01
      vertex   2.080000e+01 1.255800e+02 9.283518e+00
      vertex   2.080000e+01 1.233804e+02 1.633455e+01
    endloop
  endfacet
  facet normal -1.000000e+00 2.411695e-14 -1.716549e-14
    outer loop
      vertex   2.080000e+01 1.233804e+02 1.633455e+01
      vertex   2.080000e+01 1.255800e+02 9.283518e+00
      vertex   2.080000e+01 1.238605e+02 8.109377e+00
    endloop
  endfacet
  facet normal -1.000000e+00 1.521899e-14 -1.768482e-14
    outer loop
      vertex   2.080000e+01 1.233804e+02 1.633455e+01
      vertex   2.080000e+01 1.238605e+02 8.109377e+00
      vertex   2.080000e+01 1.225616e+02 1.562991e+01
    endloop
  endfacet
  facet normal -1.000000e+00 1.434165e-14 -1.783634e-14
    outer loop
      vertex   2.080000e+01 1.225616e+02 1.562991e+01
      vertex   2.080000e+01 1.238605e+02 8.109377e+00
      vertex   2.080000e+01 1.217380e+02 1.496769e+01
    endloop
  endfacet
  facet normal -1.000000e+00 3.350044e-14 -1.190723e-14
    outer loop
      vertex   2.080000e+01 1.217380e+02 1.496769e+01
      vertex   2.080000e+01 1.238605e+02 8.109377e+00
      vertex   2.080000e+01 1.220879e+02 7.000997e+00
    endloop
  endfacet
  facet normal -1.000000e+00 9.754262e-15 -1.295003e-14
    outer loop
      vertex   2.080000e+01 1.217380e+02 1.496769e+01
      vertex   2.080000e+01 1.220879e+02 7.000997e+00
      vertex   2.080000e+01 1.209135e+02 1.434667e+01
    endloop
  endfacet
  facet normal -1.000000e+00 9.219887e-15 -1.303546e-14
    outer loop
      vertex   2.080000e+01 1.209135e+02 1.434667e+01
      vertex   2.080000e+01 1.220879e+02 7.000997e+00
      vertex   2.080000e+01 1.200920e+02 1.376563e+01
    endloop
  endfacet
  facet normal -1.000000e+00 2.947475e-14 -7.059493e-15
    outer loop
      vertex   2.080000e+01 1.200920e+02 1.376563e+01
      vertex   2.080000e+01 1.220879e+02 7.000997e+00
      vertex   2.080000e+01 1.202715e+02 5.959488e+00
    endloop
  endfacet
  facet normal -1.000000e+00 5.072730e-15 -7.620398e-15
    outer loop
      vertex   2.080000e+01 1.200920e+02 1.376563e+01
      vertex   2.080000e+01 1.202715e+02 5.959488e+00
      vertex   2.080000e+01 1.192774e+02 1.322334e+01
    endloop
  endfacet
  facet normal -1.000000e+00 4.807536e-15 -7.656691e-15
    outer loop
      vertex   2.080000e+01 1.192774e+02 1.322334e+01
      vertex   2.080000e+01 1.202715e+02 5.959488e+00
      vertex   2.080000e+01 1.184734e+02 1.271855e+01
    endloop
  endfacet
  facet normal -1.000000e+00 2.432861e-14 -2.463769e-15
    outer loop
      vertex   2.080000e+01 1.184734e+02 1.271855e+01
      vertex   2.080000e+01 1.202715e+02 5.959488e+00
      vertex   2.080000e+01 1.184205e+02 4.985960e+00
    endloop
  endfacet
  facet normal -1.000000e+00 -3.150161e-15 -2.275669e-15
    outer loop
      vertex   2.080000e+01 1.184734e+02 1.271855e+01
      vertex   2.080000e+01 1.184205e+02 4.985960e+00
      vertex   2.080000e+01 1.176841e+02 1.225006e+01
    endloop
  endfacet
  facet normal -1.000000e+00 5.400688e-15 -1.408805e-15
    outer loop
      vertex   2.080000e+01 1.176841e+02 1.225006e+01
      vertex   2.080000e+01 1.184205e+02 4.985960e+00
      vertex   2.080000e+01 1.169132e+02 1.181662e+01
    endloop
  endfacet
  facet normal -1.000000e+00 7.978825e-15 -8.398928e-16
    outer loop
      vertex   2.080000e+01 1.169132e+02 1.181662e+01
      vertex   2.080000e+01 1.184205e+02 4.985960e+00
      vertex   2.080000e+01 1.165442e+02 4.081520e+00
    endloop
  endfacet
  facet normal -1.000000e+00 -4.618463e-15 -2.389938e-16
    outer loop
      vertex   2.080000e+01 1.169132e+02 1.181662e+01
      vertex   2.080000e+01 1.165442e+02 4.081520e+00
      vertex   2.080000e+01 1.161646e+02 1.141701e+01
    endloop
  endfacet
  facet normal -1.000000e+00 0.000000e+00 -0.000000e+00
    outer loop
      vertex   2.080000e+01 1.161646e+02 1.141701e+01
      vertex   2.080000e+01 1.165442e+02 4.081520e+00
      vertex   2.080000e+01 1.154423e+02 1.105001e+01
    endloop
  endfacet
  facet normal -1.000000e+00 0.000000e+00 -0.000000e+00
    outer loop
      vertex   2.080000e+01 1.154423e+02 1.105001e+01
      vertex   2.080000e+01 1.165442e+02 4.081520e+00
      vertex   2.080000e+01 1.143323e+02 6.695517e+00
    endloop
  endfacet
  facet normal -1.000000e+00 0.000000e+00 0.000000e+00
    outer loop
      vertex   2.080000e+01 1.154423e+02 1.105001e+01
      vertex   2.080000e+01 1.143323e+02 6.695517e+00
      vertex   2.080000e+01 1.147500e+02 1.071437e+01
    endloop
  endfacet
  facet normal -1.000000e+00 0.000000e+00 0.000000e+00
    outer loop
      vertex   2.080000e+01 1.147500e+02 1.071437e+01
      vertex   2.080000e+01 1.143323e+02 6.695517e+00
      vertex   2.080000e+01 1.141874e+02 7.045230e+00
    endloop
  endfacet
  facet normal -1.000000e+00 0.000000e+00 0.000000e+00
    outer loop
      vertex   2.080000e+01 1.147500e+02 1.071437e+01
      vertex   2.080000e+01 1.141874e+02 7.045230e+00
      vertex   2.080000e+01 1.140916e+02 1.040887e+01
    endloop
  endfacet
  facet normal -1.000000e+00 0.000000e+00 -0.000000e+00
    outer loop
      vertex   2.080000e+01 1.140916e+02 1.040887e+01
      vertex   2.080000e+01 1.141874e+02 7.045230e+00
      vertex   2.080000e+01 1.139570e+02 7.345534e+00
    endloop
  endfacet
  facet normal -1.000000e+00 0.000000e+00 0.000000e+00
    outer loop
      vertex   2.080000e+01 1.140916e+02 1.040887e+01
      vertex   2.080000e+01 1.139570e+02 7.345534e+00
      vertex   2.080000e+01 1.136567e+02 7.575966e+00
    endloop
  endfacet
  facet normal -1.000000e+00 0.000000e+00 0.000000e+00
    outer loop
      vertex   2.080000e+01 1.143323e+02 6.695517e+00
      vertex   2.080000e+01 1.165442e+02 4.081520e+00
      vertex   2.080000e+01 1.143817e+02 6.320230e+00
    endloop
  endfacet
  facet normal -1.000000e+00 0.000000e+00 0.000000e+00
    outer loop
      vertex   2.080000e+01 1.143817e+02 6.320230e+00
      vertex   2.080000e+01 1.165442e+02 4.081520e+00
      vertex   2.080000e+01 1.161119e+02 3.500889e+00
    endloop
  endfacet
  facet normal -1.000000e+00 0.000000e+00 -0.000000e+00
    outer loop
      vertex   2.080000e+01 1.143817e+02 6.320230e+00
      vertex   2.080000e+01 1.161119e+02 3.500889e+00
      vertex   2.080000e+01 1.143323e+02 5.944942e+00
    endloop
  endfacet
  facet normal -1.000000e+00 0.000000e+00 0.000000e+00
    outer loop
      vertex   2.080000e+01 1.143323e+02 5.944942e+00
      vertex   2.080000e+01 1.161119e+02 3.500889e+00
      vertex   2.080000e+01 1.155873e+02 3.002057e+00
    endloop
  endfacet
  facet normal -1.000000e+00 0.000000e+00 0.000000e+00
    outer loop
      vertex   2.080000e+01 1.143323e+02 5.944942e+00
      vertex   2.080000e+01 1.155873e+02 3.002057e+00
      vertex   2.080000e+01 1.149856e+02 2.599498e+00
    endloop
  endfacet
  facet normal -1.000000e+00 0.000000e+00 -0.000000e+00
    outer loop
      vertex   2.080000e+01 1.143323e+02 5.944942e+00
      vertex   2.080000e+01 1.149856e+02 2.599498e+00
      vertex   2.080000e+01 1.141874e+02 5.595230e+00
    endloop
  endfacet
  facet normal -1.000000e+00 0.000000e+00 0.000000e+00
    outer loop
      vertex   2.080000e+01 1.141874e+02 5.595230e+00
      vertex   2.080000e+01 1.149856e+02 2.599498e+00
      vertex   2.080000e+01 1.143243e+02 2.304890e+00
    endloop
  endfacet
  facet normal -1.000000e+00 0.000000e+00 -0.000000e+00
    outer loop
      vertex   2.080000e+01 1.141874e+02 5.595230e+00
      vertex   2.080000e+01 1.143243e+02 2.304890e+00
      vertex   2.080000e+01 1.139570e+02 5.294925e+00
    endloop
  endfacet
  facet normal -1.000000e+00 0.000000e+00 -0.000000e+00
    outer loop
      vertex   2.080000e+01 1.139570e+02 5.294925e+00
      vertex   2.080000e+01 1.143243e+02 2.304890e+00
      vertex   2.080000e+01 1.136567e+02 5.064493e+00
    endloop
  endfacet
  facet normal -1.000000e+00 0.000000e+00 -0.000000e+00
    outer loop
      vertex   2.080000e+01 1.136567e+02 5.064493e+00
      vertex   2.080000e+01 1.143243e+02 2.304890e+00
      vertex   2.080000e+01 1.136227e+02 2.126782e+00
    endloop
  endfacet
  facet normal -1.000000e+00 0.000000e+00 0.000000e+00
    outer loop
      vertex   2.080000e+01 1.136567e+02 5.064493e+00
      vertex   2.080000e+01 1.136227e+02 2.126782e+00
      vertex   2.080000e+01 1.133069e+02 4.919637e+00
    endloop
  endfacet
  facet normal -1.000000e+00 0.000000e+00 -0.000000e+00
    outer loop
      vertex   2.080000e+01 1.133069e+02 4.919637e+00
      vertex   2.080000e+01 1.136227e+02 2.126782e+00
      vertex   2.080000e+01 1.129010e+02 2.070341e+00
    endloop
  endfacet
  facet normal -1.000000e+00 0.000000e+00 0.000000e+00
    outer loop
      vertex   2.080000e+01 1.133069e+02 4.919637e+00
      vertex   2.080000e+01 1.129010e+02 2.070341e+00
      vertex   2.080000e+01 1.129317e+02 4.870230e+00
    endloop
  endfacet
  facet normal -1.000000e+00 -0.000000e+00 0.000000e+00
    outer loop
      vertex   2.080000e+01 1.129317e+02 4.870230e+00
      vertex   2.080000e+01 1.129010e+02 2.070341e+00
      vertex   2.080000e+01 1.125564e+02 4.919637e+00
    endloop
  endfacet
  facet normal -1.000000e+00 0.000000e+00 -0.000000e+00
    outer loop
      vertex   2.080000e+01 1.125564e+02 4.919637e+00
      vertex   2.080000e+01 1.129010e+02 2.070341e+00
      vertex   2.080000e+01 1.121801e+02 2.137204e+00
    endloop
  endfacet
  facet normal -1.000000e+00 -0.000000e+00 0.000000e+00
    outer loop
      vertex   2.080000e+01 1.125564e+02 4.919637e+00
      vertex   2.080000e+01 1.121801e+02 2.137204e+00
      vertex   2.080000e+01 1.122067e+02 5.064493e+00
    endloop
  endfacet
  facet normal -1.000000e+00 0.000000e+00 0.000000e+00
    outer loop
      vertex   2.080000e+01 1.122067e+02 5.064493e+00
      vertex   2.080000e+01 1.121801e+02 2.137204e+00
      vertex   2.080000e+01 1.114811e+02 2.325432e+00
    endloop
  endfacet
  facet normal -1.000000e+00 -0.000000e+00 0.000000e+00
    outer loop
      vertex   2.080000e+01 1.122067e+02 5.064493e+00
      vertex   2.080000e+01 1.114811e+02 2.325432e+00
      vertex   2.080000e+01 1.119064e+02 5.294925e+00
    endloop
  endfacet
  facet normal -1.000000e+00 -0.000000e+00 0.000000e+00
    outer loop
      vertex   2.080000e+01 1.119064e+02 5.294925e+00
      vertex   2.080000e+01 1.114811e+02 2.325432e+00
      vertex   2.080000e+01 1.116759e+02 5.595230e+00
    endloop
  endfacet
  facet normal -1.000000e+00 0.000000e+00 0.000000e+00
    outer loop
      vertex   2.080000e+01 1.116759e+02 5.595230e+00
      vertex   2.080000e+01 1.114811e+02 2.325432e+00
      vertex   2.080000e+01 1.108242e+02 2.629563e+00
    endloop
  endfacet
  facet normal -1.000000e+00 -0.000000e+00 0.000000e+00
    outer loop
      vertex   2.080000e+01 1.116759e+02 5.595230e+00
      vertex   2.080000e+01 1.108242e+02 2.629563e+00
      vertex   2.080000e+01 1.115311e+02 5.944942e+00
    endloop
  endfacet
  facet normal -1.000000e+00 0.000000e+00 0.000000e+00
    outer loop
      vertex   2.080000e+01 1.115311e+02 5.944942e+00
      vertex   2.080000e+01 1.108242e+02 2.629563e+00
      vertex   2.080000e+01 1.102284e+02 3.040774e+00
    endloop
  endfacet
  facet normal -1.000000e+00 -0.000000e+00 0.000000e+00
    outer loop
      vertex   2.080000e+01 1.115311e+02 5.944942e+00
      vertex   2.080000e+01 1.102284e+02 3.040774e+00
      vertex   2.080000e+01 1.114817e+02 6.320230e+00
    endloop
  endfacet
  facet normal -1.000000e+00 0.000000e+00 0.000000e+00
    outer loop
      vertex   2.080000e+01 1.114817e+02 6.320230e+00
      vertex   2.080000e+01 1.102284e+02 3.040774e+00
      vertex   2.080000e+01 1.097110e+02 3.547134e+00
    endloop
  endfacet
  facet normal -1.000000e+00 0.000000e+00 0.000000e+00
    outer loop
      vertex   2.080000e+01 1.114817e+02 6.320230e+00
      vertex   2.080000e+01 1.097110e+02 3.547134e+00
      vertex   2.080000e+01 1.092871e+02 4.133951e+00
    endloop
  endfacet
  facet normal -1.000000e+00 0.000000e+00 0.000000e+00
    outer loop
      vertex   2.080000e+01 1.089689e+02 4.784200e+00
      vertex   2.080000e+01 1.091677e+02 8.293764e+00
      vertex   2.080000e+01 1.092871e+02 4.133951e+00
    endloop
  endfacet
  facet normal -1.000000e+00 0.000000e+00 0.000000e+00
    outer loop
      vertex   2.080000e+01 1.092871e+02 4.133951e+00
      vertex   2.080000e+01 1.091677e+02 8.293764e+00
      vertex   2.080000e+01 1.095572e+02 8.903941e+00
    endloop
  endfacet
  facet normal -1.000000e+00 0.000000e+00 0.000000e+00
    outer loop
      vertex   2.080000e+01 1.092871e+02 4.133951e+00
      vertex   2.080000e+01 1.095572e+02 8.903941e+00
      vertex   2.080000e+01 1.114817e+02 6.320230e+00
    endloop
  endfacet
  facet normal -1.000000e+00 0.000000e+00 0.000000e+00
    outer loop
      vertex   2.080000e+01 1.114817e+02 6.320230e+00
      vertex   2.080000e+01 1.095572e+02 8.903941e+00
      vertex   2.080000e+01 1.100447e+02 9.439154e+00
    endloop
  endfacet
  facet normal -1.000000e+00 0.000000e+00 0.000000e+00
    outer loop
      vertex   2.080000e+01 1.114817e+02 6.320230e+00
      vertex   2.080000e+01 1.100447e+02 9.439154e+00
      vertex   2.080000e+01 1.115311e+02 6.695517e+00
    endloop
  endfacet
  facet normal -1.000000e+00 0.000000e+00 0.000000e+00
    outer loop
      vertex   2.080000e+01 1.115311e+02 6.695517e+00
      vertex   2.080000e+01 1.100447e+02 9.439154e+00
      vertex   2.080000e+01 1.106159e+02 9.883877e+00
    endloop
  endfacet
  facet normal -1.000000e+00 0.000000e+00 0.000000e+00
    outer loop
      vertex   2.080000e+01 1.115311e+02 6.695517e+00
      vertex   2.080000e+01 1.106159e+02 9.883877e+00
      vertex   2.080000e+01 1.116759e+02 7.045230e+00
    endloop
  endfacet
  facet normal -1.000000e+00 0.000000e+00 0.000000e+00
    outer loop
      vertex   2.080000e+01 1.116759e+02 7.045230e+00
      vertex   2.080000e+01 1.106159e+02 9.883877e+00
      vertex   2.080000e+01 1.112543e+02 1.022521e+01
    endloop
  endfacet
  facet normal -1.000000e+00 0.000000e+00 0.000000e+00
    outer loop
      vertex   2.080000e+01 1.116759e+02 7.045230e+00
      vertex   2.080000e+01 1.112543e+02 1.022521e+01
      vertex   2.080000e+01 1.119064e+02 7.345534e+00
    endloop
  endfacet
  facet normal -1.000000e+00 0.000000e+00 0.000000e+00
    outer loop
      vertex   2.080000e+01 1.119064e+02 7.345534e+00
      vertex   2.080000e+01 1.112543e+02 1.022521e+01
      vertex   2.080000e+01 1.119413e+02 1.045324e+01
    endloop
  endfacet
  facet normal -1.000000e+00 0.000000e+00 0.000000e+00
    outer loop
      vertex   2.080000e+01 1.119064e+02 7.345534e+00
      vertex   2.080000e+01 1.119413e+02 1.045324e+01
      vertex   2.080000e+01 1.122067e+02 7.575966e+00
    endloop
  endfacet
  facet normal -1.000000e+00 0.000000e+00 0.000000e+00
    outer loop
      vertex   2.080000e+01 1.122067e+02 7.575966e+00
      vertex   2.080000e+01 1.119413e+02 1.045324e+01
      vertex   2.080000e+01 1.125564e+02 7.720822e+00
    endloop
  endfacet
  facet normal -1.000000e+00 0.000000e+00 0.000000e+00
    outer loop
      vertex   2.080000e+01 1.125564e+02 7.720822e+00
      vertex   2.080000e+01 1.119413e+02 1.045324e+01
      vertex   2.080000e+01 1.126571e+02 1.056135e+01
    endloop
  endfacet
  facet normal -1.000000e+00 0.000000e+00 0.000000e+00
    outer loop
      vertex   2.080000e+01 1.125564e+02 7.720822e+00
      vertex   2.080000e+01 1.126571e+02 1.056135e+01
      vertex   2.080000e+01 1.129317e+02 7.770230e+00
    endloop
  endfacet
  facet normal -1.000000e+00 0.000000e+00 0.000000e+00
    outer loop
      vertex   2.080000e+01 1.129317e+02 7.770230e+00
      vertex   2.080000e+01 1.126571e+02 1.056135e+01
      vertex   2.080000e+01 1.133809e+02 1.054642e+01
    endloop
  endfacet
  facet normal -1.000000e+00 0.000000e+00 0.000000e+00
    outer loop
      vertex   2.080000e+01 1.129317e+02 7.770230e+00
      vertex   2.080000e+01 1.133809e+02 1.054642e+01
      vertex   2.080000e+01 1.133069e+02 7.720822e+00
    endloop
  endfacet
  facet normal -1.000000e+00 0.000000e+00 0.000000e+00
    outer loop
      vertex   2.080000e+01 1.133069e+02 7.720822e+00
      vertex   2.080000e+01 1.133809e+02 1.054642e+01
      vertex   2.080000e+01 1.136567e+02 7.575966e+00
    endloop
  endfacet
  facet normal -1.000000e+00 0.000000e+00 0.000000e+00
    outer loop
      vertex   2.080000e+01 1.136567e+02 7.575966e+00
      vertex   2.080000e+01 1.133809e+02 1.054642e+01
      vertex   2.080000e+01 1.140916e+02 1.040887e+01
    endloop
  endfacet
  facet normal -1.000000e+00 0.000000e+00 0.000000e+00
    outer loop
      vertex   2.080000e+01 1.091677e+02 8.293764e+00
      vertex   2.080000e+01 1.089689e+02 4.784200e+00
      vertex   2.080000e+01 1.088873e+02 7.626328e+00
    endloop
  endfacet
  facet normal -1.000000e+00 0.000000e+00 -0.000000e+00
    outer loop
      vertex   2.080000e+01 1.088873e+02 7.626328e+00
      vertex   2.080000e+01 1.089689e+02 4.784200e+00
      vertex   2.080000e+01 1.087657e+02 5.479015e+00
    endloop
  endfacet
  facet normal -1.000000e+00 0.000000e+00 0.000000e+00
    outer loop
      vertex   2.080000e+01 1.088873e+02 7.626328e+00
      vertex   2.080000e+01 1.087657e+02 5.479015e+00
      vertex   2.080000e+01 1.087243e+02 6.920998e+00
    endloop
  endfacet
  facet normal -1.000000e+00 0.000000e+00 -0.000000e+00
    outer loop
      vertex   2.080000e+01 1.087243e+02 6.920998e+00
      vertex   2.080000e+01 1.087657e+02 5.479015e+00
      vertex   2.080000e+01 1.086834e+02 6.198237e+00
    endloop
  endfacet
  facet normal -1.093937e-15 5.284148e-01 8.489864e-01
    outer loop
      vertex   2.350000e+01 1.254494e+02 6.623333e+01
      vertex   2.350000e+01 1.263344e+02 6.568253e+01
      vertex   2.080000e+01 1.254494e+02 6.623333e+01
    endloop
  endfacet
  facet normal 7.258417e-15 5.284148e-01 8.489864e-01
    outer loop
      vertex   2.080000e+01 1.254494e+02 6.623333e+01
      vertex   2.350000e+01 1.263344e+02 6.568253e+01
      vertex   2.080000e+01 1.263344e+02 6.568253e+01
    endloop
  endfacet
  facet normal 7.301478e-15 5.562011e-01 8.310477e-01
    outer loop
      vertex   2.080000e+01 1.263344e+02 6.568253e+01
      vertex   2.350000e+01 1.263344e+02 6.568253e+01
      vertex   2.350000e+01 1.271997e+02 6.510340e+01
    endloop
  endfacet
  facet normal 1.461184e-15 5.562011e-01 8.310477e-01
    outer loop
      vertex   2.080000e+01 1.263344e+02 6.568253e+01
      vertex   2.350000e+01 1.271997e+02 6.510340e+01
      vertex   2.080000e+01 1.271997e+02 6.510340e+01
    endloop
  endfacet
  facet normal 1.204585e-15 5.833529e-01 8.122188e-01
    outer loop
      vertex   2.080000e+01 1.271997e+02 6.510340e+01
      vertex   2.350000e+01 1.271997e+02 6.510340e+01
      vertex   2.350000e+01 1.280447e+02 6.449650e+01
    endloop
  endfacet
  facet normal 4.308123e-15 5.833529e-01 8.122188e-01
    outer loop
      vertex   2.080000e+01 1.271997e+02 6.510340e+01
      vertex   2.350000e+01 1.280447e+02 6.449650e+01
      vertex   2.080000e+01 1.280447e+02 6.449650e+01
    endloop
  endfacet
  facet normal 4.171241e-15 6.098492e-01 7.925175e-01
    outer loop
      vertex   2.080000e+01 1.280447e+02 6.449650e+01
      vertex   2.350000e+01 1.280447e+02 6.449650e+01
      vertex   2.350000e+01 1.288687e+02 6.386239e+01
    endloop
  endfacet
  facet normal 8.344183e-15 6.098492e-01 7.925175e-01
    outer loop
      vertex   2.080000e+01 1.280447e+02 6.449650e+01
      vertex   2.350000e+01 1.288687e+02 6.386239e+01
      vertex   2.080000e+01 1.288687e+02 6.386239e+01
    endloop
  endfacet
  facet normal 8.126097e-15 6.356694e-01 7.719614e-01
    outer loop
      vertex   2.080000e+01 1.288687e+02 6.386239e+01
      vertex   2.350000e+01 1.288687e+02 6.386239e+01
      vertex   2.350000e+01 1.296712e+02 6.320161e+01
    endloop
  endfacet
  facet normal 3.481020e-15 6.356694e-01 7.719614e-01
    outer loop
      vertex   2.080000e+01 1.288687e+02 6.386239e+01
      vertex   2.350000e+01 1.296712e+02 6.320161e+01
      vertex   2.080000e+01 1.296712e+02 6.320161e+01
    endloop
  endfacet
  facet normal 2.920239e-15 6.607934e-01 7.505678e-01
    outer loop
      vertex   2.080000e+01 1.296712e+02 6.320161e+01
      vertex   2.350000e+01 1.296712e+02 6.320161e+01
      vertex   2.350000e+01 1.304514e+02 6.251473e+01
    endloop
  endfacet
  facet normal -1.028497e-15 6.607934e-01 7.505678e-01
    outer loop
      vertex   2.080000e+01 1.296712e+02 6.320161e+01
      vertex   2.350000e+01 1.304514e+02 6.251473e+01
      vertex   2.080000e+01 1.304514e+02 6.251473e+01
    endloop
  endfacet
  facet normal -1.462512e-15 6.852010e-01 7.283541e-01
    outer loop
      vertex   2.080000e+01 1.304514e+02 6.251473e+01
      vertex   2.350000e+01 1.304514e+02 6.251473e+01
      vertex   2.350000e+01 1.312087e+02 6.180229e+01
    endloop
  endfacet
  facet normal 2.333303e-15 6.852010e-01 7.283541e-01
    outer loop
      vertex   2.080000e+01 1.304514e+02 6.251473e+01
      vertex   2.350000e+01 1.312087e+02 6.180229e+01
      vertex   2.080000e+01 1.312087e+02 6.180229e+01
    endloop
  endfacet
  facet normal 1.818990e-15 7.088717e-01 7.053374e-01
    outer loop
      vertex   2.080000e+01 1.312087e+02 6.180229e+01
      vertex   2.350000e+01 1.312087e+02 6.180229e+01
      vertex   2.350000e+01 1.319424e+02 6.106486e+01
    endloop
  endfacet
  facet normal 1.818231e-15 7.088717e-01 7.053374e-01
    outer loop
      vertex   2.080000e+01 1.312087e+02 6.180229e+01
      vertex   2.350000e+01 1.319424e+02 6.106486e+01
      vertex   2.080000e+01 1.319424e+02 6.106486e+01
    endloop
  endfacet
  facet normal 1.264597e-15 7.317852e-01 6.815353e-01
    outer loop
      vertex   2.080000e+01 1.319424e+02 6.106486e+01
      vertex   2.350000e+01 1.319424e+02 6.106486e+01
      vertex   2.350000e+01 1.326520e+02 6.030298e+01
    endloop
  endfacet
  facet normal -2.843659e-15 7.317852e-01 6.815353e-01
    outer loop
      vertex   2.080000e+01 1.319424e+02 6.106486e+01
      vertex   2.350000e+01 1.326520e+02 6.030298e+01
      vertex   2.080000e+01 1.326520e+02 6.030298e+01
    endloop
  endfacet
  facet normal -3.770095e-15 7.539204e-01 6.569658e-01
    outer loop
      vertex   2.080000e+01 1.326520e+02 6.030298e+01
      vertex   2.350000e+01 1.326520e+02 6.030298e+01
      vertex   2.350000e+01 1.333367e+02 5.951722e+01
    endloop
  endfacet
  facet normal -1.069172e-14 7.539204e-01 6.569658e-01
    outer loop
      vertex   2.080000e+01 1.326520e+02 6.030298e+01
      vertex   2.350000e+01 1.333367e+02 5.951722e+01
      vertex   2.080000e+01 1.333367e+02 5.951722e+01
    endloop
  endfacet
  facet normal -1.133440e-14 7.752446e-01 6.316612e-01
    outer loop
      vertex   2.080000e+01 1.333367e+02 5.951722e+01
      vertex   2.350000e+01 1.333367e+02 5.951722e+01
      vertex   2.350000e+01 1.339952e+02 5.870903e+01
    endloop
  endfacet
  facet normal 3.471023e-15 7.752446e-01 6.316612e-01
    outer loop
      vertex   2.080000e+01 1.333367e+02 5.951722e+01
      vertex   2.350000e+01 1.339952e+02 5.870903e+01
      vertex   2.080000e+01 1.339952e+02 5.870903e+01
    endloop
  endfacet
  facet normal 2.781349e-15 7.957112e-01 6.056762e-01
    outer loop
      vertex   2.080000e+01 1.339952e+02 5.870903e+01
      vertex   2.350000e+01 1.339952e+02 5.870903e+01
      vertex   2.350000e+01 1.346259e+02 5.788044e+01
    endloop
  endfacet
  facet normal 2.803616e-15 7.957112e-01 6.056762e-01
    outer loop
      vertex   2.080000e+01 1.339952e+02 5.870903e+01
      vertex   2.350000e+01 1.346259e+02 5.788044e+01
      vertex   2.080000e+01 1.346259e+02 5.788044e+01
    endloop
  endfacet
  facet normal 2.084872e-15 8.152883e-01 5.790552e-01
    outer loop
      vertex   2.080000e+01 1.346259e+02 5.788044e+01
      vertex   2.350000e+01 1.346259e+02 5.788044e+01
      vertex   2.350000e+01 1.352284e+02 5.703218e+01
    endloop
  endfacet
  facet normal -8.022814e-15 8.152883e-01 5.790552e-01
    outer loop
      vertex   2.080000e+01 1.346259e+02 5.788044e+01
      vertex   2.350000e+01 1.352284e+02 5.703218e+01
      vertex   2.080000e+01 1.352284e+02 5.703218e+01
    endloop
  endfacet
  facet normal -8.844310e-15 8.339617e-01 5.518223e-01
    outer loop
      vertex   2.080000e+01 1.352284e+02 5.703218e+01
      vertex   2.350000e+01 1.352284e+02 5.703218e+01
      vertex   2.350000e+01 1.358022e+02 5.616500e+01
    endloop
  endfacet
  facet normal -1.908006e-14 8.339617e-01 5.518223e-01
    outer loop
      vertex   2.080000e+01 1.352284e+02 5.703218e+01
      vertex   2.350000e+01 1.358022e+02 5.616500e+01
      vertex   2.080000e+01 1.358022e+02 5.616500e+01
    endloop
  endfacet
  facet normal -2.000206e-14 8.517177e-01 5.240008e-01
    outer loop
      vertex   2.080000e+01 1.358022e+02 5.616500e+01
      vertex   2.350000e+01 1.358022e+02 5.616500e+01
      vertex   2.350000e+01 1.363469e+02 5.527963e+01
    endloop
  endfacet
  facet normal -1.863106e-14 8.517177e-01 5.240008e-01
    outer loop
      vertex   2.080000e+01 1.358022e+02 5.616500e+01
      vertex   2.350000e+01 1.363469e+02 5.527963e+01
      vertex   2.080000e+01 1.363469e+02 5.527963e+01
    endloop
  endfacet
  facet normal -1.960264e-14 8.685430e-01 4.956139e-01
    outer loop
      vertex   2.080000e+01 1.363469e+02 5.527963e+01
      vertex   2.350000e+01 1.363469e+02 5.527963e+01
      vertex   2.350000e+01 1.368621e+02 5.437680e+01
    endloop
  endfacet
  facet normal 0.000000e+00 8.685430e-01 4.956139e-01
    outer loop
      vertex   2.080000e+01 1.363469e+02 5.527963e+01
      vertex   2.350000e+01 1.368621e+02 5.437680e+01
      vertex   2.080000e+01 1.368621e+02 5.437680e+01
    endloop
  endfacet
  facet normal -7.129245e-16 8.844239e-01 4.666844e-01
    outer loop
      vertex   2.080000e+01 1.368621e+02 5.437680e+01
      vertex   2.350000e+01 1.368621e+02 5.437680e+01
      vertex   2.350000e+01 1.373473e+02 5.345726e+01
    endloop
  endfacet
  facet normal -1.002568e-14 8.844239e-01 4.666844e-01
    outer loop
      vertex   2.080000e+01 1.368621e+02 5.437680e+01
      vertex   2.350000e+01 1.373473e+02 5.345726e+01
      vertex   2.080000e+01 1.373473e+02 5.345726e+01
    endloop
  endfacet
  facet normal -1.087954e-14 8.993472e-01 4.372353e-01
    outer loop
      vertex   2.080000e+01 1.373473e+02 5.345726e+01
      vertex   2.350000e+01 1.373473e+02 5.345726e+01
      vertex   2.350000e+01 1.378021e+02 5.252174e+01
    endloop
  endfacet
  facet normal -1.089034e-14 8.993472e-01 4.372353e-01
    outer loop
      vertex   2.080000e+01 1.373473e+02 5.345726e+01
      vertex   2.350000e+01 1.378021e+02 5.252174e+01
      vertex   2.080000e+01 1.378021e+02 5.252174e+01
    endloop
  endfacet
  facet normal -1.172491e-14 9.132990e-01 4.072898e-01
    outer loop
      vertex   2.080000e+01 1.378021e+02 5.252174e+01
      vertex   2.350000e+01 1.378021e+02 5.252174e+01
      vertex   2.350000e+01 1.382261e+02 5.157097e+01
    endloop
  endfacet
  facet normal -1.919650e-14 9.132990e-01 4.072898e-01
    outer loop
      vertex   2.080000e+01 1.378021e+02 5.252174e+01
      vertex   2.350000e+01 1.382261e+02 5.157097e+01
      vertex   2.080000e+01 1.382261e+02 5.157097e+01
    endloop
  endfacet
  facet normal -2.032505e-14 9.262655e-01 3.768716e-01
    outer loop
      vertex   2.080000e+01 1.382261e+02 5.157097e+01
      vertex   2.350000e+01 1.382261e+02 5.157097e+01
      vertex   2.350000e+01 1.386189e+02 5.060570e+01
    endloop
  endfacet
  facet normal -3.107290e-14 9.262655e-01 3.768716e-01
    outer loop
      vertex   2.080000e+01 1.382261e+02 5.157097e+01
      vertex   2.350000e+01 1.386189e+02 5.060570e+01
      vertex   2.080000e+01 1.386189e+02 5.060570e+01
    endloop
  endfacet
  facet normal -3.222043e-14 9.382273e-01 3.460196e-01
    outer loop
      vertex   2.080000e+01 1.386189e+02 5.060570e+01
      vertex   2.350000e+01 1.386189e+02 5.060570e+01
      vertex   2.350000e+01 1.389796e+02 4.962759e+01
    endloop
  endfacet
  facet normal 1.380501e-16 9.382273e-01 3.460196e-01
    outer loop
      vertex   2.080000e+01 1.386189e+02 5.060570e+01
      vertex   2.350000e+01 1.389796e+02 4.962759e+01
      vertex   2.080000e+01 1.389796e+02 4.962759e+01
    endloop
  endfacet
  facet normal -8.784318e-16 9.491571e-01 3.148029e-01
    outer loop
      vertex   2.080000e+01 1.389796e+02 4.962759e+01
      vertex   2.350000e+01 1.389796e+02 4.962759e+01
      vertex   2.350000e+01 1.393073e+02 4.863941e+01
    endloop
  endfacet
  facet normal -2.170269e-14 9.491571e-01 3.148029e-01
    outer loop
      vertex   2.080000e+01 1.389796e+02 4.962759e+01
      vertex   2.350000e+01 1.393073e+02 4.863941e+01
      vertex   2.080000e+01 1.393073e+02 4.863941e+01
    endloop
  endfacet
  facet normal -2.283117e-14 9.590372e-01 2.832803e-01
    outer loop
      vertex   2.080000e+01 1.393073e+02 4.863941e+01
      vertex   2.350000e+01 1.393073e+02 4.863941e+01
      vertex   2.350000e+01 1.396019e+02 4.764204e+01
    endloop
  endfacet
  facet normal -1.348285e-14 9.590372e-01 2.832803e-01
    outer loop
      vertex   2.080000e+01 1.393073e+02 4.863941e+01
      vertex   2.350000e+01 1.396019e+02 4.764204e+01
      vertex   2.080000e+01 1.396019e+02 4.764204e+01
    endloop
  endfacet
  facet normal -1.442026e-14 9.678624e-01 2.514805e-01
    outer loop
      vertex   2.080000e+01 1.396019e+02 4.764204e+01
      vertex   2.350000e+01 1.396019e+02 4.764204e+01
      vertex   2.350000e+01 1.398632e+02 4.663633e+01
    endloop
  endfacet
  facet normal -2.235821e-15 9.678624e-01 2.514805e-01
    outer loop
      vertex   2.080000e+01 1.396019e+02 4.764204e+01
      vertex   2.350000e+01 1.398632e+02 4.663633e+01
      vertex   2.080000e+01 1.398632e+02 4.663633e+01
    endloop
  endfacet
  facet normal -3.340461e-15 9.756281e-01 2.194305e-01
    outer loop
      vertex   2.080000e+01 1.398632e+02 4.663633e+01
      vertex   2.350000e+01 1.398632e+02 4.663633e+01
      vertex   2.350000e+01 1.400911e+02 4.562313e+01
    endloop
  endfacet
  facet normal -1.303641e-14 9.756281e-01 2.194305e-01
    outer loop
      vertex   2.080000e+01 1.398632e+02 4.663633e+01
      vertex   2.350000e+01 1.400911e+02 4.562313e+01
      vertex   2.080000e+01 1.400911e+02 4.562313e+01
    endloop
  endfacet
  facet normal -1.427823e-14 9.823301e-01 1.871568e-01
    outer loop
      vertex   2.080000e+01 1.400911e+02 4.562313e+01
      vertex   2.350000e+01 1.400911e+02 4.562313e+01
      vertex   2.350000e+01 1.402854e+02 4.460326e+01
    endloop
  endfacet
  facet normal -1.427792e-14 9.823301e-01 1.871568e-01
    outer loop
      vertex   2.080000e+01 1.400911e+02 4.562313e+01
      vertex   2.350000e+01 1.402854e+02 4.460326e+01
      vertex   2.080000e+01 1.402854e+02 4.460326e+01
    endloop
  endfacet
  facet normal -1.550773e-14 9.879638e-01 1.546853e-01
    outer loop
      vertex   2.080000e+01 1.402854e+02 4.460326e+01
      vertex   2.350000e+01 1.402854e+02 4.460326e+01
      vertex   2.350000e+01 1.404460e+02 4.357757e+01
    endloop
  endfacet
  facet normal -2.671488e-14 9.879638e-01 1.546853e-01
    outer loop
      vertex   2.080000e+01 1.402854e+02 4.460326e+01
      vertex   2.350000e+01 1.404460e+02 4.357757e+01
      vertex   2.080000e+01 1.404460e+02 4.357757e+01
    endloop
  endfacet
  facet normal -2.781074e-14 9.925249e-01 1.220420e-01
    outer loop
      vertex   2.080000e+01 1.404460e+02 4.357757e+01
      vertex   2.350000e+01 1.404460e+02 4.357757e+01
      vertex   2.350000e+01 1.405728e+02 4.254690e+01
    endloop
  endfacet
  facet normal -1.640325e-14 9.925249e-01 1.220420e-01
    outer loop
      vertex   2.080000e+01 1.404460e+02 4.357757e+01
      vertex   2.350000e+01 1.405728e+02 4.254690e+01
      vertex   2.080000e+01 1.405728e+02 4.254690e+01
    endloop
  endfacet
  facet normal -1.768075e-14 9.960090e-01 8.925304e-02
    outer loop
      vertex   2.080000e+01 1.405728e+02 4.254690e+01
      vertex   2.350000e+01 1.405728e+02 4.254690e+01
      vertex   2.350000e+01 1.406655e+02 4.151208e+01
    endloop
  endfacet
  facet normal -2.887173e-14 9.960090e-01 8.925304e-02
    outer loop
      vertex   2.080000e+01 1.405728e+02 4.254690e+01
      vertex   2.350000e+01 1.406655e+02 4.151208e+01
      vertex   2.080000e+01 1.406655e+02 4.151208e+01
    endloop
  endfacet
  facet normal -2.989844e-14 9.984114e-01 5.634459e-02
    outer loop
      vertex   2.080000e+01 1.406655e+02 4.151208e+01
      vertex   2.350000e+01 1.406655e+02 4.151208e+01
      vertex   2.350000e+01 1.407241e+02 4.047397e+01
    endloop
  endfacet
  facet normal -2.945240e-14 9.984114e-01 5.634459e-02
    outer loop
      vertex   2.080000e+01 1.406655e+02 4.151208e+01
      vertex   2.350000e+01 1.407241e+02 4.047397e+01
      vertex   2.080000e+01 1.407241e+02 4.047397e+01
    endloop
  endfacet
  facet normal -3.071103e-14 9.997275e-01 2.334354e-02
    outer loop
      vertex   2.080000e+01 1.407241e+02 4.047397e+01
      vertex   2.350000e+01 1.407241e+02 4.047397e+01
      vertex   2.350000e+01 1.407484e+02 3.943339e+01
    endloop
  endfacet
  facet normal -9.663940e-15 9.997275e-01 2.334354e-02
    outer loop
      vertex   2.080000e+01 1.407241e+02 4.047397e+01
      vertex   2.350000e+01 1.407484e+02 3.943339e+01
      vertex   2.080000e+01 1.407484e+02 3.943339e+01
    endloop
  endfacet
  facet normal -1.088427e-14 9.999527e-01 -9.722495e-03
    outer loop
      vertex   2.080000e+01 1.407484e+02 3.943339e+01
      vertex   2.350000e+01 1.407484e+02 3.943339e+01
      vertex   2.350000e+01 1.407382e+02 3.839119e+01
    endloop
  endfacet
  facet normal -1.073046e-14 9.999527e-01 -9.722495e-03
    outer loop
      vertex   2.080000e+01 1.407484e+02 3.943339e+01
      vertex   2.350000e+01 1.407382e+02 3.839119e+01
      vertex   2.080000e+01 1.407382e+02 3.839119e+01
    endloop
  endfacet
  facet normal 7.202638e-16 -9.905922e-01 1.368470e-01
    outer loop
      vertex   2.350000e+01 1.333411e+02 3.587791e+01
      vertex   2.350000e+01 1.334681e+02 3.679785e+01
      vertex   2.080000e+01 1.333411e+02 3.587791e+01
    endloop
  endfacet
  facet normal 7.195081e-16 -9.905922e-01 1.368470e-01
    outer loop
      vertex   2.080000e+01 1.333411e+02 3.587791e+01
      vertex   2.350000e+01 1.334681e+02 3.679785e+01
      vertex   2.080000e+01 1.334681e+02 3.679785e+01
    endloop
  endfacet
  facet normal 5.261823e-16 -9.949902e-01 9.997232e-02
    outer loop
      vertex   2.080000e+01 1.334681e+02 3.679785e+01
      vertex   2.350000e+01 1.334681e+02 3.679785e+01
      vertex   2.350000e+01 1.335609e+02 3.772132e+01
    endloop
  endfacet
  facet normal 2.602859e-16 -9.949902e-01 9.997232e-02
    outer loop
      vertex   2.080000e+01 1.334681e+02 3.679785e+01
      vertex   2.350000e+01 1.335609e+02 3.772132e+01
      vertex   2.080000e+01 1.335609e+02 3.772132e+01
    endloop
  endfacet
  facet normal 1.657297e-16 -9.980151e-01 6.297584e-02
    outer loop
      vertex   2.080000e+01 1.335609e+02 3.772132e+01
      vertex   2.350000e+01 1.335609e+02 3.772132e+01
      vertex   2.350000e+01 1.336194e+02 3.864736e+01
    endloop
  endfacet
  facet normal 3.323647e-16 -9.980151e-01 6.297584e-02
    outer loop
      vertex   2.080000e+01 1.335609e+02 3.772132e+01
      vertex   2.350000e+01 1.336194e+02 3.864736e+01
      vertex   2.080000e+01 1.336194e+02 3.864736e+01
    endloop
  endfacet
  facet normal 1.362966e-16 -9.996646e-01 2.589576e-02
    outer loop
      vertex   2.080000e+01 1.336194e+02 3.864736e+01
      vertex   2.350000e+01 1.336194e+02 3.864736e+01
      vertex   2.350000e+01 1.336434e+02 3.957501e+01
    endloop
  endfacet
  facet normal -1.031902e-14 -9.996646e-01 2.589576e-02
    outer loop
      vertex   2.080000e+01 1.336194e+02 3.864736e+01
      vertex   2.350000e+01 1.336434e+02 3.957501e+01
      vertex   2.080000e+01 1.336434e+02 3.957501e+01
    endloop
  endfacet
  facet normal -1.061455e-14 -9.999369e-01 -1.122978e-02
    outer loop
      vertex   2.080000e+01 1.336434e+02 3.957501e+01
      vertex   2.350000e+01 1.336434e+02 3.957501e+01
      vertex   2.350000e+01 1.336330e+02 4.050332e+01
    endloop
  endfacet
  facet normal -5.951781e-17 -9.999369e-01 -1.122978e-02
    outer loop
      vertex   2.080000e+01 1.336434e+02 3.957501e+01
      vertex   2.350000e+01 1.336330e+02 4.050332e+01
      vertex   2.080000e+01 1.336330e+02 4.050332e+01
    endloop
  endfacet
  facet normal -2.545204e-16 -9.988301e-01 -4.835776e-02
    outer loop
      vertex   2.080000e+01 1.336330e+02 4.050332e+01
      vertex   2.350000e+01 1.336330e+02 4.050332e+01
      vertex   2.350000e+01 1.335881e+02 4.143108e+01
    endloop
  endfacet
  facet normal -1.127749e-14 -9.988301e-01 -4.835776e-02
    outer loop
      vertex   2.080000e+01 1.336330e+02 4.050332e+01
      vertex   2.350000e+01 1.335881e+02 4.143108e+01
      vertex   2.080000e+01 1.335881e+02 4.143108e+01
    endloop
  endfacet
  facet normal -1.183683e-14 -9.963451e-01 -8.541878e-02
    outer loop
      vertex   2.080000e+01 1.335881e+02 4.143108e+01
      vertex   2.350000e+01 1.335881e+02 4.143108e+01
      vertex   2.350000e+01 1.335088e+02 4.235604e+01
    endloop
  endfacet
  facet normal -1.094035e-14 -9.963451e-01 -8.541878e-02
    outer loop
      vertex   2.080000e+01 1.335881e+02 4.143108e+01
      vertex   2.350000e+01 1.335088e+02 4.235604e+01
      vertex   2.080000e+01 1.335088e+02 4.235604e+01
    endloop
  endfacet
  facet normal -1.109141e-14 -9.924878e-01 -1.223440e-01
    outer loop
      vertex   2.080000e+01 1.335088e+02 4.235604e+01
      vertex   2.350000e+01 1.335088e+02 4.235604e+01
      vertex   2.350000e+01 1.333952e+02 4.327703e+01
    endloop
  endfacet
  facet normal -1.173151e-14 -9.924878e-01 -1.223440e-01
    outer loop
      vertex   2.080000e+01 1.335088e+02 4.235604e+01
      vertex   2.350000e+01 1.333952e+02 4.327703e+01
      vertex   2.080000e+01 1.333952e+02 4.327703e+01
    endloop
  endfacet
  facet normal -1.206718e-14 -9.872639e-01 -1.590913e-01
    outer loop
      vertex   2.080000e+01 1.333952e+02 4.327703e+01
      vertex   2.350000e+01 1.333952e+02 4.327703e+01
      vertex   2.350000e+01 1.332476e+02 4.419309e+01
    endloop
  endfacet
  facet normal -1.164382e-14 -9.872639e-01 -1.590913e-01
    outer loop
      vertex   2.080000e+01 1.333952e+02 4.327703e+01
      vertex   2.350000e+01 1.332476e+02 4.419309e+01
      vertex   2.080000e+01 1.332476e+02 4.419309e+01
    endloop
  endfacet
  facet normal -1.186760e-14 -9.806792e-01 -1.956227e-01
    outer loop
      vertex   2.080000e+01 1.332476e+02 4.419309e+01
      vertex   2.350000e+01 1.332476e+02 4.419309e+01
      vertex   2.350000e+01 1.330660e+02 4.510329e+01
    endloop
  endfacet
  facet normal -1.135279e-14 -9.806792e-01 -1.956227e-01
    outer loop
      vertex   2.080000e+01 1.332476e+02 4.419309e+01
      vertex   2.350000e+01 1.330660e+02 4.510329e+01
      vertex   2.080000e+01 1.330660e+02 4.510329e+01
    endloop
  endfacet
  facet normal -1.146016e-14 -9.727395e-01 -2.319005e-01
    outer loop
      vertex   2.080000e+01 1.330660e+02 4.510329e+01
      vertex   2.350000e+01 1.330660e+02 4.510329e+01
      vertex   2.350000e+01 1.328507e+02 4.600667e+01
    endloop
  endfacet
  facet normal -1.837482e-15 -9.727395e-01 -2.319005e-01
    outer loop
      vertex   2.080000e+01 1.330660e+02 4.510329e+01
      vertex   2.350000e+01 1.328507e+02 4.600667e+01
      vertex   2.080000e+01 1.328507e+02 4.600667e+01
    endloop
  endfacet
  facet normal -2.114742e-15 -9.634575e-01 -2.678611e-01
    outer loop
      vertex   2.080000e+01 1.328507e+02 4.600667e+01
      vertex   2.350000e+01 1.328507e+02 4.600667e+01
      vertex   2.350000e+01 1.326020e+02 4.690099e+01
    endloop
  endfacet
  facet normal -1.417543e-15 -9.634575e-01 -2.678611e-01
    outer loop
      vertex   2.080000e+01 1.328507e+02 4.600667e+01
      vertex   2.350000e+01 1.326020e+02 4.690099e+01
      vertex   2.080000e+01 1.326020e+02 4.690099e+01
    endloop
  endfacet
  facet normal -1.596980e-15 -9.528572e-01 -3.034192e-01
    outer loop
      vertex   2.080000e+01 1.326020e+02 4.690099e+01
      vertex   2.350000e+01 1.326020e+02 4.690099e+01
      vertex   2.350000e+01 1.323208e+02 4.778418e+01
    endloop
  endfacet
  facet normal -7.985240e-16 -9.528572e-01 -3.034192e-01
    outer loop
      vertex   2.080000e+01 1.326020e+02 4.690099e+01
      vertex   2.350000e+01 1.323208e+02 4.778418e+01
      vertex   2.080000e+01 1.323208e+02 4.778418e+01
    endloop
  endfacet
  facet normal -8.908486e-16 -9.409611e-01 -3.385146e-01
    outer loop
      vertex   2.080000e+01 1.323208e+02 4.778418e+01
      vertex   2.350000e+01 1.323208e+02 4.778418e+01
      vertex   2.350000e+01 1.320074e+02 4.865540e+01
    endloop
  endfacet
  facet normal 0.000000e+00 -9.409611e-01 -3.385146e-01
    outer loop
      vertex   2.080000e+01 1.323208e+02 4.778418e+01
      vertex   2.350000e+01 1.320074e+02 4.865540e+01
      vertex   2.080000e+01 1.320074e+02 4.865540e+01
    endloop
  endfacet
  facet normal 0.000000e+00 -9.277863e-01 -3.731121e-01
    outer loop
      vertex   2.080000e+01 1.320074e+02 4.865540e+01
      vertex   2.350000e+01 1.320074e+02 4.865540e+01
      vertex   2.350000e+01 1.316622e+02 4.951377e+01
    endloop
  endfacet
  facet normal 0.000000e+00 -9.277863e-01 -3.731121e-01
    outer loop
      vertex   2.080000e+01 1.320074e+02 4.865540e+01
      vertex   2.350000e+01 1.316622e+02 4.951377e+01
      vertex   2.080000e+01 1.316622e+02 4.951377e+01
    endloop
  endfacet
  facet normal 0.000000e+00 -9.133492e-01 -4.071771e-01
    outer loop
      vertex   2.080000e+01 1.316622e+02 4.951377e+01
      vertex   2.350000e+01 1.316622e+02 4.951377e+01
      vertex   2.350000e+01 1.312856e+02 5.035844e+01
    endloop
  endfacet
  facet normal 7.469775e-15 -9.133492e-01 -4.071771e-01
    outer loop
      vertex   2.080000e+01 1.316622e+02 4.951377e+01
      vertex   2.350000e+01 1.312856e+02 5.035844e+01
      vertex   2.080000e+01 1.312856e+02 5.035844e+01
    endloop
  endfacet
  facet normal 7.129936e-15 -8.976662e-01 -4.406760e-01
    outer loop
      vertex   2.080000e+01 1.312856e+02 5.035844e+01
      vertex   2.350000e+01 1.312856e+02 5.035844e+01
      vertex   2.350000e+01 1.308781e+02 5.118854e+01
    endloop
  endfacet
  facet normal 0.000000e+00 -8.976662e-01 -4.406760e-01
    outer loop
      vertex   2.080000e+01 1.312856e+02 5.035844e+01
      vertex   2.350000e+01 1.308781e+02 5.118854e+01
      vertex   2.080000e+01 1.308781e+02 5.118854e+01
    endloop
  endfacet
  facet normal 0.000000e+00 -8.807534e-01 -4.735751e-01
    outer loop
      vertex   2.080000e+01 1.308781e+02 5.118854e+01
      vertex   2.350000e+01 1.308781e+02 5.118854e+01
      vertex   2.350000e+01 1.304401e+02 5.200321e+01
    endloop
  endfacet
  facet normal -1.244740e-15 -8.807534e-01 -4.735751e-01
    outer loop
      vertex   2.080000e+01 1.308781e+02 5.118854e+01
      vertex   2.350000e+01 1.304401e+02 5.200321e+01
      vertex   2.080000e+01 1.304401e+02 5.200321e+01
    endloop
  endfacet
  facet normal -1.331191e-15 -8.626269e-01 -5.058408e-01
    outer loop
      vertex   2.080000e+01 1.304401e+02 5.200321e+01
      vertex   2.350000e+01 1.304401e+02 5.200321e+01
      vertex   2.350000e+01 1.299719e+02 5.280158e+01
    endloop
  endfacet
  facet normal 9.063434e-15 -8.626269e-01 -5.058408e-01
    outer loop
      vertex   2.080000e+01 1.304401e+02 5.200321e+01
      vertex   2.350000e+01 1.299719e+02 5.280158e+01
      vertex   2.080000e+01 1.299719e+02 5.280158e+01
    endloop
  endfacet
  facet normal 8.877076e-15 -8.433027e-01 -5.374388e-01
    outer loop
      vertex   2.080000e+01 1.299719e+02 5.280158e+01
      vertex   2.350000e+01 1.299719e+02 5.280158e+01
      vertex   2.350000e+01 1.294740e+02 5.358280e+01
    endloop
  endfacet
  facet normal 8.877413e-15 -8.433027e-01 -5.374388e-01
    outer loop
      vertex   2.080000e+01 1.299719e+02 5.280158e+01
      vertex   2.350000e+01 1.294740e+02 5.358280e+01
      vertex   2.080000e+01 1.294740e+02 5.358280e+01
    endloop
  endfacet
  facet normal 8.661229e-15 -8.227977e-01 -5.683343e-01
    outer loop
      vertex   2.080000e+01 1.294740e+02 5.358280e+01
      vertex   2.350000e+01 1.294740e+02 5.358280e+01
      vertex   2.350000e+01 1.289469e+02 5.434600e+01
    endloop
  endfacet
  facet normal -2.992284e-15 -8.227977e-01 -5.683343e-01
    outer loop
      vertex   2.080000e+01 1.294740e+02 5.358280e+01
      vertex   2.350000e+01 1.289469e+02 5.434600e+01
      vertex   2.080000e+01 1.289469e+02 5.434600e+01
    endloop
  endfacet
  facet normal -3.149991e-15 -8.011345e-01 -5.984844e-01
    outer loop
      vertex   2.080000e+01 1.289469e+02 5.434600e+01
      vertex   2.350000e+01 1.289469e+02 5.434600e+01
      vertex   2.350000e+01 1.283911e+02 5.508998e+01
    endloop
  endfacet
  facet normal 8.412912e-15 -8.011345e-01 -5.984844e-01
    outer loop
      vertex   2.080000e+01 1.289469e+02 5.434600e+01
      vertex   2.350000e+01 1.283911e+02 5.508998e+01
      vertex   2.080000e+01 1.283911e+02 5.508998e+01
    endloop
  endfacet
  facet normal 8.193530e-15 -7.783673e-01 -6.278091e-01
    outer loop
      vertex   2.080000e+01 1.283911e+02 5.508998e+01
      vertex   2.350000e+01 1.283911e+02 5.508998e+01
      vertex   2.350000e+01 1.278088e+02 5.581195e+01
    endloop
  endfacet
  facet normal -5.740939e-15 -7.783673e-01 -6.278091e-01
    outer loop
      vertex   2.080000e+01 1.283911e+02 5.508998e+01
      vertex   2.350000e+01 1.278088e+02 5.581195e+01
      vertex   2.080000e+01 1.278088e+02 5.581195e+01
    endloop
  endfacet
  facet normal -5.698418e-15 -7.545572e-01 -6.562342e-01
    outer loop
      vertex   2.080000e+01 1.278088e+02 5.581195e+01
      vertex   2.350000e+01 1.278088e+02 5.581195e+01
      vertex   2.350000e+01 1.272009e+02 5.651094e+01
    endloop
  endfacet
  facet normal 6.214343e-15 -7.545572e-01 -6.562342e-01
    outer loop
      vertex   2.080000e+01 1.278088e+02 5.581195e+01
      vertex   2.350000e+01 1.272009e+02 5.651094e+01
      vertex   2.080000e+01 1.272009e+02 5.651094e+01
    endloop
  endfacet
  facet normal 5.882312e-15 -7.297384e-01 -6.837265e-01
    outer loop
      vertex   2.080000e+01 1.272009e+02 5.651094e+01
      vertex   2.350000e+01 1.272009e+02 5.651094e+01
      vertex   2.350000e+01 1.265681e+02 5.718631e+01
    endloop
  endfacet
  facet normal -3.598778e-15 -7.297384e-01 -6.837265e-01
    outer loop
      vertex   2.080000e+01 1.272009e+02 5.651094e+01
      vertex   2.350000e+01 1.265681e+02 5.718631e+01
      vertex   2.080000e+01 1.265681e+02 5.718631e+01
    endloop
  endfacet
  facet normal -3.738297e-15 -7.039395e-01 -7.102599e-01
    outer loop
      vertex   2.080000e+01 1.265681e+02 5.718631e+01
      vertex   2.350000e+01 1.265681e+02 5.718631e+01
      vertex   2.350000e+01 1.259111e+02 5.783743e+01
    endloop
  endfacet
  facet normal -3.712027e-15 -7.039395e-01 -7.102599e-01
    outer loop
      vertex   2.080000e+01 1.265681e+02 5.718631e+01
      vertex   2.350000e+01 1.259111e+02 5.783743e+01
      vertex   2.080000e+01 1.259111e+02 5.783743e+01
    endloop
  endfacet
  facet normal -3.564234e-15 -6.771887e-01 -7.358094e-01
    outer loop
      vertex   2.080000e+01 1.259111e+02 5.783743e+01
      vertex   2.350000e+01 1.259111e+02 5.783743e+01
      vertex   2.350000e+01 1.252307e+02 5.846364e+01
    endloop
  endfacet
  facet normal 5.513846e-15 -6.771887e-01 -7.358094e-01
    outer loop
      vertex   2.080000e+01 1.259111e+02 5.783743e+01
      vertex   2.350000e+01 1.252307e+02 5.846364e+01
      vertex   2.080000e+01 1.252307e+02 5.846364e+01
    endloop
  endfacet
  facet normal 5.419539e-15 -6.495138e-01 -7.603498e-01
    outer loop
      vertex   2.080000e+01 1.252307e+02 5.846364e+01
      vertex   2.350000e+01 1.252307e+02 5.846364e+01
      vertex   2.350000e+01 1.245275e+02 5.906432e+01
    endloop
  endfacet
  facet normal -1.282749e-14 -6.495138e-01 -7.603498e-01
    outer loop
      vertex   2.080000e+01 1.252307e+02 5.846364e+01
      vertex   2.350000e+01 1.245275e+02 5.906432e+01
      vertex   2.080000e+01 1.245275e+02 5.906432e+01
    endloop
  endfacet
  facet normal -1.272487e-14 -6.209423e-01 -7.838563e-01
    outer loop
      vertex   2.080000e+01 1.245275e+02 5.906432e+01
      vertex   2.350000e+01 1.245275e+02 5.906432e+01
      vertex   2.350000e+01 1.238023e+02 5.963881e+01
    endloop
  endfacet
  facet normal -9.799896e-15 -6.209423e-01 -7.838563e-01
    outer loop
      vertex   2.080000e+01 1.245275e+02 5.906432e+01
      vertex   2.350000e+01 1.238023e+02 5.963881e+01
      vertex   2.080000e+01 1.238023e+02 5.963881e+01
    endloop
  endfacet
  facet normal -9.339722e-15 -5.915020e-01 -8.063035e-01
    outer loop
      vertex   2.080000e+01 1.238023e+02 5.963881e+01
      vertex   2.350000e+01 1.238023e+02 5.963881e+01
      vertex   2.350000e+01 1.230557e+02 6.018648e+01
    endloop
  endfacet
  facet normal 3.108714e-15 -5.915020e-01 -8.063035e-01
    outer loop
      vertex   2.080000e+01 1.238023e+02 5.963881e+01
      vertex   2.350000e+01 1.230557e+02 6.018648e+01
      vertex   2.080000e+01 1.230557e+02 6.018648e+01
    endloop
  endfacet
  facet normal 2.953864e-15 -5.612212e-01 -8.276659e-01
    outer loop
      vertex   2.080000e+01 1.230557e+02 6.018648e+01
      vertex   2.350000e+01 1.230557e+02 6.018648e+01
      vertex   2.350000e+01 1.222885e+02 6.070669e+01
    endloop
  endfacet
  facet normal 0.000000e+00 -5.612212e-01 -8.276659e-01
    outer loop
      vertex   2.080000e+01 1.230557e+02 6.018648e+01
      vertex   2.350000e+01 1.222885e+02 6.070669e+01
      vertex   2.080000e+01 1.222885e+02 6.070669e+01
    endloop
  endfacet
  facet normal 0.000000e+00 -5.301290e-01 -8.479170e-01
    outer loop
      vertex   2.080000e+01 1.222885e+02 6.070669e+01
      vertex   2.350000e+01 1.222885e+02 6.070669e+01
      vertex   2.350000e+01 1.215014e+02 6.119879e+01
    endloop
  endfacet
  facet normal 0.000000e+00 -5.301290e-01 -8.479170e-01
    outer loop
      vertex   2.080000e+01 1.222885e+02 6.070669e+01
      vertex   2.350000e+01 1.215014e+02 6.119879e+01
      vertex   2.080000e+01 1.215014e+02 6.119879e+01
    endloop
  endfacet
  facet normal 0.000000e+00 -4.209200e-01 9.070978e-01
    outer loop
      vertex   2.080000e+01 1.140916e+02 1.040887e+01
      vertex   2.350000e+01 1.140916e+02 1.040887e+01
      vertex   2.080000e+01 1.147500e+02 1.071437e+01
    endloop
  endfacet
  facet normal -4.408825e-03 -4.357369e-01 9.000633e-01
    outer loop
      vertex   2.080000e+01 1.147500e+02 1.071437e+01
      vertex   2.350000e+01 1.140916e+02 1.040887e+01
      vertex   2.350000e+01 1.159750e+02 1.132063e+01
    endloop
  endfacet
  facet normal -4.121375e-03 -4.362485e-01 8.998168e-01
    outer loop
      vertex   2.080000e+01 1.147500e+02 1.071437e+01
      vertex   2.350000e+01 1.159750e+02 1.132063e+01
      vertex   2.080000e+01 1.154423e+02 1.105001e+01
    endloop
  endfacet
  facet normal 5.555793e-06 -4.529572e-01 8.915323e-01
    outer loop
      vertex   2.080000e+01 1.154423e+02 1.105001e+01
      vertex   2.350000e+01 1.159750e+02 1.132063e+01
      vertex   2.080000e+01 1.161646e+02 1.141701e+01
    endloop
  endfacet
  facet normal -1.591335e-03 -4.709315e-01 8.821684e-01
    outer loop
      vertex   2.080000e+01 1.161646e+02 1.141701e+01
      vertex   2.350000e+01 1.159750e+02 1.132063e+01
      vertex   2.080000e+01 1.169132e+02 1.181662e+01
    endloop
  endfacet
  facet normal -6.006339e-03 -4.808031e-01 8.768080e-01
    outer loop
      vertex   2.080000e+01 1.169132e+02 1.181662e+01
      vertex   2.350000e+01 1.159750e+02 1.132063e+01
      vertex   2.350000e+01 1.178139e+02 1.232902e+01
    endloop
  endfacet
  facet normal -1.929746e-03 -4.900977e-01 8.716654e-01
    outer loop
      vertex   2.080000e+01 1.169132e+02 1.181662e+01
      vertex   2.350000e+01 1.178139e+02 1.232902e+01
      vertex   2.080000e+01 1.176841e+02 1.225006e+01
    endloop
  endfacet
  facet normal -6.111115e-04 -5.103925e-01 8.599413e-01
    outer loop
      vertex   2.080000e+01 1.176841e+02 1.225006e+01
      vertex   2.350000e+01 1.178139e+02 1.232902e+01
      vertex   2.080000e+01 1.184734e+02 1.271855e+01
    endloop
  endfacet
  facet normal -6.293911e-03 -5.275063e-01 8.495278e-01
    outer loop
      vertex   2.080000e+01 1.184734e+02 1.271855e+01
      vertex   2.350000e+01 1.178139e+02 1.232902e+01
      vertex   2.350000e+01 1.195953e+02 1.343517e+01
    endloop
  endfacet
  facet normal -3.830063e-03 -5.317520e-01 8.468914e-01
    outer loop
      vertex   2.080000e+01 1.184734e+02 1.271855e+01
      vertex   2.350000e+01 1.195953e+02 1.343517e+01
      vertex   2.080000e+01 1.192774e+02 1.322334e+01
    endloop
  endfacet
  facet normal -6.030484e-05 -5.541302e-01 8.324300e-01
    outer loop
      vertex   2.080000e+01 1.192774e+02 1.322334e+01
      vertex   2.350000e+01 1.195953e+02 1.343517e+01
      vertex   2.080000e+01 1.200920e+02 1.376563e+01
    endloop
  endfacet
  facet normal -5.879423e-03 -5.758508e-01 8.175336e-01
    outer loop
      vertex   2.080000e+01 1.200920e+02 1.376563e+01
      vertex   2.350000e+01 1.195953e+02 1.343517e+01
      vertex   2.350000e+01 1.213060e+02 1.464014e+01
    endloop
  endfacet
  facet normal -4.800534e-03 -5.774449e-01 8.164155e-01
    outer loop
      vertex   2.080000e+01 1.200920e+02 1.376563e+01
      vertex   2.350000e+01 1.213060e+02 1.464014e+01
      vertex   2.080000e+01 1.209135e+02 1.434667e+01
    endloop
  endfacet
  facet normal 6.361896e-04 -6.016463e-01 7.987623e-01
    outer loop
      vertex   2.080000e+01 1.209135e+02 1.434667e+01
      vertex   2.350000e+01 1.213060e+02 1.464014e+01
      vertex   2.080000e+01 1.217380e+02 1.496769e+01
    endloop
  endfacet
  facet normal -2.216118e-03 -6.129308e-01 7.901335e-01
    outer loop
      vertex   2.080000e+01 1.217380e+02 1.496769e+01
      vertex   2.350000e+01 1.213060e+02 1.464014e+01
      vertex   2.350000e+01 1.221300e+02 1.527936e+01
    endloop
  endfacet
  facet normal 1.020726e-03 -6.266265e-01 7.793191e-01
    outer loop
      vertex   2.080000e+01 1.217380e+02 1.496769e+01
      vertex   2.350000e+01 1.221300e+02 1.527936e+01
      vertex   2.080000e+01 1.225616e+02 1.562991e+01
    endloop
  endfacet
  facet normal -1.995406e-03 -6.379726e-01 7.700565e-01
    outer loop
      vertex   2.080000e+01 1.225616e+02 1.562991e+01
      vertex   2.350000e+01 1.221300e+02 1.527936e+01
      vertex   2.350000e+01 1.229313e+02 1.594324e+01
    endloop
  endfacet
  facet normal 1.367256e-03 -6.522862e-01 7.579715e-01
    outer loop
      vertex   2.080000e+01 1.225616e+02 1.562991e+01
      vertex   2.350000e+01 1.229313e+02 1.594324e+01
      vertex   2.080000e+01 1.233804e+02 1.633455e+01
    endloop
  endfacet
  facet normal -1.799180e-03 -6.630977e-01 7.485307e-01
    outer loop
      vertex   2.080000e+01 1.233804e+02 1.633455e+01
      vertex   2.350000e+01 1.229313e+02 1.594324e+01
      vertex   2.350000e+01 1.237092e+02 1.663232e+01
    endloop
  endfacet
  facet normal 1.612561e-03 -6.784984e-01 7.346001e-01
    outer loop
      vertex   2.080000e+01 1.233804e+02 1.633455e+01
      vertex   2.350000e+01 1.237092e+02 1.663232e+01
      vertex   2.080000e+01 1.241906e+02 1.708286e+01
    endloop
  endfacet
  facet normal -1.626288e-03 -6.881816e-01 7.255367e-01
    outer loop
      vertex   2.080000e+01 1.241906e+02 1.708286e+01
      vertex   2.350000e+01 1.237092e+02 1.663232e+01
      vertex   2.350000e+01 1.244628e+02 1.734713e+01
    endloop
  endfacet
  facet normal 1.689451e-03 -7.051087e-01 7.090972e-01
    outer loop
      vertex   2.080000e+01 1.241906e+02 1.708286e+01
      vertex   2.350000e+01 1.244628e+02 1.734713e+01
      vertex   2.080000e+01 1.249879e+02 1.787570e+01
    endloop
  endfacet
  facet normal -1.434016e-03 -7.130901e-01 7.010709e-01
    outer loop
      vertex   2.080000e+01 1.249879e+02 1.787570e+01
      vertex   2.350000e+01 1.244628e+02 1.734713e+01
      vertex   2.350000e+01 1.251914e+02 1.808823e+01
    endloop
  endfacet
  facet normal 1.513267e-03 -7.317868e-01 6.815320e-01
    outer loop
      vertex   2.080000e+01 1.249879e+02 1.787570e+01
      vertex   2.350000e+01 1.251914e+02 1.808823e+01
      vertex   2.080000e+01 1.257544e+02 1.869868e+01
    endloop
  endfacet
  facet normal -1.159173e-03 -7.376815e-01 6.751479e-01
    outer loop
      vertex   2.080000e+01 1.257544e+02 1.869868e+01
      vertex   2.350000e+01 1.251914e+02 1.808823e+01
      vertex   2.350000e+01 1.258942e+02 1.885613e+01
    endloop
  endfacet
  facet normal 1.211601e-03 -7.578594e-01 6.524167e-01
    outer loop
      vertex   2.080000e+01 1.257544e+02 1.869868e+01
      vertex   2.350000e+01 1.258942e+02 1.885613e+01
      vertex   2.080000e+01 1.264822e+02 1.954409e+01
    endloop
  endfacet
  facet normal -8.242682e-04 -7.618086e-01 6.478016e-01
    outer loop
      vertex   2.080000e+01 1.264822e+02 1.954409e+01
      vertex   2.350000e+01 1.258942e+02 1.885613e+01
      vertex   2.350000e+01 1.265705e+02 1.965139e+01
    endloop
  endfacet
  facet normal 8.879798e-04 -7.829340e-01 6.221041e-01
    outer loop
      vertex   2.080000e+01 1.264822e+02 1.954409e+01
      vertex   2.350000e+01 1.265705e+02 1.965139e+01
      vertex   2.080000e+01 1.271719e+02 2.041219e+01
    endloop
  endfacet
  facet normal -4.826329e-04 -7.853023e-01 6.191123e-01
    outer loop
      vertex   2.080000e+01 1.271719e+02 2.041219e+01
      vertex   2.350000e+01 1.265705e+02 1.965139e+01
      vertex   2.350000e+01 1.272184e+02 2.047329e+01
    endloop
  endfacet
  facet normal 5.297240e-04 -8.068388e-01 5.907714e-01
    outer loop
      vertex   2.080000e+01 1.271719e+02 2.041219e+01
      vertex   2.350000e+01 1.272184e+02 2.047329e+01
      vertex   2.080000e+01 1.278244e+02 2.130324e+01
    endloop
  endfacet
  facet normal -1.036724e-04 -8.078210e-01 5.894279e-01
    outer loop
      vertex   2.080000e+01 1.278244e+02 2.130324e+01
      vertex   2.350000e+01 1.272184e+02 2.047329e+01
      vertex   2.350000e+01 1.278316e+02 2.131369e+01
    endloop
  endfacet
  facet normal 7.072577e-05 -8.290528e-01 5.591704e-01
    outer loop
      vertex   2.080000e+01 1.278244e+02 2.130324e+01
      vertex   2.350000e+01 1.278316e+02 2.131369e+01
      vertex   2.350000e+01 1.284097e+02 2.217080e+01
    endloop
  endfacet
  facet normal 3.288810e-04 -8.294249e-01 5.586181e-01
    outer loop
      vertex   2.080000e+01 1.278244e+02 2.130324e+01
      vertex   2.350000e+01 1.284097e+02 2.217080e+01
      vertex   2.080000e+01 1.284401e+02 2.221751e+01
    endloop
  endfacet
  facet normal -4.104656e-04 -8.489003e-01 5.285529e-01
    outer loop
      vertex   2.080000e+01 1.284401e+02 2.221751e+01
      vertex   2.350000e+01 1.284097e+02 2.217080e+01
      vertex   2.350000e+01 1.289536e+02 2.304433e+01
    endloop
  endfacet
  facet normal 7.317121e-04 -8.505705e-01 5.258604e-01
    outer loop
      vertex   2.080000e+01 1.284401e+02 2.221751e+01
      vertex   2.350000e+01 1.289536e+02 2.304433e+01
      vertex   2.080000e+01 1.290199e+02 2.315526e+01
    endloop
  endfacet
  facet normal -8.338338e-04 -8.673149e-01 4.977592e-01
    outer loop
      vertex   2.080000e+01 1.290199e+02 2.315526e+01
      vertex   2.350000e+01 1.289536e+02 2.304433e+01
      vertex   2.350000e+01 1.294642e+02 2.393401e+01
    endloop
  endfacet
  facet normal 1.090592e-03 -8.701847e-01 4.927244e-01
    outer loop
      vertex   2.080000e+01 1.290199e+02 2.315526e+01
      vertex   2.350000e+01 1.294642e+02 2.393401e+01
      vertex   2.080000e+01 1.295643e+02 2.411677e+01
    endloop
  endfacet
  facet normal -1.174969e-03 -8.842720e-01 4.669706e-01
    outer loop
      vertex   2.080000e+01 1.295643e+02 2.411677e+01
      vertex   2.350000e+01 1.294642e+02 2.393401e+01
      vertex   2.350000e+01 1.299424e+02 2.483955e+01
    endloop
  endfacet
  facet normal 1.392688e-03 -8.882086e-01 4.594383e-01
    outer loop
      vertex   2.080000e+01 1.295643e+02 2.411677e+01
      vertex   2.350000e+01 1.299424e+02 2.483955e+01
      vertex   2.080000e+01 1.300741e+02 2.510229e+01
    endloop
  endfacet
  facet normal -1.416655e-03 -8.997700e-01 4.363622e-01
    outer loop
      vertex   2.080000e+01 1.300741e+02 2.510229e+01
      vertex   2.350000e+01 1.299424e+02 2.483955e+01
      vertex   2.350000e+01 1.303891e+02 2.576069e+01
    endloop
  endfacet
  facet normal 1.620441e-03 -9.046152e-01 4.262260e-01
    outer loop
      vertex   2.080000e+01 1.300741e+02 2.510229e+01
      vertex   2.350000e+01 1.303891e+02 2.576069e+01
      vertex   2.080000e+01 1.305499e+02 2.611209e+01
    endloop
  endfacet
  facet normal -1.547559e-03 -9.138280e-01 4.060984e-01
    outer loop
      vertex   2.080000e+01 1.305499e+02 2.611209e+01
      vertex   2.350000e+01 1.303891e+02 2.576069e+01
      vertex   2.350000e+01 1.308053e+02 2.669714e+01
    endloop
  endfacet
  facet normal 1.753370e-03 -9.194081e-01 3.933009e-01
    outer loop
      vertex   2.080000e+01 1.305499e+02 2.611209e+01
      vertex   2.350000e+01 1.308053e+02 2.669714e+01
      vertex   2.080000e+01 1.309923e+02 2.714643e+01
    endloop
  endfacet
  facet normal -1.560759e-03 -9.264841e-01 3.763306e-01
    outer loop
      vertex   2.080000e+01 1.309923e+02 2.714643e+01
      vertex   2.350000e+01 1.308053e+02 2.669714e+01
      vertex   2.350000e+01 1.311918e+02 2.764862e+01
    endloop
  endfacet
  facet normal 1.766712e-03 -9.326127e-01 3.608746e-01
    outer loop
      vertex   2.080000e+01 1.309923e+02 2.714643e+01
      vertex   2.350000e+01 1.311918e+02 2.764862e+01
      vertex   2.080000e+01 1.314008e+02 2.820196e+01
    endloop
  endfacet
  facet normal -4.741919e-03 -9.429127e-01 3.330063e-01
    outer loop
      vertex   2.080000e+01 1.314008e+02 2.820196e+01
      vertex   2.350000e+01 1.311918e+02 2.764862e+01
      vertex   2.350000e+01 1.318794e+02 2.959559e+01
    endloop
  endfacet
  facet normal -2.600025e-03 -9.442199e-01 3.293055e-01
    outer loop
      vertex   2.080000e+01 1.314008e+02 2.820196e+01
      vertex   2.350000e+01 1.318794e+02 2.959559e+01
      vertex   2.080000e+01 1.317736e+02 2.927089e+01
    endloop
  endfacet
  facet normal 1.445995e-03 -9.542718e-01 2.989369e-01
    outer loop
      vertex   2.080000e+01 1.317736e+02 2.927089e+01
      vertex   2.350000e+01 1.318794e+02 2.959559e+01
      vertex   2.080000e+01 1.321121e+02 3.035154e+01
    endloop
  endfacet
  facet normal -4.976526e-03 -9.605852e-01 2.779413e-01
    outer loop
      vertex   2.080000e+01 1.321121e+02 3.035154e+01
      vertex   2.350000e+01 1.318794e+02 2.959559e+01
      vertex   2.350000e+01 1.324596e+02 3.160099e+01
    endloop
  endfacet
  facet normal -9.267942e-04 -9.629060e-01 2.698356e-01
    outer loop
      vertex   2.080000e+01 1.321121e+02 3.035154e+01
      vertex   2.350000e+01 1.324596e+02 3.160099e+01
      vertex   2.080000e+01 1.324178e+02 3.144240e+01
    endloop
  endfacet
  facet normal 1.645202e-03 -9.734642e-01 2.288333e-01
    outer loop
      vertex   2.080000e+01 1.324178e+02 3.144240e+01
      vertex   2.350000e+01 1.324596e+02 3.160099e+01
      vertex   2.080000e+01 1.329365e+02 3.364875e+01
    endloop
  endfacet
  facet normal -3.570440e-04 -9.740507e-01 2.263298e-01
    outer loop
      vertex   2.080000e+01 1.329365e+02 3.364875e+01
      vertex   2.350000e+01 1.324596e+02 3.160099e+01
      vertex   2.350000e+01 1.329453e+02 3.369121e+01
    endloop
  endfacet
  facet normal 4.261993e-04 -9.839240e-01 1.785872e-01
    outer loop
      vertex   2.080000e+01 1.329365e+02 3.364875e+01
      vertex   2.350000e+01 1.329453e+02 3.369121e+01
      vertex   2.080000e+01 1.333411e+02 3.587791e+01
    endloop
  endfacet
  facet normal 9.372725e-16 -9.840164e-01 1.780777e-01
    outer loop
      vertex   2.080000e+01 1.333411e+02 3.587791e+01
      vertex   2.350000e+01 1.329453e+02 3.369121e+01
      vertex   2.350000e+01 1.333411e+02 3.587791e+01
    endloop
  endfacet
  facet normal 0.000000e+00 8.020665e-01 -5.972347e-01
    outer loop
      vertex   2.080000e+01 1.165442e+02 4.081520e+00
      vertex   2.350000e+01 1.165442e+02 4.081520e+00
      vertex   2.080000e+01 1.161119e+02 3.500889e+00
    endloop
  endfacet
  facet normal -2.649794e-15 8.020665e-01 -5.972347e-01
    outer loop
      vertex   2.080000e+01 1.161119e+02 3.500889e+00
      vertex   2.350000e+01 1.165442e+02 4.081520e+00
      vertex   2.350000e+01 1.161119e+02 3.500889e+00
    endloop
  endfacet
  facet normal -1.719644e-15 6.890715e-01 -7.246934e-01
    outer loop
      vertex   2.080000e+01 1.161119e+02 3.500889e+00
      vertex   2.350000e+01 1.161119e+02 3.500889e+00
      vertex   2.350000e+01 1.155873e+02 3.002057e+00
    endloop
  endfacet
  facet normal 1.192823e-15 6.890715e-01 -7.246934e-01
    outer loop
      vertex   2.080000e+01 1.161119e+02 3.500889e+00
      vertex   2.350000e+01 1.155873e+02 3.002057e+00
      vertex   2.080000e+01 1.155873e+02 3.002057e+00
    endloop
  endfacet
  facet normal 1.367015e-15 5.560840e-01 -8.311261e-01
    outer loop
      vertex   2.080000e+01 1.155873e+02 3.002057e+00
      vertex   2.350000e+01 1.155873e+02 3.002057e+00
      vertex   2.350000e+01 1.149856e+02 2.599498e+00
    endloop
  endfacet
  facet normal 1.093421e-15 5.560840e-01 -8.311261e-01
    outer loop
      vertex   2.080000e+01 1.155873e+02 3.002057e+00
      vertex   2.350000e+01 1.149856e+02 2.599498e+00
      vertex   2.080000e+01 1.149856e+02 2.599498e+00
    endloop
  endfacet
  facet normal 1.201929e-15 4.069625e-01 -9.134449e-01
    outer loop
      vertex   2.080000e+01 1.149856e+02 2.599498e+00
      vertex   2.350000e+01 1.149856e+02 2.599498e+00
      vertex   2.350000e+01 1.143243e+02 2.304890e+00
    endloop
  endfacet
  facet normal 2.982058e-16 4.069625e-01 -9.134449e-01
    outer loop
      vertex   2.080000e+01 1.149856e+02 2.599498e+00
      vertex   2.350000e+01 1.143243e+02 2.304890e+00
      vertex   2.080000e+01 1.143243e+02 2.304890e+00
    endloop
  endfacet
  facet normal 3.188433e-16 2.460335e-01 -9.692613e-01
    outer loop
      vertex   2.080000e+01 1.143243e+02 2.304890e+00
      vertex   2.350000e+01 1.143243e+02 2.304890e+00
      vertex   2.350000e+01 1.136227e+02 2.126782e+00
    endloop
  endfacet
  facet normal -2.115841e-15 2.460335e-01 -9.692613e-01
    outer loop
      vertex   2.080000e+01 1.143243e+02 2.304890e+00
      vertex   2.350000e+01 1.136227e+02 2.126782e+00
      vertex   2.080000e+01 1.136227e+02 2.126782e+00
    endloop
  endfacet
  facet normal -3.287861e-16 7.796627e-02 -9.969560e-01
    outer loop
      vertex   2.080000e+01 1.136227e+02 2.126782e+00
      vertex   2.350000e+01 1.136227e+02 2.126782e+00
      vertex   2.350000e+01 1.129010e+02 2.070341e+00
    endloop
  endfacet
  facet normal 0.000000e+00 7.796627e-02 -9.969560e-01
    outer loop
      vertex   2.080000e+01 1.136227e+02 2.126782e+00
      vertex   2.350000e+01 1.129010e+02 2.070341e+00
      vertex   2.080000e+01 1.129010e+02 2.070341e+00
    endloop
  endfacet
  facet normal 0.000000e+00 -9.236308e-02 -9.957254e-01
    outer loop
      vertex   2.080000e+01 1.129010e+02 2.070341e+00
      vertex   2.350000e+01 1.129010e+02 2.070341e+00
      vertex   2.350000e+01 1.121801e+02 2.137204e+00
    endloop
  endfacet
  facet normal -4.899095e-16 -9.236308e-02 -9.957254e-01
    outer loop
      vertex   2.080000e+01 1.129010e+02 2.070341e+00
      vertex   2.350000e+01 1.121801e+02 2.137204e+00
      vertex   2.080000e+01 1.121801e+02 2.137204e+00
    endloop
  endfacet
  facet normal -4.764610e-16 -2.600126e-01 -9.656052e-01
    outer loop
      vertex   2.080000e+01 1.121801e+02 2.137204e+00
      vertex   2.350000e+01 1.121801e+02 2.137204e+00
      vertex   2.350000e+01 1.114811e+02 2.325432e+00
    endloop
  endfacet
  facet normal 7.242140e-16 -2.600126e-01 -9.656052e-01
    outer loop
      vertex   2.080000e+01 1.121801e+02 2.137204e+00
      vertex   2.350000e+01 1.114811e+02 2.325432e+00
      vertex   2.080000e+01 1.114811e+02 2.325432e+00
    endloop
  endfacet
  facet normal 1.614167e-15 -4.201183e-01 -9.074693e-01
    outer loop
      vertex   2.080000e+01 1.114811e+02 2.325432e+00
      vertex   2.350000e+01 1.114811e+02 2.325432e+00
      vertex   2.350000e+01 1.108242e+02 2.629563e+00
    endloop
  endfacet
  facet normal -1.192823e-15 -4.201183e-01 -9.074693e-01
    outer loop
      vertex   2.080000e+01 1.114811e+02 2.325432e+00
      vertex   2.350000e+01 1.108242e+02 2.629563e+00
      vertex   2.080000e+01 1.108242e+02 2.629563e+00
    endloop
  endfacet
  facet normal -1.082926e-15 -5.680348e-01 -8.230045e-01
    outer loop
      vertex   2.080000e+01 1.108242e+02 2.629563e+00
      vertex   2.350000e+01 1.108242e+02 2.629563e+00
      vertex   2.350000e+01 1.102284e+02 3.040774e+00
    endloop
  endfacet
  facet normal -1.079221e-15 -5.680348e-01 -8.230045e-01
    outer loop
      vertex   2.080000e+01 1.108242e+02 2.629563e+00
      vertex   2.350000e+01 1.102284e+02 3.040774e+00
      vertex   2.080000e+01 1.102284e+02 3.040774e+00
    endloop
  endfacet
  facet normal -9.403657e-16 -6.994706e-01 -7.146614e-01
    outer loop
      vertex   2.080000e+01 1.102284e+02 3.040774e+00
      vertex   2.350000e+01 1.102284e+02 3.040774e+00
      vertex   2.350000e+01 1.097110e+02 3.547134e+00
    endloop
  endfacet
  facet normal 6.304922e-15 -6.994706e-01 -7.146614e-01
    outer loop
      vertex   2.080000e+01 1.102284e+02 3.040774e+00
      vertex   2.350000e+01 1.097110e+02 3.547134e+00
      vertex   2.080000e+01 1.097110e+02 3.547134e+00
    endloop
  endfacet
  facet normal 7.666120e-15 -8.106122e-01 -5.855833e-01
    outer loop
      vertex   2.080000e+01 1.097110e+02 3.547134e+00
      vertex   2.350000e+01 1.097110e+02 3.547134e+00
      vertex   2.350000e+01 1.092871e+02 4.133951e+00
    endloop
  endfacet
  facet normal 7.185339e-15 -8.106122e-01 -5.855833e-01
    outer loop
      vertex   2.080000e+01 1.097110e+02 3.547134e+00
      vertex   2.350000e+01 1.092871e+02 4.133951e+00
      vertex   2.080000e+01 1.092871e+02 4.133951e+00
    endloop
  endfacet
  facet normal 8.443259e-15 -8.982351e-01 -4.395154e-01
    outer loop
      vertex   2.080000e+01 1.092871e+02 4.133951e+00
      vertex   2.350000e+01 1.092871e+02 4.133951e+00
      vertex   2.350000e+01 1.089689e+02 4.784200e+00
    endloop
  endfacet
  facet normal -1.008219e-15 -8.982351e-01 -4.395154e-01
    outer loop
      vertex   2.080000e+01 1.092871e+02 4.133951e+00
      vertex   2.350000e+01 1.089689e+02 4.784200e+00
      vertex   2.080000e+01 1.089689e+02 4.784200e+00
    endloop
  endfacet
  facet normal -6.463534e-16 -9.597969e-01 -2.806956e-01
    outer loop
      vertex   2.080000e+01 1.089689e+02 4.784200e+00
      vertex   2.350000e+01 1.089689e+02 4.784200e+00
      vertex   2.350000e+01 1.087657e+02 5.479015e+00
    endloop
  endfacet
  facet normal -8.378162e-16 -9.597969e-01 -2.806956e-01
    outer loop
      vertex   2.080000e+01 1.089689e+02 4.784200e+00
      vertex   2.350000e+01 1.087657e+02 5.479015e+00
      vertex   2.080000e+01 1.087657e+02 5.479015e+00
    endloop
  endfacet
  facet normal -3.367135e-16 -9.935115e-01 -1.137317e-01
    outer loop
      vertex   2.080000e+01 1.087657e+02 5.479015e+00
      vertex   2.350000e+01 1.087657e+02 5.479015e+00
      vertex   2.350000e+01 1.086834e+02 6.198237e+00
    endloop
  endfacet
  facet normal -2.272044e-16 -9.935115e-01 -1.137317e-01
    outer loop
      vertex   2.080000e+01 1.087657e+02 5.479015e+00
      vertex   2.350000e+01 1.086834e+02 6.198237e+00
      vertex   2.080000e+01 1.086834e+02 6.198237e+00
    endloop
  endfacet
  facet normal 1.115787e-16 -9.984008e-01 5.653190e-02
    outer loop
      vertex   2.080000e+01 1.086834e+02 6.198237e+00
      vertex   2.350000e+01 1.086834e+02 6.198237e+00
      vertex   2.350000e+01 1.087243e+02 6.920998e+00
    endloop
  endfacet
  facet normal 1.118272e-16 -9.984008e-01 5.653190e-02
    outer loop
      vertex   2.080000e+01 1.086834e+02 6.198237e+00
      vertex   2.350000e+01 1.087243e+02 6.920998e+00
      vertex   2.080000e+01 1.087243e+02 6.920998e+00
    endloop
  endfacet
  facet normal 4.443958e-16 -9.743229e-01 2.251553e-01
    outer loop
      vertex   2.080000e+01 1.087243e+02 6.920998e+00
      vertex   2.350000e+01 1.087243e+02 6.920998e+00
      vertex   2.350000e+01 1.088873e+02 7.626328e+00
    endloop
  endfacet
  facet normal 4.402085e-16 -9.743229e-01 2.251553e-01
    outer loop
      vertex   2.080000e+01 1.087243e+02 6.920998e+00
      vertex   2.350000e+01 1.088873e+02 7.626328e+00
      vertex   2.080000e+01 1.088873e+02 7.626328e+00
    endloop
  endfacet
  facet normal 7.643193e-16 -9.219764e-01 3.872462e-01
    outer loop
      vertex   2.080000e+01 1.088873e+02 7.626328e+00
      vertex   2.350000e+01 1.088873e+02 7.626328e+00
      vertex   2.350000e+01 1.091677e+02 8.293764e+00
    endloop
  endfacet
  facet normal -4.600889e-15 -9.219764e-01 3.872462e-01
    outer loop
      vertex   2.080000e+01 1.088873e+02 7.626328e+00
      vertex   2.350000e+01 1.091677e+02 8.293764e+00
      vertex   2.080000e+01 1.091677e+02 8.293764e+00
    endloop
  endfacet
  facet normal -4.082291e-15 -8.428800e-01 5.381016e-01
    outer loop
      vertex   2.080000e+01 1.091677e+02 8.293764e+00
      vertex   2.350000e+01 1.091677e+02 8.293764e+00
      vertex   2.350000e+01 1.095572e+02 8.903941e+00
    endloop
  endfacet
  facet normal 1.065021e-15 -8.428800e-01 5.381016e-01
    outer loop
      vertex   2.080000e+01 1.091677e+02 8.293764e+00
      vertex   2.350000e+01 1.095572e+02 8.903941e+00
      vertex   2.080000e+01 1.095572e+02 8.903941e+00
    endloop
  endfacet
  facet normal 1.329001e-15 -7.393286e-01 6.733448e-01
    outer loop
      vertex   2.080000e+01 1.095572e+02 8.903941e+00
      vertex   2.350000e+01 1.095572e+02 8.903941e+00
      vertex   2.350000e+01 1.100447e+02 9.439154e+00
    endloop
  endfacet
  facet normal 8.804170e-16 -7.393286e-01 6.733448e-01
    outer loop
      vertex   2.080000e+01 1.095572e+02 8.903941e+00
      vertex   2.350000e+01 1.100447e+02 9.439154e+00
      vertex   2.080000e+01 1.100447e+02 9.439154e+00
    endloop
  endfacet
  facet normal 1.038250e-15 -6.143267e-01 7.890518e-01
    outer loop
      vertex   2.080000e+01 1.100447e+02 9.439154e+00
      vertex   2.350000e+01 1.100447e+02 9.439154e+00
      vertex   2.350000e+01 1.106159e+02 9.883877e+00
    endloop
  endfacet
  facet normal 5.112099e-16 -6.143267e-01 7.890518e-01
    outer loop
      vertex   2.080000e+01 1.100447e+02 9.439154e+00
      vertex   2.350000e+01 1.106159e+02 9.883877e+00
      vertex   2.080000e+01 1.106159e+02 9.883877e+00
    endloop
  endfacet
  facet normal 5.801881e-16 -4.715009e-01 8.818656e-01
    outer loop
      vertex   2.080000e+01 1.106159e+02 9.883877e+00
      vertex   2.350000e+01 1.106159e+02 9.883877e+00
      vertex   2.350000e+01 1.112543e+02 1.022521e+01
    endloop
  endfacet
  facet normal 1.164422e-15 -4.715009e-01 8.818656e-01
    outer loop
      vertex   2.080000e+01 1.106159e+02 9.883877e+00
      vertex   2.350000e+01 1.112543e+02 1.022521e+01
      vertex   2.080000e+01 1.112543e+02 1.022521e+01
    endloop
  endfacet
  facet normal 1.248836e-15 -3.149952e-01 9.490933e-01
    outer loop
      vertex   2.080000e+01 1.112543e+02 1.022521e+01
      vertex   2.350000e+01 1.112543e+02 1.022521e+01
      vertex   2.350000e+01 1.119413e+02 1.045324e+01
    endloop
  endfacet
  facet normal 0.000000e+00 -3.149952e-01 9.490933e-01
    outer loop
      vertex   2.080000e+01 1.112543e+02 1.022521e+01
      vertex   2.350000e+01 1.119413e+02 1.045324e+01
      vertex   2.080000e+01 1.119413e+02 1.045324e+01
    endloop
  endfacet
  facet normal 0.000000e+00 -1.493503e-01 9.887843e-01
    outer loop
      vertex   2.080000e+01 1.119413e+02 1.045324e+01
      vertex   2.350000e+01 1.119413e+02 1.045324e+01
      vertex   2.350000e+01 1.126571e+02 1.056135e+01
    endloop
  endfacet
  facet normal -7.810151e-16 -1.493503e-01 9.887843e-01
    outer loop
      vertex   2.080000e+01 1.119413e+02 1.045324e+01
      vertex   2.350000e+01 1.126571e+02 1.056135e+01
      vertex   2.080000e+01 1.126571e+02 1.056135e+01
    endloop
  endfacet
  facet normal 1.085695e-16 2.062774e-02 9.997872e-01
    outer loop
      vertex   2.080000e+01 1.126571e+02 1.056135e+01
      vertex   2.350000e+01 1.126571e+02 1.056135e+01
      vertex   2.350000e+01 1.133809e+02 1.054642e+01
    endloop
  endfacet
  facet normal -6.576502e-16 2.062774e-02 9.997872e-01
    outer loop
      vertex   2.080000e+01 1.126571e+02 1.056135e+01
      vertex   2.350000e+01 1.133809e+02 1.054642e+01
      vertex   2.080000e+01 1.133809e+02 1.054642e+01
    endloop
  endfacet
  facet normal -6.459246e-16 1.900073e-01 9.817827e-01
    outer loop
      vertex   2.080000e+01 1.133809e+02 1.054642e+01
      vertex   2.350000e+01 1.133809e+02 1.054642e+01
      vertex   2.080000e+01 1.140916e+02 1.040887e+01
    endloop
  endfacet
  facet normal -0.000000e+00 1.900073e-01 9.817827e-01
    outer loop
      vertex   2.080000e+01 1.140916e+02 1.040887e+01
      vertex   2.350000e+01 1.133809e+02 1.054642e+01
      vertex   2.350000e+01 1.140916e+02 1.040887e+01
    endloop
  endfacet
  facet normal 0.000000e+00 -1.305262e-01 9.914449e-01
    outer loop
      vertex   2.350000e+01 1.133069e+02 4.919637e+00
      vertex   2.080000e+01 1.133069e+02 4.919637e+00
      vertex   2.350000e+01 1.129317e+02 4.870230e+00
    endloop
  endfacet
  facet normal 0.000000e+00 -1.305262e-01 9.914449e-01
    outer loop
      vertex   2.350000e+01 1.129317e+02 4.870230e+00
      vertex   2.080000e+01 1.133069e+02 4.919637e+00
      vertex   2.080000e+01 1.129317e+02 4.870230e+00
    endloop
  endfacet
  facet normal 0.000000e+00 1.305262e-01 9.914449e-01
    outer loop
      vertex   2.350000e+01 1.129317e+02 4.870230e+00
      vertex   2.080000e+01 1.129317e+02 4.870230e+00
      vertex   2.350000e+01 1.125564e+02 4.919637e+00
    endloop
  endfacet
  facet normal 0.000000e+00 1.305262e-01 9.914449e-01
    outer loop
      vertex   2.350000e+01 1.125564e+02 4.919637e+00
      vertex   2.080000e+01 1.129317e+02 4.870230e+00
      vertex   2.080000e+01 1.125564e+02 4.919637e+00
    endloop
  endfacet
  facet normal 0.000000e+00 3.826834e-01 9.238795e-01
    outer loop
      vertex   2.350000e+01 1.125564e+02 4.919637e+00
      vertex   2.080000e+01 1.125564e+02 4.919637e+00
      vertex   2.350000e+01 1.122067e+02 5.064493e+00
    endloop
  endfacet
  facet normal 0.000000e+00 3.826834e-01 9.238795e-01
    outer loop
      vertex   2.350000e+01 1.122067e+02 5.064493e+00
      vertex   2.080000e+01 1.125564e+02 4.919637e+00
      vertex   2.080000e+01 1.122067e+02 5.064493e+00
    endloop
  endfacet
  facet normal 0.000000e+00 6.087614e-01 7.933533e-01
    outer loop
      vertex   2.350000e+01 1.122067e+02 5.064493e+00
      vertex   2.080000e+01 1.122067e+02 5.064493e+00
      vertex   2.350000e+01 1.119064e+02 5.294925e+00
    endloop
  endfacet
  facet normal 0.000000e+00 6.087614e-01 7.933533e-01
    outer loop
      vertex   2.350000e+01 1.119064e+02 5.294925e+00
      vertex   2.080000e+01 1.122067e+02 5.064493e+00
      vertex   2.080000e+01 1.119064e+02 5.294925e+00
    endloop
  endfacet
  facet normal 0.000000e+00 7.933533e-01 6.087614e-01
    outer loop
      vertex   2.350000e+01 1.119064e+02 5.294925e+00
      vertex   2.080000e+01 1.119064e+02 5.294925e+00
      vertex   2.350000e+01 1.116759e+02 5.595230e+00
    endloop
  endfacet
  facet normal -2.002551e-16 7.933533e-01 6.087614e-01
    outer loop
      vertex   2.350000e+01 1.116759e+02 5.595230e+00
      vertex   2.080000e+01 1.119064e+02 5.294925e+00
      vertex   2.080000e+01 1.116759e+02 5.595230e+00
    endloop
  endfacet
  facet normal -1.258856e-16 9.238795e-01 3.826834e-01
    outer loop
      vertex   2.350000e+01 1.116759e+02 5.595230e+00
      vertex   2.080000e+01 1.116759e+02 5.595230e+00
      vertex   2.350000e+01 1.115311e+02 5.944942e+00
    endloop
  endfacet
  facet normal 0.000000e+00 9.238795e-01 3.826834e-01
    outer loop
      vertex   2.350000e+01 1.115311e+02 5.944942e+00
      vertex   2.080000e+01 1.116759e+02 5.595230e+00
      vertex   2.080000e+01 1.115311e+02 5.944942e+00
    endloop
  endfacet
  facet normal 0.000000e+00 9.914449e-01 1.305262e-01
    outer loop
      vertex   2.350000e+01 1.115311e+02 5.944942e+00
      vertex   2.080000e+01 1.115311e+02 5.944942e+00
      vertex   2.350000e+01 1.114817e+02 6.320230e+00
    endloop
  endfacet
  facet normal 0.000000e+00 9.914449e-01 1.305262e-01
    outer loop
      vertex   2.350000e+01 1.114817e+02 6.320230e+00
      vertex   2.080000e+01 1.115311e+02 5.944942e+00
      vertex   2.080000e+01 1.114817e+02 6.320230e+00
    endloop
  endfacet
  facet normal 0.000000e+00 9.914449e-01 -1.305262e-01
    outer loop
      vertex   2.350000e+01 1.114817e+02 6.320230e+00
      vertex   2.080000e+01 1.114817e+02 6.320230e+00
      vertex   2.350000e+01 1.115311e+02 6.695517e+00
    endloop
  endfacet
  facet normal 8.587448e-17 9.914449e-01 -1.305262e-01
    outer loop
      vertex   2.350000e+01 1.115311e+02 6.695517e+00
      vertex   2.080000e+01 1.114817e+02 6.320230e+00
      vertex   2.080000e+01 1.115311e+02 6.695517e+00
    endloop
  endfacet
  facet normal 2.517712e-16 9.238795e-01 -3.826834e-01
    outer loop
      vertex   2.350000e+01 1.115311e+02 6.695517e+00
      vertex   2.080000e+01 1.115311e+02 6.695517e+00
      vertex   2.350000e+01 1.116759e+02 7.045230e+00
    endloop
  endfacet
  facet normal 0.000000e+00 9.238795e-01 -3.826834e-01
    outer loop
      vertex   2.350000e+01 1.116759e+02 7.045230e+00
      vertex   2.080000e+01 1.115311e+02 6.695517e+00
      vertex   2.080000e+01 1.116759e+02 7.045230e+00
    endloop
  endfacet
  facet normal 0.000000e+00 7.933533e-01 -6.087614e-01
    outer loop
      vertex   2.350000e+01 1.116759e+02 7.045230e+00
      vertex   2.080000e+01 1.116759e+02 7.045230e+00
      vertex   2.350000e+01 1.119064e+02 7.345534e+00
    endloop
  endfacet
  facet normal 2.002551e-16 7.933533e-01 -6.087614e-01
    outer loop
      vertex   2.350000e+01 1.119064e+02 7.345534e+00
      vertex   2.080000e+01 1.116759e+02 7.045230e+00
      vertex   2.080000e+01 1.119064e+02 7.345534e+00
    endloop
  endfacet
  facet normal 2.609775e-16 6.087614e-01 -7.933533e-01
    outer loop
      vertex   2.350000e+01 1.119064e+02 7.345534e+00
      vertex   2.080000e+01 1.119064e+02 7.345534e+00
      vertex   2.350000e+01 1.122067e+02 7.575966e+00
    endloop
  endfacet
  facet normal 0.000000e+00 6.087614e-01 -7.933533e-01
    outer loop
      vertex   2.350000e+01 1.122067e+02 7.575966e+00
      vertex   2.080000e+01 1.119064e+02 7.345534e+00
      vertex   2.080000e+01 1.122067e+02 7.575966e+00
    endloop
  endfacet
  facet normal 0.000000e+00 3.826834e-01 -9.238795e-01
    outer loop
      vertex   2.350000e+01 1.122067e+02 7.575966e+00
      vertex   2.080000e+01 1.122067e+02 7.575966e+00
      vertex   2.350000e+01 1.125564e+02 7.720822e+00
    endloop
  endfacet
  facet normal 0.000000e+00 3.826834e-01 -9.238795e-01
    outer loop
      vertex   2.350000e+01 1.125564e+02 7.720822e+00
      vertex   2.080000e+01 1.122067e+02 7.575966e+00
      vertex   2.080000e+01 1.125564e+02 7.720822e+00
    endloop
  endfacet
  facet normal 0.000000e+00 1.305262e-01 -9.914449e-01
    outer loop
      vertex   2.350000e+01 1.125564e+02 7.720822e+00
      vertex   2.080000e+01 1.125564e+02 7.720822e+00
      vertex   2.350000e+01 1.129317e+02 7.770230e+00
    endloop
  endfacet
  facet normal 0.000000e+00 1.305262e-01 -9.914449e-01
    outer loop
      vertex   2.350000e+01 1.129317e+02 7.770230e+00
      vertex   2.080000e+01 1.125564e+02 7.720822e+00
      vertex   2.080000e+01 1.129317e+02 7.770230e+00
    endloop
  endfacet
  facet normal -0.000000e+00 -1.305262e-01 -9.914449e-01
    outer loop
      vertex   2.350000e+01 1.129317e+02 7.770230e+00
      vertex   2.080000e+01 1.129317e+02 7.770230e+00
      vertex   2.350000e+01 1.133069e+02 7.720822e+00
    endloop
  endfacet
  facet normal -0.000000e+00 -1.305262e-01 -9.914449e-01
    outer loop
      vertex   2.350000e+01 1.133069e+02 7.720822e+00
      vertex   2.080000e+01 1.129317e+02 7.770230e+00
      vertex   2.080000e+01 1.133069e+02 7.720822e+00
    endloop
  endfacet
  facet normal -0.000000e+00 -3.826834e-01 -9.238795e-01
    outer loop
      vertex   2.350000e+01 1.133069e+02 7.720822e+00
      vertex   2.080000e+01 1.133069e+02 7.720822e+00
      vertex   2.350000e+01 1.136567e+02 7.575966e+00
    endloop
  endfacet
  facet normal -0.000000e+00 -3.826834e-01 -9.238795e-01
    outer loop
      vertex   2.350000e+01 1.136567e+02 7.575966e+00
      vertex   2.080000e+01 1.133069e+02 7.720822e+00
      vertex   2.080000e+01 1.136567e+02 7.575966e+00
    endloop
  endfacet
  facet normal -0.000000e+00 -6.087614e-01 -7.933533e-01
    outer loop
      vertex   2.350000e+01 1.136567e+02 7.575966e+00
      vertex   2.080000e+01 1.136567e+02 7.575966e+00
      vertex   2.350000e+01 1.139570e+02 7.345534e+00
    endloop
  endfacet
  facet normal -2.609775e-16 -6.087614e-01 -7.933533e-01
    outer loop
      vertex   2.350000e+01 1.139570e+02 7.345534e+00
      vertex   2.080000e+01 1.136567e+02 7.575966e+00
      vertex   2.080000e+01 1.139570e+02 7.345534e+00
    endloop
  endfacet
  facet normal -2.002551e-16 -7.933533e-01 -6.087614e-01
    outer loop
      vertex   2.350000e+01 1.139570e+02 7.345534e+00
      vertex   2.080000e+01 1.139570e+02 7.345534e+00
      vertex   2.350000e+01 1.141874e+02 7.045230e+00
    endloop
  endfacet
  facet normal -0.000000e+00 -7.933533e-01 -6.087614e-01
    outer loop
      vertex   2.350000e+01 1.141874e+02 7.045230e+00
      vertex   2.080000e+01 1.139570e+02 7.345534e+00
      vertex   2.080000e+01 1.141874e+02 7.045230e+00
    endloop
  endfacet
  facet normal -0.000000e+00 -9.238795e-01 -3.826834e-01
    outer loop
      vertex   2.350000e+01 1.141874e+02 7.045230e+00
      vertex   2.080000e+01 1.141874e+02 7.045230e+00
      vertex   2.350000e+01 1.143323e+02 6.695517e+00
    endloop
  endfacet
  facet normal -2.517712e-16 -9.238795e-01 -3.826834e-01
    outer loop
      vertex   2.350000e+01 1.143323e+02 6.695517e+00
      vertex   2.080000e+01 1.141874e+02 7.045230e+00
      vertex   2.080000e+01 1.143323e+02 6.695517e+00
    endloop
  endfacet
  facet normal -8.587448e-17 -9.914449e-01 -1.305262e-01
    outer loop
      vertex   2.350000e+01 1.143323e+02 6.695517e+00
      vertex   2.080000e+01 1.143323e+02 6.695517e+00
      vertex   2.350000e+01 1.143817e+02 6.320230e+00
    endloop
  endfacet
  facet normal -0.000000e+00 -9.914449e-01 -1.305262e-01
    outer loop
      vertex   2.350000e+01 1.143817e+02 6.320230e+00
      vertex   2.080000e+01 1.143323e+02 6.695517e+00
      vertex   2.080000e+01 1.143817e+02 6.320230e+00
    endloop
  endfacet
  facet normal 0.000000e+00 -9.914449e-01 1.305262e-01
    outer loop
      vertex   2.350000e+01 1.143817e+02 6.320230e+00
      vertex   2.080000e+01 1.143817e+02 6.320230e+00
      vertex   2.350000e+01 1.143323e+02 5.944942e+00
    endloop
  endfacet
  facet normal 0.000000e+00 -9.914449e-01 1.305262e-01
    outer loop
      vertex   2.350000e+01 1.143323e+02 5.944942e+00
      vertex   2.080000e+01 1.143817e+02 6.320230e+00
      vertex   2.080000e+01 1.143323e+02 5.944942e+00
    endloop
  endfacet
  facet normal 0.000000e+00 -9.238795e-01 3.826834e-01
    outer loop
      vertex   2.350000e+01 1.143323e+02 5.944942e+00
      vertex   2.080000e+01 1.143323e+02 5.944942e+00
      vertex   2.350000e+01 1.141874e+02 5.595230e+00
    endloop
  endfacet
  facet normal 1.258856e-16 -9.238795e-01 3.826834e-01
    outer loop
      vertex   2.350000e+01 1.141874e+02 5.595230e+00
      vertex   2.080000e+01 1.143323e+02 5.944942e+00
      vertex   2.080000e+01 1.141874e+02 5.595230e+00
    endloop
  endfacet
  facet normal 2.002551e-16 -7.933533e-01 6.087614e-01
    outer loop
      vertex   2.350000e+01 1.141874e+02 5.595230e+00
      vertex   2.080000e+01 1.141874e+02 5.595230e+00
      vertex   2.350000e+01 1.139570e+02 5.294925e+00
    endloop
  endfacet
  facet normal 0.000000e+00 -7.933533e-01 6.087614e-01
    outer loop
      vertex   2.350000e+01 1.139570e+02 5.294925e+00
      vertex   2.080000e+01 1.141874e+02 5.595230e+00
      vertex   2.080000e+01 1.139570e+02 5.294925e+00
    endloop
  endfacet
  facet normal 0.000000e+00 -6.087614e-01 7.933533e-01
    outer loop
      vertex   2.350000e+01 1.139570e+02 5.294925e+00
      vertex   2.080000e+01 1.139570e+02 5.294925e+00
      vertex   2.350000e+01 1.136567e+02 5.064493e+00
    endloop
  endfacet
  facet normal 0.000000e+00 -6.087614e-01 7.933533e-01
    outer loop
      vertex   2.350000e+01 1.136567e+02 5.064493e+00
      vertex   2.080000e+01 1.139570e+02 5.294925e+00
      vertex   2.080000e+01 1.136567e+02 5.064493e+00
    endloop
  endfacet
  facet normal 0.000000e+00 -3.826834e-01 9.238795e-01
    outer loop
      vertex   2.350000e+01 1.136567e+02 5.064493e+00
      vertex   2.080000e+01 1.136567e+02 5.064493e+00
      vertex   2.350000e+01 1.133069e+02 4.919637e+00
    endloop
  endfacet
  facet normal 0.000000e+00 -3.826834e-01 9.238795e-01
    outer loop
      vertex   2.350000e+01 1.133069e+02 4.919637e+00
      vertex   2.080000e+01 1.136567e+02 5.064493e+00
      vertex   2.080000e+01 1.133069e+02 4.919637e+00
    endloop
  endfacet
  facet normal -1.131205e-14 9.992904e-01 -3.766461e-02
    outer loop
      vertex   2.080000e+01 1.407382e+02 3.839119e+01
      vertex   2.350000e+01 1.407382e+02 3.839119e+01
      vertex   2.080000e+01 1.406911e+02 3.714109e+01
    endloop
  endfacet
  facet normal 7.761300e-04 9.992256e-01 -3.933848e-02
    outer loop
      vertex   2.080000e+01 1.406911e+02 3.714109e+01
      vertex   2.350000e+01 1.407382e+02 3.839119e+01
      vertex   2.350000e+01 1.406820e+02 3.696353e+01
    endloop
  endfacet
  facet normal -6.670567e-04 9.981236e-01 -6.122715e-02
    outer loop
      vertex   2.080000e+01 1.406911e+02 3.714109e+01
      vertex   2.350000e+01 1.406820e+02 3.696353e+01
      vertex   2.080000e+01 1.406159e+02 3.591501e+01
    endloop
  endfacet
  facet normal 1.459262e-03 9.977733e-01 -6.668043e-02
    outer loop
      vertex   2.080000e+01 1.406159e+02 3.591501e+01
      vertex   2.350000e+01 1.406820e+02 3.696353e+01
      vertex   2.350000e+01 1.405872e+02 3.554439e+01
    endloop
  endfacet
  facet normal -1.183568e-03 9.963099e-01 -8.582031e-02
    outer loop
      vertex   2.080000e+01 1.406159e+02 3.591501e+01
      vertex   2.350000e+01 1.405872e+02 3.554439e+01
      vertex   2.080000e+01 1.405123e+02 3.471252e+01
    endloop
  endfacet
  facet normal 1.936136e-03 9.953926e-01 -9.586334e-02
    outer loop
      vertex   2.080000e+01 1.405123e+02 3.471252e+01
      vertex   2.350000e+01 1.405872e+02 3.554439e+01
      vertex   2.350000e+01 1.404515e+02 3.413546e+01
    endloop
  endfacet
  facet normal -1.425952e-03 9.937720e-01 -1.114233e-01
    outer loop
      vertex   2.080000e+01 1.405123e+02 3.471252e+01
      vertex   2.350000e+01 1.404515e+02 3.413546e+01
      vertex   2.080000e+01 1.403801e+02 3.353320e+01
    endloop
  endfacet
  facet normal 2.085578e-03 9.919076e-01 -1.269450e-01
    outer loop
      vertex   2.080000e+01 1.403801e+02 3.353320e+01
      vertex   2.350000e+01 1.404515e+02 3.413546e+01
      vertex   2.350000e+01 1.402723e+02 3.273521e+01
    endloop
  endfacet
  facet normal -1.241489e-03 9.904311e-01 -1.380027e-01
    outer loop
      vertex   2.080000e+01 1.403801e+02 3.353320e+01
      vertex   2.350000e+01 1.402723e+02 3.273521e+01
      vertex   2.080000e+01 1.402190e+02 3.237665e+01
    endloop
  endfacet
  facet normal 1.738121e-03 9.871240e-01 -1.599472e-01
    outer loop
      vertex   2.080000e+01 1.402190e+02 3.237665e+01
      vertex   2.350000e+01 1.402723e+02 3.273521e+01
      vertex   2.350000e+01 1.400470e+02 3.134454e+01
    endloop
  endfacet
  facet normal -4.469533e-04 9.862079e-01 -1.655108e-01
    outer loop
      vertex   2.080000e+01 1.402190e+02 3.237665e+01
      vertex   2.350000e+01 1.400470e+02 3.134454e+01
      vertex   2.080000e+01 1.400286e+02 3.124244e+01
    endloop
  endfacet
  facet normal 6.613199e-04 9.810241e-01 -1.938846e-01
    outer loop
      vertex   2.080000e+01 1.400286e+02 3.124244e+01
      vertex   2.350000e+01 1.400470e+02 3.134454e+01
      vertex   2.080000e+01 1.398088e+02 3.013016e+01
    endloop
  endfacet
  facet normal 1.092683e-03 9.808408e-01 -1.948077e-01
    outer loop
      vertex   2.080000e+01 1.398088e+02 3.013016e+01
      vertex   2.350000e+01 1.400470e+02 3.134454e+01
      vertex   2.350000e+01 1.397729e+02 2.996469e+01
    endloop
  endfacet
  facet normal -7.184971e-04 9.748062e-01 -2.230525e-01
    outer loop
      vertex   2.080000e+01 1.398088e+02 3.013016e+01
      vertex   2.350000e+01 1.397729e+02 2.996469e+01
      vertex   2.080000e+01 1.395591e+02 2.903902e+01
    endloop
  endfacet
  facet normal 2.304845e-03 9.728513e-01 -2.314195e-01
    outer loop
      vertex   2.080000e+01 1.395591e+02 2.903902e+01
      vertex   2.350000e+01 1.397729e+02 2.996469e+01
      vertex   2.350000e+01 1.394475e+02 2.859687e+01
    endloop
  endfacet
  facet normal -1.449271e-03 9.674689e-01 -2.529859e-01
    outer loop
      vertex   2.080000e+01 1.395591e+02 2.903902e+01
      vertex   2.350000e+01 1.394475e+02 2.859687e+01
      vertex   2.080000e+01 1.392784e+02 2.796557e+01
    endloop
  endfacet
  facet normal 2.725841e-03 9.629590e-01 -2.696342e-01
    outer loop
      vertex   2.080000e+01 1.392784e+02 2.796557e+01
      vertex   2.350000e+01 1.394475e+02 2.859687e+01
      vertex   2.350000e+01 1.390683e+02 2.724232e+01
    endloop
  endfacet
  facet normal -1.334902e-03 9.589346e-01 -2.836242e-01
    outer loop
      vertex   2.080000e+01 1.392784e+02 2.796557e+01
      vertex   2.350000e+01 1.390683e+02 2.724232e+01
      vertex   2.080000e+01 1.389659e+02 2.690885e+01
    endloop
  endfacet
  facet normal 2.132661e-03 9.509762e-01 -3.092566e-01
    outer loop
      vertex   2.080000e+01 1.389659e+02 2.690885e+01
      vertex   2.350000e+01 1.390683e+02 2.724232e+01
      vertex   2.350000e+01 1.386325e+02 2.590227e+01
    endloop
  endfacet
  facet normal -1.752223e-04 9.491446e-01 -3.148405e-01
    outer loop
      vertex   2.080000e+01 1.389659e+02 2.690885e+01
      vertex   2.350000e+01 1.386325e+02 2.590227e+01
      vertex   2.080000e+01 1.386208e+02 2.586861e+01
    endloop
  endfacet
  facet normal 2.672448e-04 9.380560e-01 -3.464837e-01
    outer loop
      vertex   2.080000e+01 1.386208e+02 2.586861e+01
      vertex   2.350000e+01 1.386325e+02 2.590227e+01
      vertex   2.080000e+01 1.382426e+02 2.484457e+01
    endloop
  endfacet
  facet normal 1.852223e-03 9.367323e-01 -3.500417e-01
    outer loop
      vertex   2.080000e+01 1.382426e+02 2.484457e+01
      vertex   2.350000e+01 1.386325e+02 2.590227e+01
      vertex   2.350000e+01 1.381376e+02 2.457796e+01
    endloop
  endfacet
  facet normal -1.377973e-03 9.256454e-01 -3.783895e-01
    outer loop
      vertex   2.080000e+01 1.382426e+02 2.484457e+01
      vertex   2.350000e+01 1.381376e+02 2.457796e+01
      vertex   2.080000e+01 1.378305e+02 2.383646e+01
    endloop
  endfacet
  facet normal 2.886883e-03 9.201184e-01 -3.916298e-01
    outer loop
      vertex   2.080000e+01 1.378305e+02 2.383646e+01
      vertex   2.350000e+01 1.381376e+02 2.457796e+01
      vertex   2.350000e+01 1.375827e+02 2.327420e+01
    endloop
  endfacet
  facet normal -1.771750e-03 9.119111e-01 -4.103839e-01
    outer loop
      vertex   2.080000e+01 1.378305e+02 2.383646e+01
      vertex   2.350000e+01 1.375827e+02 2.327420e+01
      vertex   2.080000e+01 1.373838e+02 2.284403e+01
    endloop
  endfacet
  facet normal 2.640218e-03 9.013064e-01 -4.331742e-01
    outer loop
      vertex   2.080000e+01 1.373838e+02 2.284403e+01
      vertex   2.350000e+01 1.375827e+02 2.327420e+01
      vertex   2.350000e+01 1.369741e+02 2.200796e+01
    endloop
  endfacet
  facet normal -8.541664e-04 8.968734e-01 -4.422865e-01
    outer loop
      vertex   2.080000e+01 1.373838e+02 2.284403e+01
      vertex   2.350000e+01 1.369741e+02 2.200796e+01
      vertex   2.080000e+01 1.369020e+02 2.186701e+01
    endloop
  endfacet
  facet normal 1.227454e-03 8.806082e-01 -4.738435e-01
    outer loop
      vertex   2.080000e+01 1.369020e+02 2.186701e+01
      vertex   2.350000e+01 1.369741e+02 2.200796e+01
      vertex   2.350000e+01 1.363134e+02 2.078010e+01
    endloop
  endfacet
  facet normal 1.191474e-03 8.805710e-01 -4.739128e-01
    outer loop
      vertex   2.080000e+01 1.369020e+02 2.186701e+01
      vertex   2.350000e+01 1.363134e+02 2.078010e+01
      vertex   2.080000e+01 1.363844e+02 2.090513e+01
    endloop
  endfacet
  facet normal -7.117424e-04 8.630702e-01 -5.050835e-01
    outer loop
      vertex   2.080000e+01 1.363844e+02 2.090513e+01
      vertex   2.350000e+01 1.363134e+02 2.078010e+01
      vertex   2.080000e+01 1.358302e+02 1.995812e+01
    endloop
  endfacet
  facet normal 2.647960e-03 8.582233e-01 -5.132697e-01
    outer loop
      vertex   2.080000e+01 1.358302e+02 1.995812e+01
      vertex   2.350000e+01 1.363134e+02 2.078010e+01
      vertex   2.350000e+01 1.356013e+02 1.958931e+01
    endloop
  endfacet
  facet normal -1.572975e-03 8.444546e-01 -5.356249e-01
    outer loop
      vertex   2.080000e+01 1.358302e+02 1.995812e+01
      vertex   2.350000e+01 1.356013e+02 1.958931e+01
      vertex   2.080000e+01 1.352388e+02 1.902573e+01
    endloop
  endfacet
  facet normal 3.022701e-03 8.343891e-01 -5.511676e-01
    outer loop
      vertex   2.080000e+01 1.352388e+02 1.902573e+01
      vertex   2.350000e+01 1.356013e+02 1.958931e+01
      vertex   2.350000e+01 1.348383e+02 1.843427e+01
    endloop
  endfacet
  facet normal -1.507749e-03 8.248311e-01 -5.653772e-01
    outer loop
      vertex   2.080000e+01 1.352388e+02 1.902573e+01
      vertex   2.350000e+01 1.348383e+02 1.843427e+01
      vertex   2.080000e+01 1.346095e+02 1.810769e+01
    endloop
  endfacet
  facet normal 2.453347e-03 8.093702e-01 -5.872937e-01
    outer loop
      vertex   2.080000e+01 1.346095e+02 1.810769e+01
      vertex   2.350000e+01 1.348383e+02 1.843427e+01
      vertex   2.350000e+01 1.340251e+02 1.731366e+01
    endloop
  endfacet
  facet normal -7.669818e-04 8.041612e-01 -5.944107e-01
    outer loop
      vertex   2.080000e+01 1.346095e+02 1.810769e+01
      vertex   2.350000e+01 1.340251e+02 1.731366e+01
      vertex   2.080000e+01 1.339171e+02 1.717093e+01
    endloop
  endfacet
  facet normal 1.491681e-03 7.834492e-01 -6.214540e-01
    outer loop
      vertex   2.080000e+01 1.339171e+02 1.717093e+01
      vertex   2.350000e+01 1.340251e+02 1.731366e+01
      vertex   2.350000e+01 1.331625e+02 1.622616e+01
    endloop
  endfacet
  facet normal 3.128822e-05 7.814193e-01 -6.240064e-01
    outer loop
      vertex   2.080000e+01 1.339171e+02 1.717093e+01
      vertex   2.350000e+01 1.331625e+02 1.622616e+01
      vertex   2.080000e+01 1.331203e+02 1.617317e+01
    endloop
  endfacet
  facet normal 9.933369e-04 7.569181e-01 -6.535090e-01
    outer loop
      vertex   2.080000e+01 1.331203e+02 1.617317e+01
      vertex   2.350000e+01 1.331625e+02 1.622616e+01
      vertex   2.350000e+01 1.322510e+02 1.517045e+01
    endloop
  endfacet
  facet normal 1.999096e-04 7.558625e-01 -6.547303e-01
    outer loop
      vertex   2.080000e+01 1.331203e+02 1.617317e+01
      vertex   2.350000e+01 1.322510e+02 1.517045e+01
      vertex   2.080000e+01 1.322088e+02 1.512087e+01
    endloop
  endfacet
  facet normal 9.464492e-04 7.352327e-01 -6.778142e-01
    outer loop
      vertex   2.080000e+01 1.322088e+02 1.512087e+01
      vertex   2.350000e+01 1.322510e+02 1.517045e+01
      vertex   2.080000e+01 1.317068e+02 1.457640e+01
    endloop
  endfacet
  facet normal 3.210913e-03 7.300638e-01 -6.833714e-01
    outer loop
      vertex   2.080000e+01 1.317068e+02 1.457640e+01
      vertex   2.350000e+01 1.322510e+02 1.517045e+01
      vertex   2.350000e+01 1.312914e+02 1.414521e+01
    endloop
  endfacet
  facet normal 1.818502e-04 7.206657e-01 -6.932827e-01
    outer loop
      vertex   2.080000e+01 1.317068e+02 1.457640e+01
      vertex   2.350000e+01 1.312914e+02 1.414521e+01
      vertex   2.080000e+01 1.311724e+02 1.402085e+01
    endloop
  endfacet
  facet normal 1.552076e-03 7.055933e-01 -7.086154e-01
    outer loop
      vertex   2.080000e+01 1.311724e+02 1.402085e+01
      vertex   2.350000e+01 1.312914e+02 1.414521e+01
      vertex   2.080000e+01 1.306042e+02 1.345508e+01
    endloop
  endfacet
  facet normal 2.766990e-03 7.032006e-01 -7.109861e-01
    outer loop
      vertex   2.080000e+01 1.306042e+02 1.345508e+01
      vertex   2.350000e+01 1.312914e+02 1.414521e+01
      vertex   2.350000e+01 1.302860e+02 1.315082e+01
    endloop
  endfacet
  facet normal -2.196891e-04 6.900634e-01 -7.237489e-01
    outer loop
      vertex   2.080000e+01 1.306042e+02 1.345508e+01
      vertex   2.350000e+01 1.302860e+02 1.315082e+01
      vertex   2.080000e+01 1.300010e+02 1.287993e+01
    endloop
  endfacet
  facet normal 2.446608e-03 6.766945e-01 -7.362599e-01
    outer loop
      vertex   2.080000e+01 1.300010e+02 1.287993e+01
      vertex   2.350000e+01 1.302860e+02 1.315082e+01
      vertex   2.350000e+01 1.292442e+02 1.219334e+01
    endloop
  endfacet
  facet normal 1.123829e-03 6.741185e-01 -7.386223e-01
    outer loop
      vertex   2.080000e+01 1.300010e+02 1.287993e+01
      vertex   2.350000e+01 1.292442e+02 1.219334e+01
      vertex   2.080000e+01 1.293615e+02 1.229625e+01
    endloop
  endfacet
  facet normal -1.397165e-04 6.578066e-01 -7.531868e-01
    outer loop
      vertex   2.080000e+01 1.293615e+02 1.229625e+01
      vertex   2.350000e+01 1.292442e+02 1.219334e+01
      vertex   2.080000e+01 1.286844e+02 1.170491e+01
    endloop
  endfacet
  facet normal 2.426371e-03 6.507522e-01 -7.592863e-01
    outer loop
      vertex   2.080000e+01 1.286844e+02 1.170491e+01
      vertex   2.350000e+01 1.292442e+02 1.219334e+01
      vertex   2.350000e+01 1.281707e+02 1.127326e+01
    endloop
  endfacet
  facet normal -6.929938e-04 6.411721e-01 -7.673968e-01
    outer loop
      vertex   2.080000e+01 1.286844e+02 1.170491e+01
      vertex   2.350000e+01 1.281707e+02 1.127326e+01
      vertex   2.080000e+01 1.279684e+02 1.110674e+01
    endloop
  endfacet
  facet normal 1.276997e-03 6.254581e-01 -7.802567e-01
    outer loop
      vertex   2.080000e+01 1.279684e+02 1.110674e+01
      vertex   2.350000e+01 1.281707e+02 1.127326e+01
      vertex   2.350000e+01 1.270692e+02 1.039035e+01
    endloop
  endfacet
  facet normal 6.241402e-04 6.242614e-01 -7.812153e-01
    outer loop
      vertex   2.080000e+01 1.279684e+02 1.110674e+01
      vertex   2.350000e+01 1.270692e+02 1.039035e+01
      vertex   2.080000e+01 1.272124e+02 1.050261e+01
    endloop
  endfacet
  facet normal -8.418290e-04 6.071193e-01 -7.946102e-01
    outer loop
      vertex   2.080000e+01 1.272124e+02 1.050261e+01
      vertex   2.350000e+01 1.270692e+02 1.039035e+01
      vertex   2.080000e+01 1.264150e+02 9.893360e+00
    endloop
  endfacet
  facet normal 1.549338e-03 6.008559e-01 -7.993559e-01
    outer loop
      vertex   2.080000e+01 1.264150e+02 9.893360e+00
      vertex   2.350000e+01 1.270692e+02 1.039035e+01
      vertex   2.350000e+01 1.259438e+02 9.544409e+00
    endloop
  endfacet
  facet normal -1.437840e-03 5.898038e-01 -8.075453e-01
    outer loop
      vertex   2.080000e+01 1.264150e+02 9.893360e+00
      vertex   2.350000e+01 1.259438e+02 9.544409e+00
      vertex   2.080000e+01 1.255800e+02 9.283518e+00
    endloop
  endfacet
  facet normal 1.181997e-03 5.769708e-01 -8.167639e-01
    outer loop
      vertex   2.080000e+01 1.255800e+02 9.283518e+00
      vertex   2.350000e+01 1.259438e+02 9.544409e+00
      vertex   2.350000e+01 1.247983e+02 8.735212e+00
    endloop
  endfacet
  facet normal -4.448358e-03 5.638890e-01 -8.258386e-01
    outer loop
      vertex   2.080000e+01 1.255800e+02 9.283518e+00
      vertex   2.350000e+01 1.247983e+02 8.735212e+00
      vertex   2.080000e+01 1.238605e+02 8.109377e+00
    endloop
  endfacet
  facet normal 6.322014e-04 5.538052e-01 -8.326460e-01
    outer loop
      vertex   2.080000e+01 1.238605e+02 8.109377e+00
      vertex   2.350000e+01 1.247983e+02 8.735212e+00
      vertex   2.350000e+01 1.236366e+02 7.962544e+00
    endloop
  endfacet
  facet normal -2.018811e-03 5.313449e-01 -8.471532e-01
    outer loop
      vertex   2.080000e+01 1.238605e+02 8.109377e+00
      vertex   2.350000e+01 1.236366e+02 7.962544e+00
      vertex   2.350000e+01 1.224626e+02 7.226189e+00
    endloop
  endfacet
  facet normal -2.867362e-03 5.301695e-01 -8.478869e-01
    outer loop
      vertex   2.080000e+01 1.238605e+02 8.109377e+00
      vertex   2.350000e+01 1.224626e+02 7.226189e+00
      vertex   2.080000e+01 1.220879e+02 7.000997e+00
    endloop
  endfacet
  facet normal 1.038420e-03 5.095666e-01 -8.604306e-01
    outer loop
      vertex   2.080000e+01 1.220879e+02 7.000997e+00
      vertex   2.350000e+01 1.224626e+02 7.226189e+00
      vertex   2.350000e+01 1.212802e+02 6.525930e+00
    endloop
  endfacet
  facet normal -3.839440e-03 4.974195e-01 -8.675017e-01
    outer loop
      vertex   2.080000e+01 1.220879e+02 7.000997e+00
      vertex   2.350000e+01 1.212802e+02 6.525930e+00
      vertex   2.080000e+01 1.202715e+02 5.959488e+00
    endloop
  endfacet
  facet normal 5.889768e-04 4.884305e-01 -8.726026e-01
    outer loop
      vertex   2.080000e+01 1.202715e+02 5.959488e+00
      vertex   2.350000e+01 1.212802e+02 6.525930e+00
      vertex   2.350000e+01 1.200932e+02 5.861550e+00
    endloop
  endfacet
  facet normal -1.172561e-03 4.678899e-01 -8.837860e-01
    outer loop
      vertex   2.080000e+01 1.202715e+02 5.959488e+00
      vertex   2.350000e+01 1.200932e+02 5.861550e+00
      vertex   2.350000e+01 1.189057e+02 5.232833e+00
    endloop
  endfacet
  facet normal -2.720934e-03 4.654986e-01 -8.850444e-01
    outer loop
      vertex   2.080000e+01 1.202715e+02 5.959488e+00
      vertex   2.350000e+01 1.189057e+02 5.232833e+00
      vertex   2.080000e+01 1.184205e+02 4.985960e+00
    endloop
  endfacet
  facet normal 1.269886e-03 4.478905e-01 -8.940875e-01
    outer loop
      vertex   2.080000e+01 1.184205e+02 4.985960e+00
      vertex   2.350000e+01 1.189057e+02 5.232833e+00
      vertex   2.350000e+01 1.177214e+02 4.639562e+00
    endloop
  endfacet
  facet normal -3.130845e-03 4.342215e-01 -9.008007e-01
    outer loop
      vertex   2.080000e+01 1.184205e+02 4.985960e+00
      vertex   2.350000e+01 1.177214e+02 4.639562e+00
      vertex   2.080000e+01 1.165442e+02 4.081520e+00
    endloop
  endfacet
  facet normal 0.000000e+00 4.283691e-01 -9.036038e-01
    outer loop
      vertex   2.080000e+01 1.165442e+02 4.081520e+00
      vertex   2.350000e+01 1.177214e+02 4.639562e+00
      vertex   2.350000e+01 1.165442e+02 4.081520e+00
    endloop
  endfacet
  facet normal 0.000000e+00 -9.840164e-01 1.780777e-01
    outer loop
      vertex   -2.080000e+01 1.333411e+02 3.587791e+01
      vertex   -2.350000e+01 1.333411e+02 3.587791e+01
      vertex   -2.080000e+01 1.329453e+02 3.369121e+01
    endloop
  endfacet
  facet normal 4.261993e-04 -9.839240e-01 1.785872e-01
    outer loop
      vertex   -2.080000e+01 1.329453e+02 3.369121e+01
      vertex   -2.350000e+01 1.333411e+02 3.587791e+01
      vertex   -2.350000e+01 1.329365e+02 3.364875e+01
    endloop
  endfacet
  facet normal -3.570440e-04 -9.740507e-01 2.263298e-01
    outer loop
      vertex   -2.080000e+01 1.329453e+02 3.369121e+01
      vertex   -2.350000e+01 1.329365e+02 3.364875e+01
      vertex   -2.080000e+01 1.324596e+02 3.160099e+01
    endloop
  endfacet
  facet normal 1.645202e-03 -9.734642e-01 2.288333e-01
    outer loop
      vertex   -2.080000e+01 1.324596e+02 3.160099e+01
      vertex   -2.350000e+01 1.329365e+02 3.364875e+01
      vertex   -2.350000e+01 1.324178e+02 3.144240e+01
    endloop
  endfacet
  facet normal -9.267942e-04 -9.629060e-01 2.698356e-01
    outer loop
      vertex   -2.080000e+01 1.324596e+02 3.160099e+01
      vertex   -2.350000e+01 1.324178e+02 3.144240e+01
      vertex   -2.350000e+01 1.321121e+02 3.035154e+01
    endloop
  endfacet
  facet normal -4.976526e-03 -9.605852e-01 2.779413e-01
    outer loop
      vertex   -2.080000e+01 1.324596e+02 3.160099e+01
      vertex   -2.350000e+01 1.321121e+02 3.035154e+01
      vertex   -2.080000e+01 1.318794e+02 2.959559e+01
    endloop
  endfacet
  facet normal 1.445995e-03 -9.542718e-01 2.989369e-01
    outer loop
      vertex   -2.080000e+01 1.318794e+02 2.959559e+01
      vertex   -2.350000e+01 1.321121e+02 3.035154e+01
      vertex   -2.350000e+01 1.317736e+02 2.927089e+01
    endloop
  endfacet
  facet normal -2.600025e-03 -9.442199e-01 3.293055e-01
    outer loop
      vertex   -2.080000e+01 1.318794e+02 2.959559e+01
      vertex   -2.350000e+01 1.317736e+02 2.927089e+01
      vertex   -2.350000e+01 1.314008e+02 2.820196e+01
    endloop
  endfacet
  facet normal -4.741919e-03 -9.429127e-01 3.330063e-01
    outer loop
      vertex   -2.080000e+01 1.318794e+02 2.959559e+01
      vertex   -2.350000e+01 1.314008e+02 2.820196e+01
      vertex   -2.080000e+01 1.311918e+02 2.764862e+01
    endloop
  endfacet
  facet normal 1.766712e-03 -9.326127e-01 3.608746e-01
    outer loop
      vertex   -2.080000e+01 1.311918e+02 2.764862e+01
      vertex   -2.350000e+01 1.314008e+02 2.820196e+01
      vertex   -2.350000e+01 1.309923e+02 2.714643e+01
    endloop
  endfacet
  facet normal -1.560759e-03 -9.264841e-01 3.763306e-01
    outer loop
      vertex   -2.080000e+01 1.311918e+02 2.764862e+01
      vertex   -2.350000e+01 1.309923e+02 2.714643e+01
      vertex   -2.080000e+01 1.308053e+02 2.669714e+01
    endloop
  endfacet
  facet normal 1.753370e-03 -9.194081e-01 3.933009e-01
    outer loop
      vertex   -2.080000e+01 1.308053e+02 2.669714e+01
      vertex   -2.350000e+01 1.309923e+02 2.714643e+01
      vertex   -2.350000e+01 1.305499e+02 2.611209e+01
    endloop
  endfacet
  facet normal -1.547559e-03 -9.138280e-01 4.060984e-01
    outer loop
      vertex   -2.080000e+01 1.308053e+02 2.669714e+01
      vertex   -2.350000e+01 1.305499e+02 2.611209e+01
      vertex   -2.080000e+01 1.303891e+02 2.576069e+01
    endloop
  endfacet
  facet normal 1.620441e-03 -9.046152e-01 4.262260e-01
    outer loop
      vertex   -2.080000e+01 1.303891e+02 2.576069e+01
      vertex   -2.350000e+01 1.305499e+02 2.611209e+01
      vertex   -2.350000e+01 1.300741e+02 2.510229e+01
    endloop
  endfacet
  facet normal -1.416655e-03 -8.997700e-01 4.363622e-01
    outer loop
      vertex   -2.080000e+01 1.303891e+02 2.576069e+01
      vertex   -2.350000e+01 1.300741e+02 2.510229e+01
      vertex   -2.080000e+01 1.299424e+02 2.483955e+01
    endloop
  endfacet
  facet normal 1.392688e-03 -8.882086e-01 4.594383e-01
    outer loop
      vertex   -2.080000e+01 1.299424e+02 2.483955e+01
      vertex   -2.350000e+01 1.300741e+02 2.510229e+01
      vertex   -2.350000e+01 1.295643e+02 2.411677e+01
    endloop
  endfacet
  facet normal -1.174969e-03 -8.842720e-01 4.669706e-01
    outer loop
      vertex   -2.080000e+01 1.299424e+02 2.483955e+01
      vertex   -2.350000e+01 1.295643e+02 2.411677e+01
      vertex   -2.080000e+01 1.294642e+02 2.393401e+01
    endloop
  endfacet
  facet normal 1.090592e-03 -8.701847e-01 4.927244e-01
    outer loop
      vertex   -2.080000e+01 1.294642e+02 2.393401e+01
      vertex   -2.350000e+01 1.295643e+02 2.411677e+01
      vertex   -2.350000e+01 1.290199e+02 2.315526e+01
    endloop
  endfacet
  facet normal -8.338338e-04 -8.673149e-01 4.977592e-01
    outer loop
      vertex   -2.080000e+01 1.294642e+02 2.393401e+01
      vertex   -2.350000e+01 1.290199e+02 2.315526e+01
      vertex   -2.080000e+01 1.289536e+02 2.304433e+01
    endloop
  endfacet
  facet normal 7.317121e-04 -8.505705e-01 5.258604e-01
    outer loop
      vertex   -2.080000e+01 1.289536e+02 2.304433e+01
      vertex   -2.350000e+01 1.290199e+02 2.315526e+01
      vertex   -2.350000e+01 1.284401e+02 2.221751e+01
    endloop
  endfacet
  facet normal -4.104656e-04 -8.489003e-01 5.285529e-01
    outer loop
      vertex   -2.080000e+01 1.289536e+02 2.304433e+01
      vertex   -2.350000e+01 1.284401e+02 2.221751e+01
      vertex   -2.080000e+01 1.284097e+02 2.217080e+01
    endloop
  endfacet
  facet normal 3.288810e-04 -8.294249e-01 5.586181e-01
    outer loop
      vertex   -2.080000e+01 1.284097e+02 2.217080e+01
      vertex   -2.350000e+01 1.284401e+02 2.221751e+01
      vertex   -2.350000e+01 1.278244e+02 2.130324e+01
    endloop
  endfacet
  facet normal 7.072577e-05 -8.290528e-01 5.591704e-01
    outer loop
      vertex   -2.080000e+01 1.284097e+02 2.217080e+01
      vertex   -2.350000e+01 1.278244e+02 2.130324e+01
      vertex   -2.080000e+01 1.278316e+02 2.131369e+01
    endloop
  endfacet
  facet normal -1.036724e-04 -8.078210e-01 5.894279e-01
    outer loop
      vertex   -2.080000e+01 1.278316e+02 2.131369e+01
      vertex   -2.350000e+01 1.278244e+02 2.130324e+01
      vertex   -2.080000e+01 1.272184e+02 2.047329e+01
    endloop
  endfacet
  facet normal 5.297240e-04 -8.068388e-01 5.907714e-01
    outer loop
      vertex   -2.080000e+01 1.272184e+02 2.047329e+01
      vertex   -2.350000e+01 1.278244e+02 2.130324e+01
      vertex   -2.350000e+01 1.271719e+02 2.041219e+01
    endloop
  endfacet
  facet normal -4.826329e-04 -7.853023e-01 6.191123e-01
    outer loop
      vertex   -2.080000e+01 1.272184e+02 2.047329e+01
      vertex   -2.350000e+01 1.271719e+02 2.041219e+01
      vertex   -2.080000e+01 1.265705e+02 1.965139e+01
    endloop
  endfacet
  facet normal 8.879798e-04 -7.829340e-01 6.221041e-01
    outer loop
      vertex   -2.080000e+01 1.265705e+02 1.965139e+01
      vertex   -2.350000e+01 1.271719e+02 2.041219e+01
      vertex   -2.350000e+01 1.264822e+02 1.954409e+01
    endloop
  endfacet
  facet normal -8.242682e-04 -7.618086e-01 6.478016e-01
    outer loop
      vertex   -2.080000e+01 1.265705e+02 1.965139e+01
      vertex   -2.350000e+01 1.264822e+02 1.954409e+01
      vertex   -2.080000e+01 1.258942e+02 1.885613e+01
    endloop
  endfacet
  facet normal 1.211601e-03 -7.578594e-01 6.524167e-01
    outer loop
      vertex   -2.080000e+01 1.258942e+02 1.885613e+01
      vertex   -2.350000e+01 1.264822e+02 1.954409e+01
      vertex   -2.350000e+01 1.257544e+02 1.869868e+01
    endloop
  endfacet
  facet normal -1.159173e-03 -7.376815e-01 6.751479e-01
    outer loop
      vertex   -2.080000e+01 1.258942e+02 1.885613e+01
      vertex   -2.350000e+01 1.257544e+02 1.869868e+01
      vertex   -2.080000e+01 1.251914e+02 1.808823e+01
    endloop
  endfacet
  facet normal 1.513267e-03 -7.317868e-01 6.815320e-01
    outer loop
      vertex   -2.080000e+01 1.251914e+02 1.808823e+01
      vertex   -2.350000e+01 1.257544e+02 1.869868e+01
      vertex   -2.350000e+01 1.249879e+02 1.787570e+01
    endloop
  endfacet
  facet normal -1.434016e-03 -7.130901e-01 7.010709e-01
    outer loop
      vertex   -2.080000e+01 1.251914e+02 1.808823e+01
      vertex   -2.350000e+01 1.249879e+02 1.787570e+01
      vertex   -2.080000e+01 1.244628e+02 1.734713e+01
    endloop
  endfacet
  facet normal 1.689451e-03 -7.051087e-01 7.090972e-01
    outer loop
      vertex   -2.080000e+01 1.244628e+02 1.734713e+01
      vertex   -2.350000e+01 1.249879e+02 1.787570e+01
      vertex   -2.350000e+01 1.241906e+02 1.708286e+01
    endloop
  endfacet
  facet normal -1.626288e-03 -6.881816e-01 7.255367e-01
    outer loop
      vertex   -2.080000e+01 1.244628e+02 1.734713e+01
      vertex   -2.350000e+01 1.241906e+02 1.708286e+01
      vertex   -2.080000e+01 1.237092e+02 1.663232e+01
    endloop
  endfacet
  facet normal 1.612561e-03 -6.784984e-01 7.346001e-01
    outer loop
      vertex   -2.080000e+01 1.237092e+02 1.663232e+01
      vertex   -2.350000e+01 1.241906e+02 1.708286e+01
      vertex   -2.350000e+01 1.233804e+02 1.633455e+01
    endloop
  endfacet
  facet normal -1.799180e-03 -6.630977e-01 7.485307e-01
    outer loop
      vertex   -2.080000e+01 1.237092e+02 1.663232e+01
      vertex   -2.350000e+01 1.233804e+02 1.633455e+01
      vertex   -2.080000e+01 1.229313e+02 1.594324e+01
    endloop
  endfacet
  facet normal 1.367256e-03 -6.522862e-01 7.579715e-01
    outer loop
      vertex   -2.080000e+01 1.229313e+02 1.594324e+01
      vertex   -2.350000e+01 1.233804e+02 1.633455e+01
      vertex   -2.350000e+01 1.225616e+02 1.562991e+01
    endloop
  endfacet
  facet normal -1.995406e-03 -6.379726e-01 7.700565e-01
    outer loop
      vertex   -2.080000e+01 1.229313e+02 1.594324e+01
      vertex   -2.350000e+01 1.225616e+02 1.562991e+01
      vertex   -2.080000e+01 1.221300e+02 1.527936e+01
    endloop
  endfacet
  facet normal 1.020726e-03 -6.266265e-01 7.793191e-01
    outer loop
      vertex   -2.080000e+01 1.221300e+02 1.527936e+01
      vertex   -2.350000e+01 1.225616e+02 1.562991e+01
      vertex   -2.350000e+01 1.217380e+02 1.496769e+01
    endloop
  endfacet
  facet normal -2.216118e-03 -6.129308e-01 7.901335e-01
    outer loop
      vertex   -2.080000e+01 1.221300e+02 1.527936e+01
      vertex   -2.350000e+01 1.217380e+02 1.496769e+01
      vertex   -2.080000e+01 1.213060e+02 1.464014e+01
    endloop
  endfacet
  facet normal 6.361896e-04 -6.016463e-01 7.987623e-01
    outer loop
      vertex   -2.080000e+01 1.213060e+02 1.464014e+01
      vertex   -2.350000e+01 1.217380e+02 1.496769e+01
      vertex   -2.350000e+01 1.209135e+02 1.434667e+01
    endloop
  endfacet
  facet normal -4.800534e-03 -5.774449e-01 8.164155e-01
    outer loop
      vertex   -2.080000e+01 1.213060e+02 1.464014e+01
      vertex   -2.350000e+01 1.209135e+02 1.434667e+01
      vertex   -2.350000e+01 1.200920e+02 1.376563e+01
    endloop
  endfacet
  facet normal -5.879423e-03 -5.758508e-01 8.175336e-01
    outer loop
      vertex   -2.080000e+01 1.213060e+02 1.464014e+01
      vertex   -2.350000e+01 1.200920e+02 1.376563e+01
      vertex   -2.080000e+01 1.195953e+02 1.343517e+01
    endloop
  endfacet
  facet normal -6.030484e-05 -5.541302e-01 8.324300e-01
    outer loop
      vertex   -2.080000e+01 1.195953e+02 1.343517e+01
      vertex   -2.350000e+01 1.200920e+02 1.376563e+01
      vertex   -2.350000e+01 1.192774e+02 1.322334e+01
    endloop
  endfacet
  facet normal -3.830063e-03 -5.317520e-01 8.468914e-01
    outer loop
      vertex   -2.080000e+01 1.195953e+02 1.343517e+01
      vertex   -2.350000e+01 1.192774e+02 1.322334e+01
      vertex   -2.350000e+01 1.184734e+02 1.271855e+01
    endloop
  endfacet
  facet normal -6.293911e-03 -5.275063e-01 8.495278e-01
    outer loop
      vertex   -2.080000e+01 1.195953e+02 1.343517e+01
      vertex   -2.350000e+01 1.184734e+02 1.271855e+01
      vertex   -2.080000e+01 1.178139e+02 1.232902e+01
    endloop
  endfacet
  facet normal -6.111115e-04 -5.103925e-01 8.599413e-01
    outer loop
      vertex   -2.080000e+01 1.178139e+02 1.232902e+01
      vertex   -2.350000e+01 1.184734e+02 1.271855e+01
      vertex   -2.350000e+01 1.176841e+02 1.225006e+01
    endloop
  endfacet
  facet normal -1.929746e-03 -4.900977e-01 8.716654e-01
    outer loop
      vertex   -2.080000e+01 1.178139e+02 1.232902e+01
      vertex   -2.350000e+01 1.176841e+02 1.225006e+01
      vertex   -2.350000e+01 1.169132e+02 1.181662e+01
    endloop
  endfacet
  facet normal -6.006339e-03 -4.808031e-01 8.768080e-01
    outer loop
      vertex   -2.080000e+01 1.178139e+02 1.232902e+01
      vertex   -2.350000e+01 1.169132e+02 1.181662e+01
      vertex   -2.080000e+01 1.159750e+02 1.132063e+01
    endloop
  endfacet
  facet normal -1.591335e-03 -4.709315e-01 8.821684e-01
    outer loop
      vertex   -2.080000e+01 1.159750e+02 1.132063e+01
      vertex   -2.350000e+01 1.169132e+02 1.181662e+01
      vertex   -2.350000e+01 1.161646e+02 1.141701e+01
    endloop
  endfacet
  facet normal 5.555793e-06 -4.529572e-01 8.915323e-01
    outer loop
      vertex   -2.080000e+01 1.159750e+02 1.132063e+01
      vertex   -2.350000e+01 1.161646e+02 1.141701e+01
      vertex   -2.350000e+01 1.154423e+02 1.105001e+01
    endloop
  endfacet
  facet normal -4.121375e-03 -4.362485e-01 8.998168e-01
    outer loop
      vertex   -2.350000e+01 1.154423e+02 1.105001e+01
      vertex   -2.350000e+01 1.147500e+02 1.071437e+01
      vertex   -2.080000e+01 1.159750e+02 1.132063e+01
    endloop
  endfacet
  facet normal -4.408825e-03 -4.357369e-01 9.000633e-01
    outer loop
      vertex   -2.080000e+01 1.159750e+02 1.132063e+01
      vertex   -2.350000e+01 1.147500e+02 1.071437e+01
      vertex   -2.080000e+01 1.140916e+02 1.040887e+01
    endloop
  endfacet
  facet normal 0.000000e+00 -4.209200e-01 9.070978e-01
    outer loop
      vertex   -2.080000e+01 1.140916e+02 1.040887e+01
      vertex   -2.350000e+01 1.147500e+02 1.071437e+01
      vertex   -2.350000e+01 1.140916e+02 1.040887e+01
    endloop
  endfacet
  facet normal 0.000000e+00 1.900073e-01 9.817827e-01
    outer loop
      vertex   -2.080000e+01 1.140916e+02 1.040887e+01
      vertex   -2.350000e+01 1.140916e+02 1.040887e+01
      vertex   -2.080000e+01 1.133809e+02 1.054642e+01
    endloop
  endfacet
  facet normal -6.459246e-16 1.900073e-01 9.817827e-01
    outer loop
      vertex   -2.080000e+01 1.133809e+02 1.054642e+01
      vertex   -2.350000e+01 1.140916e+02 1.040887e+01
      vertex   -2.350000e+01 1.133809e+02 1.054642e+01
    endloop
  endfacet
  facet normal -6.577700e-16 2.062774e-02 9.997872e-01
    outer loop
      vertex   -2.080000e+01 1.133809e+02 1.054642e+01
      vertex   -2.350000e+01 1.133809e+02 1.054642e+01
      vertex   -2.350000e+01 1.126571e+02 1.056135e+01
    endloop
  endfacet
  facet normal 1.082771e-16 2.062774e-02 9.997872e-01
    outer loop
      vertex   -2.080000e+01 1.133809e+02 1.054642e+01
      vertex   -2.350000e+01 1.126571e+02 1.056135e+01
      vertex   -2.080000e+01 1.126571e+02 1.056135e+01
    endloop
  endfacet
  facet normal -7.860725e-16 -1.493503e-01 9.887843e-01
    outer loop
      vertex   -2.080000e+01 1.126571e+02 1.056135e+01
      vertex   -2.350000e+01 1.126571e+02 1.056135e+01
      vertex   -2.350000e+01 1.119413e+02 1.045324e+01
    endloop
  endfacet
  facet normal 0.000000e+00 -1.493503e-01 9.887843e-01
    outer loop
      vertex   -2.080000e+01 1.126571e+02 1.056135e+01
      vertex   -2.350000e+01 1.119413e+02 1.045324e+01
      vertex   -2.080000e+01 1.119413e+02 1.045324e+01
    endloop
  endfacet
  facet normal 0.000000e+00 -3.149952e-01 9.490933e-01
    outer loop
      vertex   -2.080000e+01 1.119413e+02 1.045324e+01
      vertex   -2.350000e+01 1.119413e+02 1.045324e+01
      vertex   -2.350000e+01 1.112543e+02 1.022521e+01
    endloop
  endfacet
  facet normal 1.249624e-15 -3.149952e-01 9.490933e-01
    outer loop
      vertex   -2.080000e+01 1.119413e+02 1.045324e+01
      vertex   -2.350000e+01 1.112543e+02 1.022521e+01
      vertex   -2.080000e+01 1.112543e+02 1.022521e+01
    endloop
  endfacet
  facet normal 1.160376e-15 -4.715009e-01 8.818656e-01
    outer loop
      vertex   -2.080000e+01 1.112543e+02 1.022521e+01
      vertex   -2.350000e+01 1.112543e+02 1.022521e+01
      vertex   -2.350000e+01 1.106159e+02 9.883877e+00
    endloop
  endfacet
  facet normal 5.822112e-16 -4.715009e-01 8.818656e-01
    outer loop
      vertex   -2.080000e+01 1.112543e+02 1.022521e+01
      vertex   -2.350000e+01 1.106159e+02 9.883877e+00
      vertex   -2.080000e+01 1.106159e+02 9.883877e+00
    endloop
  endfacet
  facet normal 5.191250e-16 -6.143267e-01 7.890518e-01
    outer loop
      vertex   -2.080000e+01 1.106159e+02 9.883877e+00
      vertex   -2.350000e+01 1.106159e+02 9.883877e+00
      vertex   -2.350000e+01 1.100447e+02 9.439154e+00
    endloop
  endfacet
  facet normal 1.050820e-15 -6.143267e-01 7.890518e-01
    outer loop
      vertex   -2.080000e+01 1.106159e+02 9.883877e+00
      vertex   -2.350000e+01 1.100447e+02 9.439154e+00
      vertex   -2.080000e+01 1.100447e+02 9.439154e+00
    endloop
  endfacet
  facet normal 8.860004e-16 -7.393286e-01 6.733448e-01
    outer loop
      vertex   -2.080000e+01 1.100447e+02 9.439154e+00
      vertex   -2.350000e+01 1.100447e+02 9.439154e+00
      vertex   -2.350000e+01 1.095572e+02 8.903941e+00
    endloop
  endfacet
  facet normal 1.334826e-15 -7.393286e-01 6.733448e-01
    outer loop
      vertex   -2.080000e+01 1.100447e+02 9.439154e+00
      vertex   -2.350000e+01 1.095572e+02 8.903941e+00
      vertex   -2.080000e+01 1.095572e+02 8.903941e+00
    endloop
  endfacet
  facet normal 1.062067e-15 -8.428800e-01 5.381016e-01
    outer loop
      vertex   -2.080000e+01 1.095572e+02 8.903941e+00
      vertex   -2.350000e+01 1.095572e+02 8.903941e+00
      vertex   -2.350000e+01 1.091677e+02 8.293764e+00
    endloop
  endfacet
  facet normal -4.089679e-15 -8.428800e-01 5.381016e-01
    outer loop
      vertex   -2.080000e+01 1.095572e+02 8.903941e+00
      vertex   -2.350000e+01 1.091677e+02 8.293764e+00
      vertex   -2.080000e+01 1.091677e+02 8.293764e+00
    endloop
  endfacet
  facet normal -4.597846e-15 -9.219764e-01 3.872462e-01
    outer loop
      vertex   -2.080000e+01 1.091677e+02 8.293764e+00
      vertex   -2.350000e+01 1.091677e+02 8.293764e+00
      vertex   -2.350000e+01 1.088873e+02 7.626328e+00
    endloop
  endfacet
  facet normal 7.668148e-16 -9.219764e-01 3.872462e-01
    outer loop
      vertex   -2.080000e+01 1.091677e+02 8.293764e+00
      vertex   -2.350000e+01 1.088873e+02 7.626328e+00
      vertex   -2.080000e+01 1.088873e+02 7.626328e+00
    endloop
  endfacet
  facet normal 4.443958e-16 -9.743229e-01 2.251553e-01
    outer loop
      vertex   -2.080000e+01 1.088873e+02 7.626328e+00
      vertex   -2.350000e+01 1.088873e+02 7.626328e+00
      vertex   -2.350000e+01 1.087243e+02 6.920998e+00
    endloop
  endfacet
  facet normal 4.402085e-16 -9.743229e-01 2.251553e-01
    outer loop
      vertex   -2.080000e+01 1.088873e+02 7.626328e+00
      vertex   -2.350000e+01 1.087243e+02 6.920998e+00
      vertex   -2.080000e+01 1.087243e+02 6.920998e+00
    endloop
  endfacet
  facet normal 1.115787e-16 -9.984008e-01 5.653190e-02
    outer loop
      vertex   -2.080000e+01 1.087243e+02 6.920998e+00
      vertex   -2.350000e+01 1.087243e+02 6.920998e+00
      vertex   -2.350000e+01 1.086834e+02 6.198237e+00
    endloop
  endfacet
  facet normal 1.118272e-16 -9.984008e-01 5.653190e-02
    outer loop
      vertex   -2.080000e+01 1.087243e+02 6.920998e+00
      vertex   -2.350000e+01 1.086834e+02 6.198237e+00
      vertex   -2.080000e+01 1.086834e+02 6.198237e+00
    endloop
  endfacet
  facet normal -2.244757e-16 -9.935115e-01 -1.137317e-01
    outer loop
      vertex   -2.080000e+01 1.086834e+02 6.198237e+00
      vertex   -2.350000e+01 1.086834e+02 6.198237e+00
      vertex   -2.350000e+01 1.087657e+02 5.479015e+00
    endloop
  endfacet
  facet normal -3.372565e-16 -9.935115e-01 -1.137317e-01
    outer loop
      vertex   -2.080000e+01 1.086834e+02 6.198237e+00
      vertex   -2.350000e+01 1.087657e+02 5.479015e+00
      vertex   -2.080000e+01 1.087657e+02 5.479015e+00
    endloop
  endfacet
  facet normal -8.310258e-16 -9.597969e-01 -2.806956e-01
    outer loop
      vertex   -2.080000e+01 1.087657e+02 5.479015e+00
      vertex   -2.350000e+01 1.087657e+02 5.479015e+00
      vertex   -2.350000e+01 1.089689e+02 4.784200e+00
    endloop
  endfacet
  facet normal -6.532126e-16 -9.597969e-01 -2.806956e-01
    outer loop
      vertex   -2.080000e+01 1.087657e+02 5.479015e+00
      vertex   -2.350000e+01 1.089689e+02 4.784200e+00
      vertex   -2.080000e+01 1.089689e+02 4.784200e+00
    endloop
  endfacet
  facet normal -1.012065e-15 -8.982351e-01 -4.395154e-01
    outer loop
      vertex   -2.080000e+01 1.089689e+02 4.784200e+00
      vertex   -2.350000e+01 1.089689e+02 4.784200e+00
      vertex   -2.350000e+01 1.092871e+02 4.133951e+00
    endloop
  endfacet
  facet normal 8.449163e-15 -8.982351e-01 -4.395154e-01
    outer loop
      vertex   -2.080000e+01 1.089689e+02 4.784200e+00
      vertex   -2.350000e+01 1.092871e+02 4.133951e+00
      vertex   -2.080000e+01 1.092871e+02 4.133951e+00
    endloop
  endfacet
  facet normal 7.184543e-15 -8.106122e-01 -5.855833e-01
    outer loop
      vertex   -2.080000e+01 1.092871e+02 4.133951e+00
      vertex   -2.350000e+01 1.092871e+02 4.133951e+00
      vertex   -2.350000e+01 1.097110e+02 3.547134e+00
    endloop
  endfacet
  facet normal 7.668148e-15 -8.106122e-01 -5.855833e-01
    outer loop
      vertex   -2.080000e+01 1.092871e+02 4.133951e+00
      vertex   -2.350000e+01 1.097110e+02 3.547134e+00
      vertex   -2.080000e+01 1.097110e+02 3.547134e+00
    endloop
  endfacet
  facet normal 6.305107e-15 -6.994706e-01 -7.146614e-01
    outer loop
      vertex   -2.080000e+01 1.097110e+02 3.547134e+00
      vertex   -2.350000e+01 1.097110e+02 3.547134e+00
      vertex   -2.350000e+01 1.102284e+02 3.040774e+00
    endloop
  endfacet
  facet normal -9.372181e-16 -6.994706e-01 -7.146614e-01
    outer loop
      vertex   -2.080000e+01 1.097110e+02 3.547134e+00
      vertex   -2.350000e+01 1.102284e+02 3.040774e+00
      vertex   -2.080000e+01 1.102284e+02 3.040774e+00
    endloop
  endfacet
  facet normal -1.082926e-15 -5.680348e-01 -8.230045e-01
    outer loop
      vertex   -2.080000e+01 1.102284e+02 3.040774e+00
      vertex   -2.350000e+01 1.102284e+02 3.040774e+00
      vertex   -2.350000e+01 1.108242e+02 2.629563e+00
    endloop
  endfacet
  facet normal -1.079221e-15 -5.680348e-01 -8.230045e-01
    outer loop
      vertex   -2.080000e+01 1.102284e+02 3.040774e+00
      vertex   -2.350000e+01 1.108242e+02 2.629563e+00
      vertex   -2.080000e+01 1.108242e+02 2.629563e+00
    endloop
  endfacet
  facet normal -1.194066e-15 -4.201183e-01 -9.074693e-01
    outer loop
      vertex   -2.080000e+01 1.108242e+02 2.629563e+00
      vertex   -2.350000e+01 1.108242e+02 2.629563e+00
      vertex   -2.350000e+01 1.114811e+02 2.325432e+00
    endloop
  endfacet
  facet normal 1.618831e-15 -4.201183e-01 -9.074693e-01
    outer loop
      vertex   -2.080000e+01 1.108242e+02 2.629563e+00
      vertex   -2.350000e+01 1.114811e+02 2.325432e+00
      vertex   -2.080000e+01 1.114811e+02 2.325432e+00
    endloop
  endfacet
  facet normal 7.332379e-16 -2.600126e-01 -9.656052e-01
    outer loop
      vertex   -2.080000e+01 1.114811e+02 2.325432e+00
      vertex   -2.350000e+01 1.114811e+02 2.325432e+00
      vertex   -2.350000e+01 1.121801e+02 2.137204e+00
    endloop
  endfacet
  facet normal -4.828093e-16 -2.600126e-01 -9.656052e-01
    outer loop
      vertex   -2.080000e+01 1.114811e+02 2.325432e+00
      vertex   -2.350000e+01 1.121801e+02 2.137204e+00
      vertex   -2.080000e+01 1.121801e+02 2.137204e+00
    endloop
  endfacet
  facet normal -4.913232e-16 -9.236308e-02 -9.957254e-01
    outer loop
      vertex   -2.080000e+01 1.121801e+02 2.137204e+00
      vertex   -2.350000e+01 1.121801e+02 2.137204e+00
      vertex   -2.350000e+01 1.129010e+02 2.070341e+00
    endloop
  endfacet
  facet normal 0.000000e+00 -9.236308e-02 -9.957254e-01
    outer loop
      vertex   -2.080000e+01 1.121801e+02 2.137204e+00
      vertex   -2.350000e+01 1.129010e+02 2.070341e+00
      vertex   -2.080000e+01 1.129010e+02 2.070341e+00
    endloop
  endfacet
  facet normal 0.000000e+00 7.796627e-02 -9.969560e-01
    outer loop
      vertex   -2.080000e+01 1.129010e+02 2.070341e+00
      vertex   -2.350000e+01 1.129010e+02 2.070341e+00
      vertex   -2.350000e+01 1.136227e+02 2.126782e+00
    endloop
  endfacet
  facet normal -3.301564e-16 7.796627e-02 -9.969560e-01
    outer loop
      vertex   -2.080000e+01 1.129010e+02 2.070341e+00
      vertex   -2.350000e+01 1.136227e+02 2.126782e+00
      vertex   -2.080000e+01 1.136227e+02 2.126782e+00
    endloop
  endfacet
  facet normal -2.111622e-15 2.460335e-01 -9.692613e-01
    outer loop
      vertex   -2.080000e+01 1.136227e+02 2.126782e+00
      vertex   -2.350000e+01 1.136227e+02 2.126782e+00
      vertex   -2.350000e+01 1.143243e+02 2.304890e+00
    endloop
  endfacet
  facet normal 3.195062e-16 2.460335e-01 -9.692613e-01
    outer loop
      vertex   -2.080000e+01 1.136227e+02 2.126782e+00
      vertex   -2.350000e+01 1.143243e+02 2.304890e+00
      vertex   -2.080000e+01 1.143243e+02 2.304890e+00
    endloop
  endfacet
  facet normal 3.004822e-16 4.069625e-01 -9.134449e-01
    outer loop
      vertex   -2.080000e+01 1.143243e+02 2.304890e+00
      vertex   -2.350000e+01 1.143243e+02 2.304890e+00
      vertex   -2.350000e+01 1.149856e+02 2.599498e+00
    endloop
  endfacet
  facet normal 1.192823e-15 4.069625e-01 -9.134449e-01
    outer loop
      vertex   -2.080000e+01 1.143243e+02 2.304890e+00
      vertex   -2.350000e+01 1.149856e+02 2.599498e+00
      vertex   -2.080000e+01 1.149856e+02 2.599498e+00
    endloop
  endfacet
  facet normal 1.093612e-15 5.560840e-01 -8.311261e-01
    outer loop
      vertex   -2.080000e+01 1.149856e+02 2.599498e+00
      vertex   -2.350000e+01 1.149856e+02 2.599498e+00
      vertex   -2.350000e+01 1.155873e+02 3.002057e+00
    endloop
  endfacet
  facet normal 1.377427e-15 5.560840e-01 -8.311261e-01
    outer loop
      vertex   -2.080000e+01 1.149856e+02 2.599498e+00
      vertex   -2.350000e+01 1.155873e+02 3.002057e+00
      vertex   -2.080000e+01 1.155873e+02 3.002057e+00
    endloop
  endfacet
  facet normal 1.191957e-15 6.890715e-01 -7.246934e-01
    outer loop
      vertex   -2.080000e+01 1.155873e+02 3.002057e+00
      vertex   -2.350000e+01 1.155873e+02 3.002057e+00
      vertex   -2.350000e+01 1.161119e+02 3.500889e+00
    endloop
  endfacet
  facet normal -1.704033e-15 6.890715e-01 -7.246934e-01
    outer loop
      vertex   -2.080000e+01 1.155873e+02 3.002057e+00
      vertex   -2.350000e+01 1.161119e+02 3.500889e+00
      vertex   -2.080000e+01 1.161119e+02 3.500889e+00
    endloop
  endfacet
  facet normal -2.649794e-15 8.020665e-01 -5.972347e-01
    outer loop
      vertex   -2.080000e+01 1.161119e+02 3.500889e+00
      vertex   -2.350000e+01 1.161119e+02 3.500889e+00
      vertex   -2.080000e+01 1.165442e+02 4.081520e+00
    endloop
  endfacet
  facet normal -1.964633e-16 8.020665e-01 -5.972347e-01
    outer loop
      vertex   -2.080000e+01 1.165442e+02 4.081520e+00
      vertex   -2.350000e+01 1.161119e+02 3.500889e+00
      vertex   -2.350000e+01 1.165442e+02 4.081520e+00
    endloop
  endfacet
  facet normal -2.972450e-16 4.283691e-01 -9.036038e-01
    outer loop
      vertex   -2.080000e+01 1.165442e+02 4.081520e+00
      vertex   -2.350000e+01 1.165442e+02 4.081520e+00
      vertex   -2.080000e+01 1.177214e+02 4.639562e+00
    endloop
  endfacet
  facet normal -3.130845e-03 4.342215e-01 -9.008007e-01
    outer loop
      vertex   -2.080000e+01 1.177214e+02 4.639562e+00
      vertex   -2.350000e+01 1.165442e+02 4.081520e+00
      vertex   -2.350000e+01 1.184205e+02 4.985960e+00
    endloop
  endfacet
  facet normal 1.269886e-03 4.478905e-01 -8.940875e-01
    outer loop
      vertex   -2.080000e+01 1.177214e+02 4.639562e+00
      vertex   -2.350000e+01 1.184205e+02 4.985960e+00
      vertex   -2.080000e+01 1.189057e+02 5.232833e+00
    endloop
  endfacet
  facet normal -2.720934e-03 4.654986e-01 -8.850444e-01
    outer loop
      vertex   -2.080000e+01 1.189057e+02 5.232833e+00
      vertex   -2.350000e+01 1.184205e+02 4.985960e+00
      vertex   -2.350000e+01 1.202715e+02 5.959488e+00
    endloop
  endfacet
  facet normal -1.172561e-03 4.678899e-01 -8.837860e-01
    outer loop
      vertex   -2.080000e+01 1.189057e+02 5.232833e+00
      vertex   -2.350000e+01 1.202715e+02 5.959488e+00
      vertex   -2.080000e+01 1.200932e+02 5.861550e+00
    endloop
  endfacet
  facet normal 5.889768e-04 4.884305e-01 -8.726026e-01
    outer loop
      vertex   -2.080000e+01 1.200932e+02 5.861550e+00
      vertex   -2.350000e+01 1.202715e+02 5.959488e+00
      vertex   -2.080000e+01 1.212802e+02 6.525930e+00
    endloop
  endfacet
  facet normal -3.839440e-03 4.974195e-01 -8.675017e-01
    outer loop
      vertex   -2.080000e+01 1.212802e+02 6.525930e+00
      vertex   -2.350000e+01 1.202715e+02 5.959488e+00
      vertex   -2.350000e+01 1.220879e+02 7.000997e+00
    endloop
  endfacet
  facet normal 1.038420e-03 5.095666e-01 -8.604306e-01
    outer loop
      vertex   -2.080000e+01 1.212802e+02 6.525930e+00
      vertex   -2.350000e+01 1.220879e+02 7.000997e+00
      vertex   -2.080000e+01 1.224626e+02 7.226189e+00
    endloop
  endfacet
  facet normal -2.867362e-03 5.301695e-01 -8.478869e-01
    outer loop
      vertex   -2.080000e+01 1.224626e+02 7.226189e+00
      vertex   -2.350000e+01 1.220879e+02 7.000997e+00
      vertex   -2.350000e+01 1.238605e+02 8.109377e+00
    endloop
  endfacet
  facet normal -2.018811e-03 5.313449e-01 -8.471532e-01
    outer loop
      vertex   -2.080000e+01 1.224626e+02 7.226189e+00
      vertex   -2.350000e+01 1.238605e+02 8.109377e+00
      vertex   -2.080000e+01 1.236366e+02 7.962544e+00
    endloop
  endfacet
  facet normal 6.322014e-04 5.538052e-01 -8.326460e-01
    outer loop
      vertex   -2.080000e+01 1.236366e+02 7.962544e+00
      vertex   -2.350000e+01 1.238605e+02 8.109377e+00
      vertex   -2.080000e+01 1.247983e+02 8.735212e+00
    endloop
  endfacet
  facet normal -4.448358e-03 5.638890e-01 -8.258386e-01
    outer loop
      vertex   -2.080000e+01 1.247983e+02 8.735212e+00
      vertex   -2.350000e+01 1.238605e+02 8.109377e+00
      vertex   -2.350000e+01 1.255800e+02 9.283518e+00
    endloop
  endfacet
  facet normal 1.181997e-03 5.769708e-01 -8.167639e-01
    outer loop
      vertex   -2.080000e+01 1.247983e+02 8.735212e+00
      vertex   -2.350000e+01 1.255800e+02 9.283518e+00
      vertex   -2.080000e+01 1.259438e+02 9.544409e+00
    endloop
  endfacet
  facet normal -1.437840e-03 5.898038e-01 -8.075453e-01
    outer loop
      vertex   -2.080000e+01 1.259438e+02 9.544409e+00
      vertex   -2.350000e+01 1.255800e+02 9.283518e+00
      vertex   -2.350000e+01 1.264150e+02 9.893360e+00
    endloop
  endfacet
  facet normal 1.549338e-03 6.008559e-01 -7.993559e-01
    outer loop
      vertex   -2.080000e+01 1.259438e+02 9.544409e+00
      vertex   -2.350000e+01 1.264150e+02 9.893360e+00
      vertex   -2.080000e+01 1.270692e+02 1.039035e+01
    endloop
  endfacet
  facet normal -8.418290e-04 6.071193e-01 -7.946102e-01
    outer loop
      vertex   -2.080000e+01 1.270692e+02 1.039035e+01
      vertex   -2.350000e+01 1.264150e+02 9.893360e+00
      vertex   -2.350000e+01 1.272124e+02 1.050261e+01
    endloop
  endfacet
  facet normal 6.241402e-04 6.242614e-01 -7.812153e-01
    outer loop
      vertex   -2.080000e+01 1.270692e+02 1.039035e+01
      vertex   -2.350000e+01 1.272124e+02 1.050261e+01
      vertex   -2.350000e+01 1.279684e+02 1.110674e+01
    endloop
  endfacet
  facet normal 1.276997e-03 6.254581e-01 -7.802567e-01
    outer loop
      vertex   -2.080000e+01 1.270692e+02 1.039035e+01
      vertex   -2.350000e+01 1.279684e+02 1.110674e+01
      vertex   -2.080000e+01 1.281707e+02 1.127326e+01
    endloop
  endfacet
  facet normal -6.929938e-04 6.411721e-01 -7.673968e-01
    outer loop
      vertex   -2.080000e+01 1.281707e+02 1.127326e+01
      vertex   -2.350000e+01 1.279684e+02 1.110674e+01
      vertex   -2.350000e+01 1.286844e+02 1.170491e+01
    endloop
  endfacet
  facet normal 2.426371e-03 6.507522e-01 -7.592863e-01
    outer loop
      vertex   -2.080000e+01 1.281707e+02 1.127326e+01
      vertex   -2.350000e+01 1.286844e+02 1.170491e+01
      vertex   -2.080000e+01 1.292442e+02 1.219334e+01
    endloop
  endfacet
  facet normal -1.397165e-04 6.578066e-01 -7.531868e-01
    outer loop
      vertex   -2.080000e+01 1.292442e+02 1.219334e+01
      vertex   -2.350000e+01 1.286844e+02 1.170491e+01
      vertex   -2.350000e+01 1.293615e+02 1.229625e+01
    endloop
  endfacet
  facet normal 1.123829e-03 6.741185e-01 -7.386223e-01
    outer loop
      vertex   -2.080000e+01 1.292442e+02 1.219334e+01
      vertex   -2.350000e+01 1.293615e+02 1.229625e+01
      vertex   -2.350000e+01 1.300010e+02 1.287993e+01
    endloop
  endfacet
  facet normal 2.446608e-03 6.766945e-01 -7.362599e-01
    outer loop
      vertex   -2.080000e+01 1.292442e+02 1.219334e+01
      vertex   -2.350000e+01 1.300010e+02 1.287993e+01
      vertex   -2.080000e+01 1.302860e+02 1.315082e+01
    endloop
  endfacet
  facet normal -2.196891e-04 6.900634e-01 -7.237489e-01
    outer loop
      vertex   -2.080000e+01 1.302860e+02 1.315082e+01
      vertex   -2.350000e+01 1.300010e+02 1.287993e+01
      vertex   -2.350000e+01 1.306042e+02 1.345508e+01
    endloop
  endfacet
  facet normal 2.766990e-03 7.032006e-01 -7.109861e-01
    outer loop
      vertex   -2.080000e+01 1.302860e+02 1.315082e+01
      vertex   -2.350000e+01 1.306042e+02 1.345508e+01
      vertex   -2.080000e+01 1.312914e+02 1.414521e+01
    endloop
  endfacet
  facet normal 1.552076e-03 7.055933e-01 -7.086154e-01
    outer loop
      vertex   -2.080000e+01 1.312914e+02 1.414521e+01
      vertex   -2.350000e+01 1.306042e+02 1.345508e+01
      vertex   -2.350000e+01 1.311724e+02 1.402085e+01
    endloop
  endfacet
  facet normal 1.818502e-04 7.206657e-01 -6.932827e-01
    outer loop
      vertex   -2.080000e+01 1.312914e+02 1.414521e+01
      vertex   -2.350000e+01 1.311724e+02 1.402085e+01
      vertex   -2.350000e+01 1.317068e+02 1.457640e+01
    endloop
  endfacet
  facet normal 3.210913e-03 7.300638e-01 -6.833714e-01
    outer loop
      vertex   -2.080000e+01 1.312914e+02 1.414521e+01
      vertex   -2.350000e+01 1.317068e+02 1.457640e+01
      vertex   -2.080000e+01 1.322510e+02 1.517045e+01
    endloop
  endfacet
  facet normal 9.464492e-04 7.352327e-01 -6.778142e-01
    outer loop
      vertex   -2.080000e+01 1.322510e+02 1.517045e+01
      vertex   -2.350000e+01 1.317068e+02 1.457640e+01
      vertex   -2.350000e+01 1.322088e+02 1.512087e+01
    endloop
  endfacet
  facet normal 1.999096e-04 7.558625e-01 -6.547303e-01
    outer loop
      vertex   -2.080000e+01 1.322510e+02 1.517045e+01
      vertex   -2.350000e+01 1.322088e+02 1.512087e+01
      vertex   -2.350000e+01 1.331203e+02 1.617317e+01
    endloop
  endfacet
  facet normal 9.933369e-04 7.569181e-01 -6.535090e-01
    outer loop
      vertex   -2.080000e+01 1.322510e+02 1.517045e+01
      vertex   -2.350000e+01 1.331203e+02 1.617317e+01
      vertex   -2.080000e+01 1.331625e+02 1.622616e+01
    endloop
  endfacet
  facet normal 3.128822e-05 7.814193e-01 -6.240064e-01
    outer loop
      vertex   -2.080000e+01 1.331625e+02 1.622616e+01
      vertex   -2.350000e+01 1.331203e+02 1.617317e+01
      vertex   -2.350000e+01 1.339171e+02 1.717093e+01
    endloop
  endfacet
  facet normal 1.491681e-03 7.834492e-01 -6.214540e-01
    outer loop
      vertex   -2.080000e+01 1.331625e+02 1.622616e+01
      vertex   -2.350000e+01 1.339171e+02 1.717093e+01
      vertex   -2.080000e+01 1.340251e+02 1.731366e+01
    endloop
  endfacet
  facet normal -7.669818e-04 8.041612e-01 -5.944107e-01
    outer loop
      vertex   -2.080000e+01 1.340251e+02 1.731366e+01
      vertex   -2.350000e+01 1.339171e+02 1.717093e+01
      vertex   -2.350000e+01 1.346095e+02 1.810769e+01
    endloop
  endfacet
  facet normal 2.453347e-03 8.093702e-01 -5.872937e-01
    outer loop
      vertex   -2.080000e+01 1.340251e+02 1.731366e+01
      vertex   -2.350000e+01 1.346095e+02 1.810769e+01
      vertex   -2.080000e+01 1.348383e+02 1.843427e+01
    endloop
  endfacet
  facet normal -1.507749e-03 8.248311e-01 -5.653772e-01
    outer loop
      vertex   -2.080000e+01 1.348383e+02 1.843427e+01
      vertex   -2.350000e+01 1.346095e+02 1.810769e+01
      vertex   -2.350000e+01 1.352388e+02 1.902573e+01
    endloop
  endfacet
  facet normal 3.022701e-03 8.343891e-01 -5.511676e-01
    outer loop
      vertex   -2.080000e+01 1.348383e+02 1.843427e+01
      vertex   -2.350000e+01 1.352388e+02 1.902573e+01
      vertex   -2.080000e+01 1.356013e+02 1.958931e+01
    endloop
  endfacet
  facet normal -1.572975e-03 8.444546e-01 -5.356249e-01
    outer loop
      vertex   -2.080000e+01 1.356013e+02 1.958931e+01
      vertex   -2.350000e+01 1.352388e+02 1.902573e+01
      vertex   -2.350000e+01 1.358302e+02 1.995812e+01
    endloop
  endfacet
  facet normal 2.647960e-03 8.582233e-01 -5.132697e-01
    outer loop
      vertex   -2.080000e+01 1.356013e+02 1.958931e+01
      vertex   -2.350000e+01 1.358302e+02 1.995812e+01
      vertex   -2.080000e+01 1.363134e+02 2.078010e+01
    endloop
  endfacet
  facet normal -7.117424e-04 8.630702e-01 -5.050835e-01
    outer loop
      vertex   -2.080000e+01 1.363134e+02 2.078010e+01
      vertex   -2.350000e+01 1.358302e+02 1.995812e+01
      vertex   -2.350000e+01 1.363844e+02 2.090513e+01
    endloop
  endfacet
  facet normal 1.191474e-03 8.805710e-01 -4.739128e-01
    outer loop
      vertex   -2.080000e+01 1.363134e+02 2.078010e+01
      vertex   -2.350000e+01 1.363844e+02 2.090513e+01
      vertex   -2.350000e+01 1.369020e+02 2.186701e+01
    endloop
  endfacet
  facet normal 1.227454e-03 8.806082e-01 -4.738435e-01
    outer loop
      vertex   -2.080000e+01 1.363134e+02 2.078010e+01
      vertex   -2.350000e+01 1.369020e+02 2.186701e+01
      vertex   -2.080000e+01 1.369741e+02 2.200796e+01
    endloop
  endfacet
  facet normal -8.541664e-04 8.968734e-01 -4.422865e-01
    outer loop
      vertex   -2.080000e+01 1.369741e+02 2.200796e+01
      vertex   -2.350000e+01 1.369020e+02 2.186701e+01
      vertex   -2.350000e+01 1.373838e+02 2.284403e+01
    endloop
  endfacet
  facet normal 2.640218e-03 9.013064e-01 -4.331742e-01
    outer loop
      vertex   -2.080000e+01 1.369741e+02 2.200796e+01
      vertex   -2.350000e+01 1.373838e+02 2.284403e+01
      vertex   -2.080000e+01 1.375827e+02 2.327420e+01
    endloop
  endfacet
  facet normal -1.771750e-03 9.119111e-01 -4.103839e-01
    outer loop
      vertex   -2.080000e+01 1.375827e+02 2.327420e+01
      vertex   -2.350000e+01 1.373838e+02 2.284403e+01
      vertex   -2.350000e+01 1.378305e+02 2.383646e+01
    endloop
  endfacet
  facet normal 2.886883e-03 9.201184e-01 -3.916298e-01
    outer loop
      vertex   -2.080000e+01 1.375827e+02 2.327420e+01
      vertex   -2.350000e+01 1.378305e+02 2.383646e+01
      vertex   -2.080000e+01 1.381376e+02 2.457796e+01
    endloop
  endfacet
  facet normal -1.377973e-03 9.256454e-01 -3.783895e-01
    outer loop
      vertex   -2.080000e+01 1.381376e+02 2.457796e+01
      vertex   -2.350000e+01 1.378305e+02 2.383646e+01
      vertex   -2.350000e+01 1.382426e+02 2.484457e+01
    endloop
  endfacet
  facet normal 1.852223e-03 9.367323e-01 -3.500417e-01
    outer loop
      vertex   -2.080000e+01 1.381376e+02 2.457796e+01
      vertex   -2.350000e+01 1.382426e+02 2.484457e+01
      vertex   -2.080000e+01 1.386325e+02 2.590227e+01
    endloop
  endfacet
  facet normal 2.672448e-04 9.380560e-01 -3.464837e-01
    outer loop
      vertex   -2.080000e+01 1.386325e+02 2.590227e+01
      vertex   -2.350000e+01 1.382426e+02 2.484457e+01
      vertex   -2.350000e+01 1.386208e+02 2.586861e+01
    endloop
  endfacet
  facet normal -1.752223e-04 9.491446e-01 -3.148405e-01
    outer loop
      vertex   -2.080000e+01 1.386325e+02 2.590227e+01
      vertex   -2.350000e+01 1.386208e+02 2.586861e+01
      vertex   -2.350000e+01 1.389659e+02 2.690885e+01
    endloop
  endfacet
  facet normal 2.132661e-03 9.509762e-01 -3.092566e-01
    outer loop
      vertex   -2.080000e+01 1.386325e+02 2.590227e+01
      vertex   -2.350000e+01 1.389659e+02 2.690885e+01
      vertex   -2.080000e+01 1.390683e+02 2.724232e+01
    endloop
  endfacet
  facet normal -1.334902e-03 9.589346e-01 -2.836242e-01
    outer loop
      vertex   -2.080000e+01 1.390683e+02 2.724232e+01
      vertex   -2.350000e+01 1.389659e+02 2.690885e+01
      vertex   -2.350000e+01 1.392784e+02 2.796557e+01
    endloop
  endfacet
  facet normal 2.725841e-03 9.629590e-01 -2.696342e-01
    outer loop
      vertex   -2.080000e+01 1.390683e+02 2.724232e+01
      vertex   -2.350000e+01 1.392784e+02 2.796557e+01
      vertex   -2.080000e+01 1.394475e+02 2.859687e+01
    endloop
  endfacet
  facet normal -1.449271e-03 9.674689e-01 -2.529859e-01
    outer loop
      vertex   -2.080000e+01 1.394475e+02 2.859687e+01
      vertex   -2.350000e+01 1.392784e+02 2.796557e+01
      vertex   -2.350000e+01 1.395591e+02 2.903902e+01
    endloop
  endfacet
  facet normal 2.304845e-03 9.728513e-01 -2.314195e-01
    outer loop
      vertex   -2.080000e+01 1.394475e+02 2.859687e+01
      vertex   -2.350000e+01 1.395591e+02 2.903902e+01
      vertex   -2.080000e+01 1.397729e+02 2.996469e+01
    endloop
  endfacet
  facet normal -7.184971e-04 9.748062e-01 -2.230525e-01
    outer loop
      vertex   -2.080000e+01 1.397729e+02 2.996469e+01
      vertex   -2.350000e+01 1.395591e+02 2.903902e+01
      vertex   -2.350000e+01 1.398088e+02 3.013016e+01
    endloop
  endfacet
  facet normal 1.092683e-03 9.808408e-01 -1.948077e-01
    outer loop
      vertex   -2.080000e+01 1.397729e+02 2.996469e+01
      vertex   -2.350000e+01 1.398088e+02 3.013016e+01
      vertex   -2.080000e+01 1.400470e+02 3.134454e+01
    endloop
  endfacet
  facet normal 6.613199e-04 9.810241e-01 -1.938846e-01
    outer loop
      vertex   -2.080000e+01 1.400470e+02 3.134454e+01
      vertex   -2.350000e+01 1.398088e+02 3.013016e+01
      vertex   -2.350000e+01 1.400286e+02 3.124244e+01
    endloop
  endfacet
  facet normal -4.469533e-04 9.862079e-01 -1.655108e-01
    outer loop
      vertex   -2.080000e+01 1.400470e+02 3.134454e+01
      vertex   -2.350000e+01 1.400286e+02 3.124244e+01
      vertex   -2.350000e+01 1.402190e+02 3.237665e+01
    endloop
  endfacet
  facet normal 1.738121e-03 9.871240e-01 -1.599472e-01
    outer loop
      vertex   -2.080000e+01 1.400470e+02 3.134454e+01
      vertex   -2.350000e+01 1.402190e+02 3.237665e+01
      vertex   -2.080000e+01 1.402723e+02 3.273521e+01
    endloop
  endfacet
  facet normal -1.241489e-03 9.904311e-01 -1.380027e-01
    outer loop
      vertex   -2.080000e+01 1.402723e+02 3.273521e+01
      vertex   -2.350000e+01 1.402190e+02 3.237665e+01
      vertex   -2.350000e+01 1.403801e+02 3.353320e+01
    endloop
  endfacet
  facet normal 2.085578e-03 9.919076e-01 -1.269450e-01
    outer loop
      vertex   -2.080000e+01 1.402723e+02 3.273521e+01
      vertex   -2.350000e+01 1.403801e+02 3.353320e+01
      vertex   -2.080000e+01 1.404515e+02 3.413546e+01
    endloop
  endfacet
  facet normal -1.425952e-03 9.937720e-01 -1.114233e-01
    outer loop
      vertex   -2.080000e+01 1.404515e+02 3.413546e+01
      vertex   -2.350000e+01 1.403801e+02 3.353320e+01
      vertex   -2.350000e+01 1.405123e+02 3.471252e+01
    endloop
  endfacet
  facet normal 1.936136e-03 9.953926e-01 -9.586334e-02
    outer loop
      vertex   -2.080000e+01 1.404515e+02 3.413546e+01
      vertex   -2.350000e+01 1.405123e+02 3.471252e+01
      vertex   -2.080000e+01 1.405872e+02 3.554439e+01
    endloop
  endfacet
  facet normal -1.183568e-03 9.963099e-01 -8.582031e-02
    outer loop
      vertex   -2.080000e+01 1.405872e+02 3.554439e+01
      vertex   -2.350000e+01 1.405123e+02 3.471252e+01
      vertex   -2.350000e+01 1.406159e+02 3.591501e+01
    endloop
  endfacet
  facet normal 1.459262e-03 9.977733e-01 -6.668043e-02
    outer loop
      vertex   -2.080000e+01 1.405872e+02 3.554439e+01
      vertex   -2.350000e+01 1.406159e+02 3.591501e+01
      vertex   -2.080000e+01 1.406820e+02 3.696353e+01
    endloop
  endfacet
  facet normal -6.670567e-04 9.981236e-01 -6.122715e-02
    outer loop
      vertex   -2.080000e+01 1.406820e+02 3.696353e+01
      vertex   -2.350000e+01 1.406159e+02 3.591501e+01
      vertex   -2.350000e+01 1.406911e+02 3.714109e+01
    endloop
  endfacet
  facet normal 7.761300e-04 9.992256e-01 -3.933848e-02
    outer loop
      vertex   -2.080000e+01 1.406820e+02 3.696353e+01
      vertex   -2.350000e+01 1.406911e+02 3.714109e+01
      vertex   -2.080000e+01 1.407382e+02 3.839119e+01
    endloop
  endfacet
  facet normal -1.032085e-14 9.992904e-01 -3.766461e-02
    outer loop
      vertex   -2.080000e+01 1.407382e+02 3.839119e+01
      vertex   -2.350000e+01 1.406911e+02 3.714109e+01
      vertex   -2.350000e+01 1.407382e+02 3.839119e+01
    endloop
  endfacet
  facet normal -1.047490e-14 9.999528e-01 -9.720728e-03
    outer loop
      vertex   -2.350000e+01 1.407382e+02 3.839119e+01
      vertex   -2.350000e+01 1.407484e+02 3.943351e+01
      vertex   -2.080000e+01 1.407382e+02 3.839119e+01
    endloop
  endfacet
  facet normal 0.000000e+00 9.999528e-01 -9.720728e-03
    outer loop
      vertex   -2.080000e+01 1.407382e+02 3.839119e+01
      vertex   -2.350000e+01 1.407484e+02 3.943351e+01
      vertex   -2.080000e+01 1.407484e+02 3.943351e+01
    endloop
  endfacet
  facet normal 0.000000e+00 9.997273e-01 2.335225e-02
    outer loop
      vertex   -2.080000e+01 1.407484e+02 3.943351e+01
      vertex   -2.350000e+01 1.407484e+02 3.943351e+01
      vertex   -2.350000e+01 1.407241e+02 4.047445e+01
    endloop
  endfacet
  facet normal 1.221767e-16 9.997273e-01 2.335225e-02
    outer loop
      vertex   -2.080000e+01 1.407484e+02 3.943351e+01
      vertex   -2.350000e+01 1.407241e+02 4.047445e+01
      vertex   -2.080000e+01 1.407241e+02 4.047445e+01
    endloop
  endfacet
  facet normal 2.966785e-16 9.984101e-01 5.636761e-02
    outer loop
      vertex   -2.080000e+01 1.407241e+02 4.047445e+01
      vertex   -2.350000e+01 1.407241e+02 4.047445e+01
      vertex   -2.350000e+01 1.406654e+02 4.151316e+01
    endloop
  endfacet
  facet normal 2.101939e-14 9.984101e-01 5.636761e-02
    outer loop
      vertex   -2.080000e+01 1.407241e+02 4.047445e+01
      vertex   -2.350000e+01 1.406654e+02 4.151316e+01
      vertex   -2.080000e+01 1.406654e+02 4.151316e+01
    endloop
  endfacet
  facet normal 2.096901e-14 9.960050e-01 8.929801e-02
    outer loop
      vertex   -2.080000e+01 1.406654e+02 4.151316e+01
      vertex   -2.350000e+01 1.406654e+02 4.151316e+01
      vertex   -2.350000e+01 1.405726e+02 4.254879e+01
    endloop
  endfacet
  facet normal -2.120154e-14 9.960050e-01 8.929801e-02
    outer loop
      vertex   -2.080000e+01 1.406654e+02 4.151316e+01
      vertex   -2.350000e+01 1.405726e+02 4.254879e+01
      vertex   -2.080000e+01 1.405726e+02 4.254879e+01
    endloop
  endfacet
  facet normal -2.121692e-14 9.925157e-01 1.221167e-01
    outer loop
      vertex   -2.080000e+01 1.405726e+02 4.254879e+01
      vertex   -2.350000e+01 1.405726e+02 4.254879e+01
      vertex   -2.350000e+01 1.404456e+02 4.358051e+01
    endloop
  endfacet
  facet normal -3.263456e-16 9.925157e-01 1.221167e-01
    outer loop
      vertex   -2.080000e+01 1.405726e+02 4.254879e+01
      vertex   -2.350000e+01 1.404456e+02 4.358051e+01
      vertex   -2.080000e+01 1.404456e+02 4.358051e+01
    endloop
  endfacet
  facet normal -4.073706e-16 9.879463e-01 1.547973e-01
    outer loop
      vertex   -2.080000e+01 1.404456e+02 4.358051e+01
      vertex   -2.350000e+01 1.404456e+02 4.358051e+01
      vertex   -2.350000e+01 1.402847e+02 4.460746e+01
    endloop
  endfacet
  facet normal 0.000000e+00 9.879463e-01 1.547973e-01
    outer loop
      vertex   -2.080000e+01 1.404456e+02 4.358051e+01
      vertex   -2.350000e+01 1.402847e+02 4.460746e+01
      vertex   -2.080000e+01 1.402847e+02 4.460746e+01
    endloop
  endfacet
  facet normal 0.000000e+00 9.823002e-01 1.873134e-01
    outer loop
      vertex   -2.080000e+01 1.402847e+02 4.460746e+01
      vertex   -2.350000e+01 1.402847e+02 4.460746e+01
      vertex   -2.350000e+01 1.400900e+02 4.562880e+01
    endloop
  endfacet
  facet normal -1.082613e-14 9.823002e-01 1.873134e-01
    outer loop
      vertex   -2.080000e+01 1.402847e+02 4.460746e+01
      vertex   -2.350000e+01 1.400900e+02 4.562880e+01
      vertex   -2.080000e+01 1.400900e+02 4.562880e+01
    endloop
  endfacet
  facet normal -1.084752e-14 9.755813e-01 2.196388e-01
    outer loop
      vertex   -2.080000e+01 1.400900e+02 4.562880e+01
      vertex   -2.350000e+01 1.400900e+02 4.562880e+01
      vertex   -2.350000e+01 1.398615e+02 4.664369e+01
    endloop
  endfacet
  facet normal 0.000000e+00 9.755813e-01 2.196388e-01
    outer loop
      vertex   -2.080000e+01 1.400900e+02 4.562880e+01
      vertex   -2.350000e+01 1.398615e+02 4.664369e+01
      vertex   -2.080000e+01 1.398615e+02 4.664369e+01
    endloop
  endfacet
  facet normal 0.000000e+00 9.677932e-01 2.517466e-01
    outer loop
      vertex   -2.080000e+01 1.398615e+02 4.664369e+01
      vertex   -2.350000e+01 1.398615e+02 4.664369e+01
      vertex   -2.350000e+01 1.395994e+02 4.765128e+01
    endloop
  endfacet
  facet normal -1.018978e-14 9.677932e-01 2.517466e-01
    outer loop
      vertex   -2.080000e+01 1.398615e+02 4.664369e+01
      vertex   -2.350000e+01 1.395994e+02 4.765128e+01
      vertex   -2.080000e+01 1.395994e+02 4.765128e+01
    endloop
  endfacet
  facet normal -1.009434e-14 9.589398e-01 2.836095e-01
    outer loop
      vertex   -2.080000e+01 1.395994e+02 4.765128e+01
      vertex   -2.350000e+01 1.395994e+02 4.765128e+01
      vertex   -2.350000e+01 1.393038e+02 4.865073e+01
    endloop
  endfacet
  facet normal -7.496041e-16 9.589398e-01 2.836095e-01
    outer loop
      vertex   -2.080000e+01 1.395994e+02 4.765128e+01
      vertex   -2.350000e+01 1.393038e+02 4.865073e+01
      vertex   -2.080000e+01 1.393038e+02 4.865073e+01
    endloop
  endfacet
  facet normal -8.294471e-16 9.490310e-01 3.151826e-01
    outer loop
      vertex   -2.080000e+01 1.393038e+02 4.865073e+01
      vertex   -2.350000e+01 1.393038e+02 4.865073e+01
      vertex   -2.350000e+01 1.389752e+02 4.964008e+01
    endloop
  endfacet
  facet normal -1.656625e-15 9.490310e-01 3.151826e-01
    outer loop
      vertex   -2.080000e+01 1.393038e+02 4.865073e+01
      vertex   -2.350000e+01 1.389752e+02 4.964008e+01
      vertex   -2.080000e+01 1.389752e+02 4.964008e+01
    endloop
  endfacet
  facet normal -1.823185e-15 9.380879e-01 3.463972e-01
    outer loop
      vertex   -2.080000e+01 1.389752e+02 4.964008e+01
      vertex   -2.350000e+01 1.389752e+02 4.964008e+01
      vertex   -2.350000e+01 1.386145e+02 5.061694e+01
    endloop
  endfacet
  facet normal 9.082135e-16 9.380879e-01 3.463972e-01
    outer loop
      vertex   -2.080000e+01 1.389752e+02 4.964008e+01
      vertex   -2.350000e+01 1.386145e+02 5.061694e+01
      vertex   -2.080000e+01 1.386145e+02 5.061694e+01
    endloop
  endfacet
  facet normal 9.926611e-16 9.261308e-01 3.772025e-01
    outer loop
      vertex   -2.080000e+01 1.386145e+02 5.061694e+01
      vertex   -2.350000e+01 1.386145e+02 5.061694e+01
      vertex   -2.350000e+01 1.382220e+02 5.158052e+01
    endloop
  endfacet
  facet normal -9.761749e-15 9.261308e-01 3.772025e-01
    outer loop
      vertex   -2.080000e+01 1.386145e+02 5.061694e+01
      vertex   -2.350000e+01 1.382220e+02 5.158052e+01
      vertex   -2.080000e+01 1.382220e+02 5.158052e+01
    endloop
  endfacet
  facet normal -9.612563e-15 9.131723e-01 4.075736e-01
    outer loop
      vertex   -2.080000e+01 1.382220e+02 5.158052e+01
      vertex   -2.350000e+01 1.382220e+02 5.158052e+01
      vertex   -2.350000e+01 1.377982e+02 5.253006e+01
    endloop
  endfacet
  facet normal -1.067692e-14 9.131723e-01 4.075736e-01
    outer loop
      vertex   -2.080000e+01 1.382220e+02 5.158052e+01
      vertex   -2.350000e+01 1.377982e+02 5.253006e+01
      vertex   -2.080000e+01 1.377982e+02 5.253006e+01
    endloop
  endfacet
  facet normal -1.061705e-14 8.992250e-01 4.374865e-01
    outer loop
      vertex   -2.080000e+01 1.377982e+02 5.253006e+01
      vertex   -2.350000e+01 1.377982e+02 5.253006e+01
      vertex   -2.350000e+01 1.373435e+02 5.346482e+01
    endloop
  endfacet
  facet normal -3.461184e-15 8.992250e-01 4.374865e-01
    outer loop
      vertex   -2.080000e+01 1.377982e+02 5.253006e+01
      vertex   -2.350000e+01 1.373435e+02 5.346482e+01
      vertex   -2.080000e+01 1.373435e+02 5.346482e+01
    endloop
  endfacet
  facet normal -3.686275e-15 8.843009e-01 4.669174e-01
    outer loop
      vertex   -2.080000e+01 1.373435e+02 5.346482e+01
      vertex   -2.350000e+01 1.373435e+02 5.346482e+01
      vertex   -2.350000e+01 1.368581e+02 5.438403e+01
    endloop
  endfacet
  facet normal -3.678895e-15 8.843009e-01 4.669174e-01
    outer loop
      vertex   -2.080000e+01 1.373435e+02 5.346482e+01
      vertex   -2.350000e+01 1.368581e+02 5.438403e+01
      vertex   -2.080000e+01 1.368581e+02 5.438403e+01
    endloop
  endfacet
  facet normal -3.914639e-15 8.684123e-01 4.958428e-01
    outer loop
      vertex   -2.080000e+01 1.368581e+02 5.438403e+01
      vertex   -2.350000e+01 1.368581e+02 5.438403e+01
      vertex   -2.350000e+01 1.363426e+02 5.528692e+01
    endloop
  endfacet
  facet normal 9.135822e-15 8.684123e-01 4.958428e-01
    outer loop
      vertex   -2.080000e+01 1.368581e+02 5.438403e+01
      vertex   -2.350000e+01 1.363426e+02 5.528692e+01
      vertex   -2.080000e+01 1.363426e+02 5.528692e+01
    endloop
  endfacet
  facet normal 8.964116e-15 8.515713e-01 5.242388e-01
    outer loop
      vertex   -2.080000e+01 1.363426e+02 5.528692e+01
      vertex   -2.350000e+01 1.363426e+02 5.528692e+01
      vertex   -2.350000e+01 1.357973e+02 5.617274e+01
    endloop
  endfacet
  facet normal 1.931010e-14 8.515713e-01 5.242388e-01
    outer loop
      vertex   -2.080000e+01 1.363426e+02 5.528692e+01
      vertex   -2.350000e+01 1.357973e+02 5.617274e+01
      vertex   -2.080000e+01 1.357973e+02 5.617274e+01
    endloop
  endfacet
  facet normal 1.900676e-14 8.337902e-01 5.520815e-01
    outer loop
      vertex   -2.080000e+01 1.357973e+02 5.617274e+01
      vertex   -2.350000e+01 1.357973e+02 5.617274e+01
      vertex   -2.350000e+01 1.352225e+02 5.704074e+01
    endloop
  endfacet
  facet normal -1.023023e-14 8.337902e-01 5.520815e-01
    outer loop
      vertex   -2.080000e+01 1.357973e+02 5.617274e+01
      vertex   -2.350000e+01 1.352225e+02 5.704074e+01
      vertex   -2.080000e+01 1.352225e+02 5.704074e+01
    endloop
  endfacet
  facet normal -1.010463e-14 8.150814e-01 5.793465e-01
    outer loop
      vertex   -2.080000e+01 1.352225e+02 5.704074e+01
      vertex   -2.350000e+01 1.352225e+02 5.704074e+01
      vertex   -2.350000e+01 1.346188e+02 5.789015e+01
    endloop
  endfacet
  facet normal 8.562311e-15 8.150814e-01 5.793465e-01
    outer loop
      vertex   -2.080000e+01 1.352225e+02 5.704074e+01
      vertex   -2.350000e+01 1.346188e+02 5.789015e+01
      vertex   -2.080000e+01 1.346188e+02 5.789015e+01
    endloop
  endfacet
  facet normal 8.373534e-15 7.954674e-01 6.059964e-01
    outer loop
      vertex   -2.080000e+01 1.346188e+02 5.789015e+01
      vertex   -2.350000e+01 1.346188e+02 5.789015e+01
      vertex   -2.350000e+01 1.339870e+02 5.871942e+01
    endloop
  endfacet
  facet normal 0.000000e+00 7.954674e-01 6.059964e-01
    outer loop
      vertex   -2.080000e+01 1.346188e+02 5.789015e+01
      vertex   -2.350000e+01 1.339870e+02 5.871942e+01
      vertex   -2.080000e+01 1.339870e+02 5.871942e+01
    endloop
  endfacet
  facet normal 0.000000e+00 7.749918e-01 6.319713e-01
    outer loop
      vertex   -2.080000e+01 1.339870e+02 5.871942e+01
      vertex   -2.350000e+01 1.339870e+02 5.871942e+01
      vertex   -2.350000e+01 1.333291e+02 5.952628e+01
    endloop
  endfacet
  facet normal 0.000000e+00 7.749918e-01 6.319713e-01
    outer loop
      vertex   -2.080000e+01 1.339870e+02 5.871942e+01
      vertex   -2.350000e+01 1.333291e+02 5.952628e+01
      vertex   -2.080000e+01 1.333291e+02 5.952628e+01
    endloop
  endfacet
  facet normal 0.000000e+00 7.536948e-01 6.572245e-01
    outer loop
      vertex   -2.080000e+01 1.333291e+02 5.952628e+01
      vertex   -2.350000e+01 1.333291e+02 5.952628e+01
      vertex   -2.350000e+01 1.326456e+02 6.031010e+01
    endloop
  endfacet
  facet normal 0.000000e+00 7.536948e-01 6.572245e-01
    outer loop
      vertex   -2.080000e+01 1.333291e+02 5.952628e+01
      vertex   -2.350000e+01 1.326456e+02 6.031010e+01
      vertex   -2.080000e+01 1.326456e+02 6.031010e+01
    endloop
  endfacet
  facet normal 0.000000e+00 7.315978e-01 6.817364e-01
    outer loop
      vertex   -2.080000e+01 1.326456e+02 6.031010e+01
      vertex   -2.350000e+01 1.326456e+02 6.031010e+01
      vertex   -2.350000e+01 1.319372e+02 6.107031e+01
    endloop
  endfacet
  facet normal -1.780743e-15 7.315978e-01 6.817364e-01
    outer loop
      vertex   -2.080000e+01 1.326456e+02 6.031010e+01
      vertex   -2.350000e+01 1.319372e+02 6.107031e+01
      vertex   -2.080000e+01 1.319372e+02 6.107031e+01
    endloop
  endfacet
  facet normal -1.856592e-15 7.087212e-01 7.054887e-01
    outer loop
      vertex   -2.080000e+01 1.319372e+02 6.107031e+01
      vertex   -2.350000e+01 1.319372e+02 6.107031e+01
      vertex   -2.350000e+01 1.312045e+02 6.180633e+01
    endloop
  endfacet
  facet normal 5.582791e-15 7.087212e-01 7.054887e-01
    outer loop
      vertex   -2.080000e+01 1.319372e+02 6.107031e+01
      vertex   -2.350000e+01 1.312045e+02 6.180633e+01
      vertex   -2.080000e+01 1.312045e+02 6.180633e+01
    endloop
  endfacet
  facet normal 5.294533e-15 6.850848e-01 7.284633e-01
    outer loop
      vertex   -2.080000e+01 1.312045e+02 6.180633e+01
      vertex   -2.350000e+01 1.312045e+02 6.180633e+01
      vertex   -2.350000e+01 1.304482e+02 6.251759e+01
    endloop
  endfacet
  facet normal 0.000000e+00 6.850848e-01 7.284633e-01
    outer loop
      vertex   -2.080000e+01 1.312045e+02 6.180633e+01
      vertex   -2.350000e+01 1.304482e+02 6.251759e+01
      vertex   -2.080000e+01 1.304482e+02 6.251759e+01
    endloop
  endfacet
  facet normal 0.000000e+00 6.607084e-01 7.506427e-01
    outer loop
      vertex   -2.080000e+01 1.304482e+02 6.251759e+01
      vertex   -2.350000e+01 1.304482e+02 6.251759e+01
      vertex   -2.350000e+01 1.296689e+02 6.320353e+01
    endloop
  endfacet
  facet normal 1.984308e-14 6.607084e-01 7.506427e-01
    outer loop
      vertex   -2.080000e+01 1.304482e+02 6.251759e+01
      vertex   -2.350000e+01 1.296689e+02 6.320353e+01
      vertex   -2.080000e+01 1.296689e+02 6.320353e+01
    endloop
  endfacet
  facet normal 1.947655e-14 6.356114e-01 7.720092e-01
    outer loop
      vertex   -2.080000e+01 1.296689e+02 6.320353e+01
      vertex   -2.350000e+01 1.296689e+02 6.320353e+01
      vertex   -2.350000e+01 1.288672e+02 6.386357e+01
    endloop
  endfacet
  facet normal 6.691973e-15 6.356114e-01 7.720092e-01
    outer loop
      vertex   -2.080000e+01 1.296689e+02 6.320353e+01
      vertex   -2.350000e+01 1.288672e+02 6.386357e+01
      vertex   -2.080000e+01 1.288672e+02 6.386357e+01
    endloop
  endfacet
  facet normal 6.419237e-15 6.098134e-01 7.925450e-01
    outer loop
      vertex   -2.080000e+01 1.288672e+02 6.386357e+01
      vertex   -2.350000e+01 1.288672e+02 6.386357e+01
      vertex   -2.350000e+01 1.280438e+02 6.449714e+01
    endloop
  endfacet
  facet normal 6.411543e-15 6.098134e-01 7.925450e-01
    outer loop
      vertex   -2.080000e+01 1.288672e+02 6.386357e+01
      vertex   -2.350000e+01 1.280438e+02 6.449714e+01
      vertex   -2.080000e+01 1.280438e+02 6.449714e+01
    endloop
  endfacet
  facet normal 6.140501e-15 5.833342e-01 8.122323e-01
    outer loop
      vertex   -2.080000e+01 1.280438e+02 6.449714e+01
      vertex   -2.350000e+01 1.280438e+02 6.449714e+01
      vertex   -2.350000e+01 1.271993e+02 6.510367e+01
    endloop
  endfacet
  facet normal 9.214380e-15 5.833342e-01 8.122323e-01
    outer loop
      vertex   -2.080000e+01 1.280438e+02 6.449714e+01
      vertex   -2.350000e+01 1.271993e+02 6.510367e+01
      vertex   -2.080000e+01 1.271993e+02 6.510367e+01
    endloop
  endfacet
  facet normal 8.782211e-15 5.561938e-01 8.310526e-01
    outer loop
      vertex   -2.080000e+01 1.271993e+02 6.510367e+01
      vertex   -2.350000e+01 1.271993e+02 6.510367e+01
      vertex   -2.350000e+01 1.263343e+02 6.568259e+01
    endloop
  endfacet
  facet normal 5.846758e-15 5.561938e-01 8.310526e-01
    outer loop
      vertex   -2.080000e+01 1.271993e+02 6.510367e+01
      vertex   -2.350000e+01 1.263343e+02 6.568259e+01
      vertex   -2.080000e+01 1.263343e+02 6.568259e+01
    endloop
  endfacet
  facet normal 5.562373e-15 5.284133e-01 8.489873e-01
    outer loop
      vertex   -2.080000e+01 1.263343e+02 6.568259e+01
      vertex   -2.350000e+01 1.263343e+02 6.568259e+01
      vertex   -2.350000e+01 1.254494e+02 6.623333e+01
    endloop
  endfacet
  facet normal 0.000000e+00 5.284133e-01 8.489873e-01
    outer loop
      vertex   -2.080000e+01 1.263343e+02 6.568259e+01
      vertex   -2.350000e+01 1.254494e+02 6.623333e+01
      vertex   -2.080000e+01 1.254494e+02 6.623333e+01
    endloop
  endfacet
  facet normal 1.000000e+00 -0.000000e+00 0.000000e+00
    outer loop
      vertex   -2.080000e+01 1.069017e+02 6.995398e+01
      vertex   -2.080000e+01 1.215014e+02 6.119879e+01
      vertex   -2.080000e+01 1.080818e+02 7.664838e+01
    endloop
  endfacet
  facet normal 1.000000e+00 0.000000e+00 0.000000e+00
    outer loop
      vertex   -2.080000e+01 1.080818e+02 7.664838e+01
      vertex   -2.080000e+01 1.215014e+02 6.119879e+01
      vertex   -2.080000e+01 1.254494e+02 6.623333e+01
    endloop
  endfacet
  facet normal 1.000000e+00 0.000000e+00 0.000000e+00
    outer loop
      vertex   -2.080000e+01 1.254494e+02 6.623333e+01
      vertex   -2.080000e+01 1.215014e+02 6.119879e+01
      vertex   -2.080000e+01 1.222889e+02 6.070647e+01
    endloop
  endfacet
  facet normal 1.000000e+00 0.000000e+00 0.000000e+00
    outer loop
      vertex   -2.080000e+01 1.254494e+02 6.623333e+01
      vertex   -2.080000e+01 1.222889e+02 6.070647e+01
      vertex   -2.080000e+01 1.230570e+02 6.018556e+01
    endloop
  endfacet
  facet normal 1.000000e+00 -0.000000e+00 0.000000e+00
    outer loop
      vertex   -2.080000e+01 1.230570e+02 6.018556e+01
      vertex   -2.080000e+01 1.238051e+02 5.963664e+01
      vertex   -2.080000e+01 1.254494e+02 6.623333e+01
    endloop
  endfacet
  facet normal 1.000000e+00 0.000000e+00 0.000000e+00
    outer loop
      vertex   -2.080000e+01 1.254494e+02 6.623333e+01
      vertex   -2.080000e+01 1.238051e+02 5.963664e+01
      vertex   -2.080000e+01 1.245324e+02 5.906029e+01
    endloop
  endfacet
  facet normal 1.000000e+00 0.000000e+00 0.000000e+00
    outer loop
      vertex   -2.080000e+01 1.254494e+02 6.623333e+01
      vertex   -2.080000e+01 1.245324e+02 5.906029e+01
      vertex   -2.080000e+01 1.263343e+02 6.568259e+01
    endloop
  endfacet
  facet normal 1.000000e+00 0.000000e+00 0.000000e+00
    outer loop
      vertex   -2.080000e+01 1.263343e+02 6.568259e+01
      vertex   -2.080000e+01 1.245324e+02 5.906029e+01
      vertex   -2.080000e+01 1.252381e+02 5.845707e+01
    endloop
  endfacet
  facet normal 1.000000e+00 0.000000e+00 0.000000e+00
    outer loop
      vertex   -2.080000e+01 1.263343e+02 6.568259e+01
      vertex   -2.080000e+01 1.252381e+02 5.845707e+01
      vertex   -2.080000e+01 1.271993e+02 6.510367e+01
    endloop
  endfacet
  facet normal 1.000000e+00 0.000000e+00 0.000000e+00
    outer loop
      vertex   -2.080000e+01 1.271993e+02 6.510367e+01
      vertex   -2.080000e+01 1.252381e+02 5.845707e+01
      vertex   -2.080000e+01 1.259213e+02 5.782774e+01
    endloop
  endfacet
  facet normal 1.000000e+00 0.000000e+00 0.000000e+00
    outer loop
      vertex   -2.080000e+01 1.271993e+02 6.510367e+01
      vertex   -2.080000e+01 1.259213e+02 5.782774e+01
      vertex   -2.080000e+01 1.265802e+02 5.717382e+01
    endloop
  endfacet
  facet normal 1.000000e+00 0.000000e+00 0.000000e+00
    outer loop
      vertex   -2.080000e+01 1.271993e+02 6.510367e+01
      vertex   -2.080000e+01 1.265802e+02 5.717382e+01
      vertex   -2.080000e+01 1.280438e+02 6.449714e+01
    endloop
  endfacet
  facet normal 1.000000e+00 0.000000e+00 0.000000e+00
    outer loop
      vertex   -2.080000e+01 1.280438e+02 6.449714e+01
      vertex   -2.080000e+01 1.265802e+02 5.717382e+01
      vertex   -2.080000e+01 1.272142e+02 5.649618e+01
    endloop
  endfacet
  facet normal 1.000000e+00 0.000000e+00 0.000000e+00
    outer loop
      vertex   -2.080000e+01 1.280438e+02 6.449714e+01
      vertex   -2.080000e+01 1.272142e+02 5.649618e+01
      vertex   -2.080000e+01 1.288672e+02 6.386357e+01
    endloop
  endfacet
  facet normal 1.000000e+00 0.000000e+00 0.000000e+00
    outer loop
      vertex   -2.080000e+01 1.288672e+02 6.386357e+01
      vertex   -2.080000e+01 1.272142e+02 5.649618e+01
      vertex   -2.080000e+01 1.278225e+02 5.579553e+01
    endloop
  endfacet
  facet normal 1.000000e+00 0.000000e+00 0.000000e+00
    outer loop
      vertex   -2.080000e+01 1.288672e+02 6.386357e+01
      vertex   -2.080000e+01 1.278225e+02 5.579553e+01
      vertex   -2.080000e+01 1.296689e+02 6.320353e+01
    endloop
  endfacet
  facet normal 1.000000e+00 0.000000e+00 0.000000e+00
    outer loop
      vertex   -2.080000e+01 1.296689e+02 6.320353e+01
      vertex   -2.080000e+01 1.278225e+02 5.579553e+01
      vertex   -2.080000e+01 1.284046e+02 5.507260e+01
    endloop
  endfacet
  facet normal 1.000000e+00 0.000000e+00 0.000000e+00
    outer loop
      vertex   -2.080000e+01 1.296689e+02 6.320353e+01
      vertex   -2.080000e+01 1.284046e+02 5.507260e+01
      vertex   -2.080000e+01 1.304482e+02 6.251759e+01
    endloop
  endfacet
  facet normal 1.000000e+00 0.000000e+00 0.000000e+00
    outer loop
      vertex   -2.080000e+01 1.304482e+02 6.251759e+01
      vertex   -2.080000e+01 1.284046e+02 5.507260e+01
      vertex   -2.080000e+01 1.289597e+02 5.432810e+01
    endloop
  endfacet
  facet normal 1.000000e+00 0.000000e+00 0.000000e+00
    outer loop
      vertex   -2.080000e+01 1.304482e+02 6.251759e+01
      vertex   -2.080000e+01 1.289597e+02 5.432810e+01
      vertex   -2.080000e+01 1.312045e+02 6.180633e+01
    endloop
  endfacet
  facet normal 1.000000e+00 0.000000e+00 0.000000e+00
    outer loop
      vertex   -2.080000e+01 1.312045e+02 6.180633e+01
      vertex   -2.080000e+01 1.289597e+02 5.432810e+01
      vertex   -2.080000e+01 1.294866e+02 5.356388e+01
    endloop
  endfacet
  facet normal 1.000000e+00 0.000000e+00 0.000000e+00
    outer loop
      vertex   -2.080000e+01 1.312045e+02 6.180633e+01
      vertex   -2.080000e+01 1.294866e+02 5.356388e+01
      vertex   -2.080000e+01 1.319372e+02 6.107031e+01
    endloop
  endfacet
  facet normal 1.000000e+00 0.000000e+00 0.000000e+00
    outer loop
      vertex   -2.080000e+01 1.319372e+02 6.107031e+01
      vertex   -2.080000e+01 1.294866e+02 5.356388e+01
      vertex   -2.080000e+01 1.299840e+02 5.278177e+01
    endloop
  endfacet
  facet normal 1.000000e+00 0.000000e+00 0.000000e+00
    outer loop
      vertex   -2.080000e+01 1.319372e+02 6.107031e+01
      vertex   -2.080000e+01 1.299840e+02 5.278177e+01
      vertex   -2.080000e+01 1.326456e+02 6.031010e+01
    endloop
  endfacet
  facet normal 1.000000e+00 0.000000e+00 0.000000e+00
    outer loop
      vertex   -2.080000e+01 1.326456e+02 6.031010e+01
      vertex   -2.080000e+01 1.299840e+02 5.278177e+01
      vertex   -2.080000e+01 1.304516e+02 5.198264e+01
    endloop
  endfacet
  facet normal 1.000000e+00 0.000000e+00 0.000000e+00
    outer loop
      vertex   -2.080000e+01 1.326456e+02 6.031010e+01
      vertex   -2.080000e+01 1.304516e+02 5.198264e+01
      vertex   -2.080000e+01 1.333291e+02 5.952628e+01
    endloop
  endfacet
  facet normal 1.000000e+00 0.000000e+00 0.000000e+00
    outer loop
      vertex   -2.080000e+01 1.333291e+02 5.952628e+01
      vertex   -2.080000e+01 1.304516e+02 5.198264e+01
      vertex   -2.080000e+01 1.308890e+02 5.116737e+01
    endloop
  endfacet
  facet normal 1.000000e+00 0.000000e+00 0.000000e+00
    outer loop
      vertex   -2.080000e+01 1.333291e+02 5.952628e+01
      vertex   -2.080000e+01 1.308890e+02 5.116737e+01
      vertex   -2.080000e+01 1.339870e+02 5.871942e+01
    endloop
  endfacet
  facet normal 1.000000e+00 0.000000e+00 0.000000e+00
    outer loop
      vertex   -2.080000e+01 1.339870e+02 5.871942e+01
      vertex   -2.080000e+01 1.308890e+02 5.116737e+01
      vertex   -2.080000e+01 1.312957e+02 5.033681e+01
    endloop
  endfacet
  facet normal 1.000000e+00 0.000000e+00 0.000000e+00
    outer loop
      vertex   -2.080000e+01 1.339870e+02 5.871942e+01
      vertex   -2.080000e+01 1.312957e+02 5.033681e+01
      vertex   -2.080000e+01 1.346188e+02 5.789015e+01
    endloop
  endfacet
  facet normal 1.000000e+00 0.000000e+00 0.000000e+00
    outer loop
      vertex   -2.080000e+01 1.346188e+02 5.789015e+01
      vertex   -2.080000e+01 1.312957e+02 5.033681e+01
      vertex   -2.080000e+01 1.316715e+02 4.949186e+01
    endloop
  endfacet
  facet normal 1.000000e+00 0.000000e+00 0.000000e+00
    outer loop
      vertex   -2.080000e+01 1.346188e+02 5.789015e+01
      vertex   -2.080000e+01 1.316715e+02 4.949186e+01
      vertex   -2.080000e+01 1.352225e+02 5.704074e+01
    endloop
  endfacet
  facet normal 1.000000e+00 0.000000e+00 0.000000e+00
    outer loop
      vertex   -2.080000e+01 1.352225e+02 5.704074e+01
      vertex   -2.080000e+01 1.316715e+02 4.949186e+01
      vertex   -2.080000e+01 1.320158e+02 4.863336e+01
    endloop
  endfacet
  facet normal 1.000000e+00 0.000000e+00 0.000000e+00
    outer loop
      vertex   -2.080000e+01 1.352225e+02 5.704074e+01
      vertex   -2.080000e+01 1.320158e+02 4.863336e+01
      vertex   -2.080000e+01 1.357973e+02 5.617274e+01
    endloop
  endfacet
  facet normal 1.000000e+00 0.000000e+00 0.000000e+00
    outer loop
      vertex   -2.080000e+01 1.357973e+02 5.617274e+01
      vertex   -2.080000e+01 1.320158e+02 4.863336e+01
      vertex   -2.080000e+01 1.323282e+02 4.776219e+01
    endloop
  endfacet
  facet normal 1.000000e+00 0.000000e+00 0.000000e+00
    outer loop
      vertex   -2.080000e+01 1.357973e+02 5.617274e+01
      vertex   -2.080000e+01 1.323282e+02 4.776219e+01
      vertex   -2.080000e+01 1.363426e+02 5.528692e+01
    endloop
  endfacet
  facet normal 1.000000e+00 0.000000e+00 0.000000e+00
    outer loop
      vertex   -2.080000e+01 1.363426e+02 5.528692e+01
      vertex   -2.080000e+01 1.323282e+02 4.776219e+01
      vertex   -2.080000e+01 1.326085e+02 4.687922e+01
    endloop
  endfacet
  facet normal 1.000000e+00 0.000000e+00 0.000000e+00
    outer loop
      vertex   -2.080000e+01 1.363426e+02 5.528692e+01
      vertex   -2.080000e+01 1.326085e+02 4.687922e+01
      vertex   -2.080000e+01 1.368581e+02 5.438403e+01
    endloop
  endfacet
  facet normal 1.000000e+00 0.000000e+00 0.000000e+00
    outer loop
      vertex   -2.080000e+01 1.368581e+02 5.438403e+01
      vertex   -2.080000e+01 1.326085e+02 4.687922e+01
      vertex   -2.080000e+01 1.328562e+02 4.598533e+01
    endloop
  endfacet
  facet normal 1.000000e+00 0.000000e+00 0.000000e+00
    outer loop
      vertex   -2.080000e+01 1.368581e+02 5.438403e+01
      vertex   -2.080000e+01 1.328562e+02 4.598533e+01
      vertex   -2.080000e+01 1.373435e+02 5.346482e+01
    endloop
  endfacet
  facet normal 1.000000e+00 0.000000e+00 0.000000e+00
    outer loop
      vertex   -2.080000e+01 1.373435e+02 5.346482e+01
      vertex   -2.080000e+01 1.328562e+02 4.598533e+01
      vertex   -2.080000e+01 1.330707e+02 4.508180e+01
    endloop
  endfacet
  facet normal 1.000000e+00 0.000000e+00 0.000000e+00
    outer loop
      vertex   -2.080000e+01 1.373435e+02 5.346482e+01
      vertex   -2.080000e+01 1.330707e+02 4.508180e+01
      vertex   -2.080000e+01 1.377982e+02 5.253006e+01
    endloop
  endfacet
  facet normal 1.000000e+00 0.000000e+00 0.000000e+00
    outer loop
      vertex   -2.080000e+01 1.377982e+02 5.253006e+01
      vertex   -2.080000e+01 1.330707e+02 4.508180e+01
      vertex   -2.080000e+01 1.382220e+02 5.158052e+01
    endloop
  endfacet
  facet normal 1.000000e+00 0.000000e+00 0.000000e+00
    outer loop
      vertex   -2.080000e+01 1.382220e+02 5.158052e+01
      vertex   -2.080000e+01 1.330707e+02 4.508180e+01
      vertex   -2.080000e+01 1.332514e+02 4.417202e+01
    endloop
  endfacet
  facet normal 1.000000e+00 0.000000e+00 0.000000e+00
    outer loop
      vertex   -2.080000e+01 1.382220e+02 5.158052e+01
      vertex   -2.080000e+01 1.332514e+02 4.417202e+01
      vertex   -2.080000e+01 1.386145e+02 5.061694e+01
    endloop
  endfacet
  facet normal 1.000000e+00 0.000000e+00 0.000000e+00
    outer loop
      vertex   -2.080000e+01 1.386145e+02 5.061694e+01
      vertex   -2.080000e+01 1.332514e+02 4.417202e+01
      vertex   -2.080000e+01 1.333980e+02 4.325734e+01
    endloop
  endfacet
  facet normal 1.000000e+00 0.000000e+00 0.000000e+00
    outer loop
      vertex   -2.080000e+01 1.386145e+02 5.061694e+01
      vertex   -2.080000e+01 1.333980e+02 4.325734e+01
      vertex   -2.080000e+01 1.389752e+02 4.964008e+01
    endloop
  endfacet
  facet normal 1.000000e+00 0.000000e+00 0.000000e+00
    outer loop
      vertex   -2.080000e+01 1.389752e+02 4.964008e+01
      vertex   -2.080000e+01 1.333980e+02 4.325734e+01
      vertex   -2.080000e+01 1.393038e+02 4.865073e+01
    endloop
  endfacet
  facet normal 1.000000e+00 0.000000e+00 0.000000e+00
    outer loop
      vertex   -2.080000e+01 1.393038e+02 4.865073e+01
      vertex   -2.080000e+01 1.333980e+02 4.325734e+01
      vertex   -2.080000e+01 1.335105e+02 4.233871e+01
    endloop
  endfacet
  facet normal 1.000000e+00 0.000000e+00 0.000000e+00
    outer loop
      vertex   -2.080000e+01 1.393038e+02 4.865073e+01
      vertex   -2.080000e+01 1.335105e+02 4.233871e+01
      vertex   -2.080000e+01 1.395994e+02 4.765128e+01
    endloop
  endfacet
  facet normal 1.000000e+00 0.000000e+00 0.000000e+00
    outer loop
      vertex   -2.080000e+01 1.395994e+02 4.765128e+01
      vertex   -2.080000e+01 1.335105e+02 4.233871e+01
      vertex   -2.080000e+01 1.398615e+02 4.664369e+01
    endloop
  endfacet
  facet normal 1.000000e+00 0.000000e+00 0.000000e+00
    outer loop
      vertex   -2.080000e+01 1.398615e+02 4.664369e+01
      vertex   -2.080000e+01 1.335105e+02 4.233871e+01
      vertex   -2.080000e+01 1.335890e+02 4.141708e+01
    endloop
  endfacet
  facet normal 1.000000e+00 0.000000e+00 0.000000e+00
    outer loop
      vertex   -2.080000e+01 1.398615e+02 4.664369e+01
      vertex   -2.080000e+01 1.335890e+02 4.141708e+01
      vertex   -2.080000e+01 1.400900e+02 4.562880e+01
    endloop
  endfacet
  facet normal 1.000000e+00 0.000000e+00 0.000000e+00
    outer loop
      vertex   -2.080000e+01 1.400900e+02 4.562880e+01
      vertex   -2.080000e+01 1.335890e+02 4.141708e+01
      vertex   -2.080000e+01 1.402847e+02 4.460746e+01
    endloop
  endfacet
  facet normal 1.000000e+00 0.000000e+00 0.000000e+00
    outer loop
      vertex   -2.080000e+01 1.402847e+02 4.460746e+01
      vertex   -2.080000e+01 1.335890e+02 4.141708e+01
      vertex   -2.080000e+01 1.336333e+02 4.049341e+01
    endloop
  endfacet
  facet normal 1.000000e+00 0.000000e+00 0.000000e+00
    outer loop
      vertex   -2.080000e+01 1.402847e+02 4.460746e+01
      vertex   -2.080000e+01 1.336333e+02 4.049341e+01
      vertex   -2.080000e+01 1.404456e+02 4.358051e+01
    endloop
  endfacet
  facet normal 1.000000e+00 0.000000e+00 0.000000e+00
    outer loop
      vertex   -2.080000e+01 1.404456e+02 4.358051e+01
      vertex   -2.080000e+01 1.336333e+02 4.049341e+01
      vertex   -2.080000e+01 1.405726e+02 4.254879e+01
    endloop
  endfacet
  facet normal 1.000000e+00 0.000000e+00 0.000000e+00
    outer loop
      vertex   -2.080000e+01 1.405726e+02 4.254879e+01
      vertex   -2.080000e+01 1.336333e+02 4.049341e+01
      vertex   -2.080000e+01 1.406654e+02 4.151316e+01
    endloop
  endfacet
  facet normal 1.000000e+00 0.000000e+00 0.000000e+00
    outer loop
      vertex   -2.080000e+01 1.406654e+02 4.151316e+01
      vertex   -2.080000e+01 1.336333e+02 4.049341e+01
      vertex   -2.080000e+01 1.336433e+02 3.956866e+01
    endloop
  endfacet
  facet normal 1.000000e+00 0.000000e+00 0.000000e+00
    outer loop
      vertex   -2.080000e+01 1.406654e+02 4.151316e+01
      vertex   -2.080000e+01 1.336433e+02 3.956866e+01
      vertex   -2.080000e+01 1.407241e+02 4.047445e+01
    endloop
  endfacet
  facet normal 1.000000e+00 0.000000e+00 0.000000e+00
    outer loop
      vertex   -2.080000e+01 1.407241e+02 4.047445e+01
      vertex   -2.080000e+01 1.336433e+02 3.956866e+01
      vertex   -2.080000e+01 1.407484e+02 3.943351e+01
    endloop
  endfacet
  facet normal 1.000000e+00 0.000000e+00 0.000000e+00
    outer loop
      vertex   -2.080000e+01 1.407484e+02 3.943351e+01
      vertex   -2.080000e+01 1.336433e+02 3.956866e+01
      vertex   -2.080000e+01 1.407382e+02 3.839119e+01
    endloop
  endfacet
  facet normal 1.000000e+00 0.000000e+00 0.000000e+00
    outer loop
      vertex   -2.080000e+01 1.407382e+02 3.839119e+01
      vertex   -2.080000e+01 1.336433e+02 3.956866e+01
      vertex   -2.080000e+01 1.336192e+02 3.864378e+01
    endloop
  endfacet
  facet normal 1.000000e+00 0.000000e+00 0.000000e+00
    outer loop
      vertex   -2.080000e+01 1.407382e+02 3.839119e+01
      vertex   -2.080000e+01 1.336192e+02 3.864378e+01
      vertex   -2.080000e+01 1.406820e+02 3.696353e+01
    endloop
  endfacet
  facet normal 1.000000e+00 0.000000e+00 0.000000e+00
    outer loop
      vertex   -2.080000e+01 1.406820e+02 3.696353e+01
      vertex   -2.080000e+01 1.336192e+02 3.864378e+01
      vertex   -2.080000e+01 1.405872e+02 3.554439e+01
    endloop
  endfacet
  facet normal 1.000000e+00 0.000000e+00 0.000000e+00
    outer loop
      vertex   -2.080000e+01 1.405872e+02 3.554439e+01
      vertex   -2.080000e+01 1.336192e+02 3.864378e+01
      vertex   -2.080000e+01 1.335608e+02 3.771972e+01
    endloop
  endfacet
  facet normal 1.000000e+00 0.000000e+00 0.000000e+00
    outer loop
      vertex   -2.080000e+01 1.405872e+02 3.554439e+01
      vertex   -2.080000e+01 1.335608e+02 3.771972e+01
      vertex   -2.080000e+01 1.404515e+02 3.413546e+01
    endloop
  endfacet
  facet normal 1.000000e+00 0.000000e+00 0.000000e+00
    outer loop
      vertex   -2.080000e+01 1.404515e+02 3.413546e+01
      vertex   -2.080000e+01 1.335608e+02 3.771972e+01
      vertex   -2.080000e+01 1.334681e+02 3.679745e+01
    endloop
  endfacet
  facet normal 1.000000e+00 0.000000e+00 0.000000e+00
    outer loop
      vertex   -2.080000e+01 1.404515e+02 3.413546e+01
      vertex   -2.080000e+01 1.334681e+02 3.679745e+01
      vertex   -2.080000e+01 1.402723e+02 3.273521e+01
    endloop
  endfacet
  facet normal 1.000000e+00 0.000000e+00 0.000000e+00
    outer loop
      vertex   -2.080000e+01 1.402723e+02 3.273521e+01
      vertex   -2.080000e+01 1.334681e+02 3.679745e+01
      vertex   -2.080000e+01 1.400470e+02 3.134454e+01
    endloop
  endfacet
  facet normal 1.000000e+00 0.000000e+00 0.000000e+00
    outer loop
      vertex   -2.080000e+01 1.400470e+02 3.134454e+01
      vertex   -2.080000e+01 1.334681e+02 3.679745e+01
      vertex   -2.080000e+01 1.333411e+02 3.587791e+01
    endloop
  endfacet
  facet normal 1.000000e+00 0.000000e+00 0.000000e+00
    outer loop
      vertex   -2.080000e+01 1.400470e+02 3.134454e+01
      vertex   -2.080000e+01 1.333411e+02 3.587791e+01
      vertex   -2.080000e+01 1.397729e+02 2.996469e+01
    endloop
  endfacet
  facet normal 1.000000e+00 0.000000e+00 0.000000e+00
    outer loop
      vertex   -2.080000e+01 1.397729e+02 2.996469e+01
      vertex   -2.080000e+01 1.333411e+02 3.587791e+01
      vertex   -2.080000e+01 1.394475e+02 2.859687e+01
    endloop
  endfacet
  facet normal 1.000000e+00 4.780142e-15 4.009020e-15
    outer loop
      vertex   -2.080000e+01 1.394475e+02 2.859687e+01
      vertex   -2.080000e+01 1.333411e+02 3.587791e+01
      vertex   -2.080000e+01 1.329453e+02 3.369121e+01
    endloop
  endfacet
  facet normal 1.000000e+00 1.344256e-15 -3.763997e-16
    outer loop
      vertex   -2.080000e+01 1.394475e+02 2.859687e+01
      vertex   -2.080000e+01 1.329453e+02 3.369121e+01
      vertex   -2.080000e+01 1.390683e+02 2.724232e+01
    endloop
  endfacet
  facet normal 1.000000e+00 1.296595e-15 -4.216516e-16
    outer loop
      vertex   -2.080000e+01 1.390683e+02 2.724232e+01
      vertex   -2.080000e+01 1.329453e+02 3.369121e+01
      vertex   -2.080000e+01 1.386325e+02 2.590227e+01
    endloop
  endfacet
  facet normal 1.000000e+00 1.239644e-15 -4.632349e-16
    outer loop
      vertex   -2.080000e+01 1.386325e+02 2.590227e+01
      vertex   -2.080000e+01 1.329453e+02 3.369121e+01
      vertex   -2.080000e+01 1.381376e+02 2.457796e+01
    endloop
  endfacet
  facet normal 1.000000e+00 -4.899003e-15 -3.960722e-15
    outer loop
      vertex   -2.080000e+01 1.381376e+02 2.457796e+01
      vertex   -2.080000e+01 1.329453e+02 3.369121e+01
      vertex   -2.080000e+01 1.324596e+02 3.160099e+01
    endloop
  endfacet
  facet normal 1.000000e+00 0.000000e+00 0.000000e+00
    outer loop
      vertex   -2.080000e+01 1.381376e+02 2.457796e+01
      vertex   -2.080000e+01 1.324596e+02 3.160099e+01
      vertex   -2.080000e+01 1.375827e+02 2.327420e+01
    endloop
  endfacet
  facet normal 1.000000e+00 0.000000e+00 0.000000e+00
    outer loop
      vertex   -2.080000e+01 1.375827e+02 2.327420e+01
      vertex   -2.080000e+01 1.324596e+02 3.160099e+01
      vertex   -2.080000e+01 1.369741e+02 2.200796e+01
    endloop
  endfacet
  facet normal 1.000000e+00 0.000000e+00 0.000000e+00
    outer loop
      vertex   -2.080000e+01 1.369741e+02 2.200796e+01
      vertex   -2.080000e+01 1.324596e+02 3.160099e+01
      vertex   -2.080000e+01 1.318794e+02 2.959559e+01
    endloop
  endfacet
  facet normal 1.000000e+00 0.000000e+00 0.000000e+00
    outer loop
      vertex   -2.080000e+01 1.369741e+02 2.200796e+01
      vertex   -2.080000e+01 1.318794e+02 2.959559e+01
      vertex   -2.080000e+01 1.363134e+02 2.078010e+01
    endloop
  endfacet
  facet normal 1.000000e+00 0.000000e+00 0.000000e+00
    outer loop
      vertex   -2.080000e+01 1.363134e+02 2.078010e+01
      vertex   -2.080000e+01 1.318794e+02 2.959559e+01
      vertex   -2.080000e+01 1.356013e+02 1.958931e+01
    endloop
  endfacet
  facet normal 1.000000e+00 0.000000e+00 0.000000e+00
    outer loop
      vertex   -2.080000e+01 1.356013e+02 1.958931e+01
      vertex   -2.080000e+01 1.318794e+02 2.959559e+01
      vertex   -2.080000e+01 1.311918e+02 2.764862e+01
    endloop
  endfacet
  facet normal 1.000000e+00 0.000000e+00 0.000000e+00
    outer loop
      vertex   -2.080000e+01 1.356013e+02 1.958931e+01
      vertex   -2.080000e+01 1.311918e+02 2.764862e+01
      vertex   -2.080000e+01 1.348383e+02 1.843427e+01
    endloop
  endfacet
  facet normal 1.000000e+00 0.000000e+00 0.000000e+00
    outer loop
      vertex   -2.080000e+01 1.348383e+02 1.843427e+01
      vertex   -2.080000e+01 1.311918e+02 2.764862e+01
      vertex   -2.080000e+01 1.308053e+02 2.669714e+01
    endloop
  endfacet
  facet normal 1.000000e+00 0.000000e+00 0.000000e+00
    outer loop
      vertex   -2.080000e+01 1.348383e+02 1.843427e+01
      vertex   -2.080000e+01 1.308053e+02 2.669714e+01
      vertex   -2.080000e+01 1.340251e+02 1.731366e+01
    endloop
  endfacet
  facet normal 1.000000e+00 0.000000e+00 0.000000e+00
    outer loop
      vertex   -2.080000e+01 1.340251e+02 1.731366e+01
      vertex   -2.080000e+01 1.308053e+02 2.669714e+01
      vertex   -2.080000e+01 1.303891e+02 2.576069e+01
    endloop
  endfacet
  facet normal 1.000000e+00 0.000000e+00 0.000000e+00
    outer loop
      vertex   -2.080000e+01 1.340251e+02 1.731366e+01
      vertex   -2.080000e+01 1.303891e+02 2.576069e+01
      vertex   -2.080000e+01 1.331625e+02 1.622616e+01
    endloop
  endfacet
  facet normal 1.000000e+00 0.000000e+00 0.000000e+00
    outer loop
      vertex   -2.080000e+01 1.331625e+02 1.622616e+01
      vertex   -2.080000e+01 1.303891e+02 2.576069e+01
      vertex   -2.080000e+01 1.299424e+02 2.483955e+01
    endloop
  endfacet
  facet normal 1.000000e+00 0.000000e+00 0.000000e+00
    outer loop
      vertex   -2.080000e+01 1.331625e+02 1.622616e+01
      vertex   -2.080000e+01 1.299424e+02 2.483955e+01
      vertex   -2.080000e+01 1.322510e+02 1.517045e+01
    endloop
  endfacet
  facet normal 1.000000e+00 0.000000e+00 0.000000e+00
    outer loop
      vertex   -2.080000e+01 1.322510e+02 1.517045e+01
      vertex   -2.080000e+01 1.299424e+02 2.483955e+01
      vertex   -2.080000e+01 1.294642e+02 2.393401e+01
    endloop
  endfacet
  facet normal 1.000000e+00 0.000000e+00 0.000000e+00
    outer loop
      vertex   -2.080000e+01 1.322510e+02 1.517045e+01
      vertex   -2.080000e+01 1.294642e+02 2.393401e+01
      vertex   -2.080000e+01 1.312914e+02 1.414521e+01
    endloop
  endfacet
  facet normal 1.000000e+00 0.000000e+00 0.000000e+00
    outer loop
      vertex   -2.080000e+01 1.312914e+02 1.414521e+01
      vertex   -2.080000e+01 1.294642e+02 2.393401e+01
      vertex   -2.080000e+01 1.289536e+02 2.304433e+01
    endloop
  endfacet
  facet normal 1.000000e+00 0.000000e+00 0.000000e+00
    outer loop
      vertex   -2.080000e+01 1.312914e+02 1.414521e+01
      vertex   -2.080000e+01 1.289536e+02 2.304433e+01
      vertex   -2.080000e+01 1.284097e+02 2.217080e+01
    endloop
  endfacet
  facet normal 1.000000e+00 0.000000e+00 0.000000e+00
    outer loop
      vertex   -2.080000e+01 1.312914e+02 1.414521e+01
      vertex   -2.080000e+01 1.284097e+02 2.217080e+01
      vertex   -2.080000e+01 1.302860e+02 1.315082e+01
    endloop
  endfacet
  facet normal 1.000000e+00 0.000000e+00 0.000000e+00
    outer loop
      vertex   -2.080000e+01 1.302860e+02 1.315082e+01
      vertex   -2.080000e+01 1.284097e+02 2.217080e+01
      vertex   -2.080000e+01 1.278316e+02 2.131369e+01
    endloop
  endfacet
  facet normal 1.000000e+00 0.000000e+00 0.000000e+00
    outer loop
      vertex   -2.080000e+01 1.302860e+02 1.315082e+01
      vertex   -2.080000e+01 1.278316e+02 2.131369e+01
      vertex   -2.080000e+01 1.292442e+02 1.219334e+01
    endloop
  endfacet
  facet normal 1.000000e+00 0.000000e+00 0.000000e+00
    outer loop
      vertex   -2.080000e+01 1.292442e+02 1.219334e+01
      vertex   -2.080000e+01 1.278316e+02 2.131369e+01
      vertex   -2.080000e+01 1.272184e+02 2.047329e+01
    endloop
  endfacet
  facet normal 1.000000e+00 0.000000e+00 0.000000e+00
    outer loop
      vertex   -2.080000e+01 1.292442e+02 1.219334e+01
      vertex   -2.080000e+01 1.272184e+02 2.047329e+01
      vertex   -2.080000e+01 1.265705e+02 1.965139e+01
    endloop
  endfacet
  facet normal 1.000000e+00 0.000000e+00 0.000000e+00
    outer loop
      vertex   -2.080000e+01 1.292442e+02 1.219334e+01
      vertex   -2.080000e+01 1.265705e+02 1.965139e+01
      vertex   -2.080000e+01 1.281707e+02 1.127326e+01
    endloop
  endfacet
  facet normal 1.000000e+00 0.000000e+00 0.000000e+00
    outer loop
      vertex   -2.080000e+01 1.281707e+02 1.127326e+01
      vertex   -2.080000e+01 1.265705e+02 1.965139e+01
      vertex   -2.080000e+01 1.258942e+02 1.885613e+01
    endloop
  endfacet
  facet normal 1.000000e+00 0.000000e+00 0.000000e+00
    outer loop
      vertex   -2.080000e+01 1.281707e+02 1.127326e+01
      vertex   -2.080000e+01 1.258942e+02 1.885613e+01
      vertex   -2.080000e+01 1.270692e+02 1.039035e+01
    endloop
  endfacet
  facet normal 1.000000e+00 0.000000e+00 0.000000e+00
    outer loop
      vertex   -2.080000e+01 1.270692e+02 1.039035e+01
      vertex   -2.080000e+01 1.258942e+02 1.885613e+01
      vertex   -2.080000e+01 1.251914e+02 1.808823e+01
    endloop
  endfacet
  facet normal 1.000000e+00 0.000000e+00 0.000000e+00
    outer loop
      vertex   -2.080000e+01 1.270692e+02 1.039035e+01
      vertex   -2.080000e+01 1.251914e+02 1.808823e+01
      vertex   -2.080000e+01 1.259438e+02 9.544409e+00
    endloop
  endfacet
  facet normal 1.000000e+00 0.000000e+00 0.000000e+00
    outer loop
      vertex   -2.080000e+01 1.259438e+02 9.544409e+00
      vertex   -2.080000e+01 1.251914e+02 1.808823e+01
      vertex   -2.080000e+01 1.244628e+02 1.734713e+01
    endloop
  endfacet
  facet normal 1.000000e+00 0.000000e+00 0.000000e+00
    outer loop
      vertex   -2.080000e+01 1.259438e+02 9.544409e+00
      vertex   -2.080000e+01 1.244628e+02 1.734713e+01
      vertex   -2.080000e+01 1.237092e+02 1.663232e+01
    endloop
  endfacet
  facet normal 1.000000e+00 0.000000e+00 0.000000e+00
    outer loop
      vertex   -2.080000e+01 1.259438e+02 9.544409e+00
      vertex   -2.080000e+01 1.237092e+02 1.663232e+01
      vertex   -2.080000e+01 1.247983e+02 8.735212e+00
    endloop
  endfacet
  facet normal 1.000000e+00 0.000000e+00 0.000000e+00
    outer loop
      vertex   -2.080000e+01 1.247983e+02 8.735212e+00
      vertex   -2.080000e+01 1.237092e+02 1.663232e+01
      vertex   -2.080000e+01 1.229313e+02 1.594324e+01
    endloop
  endfacet
  facet normal 1.000000e+00 0.000000e+00 0.000000e+00
    outer loop
      vertex   -2.080000e+01 1.247983e+02 8.735212e+00
      vertex   -2.080000e+01 1.229313e+02 1.594324e+01
      vertex   -2.080000e+01 1.236366e+02 7.962544e+00
    endloop
  endfacet
  facet normal 1.000000e+00 0.000000e+00 0.000000e+00
    outer loop
      vertex   -2.080000e+01 1.236366e+02 7.962544e+00
      vertex   -2.080000e+01 1.229313e+02 1.594324e+01
      vertex   -2.080000e+01 1.221300e+02 1.527936e+01
    endloop
  endfacet
  facet normal 1.000000e+00 0.000000e+00 0.000000e+00
    outer loop
      vertex   -2.080000e+01 1.236366e+02 7.962544e+00
      vertex   -2.080000e+01 1.221300e+02 1.527936e+01
      vertex   -2.080000e+01 1.224626e+02 7.226189e+00
    endloop
  endfacet
  facet normal 1.000000e+00 0.000000e+00 0.000000e+00
    outer loop
      vertex   -2.080000e+01 1.224626e+02 7.226189e+00
      vertex   -2.080000e+01 1.221300e+02 1.527936e+01
      vertex   -2.080000e+01 1.213060e+02 1.464014e+01
    endloop
  endfacet
  facet normal 1.000000e+00 0.000000e+00 0.000000e+00
    outer loop
      vertex   -2.080000e+01 1.224626e+02 7.226189e+00
      vertex   -2.080000e+01 1.213060e+02 1.464014e+01
      vertex   -2.080000e+01 1.212802e+02 6.525930e+00
    endloop
  endfacet
  facet normal 1.000000e+00 0.000000e+00 -0.000000e+00
    outer loop
      vertex   -2.080000e+01 1.212802e+02 6.525930e+00
      vertex   -2.080000e+01 1.213060e+02 1.464014e+01
      vertex   -2.080000e+01 1.195953e+02 1.343517e+01
    endloop
  endfacet
  facet normal 1.000000e+00 0.000000e+00 0.000000e+00
    outer loop
      vertex   -2.080000e+01 1.212802e+02 6.525930e+00
      vertex   -2.080000e+01 1.195953e+02 1.343517e+01
      vertex   -2.080000e+01 1.200932e+02 5.861550e+00
    endloop
  endfacet
  facet normal 1.000000e+00 0.000000e+00 0.000000e+00
    outer loop
      vertex   -2.080000e+01 1.200932e+02 5.861550e+00
      vertex   -2.080000e+01 1.195953e+02 1.343517e+01
      vertex   -2.080000e+01 1.178139e+02 1.232902e+01
    endloop
  endfacet
  facet normal 1.000000e+00 0.000000e+00 0.000000e+00
    outer loop
      vertex   -2.080000e+01 1.200932e+02 5.861550e+00
      vertex   -2.080000e+01 1.178139e+02 1.232902e+01
      vertex   -2.080000e+01 1.189057e+02 5.232833e+00
    endloop
  endfacet
  facet normal 1.000000e+00 0.000000e+00 0.000000e+00
    outer loop
      vertex   -2.080000e+01 1.189057e+02 5.232833e+00
      vertex   -2.080000e+01 1.178139e+02 1.232902e+01
      vertex   -2.080000e+01 1.177214e+02 4.639562e+00
    endloop
  endfacet
  facet normal 1.000000e+00 0.000000e+00 -0.000000e+00
    outer loop
      vertex   -2.080000e+01 1.177214e+02 4.639562e+00
      vertex   -2.080000e+01 1.178139e+02 1.232902e+01
      vertex   -2.080000e+01 1.159750e+02 1.132063e+01
    endloop
  endfacet
  facet normal 1.000000e+00 0.000000e+00 0.000000e+00
    outer loop
      vertex   -2.080000e+01 1.177214e+02 4.639562e+00
      vertex   -2.080000e+01 1.159750e+02 1.132063e+01
      vertex   -2.080000e+01 1.165442e+02 4.081520e+00
    endloop
  endfacet
  facet normal 1.000000e+00 0.000000e+00 0.000000e+00
    outer loop
      vertex   -2.080000e+01 1.165442e+02 4.081520e+00
      vertex   -2.080000e+01 1.159750e+02 1.132063e+01
      vertex   -2.080000e+01 1.143323e+02 6.695517e+00
    endloop
  endfacet
  facet normal 1.000000e+00 0.000000e+00 0.000000e+00
    outer loop
      vertex   -2.080000e+01 1.165442e+02 4.081520e+00
      vertex   -2.080000e+01 1.143323e+02 6.695517e+00
      vertex   -2.080000e+01 1.143817e+02 6.320230e+00
    endloop
  endfacet
  facet normal 1.000000e+00 0.000000e+00 -0.000000e+00
    outer loop
      vertex   -2.080000e+01 1.143323e+02 6.695517e+00
      vertex   -2.080000e+01 1.159750e+02 1.132063e+01
      vertex   -2.080000e+01 1.141874e+02 7.045230e+00
    endloop
  endfacet
  facet normal 1.000000e+00 0.000000e+00 -0.000000e+00
    outer loop
      vertex   -2.080000e+01 1.141874e+02 7.045230e+00
      vertex   -2.080000e+01 1.159750e+02 1.132063e+01
      vertex   -2.080000e+01 1.140916e+02 1.040887e+01
    endloop
  endfacet
  facet normal 1.000000e+00 0.000000e+00 0.000000e+00
    outer loop
      vertex   -2.080000e+01 1.141874e+02 7.045230e+00
      vertex   -2.080000e+01 1.140916e+02 1.040887e+01
      vertex   -2.080000e+01 1.139570e+02 7.345534e+00
    endloop
  endfacet
  facet normal 1.000000e+00 0.000000e+00 -0.000000e+00
    outer loop
      vertex   -2.080000e+01 1.139570e+02 7.345534e+00
      vertex   -2.080000e+01 1.140916e+02 1.040887e+01
      vertex   -2.080000e+01 1.136567e+02 7.575966e+00
    endloop
  endfacet
  facet normal 1.000000e+00 0.000000e+00 -0.000000e+00
    outer loop
      vertex   -2.080000e+01 1.136567e+02 7.575966e+00
      vertex   -2.080000e+01 1.140916e+02 1.040887e+01
      vertex   -2.080000e+01 1.133809e+02 1.054642e+01
    endloop
  endfacet
  facet normal 1.000000e+00 0.000000e+00 0.000000e+00
    outer loop
      vertex   -2.080000e+01 1.136567e+02 7.575966e+00
      vertex   -2.080000e+01 1.133809e+02 1.054642e+01
      vertex   -2.080000e+01 1.133069e+02 7.720822e+00
    endloop
  endfacet
  facet normal 1.000000e+00 0.000000e+00 -0.000000e+00
    outer loop
      vertex   -2.080000e+01 1.133069e+02 7.720822e+00
      vertex   -2.080000e+01 1.133809e+02 1.054642e+01
      vertex   -2.080000e+01 1.129317e+02 7.770230e+00
    endloop
  endfacet
  facet normal 1.000000e+00 0.000000e+00 -0.000000e+00
    outer loop
      vertex   -2.080000e+01 1.129317e+02 7.770230e+00
      vertex   -2.080000e+01 1.133809e+02 1.054642e+01
      vertex   -2.080000e+01 1.126571e+02 1.056135e+01
    endloop
  endfacet
  facet normal 1.000000e+00 0.000000e+00 0.000000e+00
    outer loop
      vertex   -2.080000e+01 1.129317e+02 7.770230e+00
      vertex   -2.080000e+01 1.126571e+02 1.056135e+01
      vertex   -2.080000e+01 1.125564e+02 7.720822e+00
    endloop
  endfacet
  facet normal 1.000000e+00 0.000000e+00 -0.000000e+00
    outer loop
      vertex   -2.080000e+01 1.125564e+02 7.720822e+00
      vertex   -2.080000e+01 1.126571e+02 1.056135e+01
      vertex   -2.080000e+01 1.119413e+02 1.045324e+01
    endloop
  endfacet
  facet normal 1.000000e+00 0.000000e+00 0.000000e+00
    outer loop
      vertex   -2.080000e+01 1.125564e+02 7.720822e+00
      vertex   -2.080000e+01 1.119413e+02 1.045324e+01
      vertex   -2.080000e+01 1.122067e+02 7.575966e+00
    endloop
  endfacet
  facet normal 1.000000e+00 0.000000e+00 0.000000e+00
    outer loop
      vertex   -2.080000e+01 1.122067e+02 7.575966e+00
      vertex   -2.080000e+01 1.119413e+02 1.045324e+01
      vertex   -2.080000e+01 1.119064e+02 7.345534e+00
    endloop
  endfacet
  facet normal 1.000000e+00 0.000000e+00 -0.000000e+00
    outer loop
      vertex   -2.080000e+01 1.119064e+02 7.345534e+00
      vertex   -2.080000e+01 1.119413e+02 1.045324e+01
      vertex   -2.080000e+01 1.112543e+02 1.022521e+01
    endloop
  endfacet
  facet normal 1.000000e+00 0.000000e+00 0.000000e+00
    outer loop
      vertex   -2.080000e+01 1.119064e+02 7.345534e+00
      vertex   -2.080000e+01 1.112543e+02 1.022521e+01
      vertex   -2.080000e+01 1.116759e+02 7.045230e+00
    endloop
  endfacet
  facet normal 1.000000e+00 0.000000e+00 0.000000e+00
    outer loop
      vertex   -2.080000e+01 1.116759e+02 7.045230e+00
      vertex   -2.080000e+01 1.112543e+02 1.022521e+01
      vertex   -2.080000e+01 1.106159e+02 9.883877e+00
    endloop
  endfacet
  facet normal 1.000000e+00 0.000000e+00 0.000000e+00
    outer loop
      vertex   -2.080000e+01 1.116759e+02 7.045230e+00
      vertex   -2.080000e+01 1.106159e+02 9.883877e+00
      vertex   -2.080000e+01 1.115311e+02 6.695517e+00
    endloop
  endfacet
  facet normal 1.000000e+00 0.000000e+00 0.000000e+00
    outer loop
      vertex   -2.080000e+01 1.115311e+02 6.695517e+00
      vertex   -2.080000e+01 1.106159e+02 9.883877e+00
      vertex   -2.080000e+01 1.100447e+02 9.439154e+00
    endloop
  endfacet
  facet normal 1.000000e+00 0.000000e+00 0.000000e+00
    outer loop
      vertex   -2.080000e+01 1.115311e+02 6.695517e+00
      vertex   -2.080000e+01 1.100447e+02 9.439154e+00
      vertex   -2.080000e+01 1.114817e+02 6.320230e+00
    endloop
  endfacet
  facet normal 1.000000e+00 0.000000e+00 0.000000e+00
    outer loop
      vertex   -2.080000e+01 1.114817e+02 6.320230e+00
      vertex   -2.080000e+01 1.100447e+02 9.439154e+00
      vertex   -2.080000e+01 1.095572e+02 8.903941e+00
    endloop
  endfacet
  facet normal 1.000000e+00 0.000000e+00 0.000000e+00
    outer loop
      vertex   -2.080000e+01 1.114817e+02 6.320230e+00
      vertex   -2.080000e+01 1.095572e+02 8.903941e+00
      vertex   -2.080000e+01 1.092871e+02 4.133951e+00
    endloop
  endfacet
  facet normal 1.000000e+00 0.000000e+00 -0.000000e+00
    outer loop
      vertex   -2.080000e+01 1.092871e+02 4.133951e+00
      vertex   -2.080000e+01 1.095572e+02 8.903941e+00
      vertex   -2.080000e+01 1.091677e+02 8.293764e+00
    endloop
  endfacet
  facet normal 1.000000e+00 0.000000e+00 0.000000e+00
    outer loop
      vertex   -2.080000e+01 1.092871e+02 4.133951e+00
      vertex   -2.080000e+01 1.091677e+02 8.293764e+00
      vertex   -2.080000e+01 1.089689e+02 4.784200e+00
    endloop
  endfacet
  facet normal 1.000000e+00 0.000000e+00 -0.000000e+00
    outer loop
      vertex   -2.080000e+01 1.089689e+02 4.784200e+00
      vertex   -2.080000e+01 1.091677e+02 8.293764e+00
      vertex   -2.080000e+01 1.088873e+02 7.626328e+00
    endloop
  endfacet
  facet normal 1.000000e+00 0.000000e+00 0.000000e+00
    outer loop
      vertex   -2.080000e+01 1.089689e+02 4.784200e+00
      vertex   -2.080000e+01 1.088873e+02 7.626328e+00
      vertex   -2.080000e+01 1.087657e+02 5.479015e+00
    endloop
  endfacet
  facet normal 1.000000e+00 0.000000e+00 -0.000000e+00
    outer loop
      vertex   -2.080000e+01 1.087657e+02 5.479015e+00
      vertex   -2.080000e+01 1.088873e+02 7.626328e+00
      vertex   -2.080000e+01 1.087243e+02 6.920998e+00
    endloop
  endfacet
  facet normal 1.000000e+00 0.000000e+00 0.000000e+00
    outer loop
      vertex   -2.080000e+01 1.087657e+02 5.479015e+00
      vertex   -2.080000e+01 1.087243e+02 6.920998e+00
      vertex   -2.080000e+01 1.086834e+02 6.198237e+00
    endloop
  endfacet
  facet normal 1.000000e+00 -0.000000e+00 0.000000e+00
    outer loop
      vertex   -2.080000e+01 1.092871e+02 4.133951e+00
      vertex   -2.080000e+01 1.097110e+02 3.547134e+00
      vertex   -2.080000e+01 1.114817e+02 6.320230e+00
    endloop
  endfacet
  facet normal 1.000000e+00 0.000000e+00 0.000000e+00
    outer loop
      vertex   -2.080000e+01 1.114817e+02 6.320230e+00
      vertex   -2.080000e+01 1.097110e+02 3.547134e+00
      vertex   -2.080000e+01 1.102284e+02 3.040774e+00
    endloop
  endfacet
  facet normal 1.000000e+00 0.000000e+00 0.000000e+00
    outer loop
      vertex   -2.080000e+01 1.114817e+02 6.320230e+00
      vertex   -2.080000e+01 1.102284e+02 3.040774e+00
      vertex   -2.080000e+01 1.115311e+02 5.944942e+00
    endloop
  endfacet
  facet normal 1.000000e+00 0.000000e+00 0.000000e+00
    outer loop
      vertex   -2.080000e+01 1.115311e+02 5.944942e+00
      vertex   -2.080000e+01 1.102284e+02 3.040774e+00
      vertex   -2.080000e+01 1.108242e+02 2.629563e+00
    endloop
  endfacet
  facet normal 1.000000e+00 0.000000e+00 0.000000e+00
    outer loop
      vertex   -2.080000e+01 1.115311e+02 5.944942e+00
      vertex   -2.080000e+01 1.108242e+02 2.629563e+00
      vertex   -2.080000e+01 1.116759e+02 5.595230e+00
    endloop
  endfacet
  facet normal 1.000000e+00 0.000000e+00 0.000000e+00
    outer loop
      vertex   -2.080000e+01 1.116759e+02 5.595230e+00
      vertex   -2.080000e+01 1.108242e+02 2.629563e+00
      vertex   -2.080000e+01 1.114811e+02 2.325432e+00
    endloop
  endfacet
  facet normal 1.000000e+00 0.000000e+00 0.000000e+00
    outer loop
      vertex   -2.080000e+01 1.116759e+02 5.595230e+00
      vertex   -2.080000e+01 1.114811e+02 2.325432e+00
      vertex   -2.080000e+01 1.119064e+02 5.294925e+00
    endloop
  endfacet
  facet normal 1.000000e+00 0.000000e+00 0.000000e+00
    outer loop
      vertex   -2.080000e+01 1.119064e+02 5.294925e+00
      vertex   -2.080000e+01 1.114811e+02 2.325432e+00
      vertex   -2.080000e+01 1.122067e+02 5.064493e+00
    endloop
  endfacet
  facet normal 1.000000e+00 0.000000e+00 0.000000e+00
    outer loop
      vertex   -2.080000e+01 1.122067e+02 5.064493e+00
      vertex   -2.080000e+01 1.114811e+02 2.325432e+00
      vertex   -2.080000e+01 1.121801e+02 2.137204e+00
    endloop
  endfacet
  facet normal 1.000000e+00 0.000000e+00 0.000000e+00
    outer loop
      vertex   -2.080000e+01 1.122067e+02 5.064493e+00
      vertex   -2.080000e+01 1.121801e+02 2.137204e+00
      vertex   -2.080000e+01 1.125564e+02 4.919637e+00
    endloop
  endfacet
  facet normal 1.000000e+00 0.000000e+00 0.000000e+00
    outer loop
      vertex   -2.080000e+01 1.125564e+02 4.919637e+00
      vertex   -2.080000e+01 1.121801e+02 2.137204e+00
      vertex   -2.080000e+01 1.129010e+02 2.070341e+00
    endloop
  endfacet
  facet normal 1.000000e+00 0.000000e+00 0.000000e+00
    outer loop
      vertex   -2.080000e+01 1.125564e+02 4.919637e+00
      vertex   -2.080000e+01 1.129010e+02 2.070341e+00
      vertex   -2.080000e+01 1.129317e+02 4.870230e+00
    endloop
  endfacet
  facet normal 1.000000e+00 -0.000000e+00 0.000000e+00
    outer loop
      vertex   -2.080000e+01 1.129317e+02 4.870230e+00
      vertex   -2.080000e+01 1.129010e+02 2.070341e+00
      vertex   -2.080000e+01 1.133069e+02 4.919637e+00
    endloop
  endfacet
  facet normal 1.000000e+00 0.000000e+00 0.000000e+00
    outer loop
      vertex   -2.080000e+01 1.133069e+02 4.919637e+00
      vertex   -2.080000e+01 1.129010e+02 2.070341e+00
      vertex   -2.080000e+01 1.136227e+02 2.126782e+00
    endloop
  endfacet
  facet normal 1.000000e+00 -0.000000e+00 0.000000e+00
    outer loop
      vertex   -2.080000e+01 1.133069e+02 4.919637e+00
      vertex   -2.080000e+01 1.136227e+02 2.126782e+00
      vertex   -2.080000e+01 1.136567e+02 5.064493e+00
    endloop
  endfacet
  facet normal 1.000000e+00 0.000000e+00 0.000000e+00
    outer loop
      vertex   -2.080000e+01 1.136567e+02 5.064493e+00
      vertex   -2.080000e+01 1.136227e+02 2.126782e+00
      vertex   -2.080000e+01 1.143243e+02 2.304890e+00
    endloop
  endfacet
  facet normal 1.000000e+00 -0.000000e+00 0.000000e+00
    outer loop
      vertex   -2.080000e+01 1.136567e+02 5.064493e+00
      vertex   -2.080000e+01 1.143243e+02 2.304890e+00
      vertex   -2.080000e+01 1.139570e+02 5.294925e+00
    endloop
  endfacet
  facet normal 1.000000e+00 -0.000000e+00 0.000000e+00
    outer loop
      vertex   -2.080000e+01 1.139570e+02 5.294925e+00
      vertex   -2.080000e+01 1.143243e+02 2.304890e+00
      vertex   -2.080000e+01 1.141874e+02 5.595230e+00
    endloop
  endfacet
  facet normal 1.000000e+00 0.000000e+00 0.000000e+00
    outer loop
      vertex   -2.080000e+01 1.141874e+02 5.595230e+00
      vertex   -2.080000e+01 1.143243e+02 2.304890e+00
      vertex   -2.080000e+01 1.149856e+02 2.599498e+00
    endloop
  endfacet
  facet normal 1.000000e+00 -0.000000e+00 0.000000e+00
    outer loop
      vertex   -2.080000e+01 1.141874e+02 5.595230e+00
      vertex   -2.080000e+01 1.149856e+02 2.599498e+00
      vertex   -2.080000e+01 1.143323e+02 5.944942e+00
    endloop
  endfacet
  facet normal 1.000000e+00 0.000000e+00 0.000000e+00
    outer loop
      vertex   -2.080000e+01 1.143323e+02 5.944942e+00
      vertex   -2.080000e+01 1.149856e+02 2.599498e+00
      vertex   -2.080000e+01 1.155873e+02 3.002057e+00
    endloop
  endfacet
  facet normal 1.000000e+00 0.000000e+00 0.000000e+00
    outer loop
      vertex   -2.080000e+01 1.143323e+02 5.944942e+00
      vertex   -2.080000e+01 1.155873e+02 3.002057e+00
      vertex   -2.080000e+01 1.161119e+02 3.500889e+00
    endloop
  endfacet
  facet normal 1.000000e+00 -0.000000e+00 0.000000e+00
    outer loop
      vertex   -2.080000e+01 1.143323e+02 5.944942e+00
      vertex   -2.080000e+01 1.161119e+02 3.500889e+00
      vertex   -2.080000e+01 1.143817e+02 6.320230e+00
    endloop
  endfacet
  facet normal 1.000000e+00 0.000000e+00 0.000000e+00
    outer loop
      vertex   -2.080000e+01 1.143817e+02 6.320230e+00
      vertex   -2.080000e+01 1.161119e+02 3.500889e+00
      vertex   -2.080000e+01 1.165442e+02 4.081520e+00
    endloop
  endfacet
  facet normal 6.595418e-15 5.142953e-01 8.576132e-01
    outer loop
      vertex   -2.346987e+01 1.083730e+02 7.647373e+01
      vertex   -2.080000e+01 1.080818e+02 7.664838e+01
      vertex   -2.350000e+01 1.095808e+02 7.574947e+01
    endloop
  endfacet
  facet normal -6.497523e-16 5.142953e-01 8.576132e-01
    outer loop
      vertex   -2.350000e+01 1.095808e+02 7.574947e+01
      vertex   -2.080000e+01 1.080818e+02 7.664838e+01
      vertex   -2.080000e+01 1.254494e+02 6.623333e+01
    endloop
  endfacet
  facet normal 0.000000e+00 5.142953e-01 8.576132e-01
    outer loop
      vertex   -2.350000e+01 1.095808e+02 7.574947e+01
      vertex   -2.080000e+01 1.254494e+02 6.623333e+01
      vertex   -2.350000e+01 1.254494e+02 6.623333e+01
    endloop
  endfacet
  facet normal 3.076898e-15 5.142953e-01 8.576132e-01
    outer loop
      vertex   -2.346987e+01 1.083730e+02 7.647373e+01
      vertex   -2.337134e+01 1.071598e+02 7.720129e+01
      vertex   -2.080000e+01 1.080818e+02 7.664838e+01
    endloop
  endfacet
  facet normal -1.799620e-15 5.142953e-01 8.576132e-01
    outer loop
      vertex   -2.080000e+01 1.080818e+02 7.664838e+01
      vertex   -2.337134e+01 1.071598e+02 7.720129e+01
      vertex   -2.076613e+01 1.071886e+02 7.718401e+01
    endloop
  endfacet
  facet normal -2.074137e-15 5.142953e-01 8.576132e-01
    outer loop
      vertex   -2.076613e+01 1.071886e+02 7.718401e+01
      vertex   -2.337134e+01 1.071598e+02 7.720129e+01
      vertex   -2.066043e+01 1.062999e+02 7.771693e+01
    endloop
  endfacet
  facet normal -8.429811e-16 5.142953e-01 8.576132e-01
    outer loop
      vertex   -2.066043e+01 1.062999e+02 7.771693e+01
      vertex   -2.337134e+01 1.071598e+02 7.720129e+01
      vertex   -2.319216e+01 1.059572e+02 7.792248e+01
    endloop
  endfacet
  facet normal 2.980213e-15 5.142953e-01 8.576132e-01
    outer loop
      vertex   -2.066043e+01 1.062999e+02 7.771693e+01
      vertex   -2.319216e+01 1.059572e+02 7.792248e+01
      vertex   -2.047675e+01 1.054225e+02 7.824311e+01
    endloop
  endfacet
  facet normal 3.213029e-15 5.142953e-01 8.576132e-01
    outer loop
      vertex   -2.047675e+01 1.054225e+02 7.824311e+01
      vertex   -2.319216e+01 1.059572e+02 7.792248e+01
      vertex   -2.291883e+01 1.047766e+02 7.863047e+01
    endloop
  endfacet
  facet normal -4.296001e-15 5.142953e-01 8.576132e-01
    outer loop
      vertex   -2.047675e+01 1.054225e+02 7.824311e+01
      vertex   -2.291883e+01 1.047766e+02 7.863047e+01
      vertex   -2.020898e+01 1.045631e+02 7.875849e+01
    endloop
  endfacet
  facet normal -7.777314e-15 5.142953e-01 8.576132e-01
    outer loop
      vertex   -2.020898e+01 1.045631e+02 7.875849e+01
      vertex   -2.291883e+01 1.047766e+02 7.863047e+01
      vertex   -2.253181e+01 1.036178e+02 7.932539e+01
    endloop
  endfacet
  facet normal -1.457532e-14 5.142953e-01 8.576132e-01
    outer loop
      vertex   -2.020898e+01 1.045631e+02 7.875849e+01
      vertex   -2.253181e+01 1.036178e+02 7.932539e+01
      vertex   -1.985109e+01 1.037286e+02 7.925889e+01
    endloop
  endfacet
  facet normal -1.305360e-14 5.142953e-01 8.576132e-01
    outer loop
      vertex   -1.985109e+01 1.037286e+02 7.925889e+01
      vertex   -2.253181e+01 1.036178e+02 7.932539e+01
      vertex   -2.229000e+01 1.030523e+02 7.966449e+01
    endloop
  endfacet
  facet normal -2.081400e-14 5.142953e-01 8.576132e-01
    outer loop
      vertex   -1.985109e+01 1.037286e+02 7.925889e+01
      vertex   -2.229000e+01 1.030523e+02 7.966449e+01
      vertex   -1.940115e+01 1.029334e+02 7.973577e+01
    endloop
  endfacet
  facet normal -2.096700e-14 5.142953e-01 8.576132e-01
    outer loop
      vertex   -1.940115e+01 1.029334e+02 7.973577e+01
      vertex   -2.229000e+01 1.030523e+02 7.966449e+01
      vertex   -2.201302e+01 1.024995e+02 7.999596e+01
    endloop
  endfacet
  facet normal -1.868176e-14 5.142953e-01 8.576132e-01
    outer loop
      vertex   -1.940115e+01 1.029334e+02 7.973577e+01
      vertex   -2.201302e+01 1.024995e+02 7.999596e+01
      vertex   -2.169943e+01 1.019633e+02 8.031753e+01
    endloop
  endfacet
  facet normal -1.019569e-14 5.142953e-01 8.576132e-01
    outer loop
      vertex   -1.940115e+01 1.029334e+02 7.973577e+01
      vertex   -2.169943e+01 1.019633e+02 8.031753e+01
      vertex   -1.885776e+01 1.021876e+02 8.018304e+01
    endloop
  endfacet
  facet normal -1.298169e-14 5.142953e-01 8.576132e-01
    outer loop
      vertex   -1.885776e+01 1.021876e+02 8.018304e+01
      vertex   -2.169943e+01 1.019633e+02 8.031753e+01
      vertex   -2.134976e+01 1.014492e+02 8.062583e+01
    endloop
  endfacet
  facet normal -2.291756e-14 5.142953e-01 8.576132e-01
    outer loop
      vertex   -1.885776e+01 1.021876e+02 8.018304e+01
      vertex   -2.134976e+01 1.014492e+02 8.062583e+01
      vertex   -2.096267e+01 1.009587e+02 8.091997e+01
    endloop
  endfacet
  facet normal -1.080891e-14 5.142953e-01 8.576132e-01
    outer loop
      vertex   -1.885776e+01 1.021876e+02 8.018304e+01
      vertex   -2.096267e+01 1.009587e+02 8.091997e+01
      vertex   -1.821834e+01 1.014979e+02 8.059662e+01
    endloop
  endfacet
  facet normal -1.190341e-14 5.142953e-01 8.576132e-01
    outer loop
      vertex   -1.821834e+01 1.014979e+02 8.059662e+01
      vertex   -2.096267e+01 1.009587e+02 8.091997e+01
      vertex   -2.053668e+01 1.004930e+02 8.119926e+01
    endloop
  endfacet
  facet normal -2.648696e-14 5.142953e-01 8.576132e-01
    outer loop
      vertex   -1.821834e+01 1.014979e+02 8.059662e+01
      vertex   -2.053668e+01 1.004930e+02 8.119926e+01
      vertex   -2.007030e+01 1.000532e+02 8.146298e+01
    endloop
  endfacet
  facet normal 1.492965e-14 5.142953e-01 8.576132e-01
    outer loop
      vertex   -1.821834e+01 1.014979e+02 8.059662e+01
      vertex   -2.007030e+01 1.000532e+02 8.146298e+01
      vertex   -1.748517e+01 1.008749e+02 8.097022e+01
    endloop
  endfacet
  facet normal -5.652728e-15 5.142953e-01 8.576132e-01
    outer loop
      vertex   -1.748517e+01 1.008749e+02 8.097022e+01
      vertex   -2.007030e+01 1.000532e+02 8.146298e+01
      vertex   -1.956281e+01 9.964113e+01 8.171010e+01
    endloop
  endfacet
  facet normal 3.422185e-14 5.142953e-01 8.576132e-01
    outer loop
      vertex   -1.748517e+01 1.008749e+02 8.097022e+01
      vertex   -1.956281e+01 9.964113e+01 8.171010e+01
      vertex   -1.902385e+01 9.926483e+01 8.193576e+01
    endloop
  endfacet
  facet normal 4.555952e-15 5.142953e-01 8.576132e-01
    outer loop
      vertex   -1.748517e+01 1.008749e+02 8.097022e+01
      vertex   -1.902385e+01 9.926483e+01 8.193576e+01
      vertex   -1.667647e+01 1.003357e+02 8.129356e+01
    endloop
  endfacet
  facet normal 2.423001e-14 5.142953e-01 8.576132e-01
    outer loop
      vertex   -1.667647e+01 1.003357e+02 8.129356e+01
      vertex   -1.902385e+01 9.926483e+01 8.193576e+01
      vertex   -1.845792e+01 9.892538e+01 8.213932e+01
    endloop
  endfacet
  facet normal 2.768405e-15 5.142953e-01 8.576132e-01
    outer loop
      vertex   -1.667647e+01 1.003357e+02 8.129356e+01
      vertex   -1.845792e+01 9.892538e+01 8.213932e+01
      vertex   -1.786659e+01 9.862127e+01 8.232168e+01
    endloop
  endfacet
  facet normal 7.729200e-15 5.142953e-01 8.576132e-01
    outer loop
      vertex   -1.667647e+01 1.003357e+02 8.129356e+01
      vertex   -1.786659e+01 9.862127e+01 8.232168e+01
      vertex   -1.579871e+01 9.988196e+01 8.156568e+01
    endloop
  endfacet
  facet normal -3.610460e-14 5.142953e-01 8.576132e-01
    outer loop
      vertex   -1.579871e+01 9.988196e+01 8.156568e+01
      vertex   -1.786659e+01 9.862127e+01 8.232168e+01
      vertex   -1.725144e+01 9.835100e+01 8.248376e+01
    endloop
  endfacet
  facet normal 1.556239e-14 5.142953e-01 8.576132e-01
    outer loop
      vertex   -1.579871e+01 9.988196e+01 8.156568e+01
      vertex   -1.725144e+01 9.835100e+01 8.248376e+01
      vertex   -1.661402e+01 9.811304e+01 8.262646e+01
    endloop
  endfacet
  facet normal 1.217422e-14 5.142953e-01 8.576132e-01
    outer loop
      vertex   -1.579871e+01 9.988196e+01 8.156568e+01
      vertex   -1.661402e+01 9.811304e+01 8.262646e+01
      vertex   -1.485841e+01 9.951431e+01 8.178615e+01
    endloop
  endfacet
  facet normal 1.554223e-14 5.142953e-01 8.576132e-01
    outer loop
      vertex   -1.485841e+01 9.951431e+01 8.178615e+01
      vertex   -1.661402e+01 9.811304e+01 8.262646e+01
      vertex   -1.595558e+01 9.790579e+01 8.275074e+01
    endloop
  endfacet
  facet normal 1.018860e-14 5.142953e-01 8.576132e-01
    outer loop
      vertex   -1.485841e+01 9.951431e+01 8.178615e+01
      vertex   -1.595558e+01 9.790579e+01 8.275074e+01
      vertex   -1.527562e+01 9.772724e+01 8.285782e+01
    endloop
  endfacet
  facet normal -1.941632e-14 5.142953e-01 8.576132e-01
    outer loop
      vertex   -1.485841e+01 9.951431e+01 8.178615e+01
      vertex   -1.527562e+01 9.772724e+01 8.285782e+01
      vertex   -1.387646e+01 9.923626e+01 8.195289e+01
    endloop
  endfacet
  facet normal 1.666075e-14 5.142953e-01 8.576132e-01
    outer loop
      vertex   -1.387646e+01 9.923626e+01 8.195289e+01
      vertex   -1.527562e+01 9.772724e+01 8.285782e+01
      vertex   -1.457497e+01 9.757615e+01 8.294843e+01
    endloop
  endfacet
  facet normal -1.439967e-14 5.142953e-01 8.576132e-01
    outer loop
      vertex   -1.387646e+01 9.923626e+01 8.195289e+01
      vertex   -1.457497e+01 9.757615e+01 8.294843e+01
      vertex   -1.385476e+01 9.745138e+01 8.302325e+01
    endloop
  endfacet
  facet normal 1.252997e-14 5.142953e-01 8.576132e-01
    outer loop
      vertex   -1.387646e+01 9.923626e+01 8.195289e+01
      vertex   -1.385476e+01 9.745138e+01 8.302325e+01
      vertex   -1.286513e+01 9.904440e+01 8.206794e+01
    endloop
  endfacet
  facet normal 1.687483e-14 5.142953e-01 8.576132e-01
    outer loop
      vertex   -1.286513e+01 9.904440e+01 8.206794e+01
      vertex   -1.385476e+01 9.745138e+01 8.302325e+01
      vertex   -1.311613e+01 9.735182e+01 8.308295e+01
    endloop
  endfacet
  facet normal 3.532445e-15 5.142953e-01 8.576132e-01
    outer loop
      vertex   -1.286513e+01 9.904440e+01 8.206794e+01
      vertex   -1.311613e+01 9.735182e+01 8.308295e+01
      vertex   -1.183645e+01 9.893381e+01 8.213426e+01
    endloop
  endfacet
  facet normal -1.704284e-14 5.142953e-01 8.576132e-01
    outer loop
      vertex   -1.183645e+01 9.893381e+01 8.213426e+01
      vertex   -1.311613e+01 9.735182e+01 8.308295e+01
      vertex   -1.158812e+01 9.722383e+01 8.315971e+01
    endloop
  endfacet
  facet normal -3.906925e-14 5.142953e-01 8.576132e-01
    outer loop
      vertex   -1.183645e+01 9.893381e+01 8.213426e+01
      vertex   -1.158812e+01 9.722383e+01 8.315971e+01
      vertex   -1.080000e+01 9.889839e+01 8.215550e+01
    endloop
  endfacet
  facet normal 7.499805e-15 5.142953e-01 8.576132e-01
    outer loop
      vertex   -1.080000e+01 9.889839e+01 8.215550e+01
      vertex   -1.158812e+01 9.722383e+01 8.315971e+01
      vertex   -1.000000e+01 9.718316e+01 8.318409e+01
    endloop
  endfacet
  facet normal 1.128464e-15 5.142953e-01 8.576132e-01
    outer loop
      vertex   -1.080000e+01 9.889839e+01 8.215550e+01
      vertex   -1.000000e+01 9.718316e+01 8.318409e+01
      vertex   1.080000e+01 9.889839e+01 8.215550e+01
    endloop
  endfacet
  facet normal 1.337819e-15 5.142953e-01 8.576132e-01
    outer loop
      vertex   1.080000e+01 9.889839e+01 8.215550e+01
      vertex   -1.000000e+01 9.718316e+01 8.318409e+01
      vertex   1.000000e+01 9.718316e+01 8.318409e+01
    endloop
  endfacet
  facet normal -1.930988e-14 5.142953e-01 8.576132e-01
    outer loop
      vertex   1.080000e+01 9.889839e+01 8.215550e+01
      vertex   1.000000e+01 9.718316e+01 8.318409e+01
      vertex   1.137681e+01 9.721357e+01 8.316586e+01
    endloop
  endfacet
  facet normal -4.420595e-15 5.142953e-01 8.576132e-01
    outer loop
      vertex   1.080000e+01 9.889839e+01 8.215550e+01
      vertex   1.137681e+01 9.721357e+01 8.316586e+01
      vertex   1.183773e+01 9.893389e+01 8.213422e+01
    endloop
  endfacet
  facet normal -6.304440e-15 5.142953e-01 8.576132e-01
    outer loop
      vertex   1.183773e+01 9.893389e+01 8.213422e+01
      vertex   1.137681e+01 9.721357e+01 8.316586e+01
      vertex   1.275542e+01 9.731297e+01 8.310625e+01
    endloop
  endfacet
  facet normal -1.368689e-14 5.142953e-01 8.576132e-01
    outer loop
      vertex   1.183773e+01 9.893389e+01 8.213422e+01
      vertex   1.275542e+01 9.731297e+01 8.310625e+01
      vertex   1.286481e+01 9.904428e+01 8.206801e+01
    endloop
  endfacet
  facet normal 1.059288e-15 5.142953e-01 8.576132e-01
    outer loop
      vertex   1.286481e+01 9.904428e+01 8.206801e+01
      vertex   1.275542e+01 9.731297e+01 8.310625e+01
      vertex   1.411669e+01 9.749368e+01 8.299788e+01
    endloop
  endfacet
  facet normal 2.085846e-15 5.142953e-01 8.576132e-01
    outer loop
      vertex   1.286481e+01 9.904428e+01 8.206801e+01
      vertex   1.411669e+01 9.749368e+01 8.299788e+01
      vertex   1.387330e+01 9.923545e+01 8.195337e+01
    endloop
  endfacet
  facet normal -7.972372e-16 5.142953e-01 8.576132e-01
    outer loop
      vertex   1.387330e+01 9.923545e+01 8.195337e+01
      vertex   1.411669e+01 9.749368e+01 8.299788e+01
      vertex   1.544947e+01 9.776982e+01 8.283229e+01
    endloop
  endfacet
  facet normal -7.595923e-15 5.142953e-01 8.576132e-01
    outer loop
      vertex   1.387330e+01 9.923545e+01 8.195337e+01
      vertex   1.544947e+01 9.776982e+01 8.283229e+01
      vertex   1.485528e+01 9.951326e+01 8.178678e+01
    endloop
  endfacet
  facet normal 2.769503e-14 5.142953e-01 8.576132e-01
    outer loop
      vertex   1.485528e+01 9.951326e+01 8.178678e+01
      vertex   1.544947e+01 9.776982e+01 8.283229e+01
      vertex   1.610228e+01 9.794889e+01 8.272490e+01
    endloop
  endfacet
  facet normal -2.549640e-14 5.142953e-01 8.576132e-01
    outer loop
      vertex   1.485528e+01 9.951326e+01 8.178678e+01
      vertex   1.610228e+01 9.794889e+01 8.272490e+01
      vertex   1.674254e+01 9.815789e+01 8.259956e+01
    endloop
  endfacet
  facet normal -9.929299e-16 5.142953e-01 8.576132e-01
    outer loop
      vertex   1.485528e+01 9.951326e+01 8.178678e+01
      vertex   1.674254e+01 9.815789e+01 8.259956e+01
      vertex   1.579476e+01 9.988017e+01 8.156675e+01
    endloop
  endfacet
  facet normal 1.503144e-14 5.142953e-01 8.576132e-01
    outer loop
      vertex   1.579476e+01 9.988017e+01 8.156675e+01
      vertex   1.674254e+01 9.815789e+01 8.259956e+01
      vertex   1.736762e+01 9.839878e+01 8.245511e+01
    endloop
  endfacet
  facet normal 1.911411e-14 5.142953e-01 8.576132e-01
    outer loop
      vertex   1.579476e+01 9.988017e+01 8.156675e+01
      vertex   1.736762e+01 9.839878e+01 8.245511e+01
      vertex   1.797195e+01 9.867204e+01 8.229124e+01
    endloop
  endfacet
  facet normal 2.123854e-14 5.142953e-01 8.576132e-01
    outer loop
      vertex   1.579476e+01 9.988017e+01 8.156675e+01
      vertex   1.797195e+01 9.867204e+01 8.229124e+01
      vertex   1.667225e+01 1.003332e+02 8.129505e+01
    endloop
  endfacet
  facet normal -1.308840e-14 5.142953e-01 8.576132e-01
    outer loop
      vertex   1.667225e+01 1.003332e+02 8.129505e+01
      vertex   1.797195e+01 9.867204e+01 8.229124e+01
      vertex   1.854846e+01 9.897626e+01 8.210881e+01
    endloop
  endfacet
  facet normal 2.321634e-14 5.142953e-01 8.576132e-01
    outer loop
      vertex   1.667225e+01 1.003332e+02 8.129505e+01
      vertex   1.854846e+01 9.897626e+01 8.210881e+01
      vertex   1.909640e+01 9.931223e+01 8.190733e+01
    endloop
  endfacet
  facet normal 3.499600e-14 5.142953e-01 8.576132e-01
    outer loop
      vertex   1.667225e+01 1.003332e+02 8.129505e+01
      vertex   1.909640e+01 9.931223e+01 8.190733e+01
      vertex   1.748212e+01 1.008726e+02 8.097160e+01
    endloop
  endfacet
  facet normal -4.881372e-14 5.142953e-01 8.576132e-01
    outer loop
      vertex   1.748212e+01 1.008726e+02 8.097160e+01
      vertex   1.909640e+01 9.931223e+01 8.190733e+01
      vertex   1.961512e+01 9.968082e+01 8.168629e+01
    endloop
  endfacet
  facet normal -1.546981e-14 5.142953e-01 8.576132e-01
    outer loop
      vertex   1.748212e+01 1.008726e+02 8.097160e+01
      vertex   1.961512e+01 9.968082e+01 8.168629e+01
      vertex   2.010401e+01 1.000829e+02 8.144519e+01
    endloop
  endfacet
  facet normal -3.125913e-14 5.142953e-01 8.576132e-01
    outer loop
      vertex   1.748212e+01 1.008726e+02 8.097160e+01
      vertex   2.010401e+01 1.000829e+02 8.144519e+01
      vertex   1.821638e+01 1.014960e+02 8.059774e+01
    endloop
  endfacet
  facet normal -2.346164e-14 5.142953e-01 8.576132e-01
    outer loop
      vertex   1.821638e+01 1.014960e+02 8.059774e+01
      vertex   2.010401e+01 1.000829e+02 8.144519e+01
      vertex   2.056171e+01 1.005185e+02 8.118395e+01
    endloop
  endfacet
  facet normal -2.041929e-13 5.142953e-01 8.576132e-01
    outer loop
      vertex   1.821638e+01 1.014960e+02 8.059774e+01
      vertex   2.056171e+01 1.005185e+02 8.118395e+01
      vertex   2.098018e+01 1.009794e+02 8.090756e+01
    endloop
  endfacet
  facet normal -1.043733e-13 5.142953e-01 8.576132e-01
    outer loop
      vertex   1.821638e+01 1.014960e+02 8.059774e+01
      vertex   2.098018e+01 1.009794e+02 8.090756e+01
      vertex   1.885636e+01 1.021859e+02 8.018404e+01
    endloop
  endfacet
  facet normal -4.994449e-13 5.142953e-01 8.576132e-01
    outer loop
      vertex   1.885636e+01 1.021859e+02 8.018404e+01
      vertex   2.098018e+01 1.009794e+02 8.090756e+01
      vertex   2.135884e+01 1.014617e+02 8.061835e+01
    endloop
  endfacet
  facet normal -5.492671e-13 5.142953e-01 8.576132e-01
    outer loop
      vertex   1.885636e+01 1.021859e+02 8.018404e+01
      vertex   2.135884e+01 1.014617e+02 8.061835e+01
      vertex   2.169953e+01 1.019635e+02 8.031741e+01
    endloop
  endfacet
  facet normal -4.655535e-13 5.142953e-01 8.576132e-01
    outer loop
      vertex   1.885636e+01 1.021859e+02 8.018404e+01
      vertex   2.169953e+01 1.019635e+02 8.031741e+01
      vertex   1.940107e+01 1.029333e+02 7.973584e+01
    endloop
  endfacet
  facet normal -8.473917e-13 5.142953e-01 8.576132e-01
    outer loop
      vertex   1.940107e+01 1.029333e+02 7.973584e+01
      vertex   2.169953e+01 1.019635e+02 8.031741e+01
      vertex   2.200411e+01 1.024831e+02 8.000579e+01
    endloop
  endfacet
  facet normal -7.978358e-13 5.142953e-01 8.576132e-01
    outer loop
      vertex   1.940107e+01 1.029333e+02 7.973584e+01
      vertex   2.200411e+01 1.024831e+02 8.000579e+01
      vertex   2.227444e+01 1.030188e+02 7.968457e+01
    endloop
  endfacet
  facet normal -8.210106e-13 5.142953e-01 8.576132e-01
    outer loop
      vertex   1.940107e+01 1.029333e+02 7.973584e+01
      vertex   2.227444e+01 1.030188e+02 7.968457e+01
      vertex   1.985250e+01 1.037315e+02 7.925718e+01
    endloop
  endfacet
  facet normal -9.126222e-13 5.142953e-01 8.576132e-01
    outer loop
      vertex   1.985250e+01 1.037315e+02 7.925718e+01
      vertex   2.227444e+01 1.030188e+02 7.968457e+01
      vertex   2.251238e+01 1.035687e+02 7.935480e+01
    endloop
  endfacet
  facet normal -8.973905e-13 5.142953e-01 8.576132e-01
    outer loop
      vertex   1.985250e+01 1.037315e+02 7.925718e+01
      vertex   2.251238e+01 1.035687e+02 7.935480e+01
      vertex   2.021007e+01 1.045662e+02 7.875659e+01
    endloop
  endfacet
  facet normal -8.663179e-13 5.142953e-01 8.576132e-01
    outer loop
      vertex   2.021007e+01 1.045662e+02 7.875659e+01
      vertex   2.251238e+01 1.035687e+02 7.935480e+01
      vertex   2.272218e+01 1.041381e+02 7.901336e+01
    endloop
  endfacet
  facet normal -8.321547e-13 5.142953e-01 8.576132e-01
    outer loop
      vertex   2.021007e+01 1.045662e+02 7.875659e+01
      vertex   2.272218e+01 1.041381e+02 7.901336e+01
      vertex   2.290642e+01 1.047318e+02 7.865732e+01
    endloop
  endfacet
  facet normal -8.033646e-13 5.142953e-01 8.576132e-01
    outer loop
      vertex   2.021007e+01 1.045662e+02 7.875659e+01
      vertex   2.290642e+01 1.047318e+02 7.865732e+01
      vertex   2.047749e+01 1.054260e+02 7.824102e+01
    endloop
  endfacet
  facet normal -6.699062e-13 5.142953e-01 8.576132e-01
    outer loop
      vertex   2.047749e+01 1.054260e+02 7.824102e+01
      vertex   2.290642e+01 1.047318e+02 7.865732e+01
      vertex   2.306532e+01 1.053500e+02 7.828659e+01
    endloop
  endfacet
  facet normal -6.831303e-13 5.142953e-01 8.576132e-01
    outer loop
      vertex   2.047749e+01 1.054260e+02 7.824102e+01
      vertex   2.306532e+01 1.053500e+02 7.828659e+01
      vertex   2.066081e+01 1.063029e+02 7.771513e+01
    endloop
  endfacet
  facet normal -4.783457e-13 5.142953e-01 8.576132e-01
    outer loop
      vertex   2.066081e+01 1.063029e+02 7.771513e+01
      vertex   2.306532e+01 1.053500e+02 7.828659e+01
      vertex   2.319913e+01 1.059928e+02 7.790110e+01
    endloop
  endfacet
  facet normal -4.850951e-13 5.142953e-01 8.576132e-01
    outer loop
      vertex   2.066081e+01 1.063029e+02 7.771513e+01
      vertex   2.319913e+01 1.059928e+02 7.790110e+01
      vertex   2.330807e+01 1.066604e+02 7.750076e+01
    endloop
  endfacet
  facet normal -3.985823e-13 5.142953e-01 8.576132e-01
    outer loop
      vertex   2.066081e+01 1.063029e+02 7.771513e+01
      vertex   2.330807e+01 1.066604e+02 7.750076e+01
      vertex   2.076624e+01 1.071903e+02 7.718300e+01
    endloop
  endfacet
  facet normal -2.874235e-13 5.142953e-01 8.576132e-01
    outer loop
      vertex   2.076624e+01 1.071903e+02 7.718300e+01
      vertex   2.330807e+01 1.066604e+02 7.750076e+01
      vertex   2.339240e+01 1.073529e+02 7.708551e+01
    endloop
  endfacet
  facet normal -2.522611e-13 5.142953e-01 8.576132e-01
    outer loop
      vertex   2.076624e+01 1.071903e+02 7.718300e+01
      vertex   2.339240e+01 1.073529e+02 7.708551e+01
      vertex   2.080000e+01 1.080818e+02 7.664838e+01
    endloop
  endfacet
  facet normal -1.206977e-13 5.142953e-01 8.576132e-01
    outer loop
      vertex   2.080000e+01 1.080818e+02 7.664838e+01
      vertex   2.339240e+01 1.073529e+02 7.708551e+01
      vertex   2.345233e+01 1.080703e+02 7.665526e+01
    endloop
  endfacet
  facet normal -1.212302e-13 5.142953e-01 8.576132e-01
    outer loop
      vertex   2.080000e+01 1.080818e+02 7.664838e+01
      vertex   2.345233e+01 1.080703e+02 7.665526e+01
      vertex   2.348812e+01 1.088129e+02 7.620994e+01
    endloop
  endfacet
  facet normal -5.100283e-14 5.142953e-01 8.576132e-01
    outer loop
      vertex   2.348812e+01 1.088129e+02 7.620994e+01
      vertex   2.350000e+01 1.095808e+02 7.574947e+01
      vertex   2.080000e+01 1.080818e+02 7.664838e+01
    endloop
  endfacet
  facet normal -1.949257e-15 5.142953e-01 8.576132e-01
    outer loop
      vertex   2.080000e+01 1.080818e+02 7.664838e+01
      vertex   2.350000e+01 1.095808e+02 7.574947e+01
      vertex   2.080000e+01 1.254494e+02 6.623333e+01
    endloop
  endfacet
  facet normal -8.999015e-16 5.142953e-01 8.576132e-01
    outer loop
      vertex   2.080000e+01 1.254494e+02 6.623333e+01
      vertex   2.350000e+01 1.095808e+02 7.574947e+01
      vertex   2.350000e+01 1.254494e+02 6.623333e+01
    endloop
  endfacet
  facet normal 0.000000e+00 -5.301355e-01 -8.479130e-01
    outer loop
      vertex   -2.350000e+01 1.215014e+02 6.119879e+01
      vertex   -2.350000e+01 1.222889e+02 6.070647e+01
      vertex   -2.080000e+01 1.215014e+02 6.119879e+01
    endloop
  endfacet
  facet normal -5.578955e-15 -5.301355e-01 -8.479130e-01
    outer loop
      vertex   -2.080000e+01 1.215014e+02 6.119879e+01
      vertex   -2.350000e+01 1.222889e+02 6.070647e+01
      vertex   -2.080000e+01 1.222889e+02 6.070647e+01
    endloop
  endfacet
  facet normal -5.908058e-15 -5.612526e-01 -8.276446e-01
    outer loop
      vertex   -2.080000e+01 1.222889e+02 6.070647e+01
      vertex   -2.350000e+01 1.222889e+02 6.070647e+01
      vertex   -2.350000e+01 1.230570e+02 6.018556e+01
    endloop
  endfacet
  facet normal 0.000000e+00 -5.612526e-01 -8.276446e-01
    outer loop
      vertex   -2.080000e+01 1.222889e+02 6.070647e+01
      vertex   -2.350000e+01 1.230570e+02 6.018556e+01
      vertex   -2.080000e+01 1.230570e+02 6.018556e+01
    endloop
  endfacet
  facet normal -0.000000e+00 -5.915827e-01 -8.062443e-01
    outer loop
      vertex   -2.080000e+01 1.230570e+02 6.018556e+01
      vertex   -2.350000e+01 1.230570e+02 6.018556e+01
      vertex   -2.350000e+01 1.238051e+02 5.963664e+01
    endloop
  endfacet
  facet normal -6.226299e-15 -5.915827e-01 -8.062443e-01
    outer loop
      vertex   -2.080000e+01 1.230570e+02 6.018556e+01
      vertex   -2.350000e+01 1.238051e+02 5.963664e+01
      vertex   -2.080000e+01 1.238051e+02 5.963664e+01
    endloop
  endfacet
  facet normal -6.537996e-15 -6.210952e-01 -7.837351e-01
    outer loop
      vertex   -2.080000e+01 1.238051e+02 5.963664e+01
      vertex   -2.350000e+01 1.238051e+02 5.963664e+01
      vertex   -2.350000e+01 1.245324e+02 5.906029e+01
    endloop
  endfacet
  facet normal 8.419169e-16 -6.210952e-01 -7.837351e-01
    outer loop
      vertex   -2.080000e+01 1.238051e+02 5.963664e+01
      vertex   -2.350000e+01 1.245324e+02 5.906029e+01
      vertex   -2.080000e+01 1.245324e+02 5.906029e+01
    endloop
  endfacet
  facet normal 5.809621e-16 -6.497596e-01 -7.601398e-01
    outer loop
      vertex   -2.080000e+01 1.245324e+02 5.906029e+01
      vertex   -2.350000e+01 1.245324e+02 5.906029e+01
      vertex   -2.350000e+01 1.252381e+02 5.845707e+01
    endloop
  endfacet
  facet normal 6.001610e-15 -6.497596e-01 -7.601398e-01
    outer loop
      vertex   -2.080000e+01 1.245324e+02 5.906029e+01
      vertex   -2.350000e+01 1.252381e+02 5.845707e+01
      vertex   -2.080000e+01 1.252381e+02 5.845707e+01
    endloop
  endfacet
  facet normal 5.806592e-15 -6.775414e-01 -7.354846e-01
    outer loop
      vertex   -2.080000e+01 1.252381e+02 5.845707e+01
      vertex   -2.350000e+01 1.252381e+02 5.845707e+01
      vertex   -2.350000e+01 1.259213e+02 5.782774e+01
    endloop
  endfacet
  facet normal 3.563644e-15 -6.775414e-01 -7.354846e-01
    outer loop
      vertex   -2.080000e+01 1.252381e+02 5.845707e+01
      vertex   -2.350000e+01 1.259213e+02 5.782774e+01
      vertex   -2.080000e+01 1.259213e+02 5.782774e+01
    endloop
  endfacet
  facet normal 3.707393e-15 -7.043883e-01 -7.098148e-01
    outer loop
      vertex   -2.080000e+01 1.259213e+02 5.782774e+01
      vertex   -2.350000e+01 1.259213e+02 5.782774e+01
      vertex   -2.350000e+01 1.265802e+02 5.717382e+01
    endloop
  endfacet
  facet normal 9.279366e-15 -7.043883e-01 -7.098148e-01
    outer loop
      vertex   -2.080000e+01 1.259213e+02 5.782774e+01
      vertex   -2.350000e+01 1.265802e+02 5.717382e+01
      vertex   -2.080000e+01 1.265802e+02 5.717382e+01
    endloop
  endfacet
  facet normal 9.484912e-15 -7.302511e-01 -6.831789e-01
    outer loop
      vertex   -2.080000e+01 1.265802e+02 5.717382e+01
      vertex   -2.350000e+01 1.265802e+02 5.717382e+01
      vertex   -2.350000e+01 1.272142e+02 5.649618e+01
    endloop
  endfacet
  facet normal 0.000000e+00 -7.302511e-01 -6.831789e-01
    outer loop
      vertex   -2.080000e+01 1.265802e+02 5.717382e+01
      vertex   -2.350000e+01 1.272142e+02 5.649618e+01
      vertex   -2.080000e+01 1.272142e+02 5.649618e+01
    endloop
  endfacet
  facet normal -0.000000e+00 -7.551010e-01 -6.556085e-01
    outer loop
      vertex   -2.080000e+01 1.272142e+02 5.649618e+01
      vertex   -2.350000e+01 1.272142e+02 5.649618e+01
      vertex   -2.350000e+01 1.278225e+02 5.579553e+01
    endloop
  endfacet
  facet normal 1.537738e-14 -7.551010e-01 -6.556085e-01
    outer loop
      vertex   -2.080000e+01 1.272142e+02 5.649618e+01
      vertex   -2.350000e+01 1.278225e+02 5.579553e+01
      vertex   -2.080000e+01 1.278225e+02 5.579553e+01
    endloop
  endfacet
  facet normal 1.559968e-14 -7.789129e-01 -6.271321e-01
    outer loop
      vertex   -2.080000e+01 1.278225e+02 5.579553e+01
      vertex   -2.350000e+01 1.278225e+02 5.579553e+01
      vertex   -2.350000e+01 1.284046e+02 5.507260e+01
    endloop
  endfacet
  facet normal -1.149677e-14 -7.789129e-01 -6.271321e-01
    outer loop
      vertex   -2.080000e+01 1.278225e+02 5.579553e+01
      vertex   -2.350000e+01 1.284046e+02 5.507260e+01
      vertex   -2.080000e+01 1.284046e+02 5.507260e+01
    endloop
  endfacet
  facet normal -1.158501e-14 -8.016612e-01 -5.977786e-01
    outer loop
      vertex   -2.080000e+01 1.284046e+02 5.507260e+01
      vertex   -2.350000e+01 1.284046e+02 5.507260e+01
      vertex   -2.350000e+01 1.289597e+02 5.432810e+01
    endloop
  endfacet
  facet normal -1.160049e-14 -8.016612e-01 -5.977786e-01
    outer loop
      vertex   -2.080000e+01 1.284046e+02 5.507260e+01
      vertex   -2.350000e+01 1.289597e+02 5.432810e+01
      vertex   -2.080000e+01 1.289597e+02 5.432810e+01
    endloop
  endfacet
  facet normal -1.165400e-14 -8.233055e-01 -5.675984e-01
    outer loop
      vertex   -2.080000e+01 1.289597e+02 5.432810e+01
      vertex   -2.350000e+01 1.289597e+02 5.432810e+01
      vertex   -2.350000e+01 1.294866e+02 5.356388e+01
    endloop
  endfacet
  facet normal -1.016644e-14 -8.233055e-01 -5.675984e-01
    outer loop
      vertex   -2.080000e+01 1.289597e+02 5.432810e+01
      vertex   -2.350000e+01 1.294866e+02 5.356388e+01
      vertex   -2.080000e+01 1.294866e+02 5.356388e+01
    endloop
  endfacet
  facet normal -1.029457e-14 -8.437956e-01 -5.366647e-01
    outer loop
      vertex   -2.080000e+01 1.294866e+02 5.356388e+01
      vertex   -2.350000e+01 1.294866e+02 5.356388e+01
      vertex   -2.350000e+01 1.299840e+02 5.278177e+01
    endloop
  endfacet
  facet normal 0.000000e+00 -8.437956e-01 -5.366647e-01
    outer loop
      vertex   -2.080000e+01 1.294866e+02 5.356388e+01
      vertex   -2.350000e+01 1.299840e+02 5.278177e+01
      vertex   -2.080000e+01 1.299840e+02 5.278177e+01
    endloop
  endfacet
  facet normal -0.000000e+00 -8.630999e-01 -5.050331e-01
    outer loop
      vertex   -2.080000e+01 1.299840e+02 5.278177e+01
      vertex   -2.350000e+01 1.299840e+02 5.278177e+01
      vertex   -2.350000e+01 1.304516e+02 5.198264e+01
    endloop
  endfacet
  facet normal 0.000000e+00 -8.630999e-01 -5.050331e-01
    outer loop
      vertex   -2.080000e+01 1.299840e+02 5.278177e+01
      vertex   -2.350000e+01 1.304516e+02 5.198264e+01
      vertex   -2.080000e+01 1.304516e+02 5.198264e+01
    endloop
  endfacet
  facet normal -0.000000e+00 -8.812022e-01 -4.727396e-01
    outer loop
      vertex   -2.080000e+01 1.304516e+02 5.198264e+01
      vertex   -2.350000e+01 1.304516e+02 5.198264e+01
      vertex   -2.350000e+01 1.308890e+02 5.116737e+01
    endloop
  endfacet
  facet normal -9.266690e-15 -8.812022e-01 -4.727396e-01
    outer loop
      vertex   -2.080000e+01 1.304516e+02 5.198264e+01
      vertex   -2.350000e+01 1.308890e+02 5.116737e+01
      vertex   -2.080000e+01 1.308890e+02 5.116737e+01
    endloop
  endfacet
  facet normal -9.453760e-15 -8.980865e-01 -4.398189e-01
    outer loop
      vertex   -2.080000e+01 1.308890e+02 5.116737e+01
      vertex   -2.350000e+01 1.308890e+02 5.116737e+01
      vertex   -2.350000e+01 1.312957e+02 5.033681e+01
    endloop
  endfacet
  facet normal -2.238709e-14 -8.980865e-01 -4.398189e-01
    outer loop
      vertex   -2.080000e+01 1.308890e+02 5.116737e+01
      vertex   -2.350000e+01 1.312957e+02 5.033681e+01
      vertex   -2.080000e+01 1.312957e+02 5.033681e+01
    endloop
  endfacet
  facet normal -2.244477e-14 -9.137375e-01 -4.063051e-01
    outer loop
      vertex   -2.080000e+01 1.312957e+02 5.033681e+01
      vertex   -2.350000e+01 1.312957e+02 5.033681e+01
      vertex   -2.350000e+01 1.316715e+02 4.949186e+01
    endloop
  endfacet
  facet normal 0.000000e+00 -9.137375e-01 -4.063051e-01
    outer loop
      vertex   -2.080000e+01 1.312957e+02 5.033681e+01
      vertex   -2.350000e+01 1.316715e+02 4.949186e+01
      vertex   -2.080000e+01 1.316715e+02 4.949186e+01
    endloop
  endfacet
  facet normal -0.000000e+00 -9.281397e-01 -3.722321e-01
    outer loop
      vertex   -2.080000e+01 1.316715e+02 4.949186e+01
      vertex   -2.350000e+01 1.316715e+02 4.949186e+01
      vertex   -2.350000e+01 1.320158e+02 4.863336e+01
    endloop
  endfacet
  facet normal 1.075811e-14 -9.281397e-01 -3.722321e-01
    outer loop
      vertex   -2.080000e+01 1.316715e+02 4.949186e+01
      vertex   -2.350000e+01 1.320158e+02 4.863336e+01
      vertex   -2.080000e+01 1.320158e+02 4.863336e+01
    endloop
  endfacet
  facet normal 1.079694e-14 -9.412775e-01 -3.376338e-01
    outer loop
      vertex   -2.080000e+01 1.320158e+02 4.863336e+01
      vertex   -2.350000e+01 1.320158e+02 4.863336e+01
      vertex   -2.350000e+01 1.323282e+02 4.776219e+01
    endloop
  endfacet
  facet normal -1.079615e-14 -9.412775e-01 -3.376338e-01
    outer loop
      vertex   -2.080000e+01 1.320158e+02 4.863336e+01
      vertex   -2.350000e+01 1.323282e+02 4.776219e+01
      vertex   -2.080000e+01 1.323282e+02 4.776219e+01
    endloop
  endfacet
  facet normal -1.082942e-14 -9.531352e-01 -3.025446e-01
    outer loop
      vertex   -2.080000e+01 1.323282e+02 4.776219e+01
      vertex   -2.350000e+01 1.323282e+02 4.776219e+01
      vertex   -2.350000e+01 1.326085e+02 4.687922e+01
    endloop
  endfacet
  facet normal -7.989672e-16 -9.531352e-01 -3.025446e-01
    outer loop
      vertex   -2.080000e+01 1.323282e+02 4.776219e+01
      vertex   -2.350000e+01 1.326085e+02 4.687922e+01
      vertex   -2.080000e+01 1.326085e+02 4.687922e+01
    endloop
  endfacet
  facet normal -7.026467e-16 -9.636966e-01 -2.669996e-01
    outer loop
      vertex   -2.080000e+01 1.326085e+02 4.687922e+01
      vertex   -2.350000e+01 1.326085e+02 4.687922e+01
      vertex   -2.350000e+01 1.328562e+02 4.598533e+01
    endloop
  endfacet
  facet normal -7.092820e-16 -9.636966e-01 -2.669996e-01
    outer loop
      vertex   -2.080000e+01 1.326085e+02 4.687922e+01
      vertex   -2.350000e+01 1.328562e+02 4.598533e+01
      vertex   -2.080000e+01 1.328562e+02 4.598533e+01
    endloop
  endfacet
  facet normal -6.080239e-16 -9.729434e-01 -2.310438e-01
    outer loop
      vertex   -2.080000e+01 1.328562e+02 4.598533e+01
      vertex   -2.350000e+01 1.328562e+02 4.598533e+01
      vertex   -2.350000e+01 1.330707e+02 4.508180e+01
    endloop
  endfacet
  facet normal 2.047880e-14 -9.729434e-01 -2.310438e-01
    outer loop
      vertex   -2.080000e+01 1.328562e+02 4.598533e+01
      vertex   -2.350000e+01 1.330707e+02 4.508180e+01
      vertex   -2.080000e+01 1.330707e+02 4.508180e+01
    endloop
  endfacet
  facet normal 2.064993e-14 -9.808489e-01 -1.947700e-01
    outer loop
      vertex   -2.080000e+01 1.330707e+02 4.508180e+01
      vertex   -2.350000e+01 1.330707e+02 4.508180e+01
      vertex   -2.350000e+01 1.332514e+02 4.417202e+01
    endloop
  endfacet
  facet normal 1.032926e-14 -9.808489e-01 -1.947700e-01
    outer loop
      vertex   -2.080000e+01 1.330707e+02 4.508180e+01
      vertex   -2.350000e+01 1.332514e+02 4.417202e+01
      vertex   -2.080000e+01 1.332514e+02 4.417202e+01
    endloop
  endfacet
  facet normal 1.039388e-14 -9.873954e-01 -1.582727e-01
    outer loop
      vertex   -2.080000e+01 1.332514e+02 4.417202e+01
      vertex   -2.350000e+01 1.332514e+02 4.417202e+01
      vertex   -2.350000e+01 1.333980e+02 4.325734e+01
    endloop
  endfacet
  facet normal -1.253966e-15 -9.873954e-01 -1.582727e-01
    outer loop
      vertex   -2.080000e+01 1.332514e+02 4.417202e+01
      vertex   -2.350000e+01 1.333980e+02 4.325734e+01
      vertex   -2.080000e+01 1.333980e+02 4.325734e+01
    endloop
  endfacet
  facet normal -9.600181e-16 -9.925792e-01 -1.215995e-01
    outer loop
      vertex   -2.080000e+01 1.333980e+02 4.325734e+01
      vertex   -2.350000e+01 1.333980e+02 4.325734e+01
      vertex   -2.350000e+01 1.335105e+02 4.233871e+01
    endloop
  endfacet
  facet normal 1.076857e-14 -9.925792e-01 -1.215995e-01
    outer loop
      vertex   -2.080000e+01 1.333980e+02 4.325734e+01
      vertex   -2.350000e+01 1.335105e+02 4.233871e+01
      vertex   -2.080000e+01 1.335105e+02 4.233871e+01
    endloop
  endfacet
  facet normal 1.071179e-14 -9.963989e-01 -8.478893e-02
    outer loop
      vertex   -2.080000e+01 1.335105e+02 4.233871e+01
      vertex   -2.350000e+01 1.335105e+02 4.233871e+01
      vertex   -2.350000e+01 1.335890e+02 4.141708e+01
    endloop
  endfacet
  facet normal -1.071375e-14 -9.963989e-01 -8.478893e-02
    outer loop
      vertex   -2.080000e+01 1.335105e+02 4.233871e+01
      vertex   -2.350000e+01 1.335890e+02 4.141708e+01
      vertex   -2.080000e+01 1.335890e+02 4.141708e+01
    endloop
  endfacet
  facet normal -1.064049e-14 -9.988531e-01 -4.787886e-02
    outer loop
      vertex   -2.080000e+01 1.335890e+02 4.141708e+01
      vertex   -2.350000e+01 1.335890e+02 4.141708e+01
      vertex   -2.350000e+01 1.336333e+02 4.049341e+01
    endloop
  endfacet
  facet normal 0.000000e+00 -9.988531e-01 -4.787886e-02
    outer loop
      vertex   -2.080000e+01 1.335890e+02 4.141708e+01
      vertex   -2.350000e+01 1.336333e+02 4.049341e+01
      vertex   -2.080000e+01 1.336333e+02 4.049341e+01
    endloop
  endfacet
  facet normal -0.000000e+00 -9.999405e-01 -1.090656e-02
    outer loop
      vertex   -2.080000e+01 1.336333e+02 4.049341e+01
      vertex   -2.350000e+01 1.336333e+02 4.049341e+01
      vertex   -2.350000e+01 1.336433e+02 3.956866e+01
    endloop
  endfacet
  facet normal 1.049736e-14 -9.999405e-01 -1.090656e-02
    outer loop
      vertex   -2.080000e+01 1.336333e+02 4.049341e+01
      vertex   -2.350000e+01 1.336433e+02 3.956866e+01
      vertex   -2.080000e+01 1.336433e+02 3.956866e+01
    endloop
  endfacet
  facet normal 1.059164e-14 -9.996596e-01 2.609079e-02
    outer loop
      vertex   -2.080000e+01 1.336433e+02 3.956866e+01
      vertex   -2.350000e+01 1.336433e+02 3.956866e+01
      vertex   -2.350000e+01 1.336192e+02 3.864378e+01
    endloop
  endfacet
  facet normal 2.084006e-14 -9.996596e-01 2.609079e-02
    outer loop
      vertex   -2.080000e+01 1.336433e+02 3.956866e+01
      vertex   -2.350000e+01 1.336192e+02 3.864378e+01
      vertex   -2.080000e+01 1.336192e+02 3.864378e+01
    endloop
  endfacet
  facet normal 2.051322e-14 -9.980087e-01 6.307572e-02
    outer loop
      vertex   -2.080000e+01 1.336192e+02 3.864378e+01
      vertex   -2.350000e+01 1.336192e+02 3.864378e+01
      vertex   -2.350000e+01 1.335608e+02 3.771972e+01
    endloop
  endfacet
  facet normal -1.033925e-14 -9.980087e-01 6.307572e-02
    outer loop
      vertex   -2.080000e+01 1.336192e+02 3.864378e+01
      vertex   -2.350000e+01 1.335608e+02 3.771972e+01
      vertex   -2.080000e+01 1.335608e+02 3.771972e+01
    endloop
  endfacet
  facet normal -1.021059e-14 -9.949864e-01 1.000100e-01
    outer loop
      vertex   -2.080000e+01 1.335608e+02 3.771972e+01
      vertex   -2.350000e+01 1.335608e+02 3.771972e+01
      vertex   -2.350000e+01 1.334681e+02 3.679745e+01
    endloop
  endfacet
  facet normal 2.661671e-16 -9.949864e-01 1.000100e-01
    outer loop
      vertex   -2.080000e+01 1.335608e+02 3.771972e+01
      vertex   -2.350000e+01 1.334681e+02 3.679745e+01
      vertex   -2.080000e+01 1.334681e+02 3.679745e+01
    endloop
  endfacet
  facet normal 3.601517e-16 -9.905912e-01 1.368545e-01
    outer loop
      vertex   -2.080000e+01 1.334681e+02 3.679745e+01
      vertex   -2.350000e+01 1.334681e+02 3.679745e+01
      vertex   -2.350000e+01 1.333411e+02 3.587791e+01
    endloop
  endfacet
  facet normal 0.000000e+00 -9.905912e-01 1.368545e-01
    outer loop
      vertex   -2.080000e+01 1.334681e+02 3.679745e+01
      vertex   -2.350000e+01 1.333411e+02 3.587791e+01
      vertex   -2.080000e+01 1.333411e+02 3.587791e+01
    endloop
  endfacet
  facet normal -0.000000e+00 1.305262e-01 9.914449e-01
    outer loop
      vertex   -2.350000e+01 1.125564e+02 4.919637e+00
      vertex   -2.080000e+01 1.125564e+02 4.919637e+00
      vertex   -2.350000e+01 1.129317e+02 4.870230e+00
    endloop
  endfacet
  facet normal -9.784221e-16 1.305262e-01 9.914449e-01
    outer loop
      vertex   -2.350000e+01 1.129317e+02 4.870230e+00
      vertex   -2.080000e+01 1.125564e+02 4.919637e+00
      vertex   -2.080000e+01 1.129317e+02 4.870230e+00
    endloop
  endfacet
  facet normal -9.784221e-16 -1.305262e-01 9.914449e-01
    outer loop
      vertex   -2.350000e+01 1.129317e+02 4.870230e+00
      vertex   -2.080000e+01 1.129317e+02 4.870230e+00
      vertex   -2.350000e+01 1.133069e+02 4.919637e+00
    endloop
  endfacet
  facet normal 0.000000e+00 -1.305262e-01 9.914449e-01
    outer loop
      vertex   -2.350000e+01 1.133069e+02 4.919637e+00
      vertex   -2.080000e+01 1.129317e+02 4.870230e+00
      vertex   -2.080000e+01 1.133069e+02 4.919637e+00
    endloop
  endfacet
  facet normal 0.000000e+00 -3.826834e-01 9.238795e-01
    outer loop
      vertex   -2.350000e+01 1.133069e+02 4.919637e+00
      vertex   -2.080000e+01 1.133069e+02 4.919637e+00
      vertex   -2.350000e+01 1.136567e+02 5.064493e+00
    endloop
  endfacet
  facet normal 0.000000e+00 -3.826834e-01 9.238795e-01
    outer loop
      vertex   -2.350000e+01 1.136567e+02 5.064493e+00
      vertex   -2.080000e+01 1.133069e+02 4.919637e+00
      vertex   -2.080000e+01 1.136567e+02 5.064493e+00
    endloop
  endfacet
  facet normal 0.000000e+00 -6.087614e-01 7.933533e-01
    outer loop
      vertex   -2.350000e+01 1.136567e+02 5.064493e+00
      vertex   -2.080000e+01 1.136567e+02 5.064493e+00
      vertex   -2.350000e+01 1.139570e+02 5.294925e+00
    endloop
  endfacet
  facet normal 0.000000e+00 -6.087614e-01 7.933533e-01
    outer loop
      vertex   -2.350000e+01 1.139570e+02 5.294925e+00
      vertex   -2.080000e+01 1.136567e+02 5.064493e+00
      vertex   -2.080000e+01 1.139570e+02 5.294925e+00
    endloop
  endfacet
  facet normal 0.000000e+00 -7.933533e-01 6.087614e-01
    outer loop
      vertex   -2.350000e+01 1.139570e+02 5.294925e+00
      vertex   -2.080000e+01 1.139570e+02 5.294925e+00
      vertex   -2.350000e+01 1.141874e+02 5.595230e+00
    endloop
  endfacet
  facet normal 2.002551e-16 -7.933533e-01 6.087614e-01
    outer loop
      vertex   -2.350000e+01 1.141874e+02 5.595230e+00
      vertex   -2.080000e+01 1.139570e+02 5.294925e+00
      vertex   -2.080000e+01 1.141874e+02 5.595230e+00
    endloop
  endfacet
  facet normal 1.258856e-16 -9.238795e-01 3.826834e-01
    outer loop
      vertex   -2.350000e+01 1.141874e+02 5.595230e+00
      vertex   -2.080000e+01 1.141874e+02 5.595230e+00
      vertex   -2.350000e+01 1.143323e+02 5.944942e+00
    endloop
  endfacet
  facet normal 0.000000e+00 -9.238795e-01 3.826834e-01
    outer loop
      vertex   -2.350000e+01 1.143323e+02 5.944942e+00
      vertex   -2.080000e+01 1.141874e+02 5.595230e+00
      vertex   -2.080000e+01 1.143323e+02 5.944942e+00
    endloop
  endfacet
  facet normal 0.000000e+00 -9.914449e-01 1.305262e-01
    outer loop
      vertex   -2.350000e+01 1.143323e+02 5.944942e+00
      vertex   -2.080000e+01 1.143323e+02 5.944942e+00
      vertex   -2.350000e+01 1.143817e+02 6.320230e+00
    endloop
  endfacet
  facet normal 0.000000e+00 -9.914449e-01 1.305262e-01
    outer loop
      vertex   -2.350000e+01 1.143817e+02 6.320230e+00
      vertex   -2.080000e+01 1.143323e+02 5.944942e+00
      vertex   -2.080000e+01 1.143817e+02 6.320230e+00
    endloop
  endfacet
  facet normal 0.000000e+00 -9.914449e-01 -1.305262e-01
    outer loop
      vertex   -2.350000e+01 1.143817e+02 6.320230e+00
      vertex   -2.080000e+01 1.143817e+02 6.320230e+00
      vertex   -2.350000e+01 1.143323e+02 6.695517e+00
    endloop
  endfacet
  facet normal -8.587448e-17 -9.914449e-01 -1.305262e-01
    outer loop
      vertex   -2.350000e+01 1.143323e+02 6.695517e+00
      vertex   -2.080000e+01 1.143817e+02 6.320230e+00
      vertex   -2.080000e+01 1.143323e+02 6.695517e+00
    endloop
  endfacet
  facet normal -2.517712e-16 -9.238795e-01 -3.826834e-01
    outer loop
      vertex   -2.350000e+01 1.143323e+02 6.695517e+00
      vertex   -2.080000e+01 1.143323e+02 6.695517e+00
      vertex   -2.350000e+01 1.141874e+02 7.045230e+00
    endloop
  endfacet
  facet normal 0.000000e+00 -9.238795e-01 -3.826834e-01
    outer loop
      vertex   -2.350000e+01 1.141874e+02 7.045230e+00
      vertex   -2.080000e+01 1.143323e+02 6.695517e+00
      vertex   -2.080000e+01 1.141874e+02 7.045230e+00
    endloop
  endfacet
  facet normal 0.000000e+00 -7.933533e-01 -6.087614e-01
    outer loop
      vertex   -2.350000e+01 1.141874e+02 7.045230e+00
      vertex   -2.080000e+01 1.141874e+02 7.045230e+00
      vertex   -2.350000e+01 1.139570e+02 7.345534e+00
    endloop
  endfacet
  facet normal -2.002551e-16 -7.933533e-01 -6.087614e-01
    outer loop
      vertex   -2.350000e+01 1.139570e+02 7.345534e+00
      vertex   -2.080000e+01 1.141874e+02 7.045230e+00
      vertex   -2.080000e+01 1.139570e+02 7.345534e+00
    endloop
  endfacet
  facet normal -2.609775e-16 -6.087614e-01 -7.933533e-01
    outer loop
      vertex   -2.350000e+01 1.139570e+02 7.345534e+00
      vertex   -2.080000e+01 1.139570e+02 7.345534e+00
      vertex   -2.350000e+01 1.136567e+02 7.575966e+00
    endloop
  endfacet
  facet normal 0.000000e+00 -6.087614e-01 -7.933533e-01
    outer loop
      vertex   -2.350000e+01 1.136567e+02 7.575966e+00
      vertex   -2.080000e+01 1.139570e+02 7.345534e+00
      vertex   -2.080000e+01 1.136567e+02 7.575966e+00
    endloop
  endfacet
  facet normal 0.000000e+00 -3.826834e-01 -9.238795e-01
    outer loop
      vertex   -2.350000e+01 1.136567e+02 7.575966e+00
      vertex   -2.080000e+01 1.136567e+02 7.575966e+00
      vertex   -2.350000e+01 1.133069e+02 7.720822e+00
    endloop
  endfacet
  facet normal 0.000000e+00 -3.826834e-01 -9.238795e-01
    outer loop
      vertex   -2.350000e+01 1.133069e+02 7.720822e+00
      vertex   -2.080000e+01 1.136567e+02 7.575966e+00
      vertex   -2.080000e+01 1.133069e+02 7.720822e+00
    endloop
  endfacet
  facet normal 0.000000e+00 -1.305262e-01 -9.914449e-01
    outer loop
      vertex   -2.350000e+01 1.133069e+02 7.720822e+00
      vertex   -2.080000e+01 1.133069e+02 7.720822e+00
      vertex   -2.350000e+01 1.129317e+02 7.770230e+00
    endloop
  endfacet
  facet normal 0.000000e+00 -1.305262e-01 -9.914449e-01
    outer loop
      vertex   -2.350000e+01 1.129317e+02 7.770230e+00
      vertex   -2.080000e+01 1.133069e+02 7.720822e+00
      vertex   -2.080000e+01 1.129317e+02 7.770230e+00
    endloop
  endfacet
  facet normal 0.000000e+00 1.305262e-01 -9.914449e-01
    outer loop
      vertex   -2.350000e+01 1.129317e+02 7.770230e+00
      vertex   -2.080000e+01 1.129317e+02 7.770230e+00
      vertex   -2.350000e+01 1.125564e+02 7.720822e+00
    endloop
  endfacet
  facet normal 0.000000e+00 1.305262e-01 -9.914449e-01
    outer loop
      vertex   -2.350000e+01 1.125564e+02 7.720822e+00
      vertex   -2.080000e+01 1.129317e+02 7.770230e+00
      vertex   -2.080000e+01 1.125564e+02 7.720822e+00
    endloop
  endfacet
  facet normal 0.000000e+00 3.826834e-01 -9.238795e-01
    outer loop
      vertex   -2.350000e+01 1.125564e+02 7.720822e+00
      vertex   -2.080000e+01 1.125564e+02 7.720822e+00
      vertex   -2.350000e+01 1.122067e+02 7.575966e+00
    endloop
  endfacet
  facet normal 0.000000e+00 3.826834e-01 -9.238795e-01
    outer loop
      vertex   -2.350000e+01 1.122067e+02 7.575966e+00
      vertex   -2.080000e+01 1.125564e+02 7.720822e+00
      vertex   -2.080000e+01 1.122067e+02 7.575966e+00
    endloop
  endfacet
  facet normal 0.000000e+00 6.087614e-01 -7.933533e-01
    outer loop
      vertex   -2.350000e+01 1.122067e+02 7.575966e+00
      vertex   -2.080000e+01 1.122067e+02 7.575966e+00
      vertex   -2.350000e+01 1.119064e+02 7.345534e+00
    endloop
  endfacet
  facet normal 2.609775e-16 6.087614e-01 -7.933533e-01
    outer loop
      vertex   -2.350000e+01 1.119064e+02 7.345534e+00
      vertex   -2.080000e+01 1.122067e+02 7.575966e+00
      vertex   -2.080000e+01 1.119064e+02 7.345534e+00
    endloop
  endfacet
  facet normal 2.002551e-16 7.933533e-01 -6.087614e-01
    outer loop
      vertex   -2.350000e+01 1.119064e+02 7.345534e+00
      vertex   -2.080000e+01 1.119064e+02 7.345534e+00
      vertex   -2.350000e+01 1.116759e+02 7.045230e+00
    endloop
  endfacet
  facet normal 0.000000e+00 7.933533e-01 -6.087614e-01
    outer loop
      vertex   -2.350000e+01 1.116759e+02 7.045230e+00
      vertex   -2.080000e+01 1.119064e+02 7.345534e+00
      vertex   -2.080000e+01 1.116759e+02 7.045230e+00
    endloop
  endfacet
  facet normal 0.000000e+00 9.238795e-01 -3.826834e-01
    outer loop
      vertex   -2.350000e+01 1.116759e+02 7.045230e+00
      vertex   -2.080000e+01 1.116759e+02 7.045230e+00
      vertex   -2.350000e+01 1.115311e+02 6.695517e+00
    endloop
  endfacet
  facet normal 2.517712e-16 9.238795e-01 -3.826834e-01
    outer loop
      vertex   -2.350000e+01 1.115311e+02 6.695517e+00
      vertex   -2.080000e+01 1.116759e+02 7.045230e+00
      vertex   -2.080000e+01 1.115311e+02 6.695517e+00
    endloop
  endfacet
  facet normal 8.587448e-17 9.914449e-01 -1.305262e-01
    outer loop
      vertex   -2.350000e+01 1.115311e+02 6.695517e+00
      vertex   -2.080000e+01 1.115311e+02 6.695517e+00
      vertex   -2.350000e+01 1.114817e+02 6.320230e+00
    endloop
  endfacet
  facet normal 0.000000e+00 9.914449e-01 -1.305262e-01
    outer loop
      vertex   -2.350000e+01 1.114817e+02 6.320230e+00
      vertex   -2.080000e+01 1.115311e+02 6.695517e+00
      vertex   -2.080000e+01 1.114817e+02 6.320230e+00
    endloop
  endfacet
  facet normal -0.000000e+00 9.914449e-01 1.305262e-01
    outer loop
      vertex   -2.350000e+01 1.114817e+02 6.320230e+00
      vertex   -2.080000e+01 1.114817e+02 6.320230e+00
      vertex   -2.350000e+01 1.115311e+02 5.944942e+00
    endloop
  endfacet
  facet normal -0.000000e+00 9.914449e-01 1.305262e-01
    outer loop
      vertex   -2.350000e+01 1.115311e+02 5.944942e+00
      vertex   -2.080000e+01 1.114817e+02 6.320230e+00
      vertex   -2.080000e+01 1.115311e+02 5.944942e+00
    endloop
  endfacet
  facet normal -0.000000e+00 9.238795e-01 3.826834e-01
    outer loop
      vertex   -2.350000e+01 1.115311e+02 5.944942e+00
      vertex   -2.080000e+01 1.115311e+02 5.944942e+00
      vertex   -2.350000e+01 1.116759e+02 5.595230e+00
    endloop
  endfacet
  facet normal -1.258856e-16 9.238795e-01 3.826834e-01
    outer loop
      vertex   -2.350000e+01 1.116759e+02 5.595230e+00
      vertex   -2.080000e+01 1.115311e+02 5.944942e+00
      vertex   -2.080000e+01 1.116759e+02 5.595230e+00
    endloop
  endfacet
  facet normal -2.002551e-16 7.933533e-01 6.087614e-01
    outer loop
      vertex   -2.350000e+01 1.116759e+02 5.595230e+00
      vertex   -2.080000e+01 1.116759e+02 5.595230e+00
      vertex   -2.350000e+01 1.119064e+02 5.294925e+00
    endloop
  endfacet
  facet normal -0.000000e+00 7.933533e-01 6.087614e-01
    outer loop
      vertex   -2.350000e+01 1.119064e+02 5.294925e+00
      vertex   -2.080000e+01 1.116759e+02 5.595230e+00
      vertex   -2.080000e+01 1.119064e+02 5.294925e+00
    endloop
  endfacet
  facet normal -0.000000e+00 6.087614e-01 7.933533e-01
    outer loop
      vertex   -2.350000e+01 1.119064e+02 5.294925e+00
      vertex   -2.080000e+01 1.119064e+02 5.294925e+00
      vertex   -2.350000e+01 1.122067e+02 5.064493e+00
    endloop
  endfacet
  facet normal -0.000000e+00 6.087614e-01 7.933533e-01
    outer loop
      vertex   -2.350000e+01 1.122067e+02 5.064493e+00
      vertex   -2.080000e+01 1.119064e+02 5.294925e+00
      vertex   -2.080000e+01 1.122067e+02 5.064493e+00
    endloop
  endfacet
  facet normal -0.000000e+00 3.826834e-01 9.238795e-01
    outer loop
      vertex   -2.350000e+01 1.122067e+02 5.064493e+00
      vertex   -2.080000e+01 1.122067e+02 5.064493e+00
      vertex   -2.350000e+01 1.125564e+02 4.919637e+00
    endloop
  endfacet
  facet normal -0.000000e+00 3.826834e-01 9.238795e-01
    outer loop
      vertex   -2.350000e+01 1.125564e+02 4.919637e+00
      vertex   -2.080000e+01 1.122067e+02 5.064493e+00
      vertex   -2.080000e+01 1.125564e+02 4.919637e+00
    endloop
  endfacet
endsolid
