solid ASCII
  facet normal 9.914449e-01 -1.545741e-16 1.305262e-01
    outer loop
      vertex   -2.328500e+01 -7.039000e+00 -9.922537e+00
      vertex   -2.328500e+01 -5.539000e+00 -9.922537e+00
      vertex   -2.333441e+01 -7.039000e+00 -9.547250e+00
    endloop
  endfacet
  facet normal 9.914449e-01 -0.000000e+00 1.305262e-01
    outer loop
      vertex   -2.333441e+01 -7.039000e+00 -9.547250e+00
      vertex   -2.328500e+01 -5.539000e+00 -9.922537e+00
      vertex   -2.333441e+01 -5.539000e+00 -9.547250e+00
    endloop
  endfacet
  facet normal 9.914449e-01 0.000000e+00 -1.305262e-01
    outer loop
      vertex   -2.333441e+01 -7.039000e+00 -9.547250e+00
      vertex   -2.333441e+01 -5.539000e+00 -9.547250e+00
      vertex   -2.328500e+01 -7.039000e+00 -9.171962e+00
    endloop
  endfacet
  facet normal 9.914449e-01 1.545741e-16 -1.305262e-01
    outer loop
      vertex   -2.328500e+01 -7.039000e+00 -9.171962e+00
      vertex   -2.333441e+01 -5.539000e+00 -9.547250e+00
      vertex   -2.328500e+01 -5.539000e+00 -9.171962e+00
    endloop
  endfacet
  facet normal 9.238795e-01 4.531882e-16 -3.826834e-01
    outer loop
      vertex   -2.328500e+01 -7.039000e+00 -9.171962e+00
      vertex   -2.328500e+01 -5.539000e+00 -9.171962e+00
      vertex   -2.314015e+01 -7.039000e+00 -8.822250e+00
    endloop
  endfacet
  facet normal 9.238795e-01 0.000000e+00 -3.826834e-01
    outer loop
      vertex   -2.314015e+01 -7.039000e+00 -8.822250e+00
      vertex   -2.328500e+01 -5.539000e+00 -9.171962e+00
      vertex   -2.314015e+01 -5.539000e+00 -8.822250e+00
    endloop
  endfacet
  facet normal 7.933533e-01 0.000000e+00 -6.087614e-01
    outer loop
      vertex   -2.314015e+01 -7.039000e+00 -8.822250e+00
      vertex   -2.314015e+01 -5.539000e+00 -8.822250e+00
      vertex   -2.290971e+01 -7.039000e+00 -8.521945e+00
    endloop
  endfacet
  facet normal 7.933533e-01 0.000000e+00 -6.087614e-01
    outer loop
      vertex   -2.290971e+01 -7.039000e+00 -8.521945e+00
      vertex   -2.314015e+01 -5.539000e+00 -8.822250e+00
      vertex   -2.290971e+01 -5.539000e+00 -8.521945e+00
    endloop
  endfacet
  facet normal 6.087614e-01 0.000000e+00 -7.933533e-01
    outer loop
      vertex   -2.290971e+01 -7.039000e+00 -8.521945e+00
      vertex   -2.290971e+01 -5.539000e+00 -8.521945e+00
      vertex   -2.260941e+01 -7.039000e+00 -8.291513e+00
    endloop
  endfacet
  facet normal 6.087614e-01 -1.441837e-15 -7.933533e-01
    outer loop
      vertex   -2.260941e+01 -7.039000e+00 -8.291513e+00
      vertex   -2.290971e+01 -5.539000e+00 -8.521945e+00
      vertex   -2.260941e+01 -5.539000e+00 -8.291513e+00
    endloop
  endfacet
  facet normal 3.826834e-01 -9.063764e-16 -9.238795e-01
    outer loop
      vertex   -2.260941e+01 -7.039000e+00 -8.291513e+00
      vertex   -2.260941e+01 -5.539000e+00 -8.291513e+00
      vertex   -2.225970e+01 -7.039000e+00 -8.146657e+00
    endloop
  endfacet
  facet normal 3.826834e-01 0.000000e+00 -9.238795e-01
    outer loop
      vertex   -2.225970e+01 -7.039000e+00 -8.146657e+00
      vertex   -2.260941e+01 -5.539000e+00 -8.291513e+00
      vertex   -2.225970e+01 -5.539000e+00 -8.146657e+00
    endloop
  endfacet
  facet normal 1.305262e-01 0.000000e+00 -9.914449e-01
    outer loop
      vertex   -2.225970e+01 -7.039000e+00 -8.146657e+00
      vertex   -2.225970e+01 -5.539000e+00 -8.146657e+00
      vertex   -2.188441e+01 -7.039000e+00 -8.097250e+00
    endloop
  endfacet
  facet normal 1.305262e-01 0.000000e+00 -9.914449e-01
    outer loop
      vertex   -2.188441e+01 -7.039000e+00 -8.097250e+00
      vertex   -2.225970e+01 -5.539000e+00 -8.146657e+00
      vertex   -2.188441e+01 -5.539000e+00 -8.097250e+00
    endloop
  endfacet
  facet normal -1.305262e-01 0.000000e+00 -9.914449e-01
    outer loop
      vertex   -2.188441e+01 -7.039000e+00 -8.097250e+00
      vertex   -2.188441e+01 -5.539000e+00 -8.097250e+00
      vertex   -2.150912e+01 -7.039000e+00 -8.146657e+00
    endloop
  endfacet
  facet normal -1.305262e-01 0.000000e+00 -9.914449e-01
    outer loop
      vertex   -2.150912e+01 -7.039000e+00 -8.146657e+00
      vertex   -2.188441e+01 -5.539000e+00 -8.097250e+00
      vertex   -2.150912e+01 -5.539000e+00 -8.146657e+00
    endloop
  endfacet
  facet normal -3.826834e-01 0.000000e+00 -9.238795e-01
    outer loop
      vertex   -2.150912e+01 -7.039000e+00 -8.146657e+00
      vertex   -2.150912e+01 -5.539000e+00 -8.146657e+00
      vertex   -2.115941e+01 -7.039000e+00 -8.291513e+00
    endloop
  endfacet
  facet normal -3.826834e-01 9.063764e-16 -9.238795e-01
    outer loop
      vertex   -2.115941e+01 -7.039000e+00 -8.291513e+00
      vertex   -2.150912e+01 -5.539000e+00 -8.146657e+00
      vertex   -2.115941e+01 -5.539000e+00 -8.291513e+00
    endloop
  endfacet
  facet normal -6.087614e-01 1.441837e-15 -7.933533e-01
    outer loop
      vertex   -2.115941e+01 -7.039000e+00 -8.291513e+00
      vertex   -2.115941e+01 -5.539000e+00 -8.291513e+00
      vertex   -2.085910e+01 -7.039000e+00 -8.521945e+00
    endloop
  endfacet
  facet normal -6.087614e-01 0.000000e+00 -7.933533e-01
    outer loop
      vertex   -2.085910e+01 -7.039000e+00 -8.521945e+00
      vertex   -2.115941e+01 -5.539000e+00 -8.291513e+00
      vertex   -2.085910e+01 -5.539000e+00 -8.521945e+00
    endloop
  endfacet
  facet normal -7.933533e-01 0.000000e+00 -6.087614e-01
    outer loop
      vertex   -2.085910e+01 -7.039000e+00 -8.521945e+00
      vertex   -2.085910e+01 -5.539000e+00 -8.521945e+00
      vertex   -2.062867e+01 -7.039000e+00 -8.822250e+00
    endloop
  endfacet
  facet normal -7.933533e-01 0.000000e+00 -6.087614e-01
    outer loop
      vertex   -2.062867e+01 -7.039000e+00 -8.822250e+00
      vertex   -2.085910e+01 -5.539000e+00 -8.521945e+00
      vertex   -2.062867e+01 -5.539000e+00 -8.822250e+00
    endloop
  endfacet
  facet normal -9.238795e-01 0.000000e+00 -3.826834e-01
    outer loop
      vertex   -2.062867e+01 -7.039000e+00 -8.822250e+00
      vertex   -2.062867e+01 -5.539000e+00 -8.822250e+00
      vertex   -2.048382e+01 -7.039000e+00 -9.171962e+00
    endloop
  endfacet
  facet normal -9.238795e-01 4.376373e-15 -3.826834e-01
    outer loop
      vertex   -2.048382e+01 -7.039000e+00 -9.171962e+00
      vertex   -2.062867e+01 -5.539000e+00 -8.822250e+00
      vertex   -2.048382e+01 -5.539000e+00 -9.171962e+00
    endloop
  endfacet
  facet normal -9.914449e-01 4.696426e-15 -1.305262e-01
    outer loop
      vertex   -2.048382e+01 -7.039000e+00 -9.171962e+00
      vertex   -2.048382e+01 -5.539000e+00 -9.171962e+00
      vertex   -2.043441e+01 -7.039000e+00 -9.547250e+00
    endloop
  endfacet
  facet normal -9.914449e-01 0.000000e+00 -1.305262e-01
    outer loop
      vertex   -2.043441e+01 -7.039000e+00 -9.547250e+00
      vertex   -2.048382e+01 -5.539000e+00 -9.171962e+00
      vertex   -2.043441e+01 -5.539000e+00 -9.547250e+00
    endloop
  endfacet
  facet normal -9.914449e-01 0.000000e+00 1.305262e-01
    outer loop
      vertex   -2.043441e+01 -7.039000e+00 -9.547250e+00
      vertex   -2.043441e+01 -5.539000e+00 -9.547250e+00
      vertex   -2.048382e+01 -7.039000e+00 -9.922537e+00
    endloop
  endfacet
  facet normal -9.914449e-01 -4.696426e-15 1.305262e-01
    outer loop
      vertex   -2.048382e+01 -7.039000e+00 -9.922537e+00
      vertex   -2.043441e+01 -5.539000e+00 -9.547250e+00
      vertex   -2.048382e+01 -5.539000e+00 -9.922537e+00
    endloop
  endfacet
  facet normal -9.238795e-01 -4.376373e-15 3.826834e-01
    outer loop
      vertex   -2.048382e+01 -7.039000e+00 -9.922537e+00
      vertex   -2.048382e+01 -5.539000e+00 -9.922537e+00
      vertex   -2.062867e+01 -7.039000e+00 -1.027225e+01
    endloop
  endfacet
  facet normal -9.238795e-01 0.000000e+00 3.826834e-01
    outer loop
      vertex   -2.062867e+01 -7.039000e+00 -1.027225e+01
      vertex   -2.048382e+01 -5.539000e+00 -9.922537e+00
      vertex   -2.062867e+01 -5.539000e+00 -1.027225e+01
    endloop
  endfacet
  facet normal -7.933533e-01 0.000000e+00 6.087614e-01
    outer loop
      vertex   -2.062867e+01 -7.039000e+00 -1.027225e+01
      vertex   -2.062867e+01 -5.539000e+00 -1.027225e+01
      vertex   -2.085910e+01 -7.039000e+00 -1.057255e+01
    endloop
  endfacet
  facet normal -7.933533e-01 7.209184e-16 6.087614e-01
    outer loop
      vertex   -2.085910e+01 -7.039000e+00 -1.057255e+01
      vertex   -2.062867e+01 -5.539000e+00 -1.027225e+01
      vertex   -2.085910e+01 -5.539000e+00 -1.057255e+01
    endloop
  endfacet
  facet normal -6.087614e-01 9.395191e-16 7.933533e-01
    outer loop
      vertex   -2.085910e+01 -7.039000e+00 -1.057255e+01
      vertex   -2.085910e+01 -5.539000e+00 -1.057255e+01
      vertex   -2.115941e+01 -7.039000e+00 -1.080299e+01
    endloop
  endfacet
  facet normal -6.087614e-01 -1.441837e-15 7.933533e-01
    outer loop
      vertex   -2.115941e+01 -7.039000e+00 -1.080299e+01
      vertex   -2.085910e+01 -5.539000e+00 -1.057255e+01
      vertex   -2.115941e+01 -5.539000e+00 -1.080299e+01
    endloop
  endfacet
  facet normal -3.826834e-01 -9.063764e-16 9.238795e-01
    outer loop
      vertex   -2.115941e+01 -7.039000e+00 -1.080299e+01
      vertex   -2.115941e+01 -5.539000e+00 -1.080299e+01
      vertex   -2.150912e+01 -7.039000e+00 -1.094784e+01
    endloop
  endfacet
  facet normal -3.826834e-01 0.000000e+00 9.238795e-01
    outer loop
      vertex   -2.150912e+01 -7.039000e+00 -1.094784e+01
      vertex   -2.115941e+01 -5.539000e+00 -1.080299e+01
      vertex   -2.150912e+01 -5.539000e+00 -1.094784e+01
    endloop
  endfacet
  facet normal -1.305262e-01 0.000000e+00 9.914449e-01
    outer loop
      vertex   -2.150912e+01 -7.039000e+00 -1.094784e+01
      vertex   -2.150912e+01 -5.539000e+00 -1.094784e+01
      vertex   -2.188441e+01 -7.039000e+00 -1.099725e+01
    endloop
  endfacet
  facet normal -1.305262e-01 0.000000e+00 9.914449e-01
    outer loop
      vertex   -2.188441e+01 -7.039000e+00 -1.099725e+01
      vertex   -2.150912e+01 -5.539000e+00 -1.094784e+01
      vertex   -2.188441e+01 -5.539000e+00 -1.099725e+01
    endloop
  endfacet
  facet normal 1.305262e-01 -0.000000e+00 9.914449e-01
    outer loop
      vertex   -2.188441e+01 -7.039000e+00 -1.099725e+01
      vertex   -2.188441e+01 -5.539000e+00 -1.099725e+01
      vertex   -2.225970e+01 -7.039000e+00 -1.094784e+01
    endloop
  endfacet
  facet normal 1.305262e-01 -0.000000e+00 9.914449e-01
    outer loop
      vertex   -2.225970e+01 -7.039000e+00 -1.094784e+01
      vertex   -2.188441e+01 -5.539000e+00 -1.099725e+01
      vertex   -2.225970e+01 -5.539000e+00 -1.094784e+01
    endloop
  endfacet
  facet normal 3.826834e-01 -0.000000e+00 9.238795e-01
    outer loop
      vertex   -2.225970e+01 -7.039000e+00 -1.094784e+01
      vertex   -2.225970e+01 -5.539000e+00 -1.094784e+01
      vertex   -2.260941e+01 -7.039000e+00 -1.080299e+01
    endloop
  endfacet
  facet normal 3.826834e-01 -1.877167e-16 9.238795e-01
    outer loop
      vertex   -2.260941e+01 -7.039000e+00 -1.080299e+01
      vertex   -2.225970e+01 -5.539000e+00 -1.094784e+01
      vertex   -2.260941e+01 -5.539000e+00 -1.080299e+01
    endloop
  endfacet
  facet normal 6.087614e-01 5.023176e-16 7.933533e-01
    outer loop
      vertex   -2.260941e+01 -7.039000e+00 -1.080299e+01
      vertex   -2.260941e+01 -5.539000e+00 -1.080299e+01
      vertex   -2.290971e+01 -7.039000e+00 -1.057255e+01
    endloop
  endfacet
  facet normal 6.087614e-01 -0.000000e+00 7.933533e-01
    outer loop
      vertex   -2.290971e+01 -7.039000e+00 -1.057255e+01
      vertex   -2.260941e+01 -5.539000e+00 -1.080299e+01
      vertex   -2.290971e+01 -5.539000e+00 -1.057255e+01
    endloop
  endfacet
  facet normal 7.933533e-01 -0.000000e+00 6.087614e-01
    outer loop
      vertex   -2.290971e+01 -7.039000e+00 -1.057255e+01
      vertex   -2.290971e+01 -5.539000e+00 -1.057255e+01
      vertex   -2.314015e+01 -7.039000e+00 -1.027225e+01
    endloop
  endfacet
  facet normal 7.933533e-01 -0.000000e+00 6.087614e-01
    outer loop
      vertex   -2.314015e+01 -7.039000e+00 -1.027225e+01
      vertex   -2.290971e+01 -5.539000e+00 -1.057255e+01
      vertex   -2.314015e+01 -5.539000e+00 -1.027225e+01
    endloop
  endfacet
  facet normal 9.238795e-01 -0.000000e+00 3.826834e-01
    outer loop
      vertex   -2.314015e+01 -7.039000e+00 -1.027225e+01
      vertex   -2.314015e+01 -5.539000e+00 -1.027225e+01
      vertex   -2.328500e+01 -7.039000e+00 -9.922537e+00
    endloop
  endfacet
  facet normal 9.238795e-01 -4.531882e-16 3.826834e-01
    outer loop
      vertex   -2.328500e+01 -7.039000e+00 -9.922537e+00
      vertex   -2.314015e+01 -5.539000e+00 -1.027225e+01
      vertex   -2.328500e+01 -5.539000e+00 -9.922537e+00
    endloop
  endfacet
  facet normal 9.914449e-01 -1.545741e-16 1.305262e-01
    outer loop
      vertex   2.048500e+01 -7.039000e+00 -9.922537e+00
      vertex   2.048500e+01 -5.539000e+00 -9.922537e+00
      vertex   2.043559e+01 -7.039000e+00 -9.547250e+00
    endloop
  endfacet
  facet normal 9.914449e-01 -0.000000e+00 1.305262e-01
    outer loop
      vertex   2.043559e+01 -7.039000e+00 -9.547250e+00
      vertex   2.048500e+01 -5.539000e+00 -9.922537e+00
      vertex   2.043559e+01 -5.539000e+00 -9.547250e+00
    endloop
  endfacet
  facet normal 9.914449e-01 0.000000e+00 -1.305262e-01
    outer loop
      vertex   2.043559e+01 -7.039000e+00 -9.547250e+00
      vertex   2.043559e+01 -5.539000e+00 -9.547250e+00
      vertex   2.048500e+01 -7.039000e+00 -9.171962e+00
    endloop
  endfacet
  facet normal 9.914449e-01 1.545741e-16 -1.305262e-01
    outer loop
      vertex   2.048500e+01 -7.039000e+00 -9.171962e+00
      vertex   2.043559e+01 -5.539000e+00 -9.547250e+00
      vertex   2.048500e+01 -5.539000e+00 -9.171962e+00
    endloop
  endfacet
  facet normal 9.238795e-01 4.531882e-16 -3.826834e-01
    outer loop
      vertex   2.048500e+01 -7.039000e+00 -9.171962e+00
      vertex   2.048500e+01 -5.539000e+00 -9.171962e+00
      vertex   2.062985e+01 -7.039000e+00 -8.822250e+00
    endloop
  endfacet
  facet normal 9.238795e-01 0.000000e+00 -3.826834e-01
    outer loop
      vertex   2.062985e+01 -7.039000e+00 -8.822250e+00
      vertex   2.048500e+01 -5.539000e+00 -9.171962e+00
      vertex   2.062985e+01 -5.539000e+00 -8.822250e+00
    endloop
  endfacet
  facet normal 7.933533e-01 0.000000e+00 -6.087614e-01
    outer loop
      vertex   2.062985e+01 -7.039000e+00 -8.822250e+00
      vertex   2.062985e+01 -5.539000e+00 -8.822250e+00
      vertex   2.086029e+01 -7.039000e+00 -8.521945e+00
    endloop
  endfacet
  facet normal 7.933533e-01 0.000000e+00 -6.087614e-01
    outer loop
      vertex   2.086029e+01 -7.039000e+00 -8.521945e+00
      vertex   2.062985e+01 -5.539000e+00 -8.822250e+00
      vertex   2.086029e+01 -5.539000e+00 -8.521945e+00
    endloop
  endfacet
  facet normal 6.087614e-01 0.000000e+00 -7.933533e-01
    outer loop
      vertex   2.086029e+01 -7.039000e+00 -8.521945e+00
      vertex   2.086029e+01 -5.539000e+00 -8.521945e+00
      vertex   2.116059e+01 -7.039000e+00 -8.291513e+00
    endloop
  endfacet
  facet normal 6.087614e-01 -1.441837e-15 -7.933533e-01
    outer loop
      vertex   2.116059e+01 -7.039000e+00 -8.291513e+00
      vertex   2.086029e+01 -5.539000e+00 -8.521945e+00
      vertex   2.116059e+01 -5.539000e+00 -8.291513e+00
    endloop
  endfacet
  facet normal 3.826834e-01 -9.063764e-16 -9.238795e-01
    outer loop
      vertex   2.116059e+01 -7.039000e+00 -8.291513e+00
      vertex   2.116059e+01 -5.539000e+00 -8.291513e+00
      vertex   2.151030e+01 -7.039000e+00 -8.146657e+00
    endloop
  endfacet
  facet normal 3.826834e-01 0.000000e+00 -9.238795e-01
    outer loop
      vertex   2.151030e+01 -7.039000e+00 -8.146657e+00
      vertex   2.116059e+01 -5.539000e+00 -8.291513e+00
      vertex   2.151030e+01 -5.539000e+00 -8.146657e+00
    endloop
  endfacet
  facet normal 1.305262e-01 0.000000e+00 -9.914449e-01
    outer loop
      vertex   2.151030e+01 -7.039000e+00 -8.146657e+00
      vertex   2.151030e+01 -5.539000e+00 -8.146657e+00
      vertex   2.188559e+01 -7.039000e+00 -8.097250e+00
    endloop
  endfacet
  facet normal 1.305262e-01 0.000000e+00 -9.914449e-01
    outer loop
      vertex   2.188559e+01 -7.039000e+00 -8.097250e+00
      vertex   2.151030e+01 -5.539000e+00 -8.146657e+00
      vertex   2.188559e+01 -5.539000e+00 -8.097250e+00
    endloop
  endfacet
  facet normal -1.305262e-01 0.000000e+00 -9.914449e-01
    outer loop
      vertex   2.188559e+01 -7.039000e+00 -8.097250e+00
      vertex   2.188559e+01 -5.539000e+00 -8.097250e+00
      vertex   2.226088e+01 -7.039000e+00 -8.146657e+00
    endloop
  endfacet
  facet normal -1.305262e-01 0.000000e+00 -9.914449e-01
    outer loop
      vertex   2.226088e+01 -7.039000e+00 -8.146657e+00
      vertex   2.188559e+01 -5.539000e+00 -8.097250e+00
      vertex   2.226088e+01 -5.539000e+00 -8.146657e+00
    endloop
  endfacet
  facet normal -3.826834e-01 0.000000e+00 -9.238795e-01
    outer loop
      vertex   2.226088e+01 -7.039000e+00 -8.146657e+00
      vertex   2.226088e+01 -5.539000e+00 -8.146657e+00
      vertex   2.261059e+01 -7.039000e+00 -8.291513e+00
    endloop
  endfacet
  facet normal -3.826834e-01 9.063764e-16 -9.238795e-01
    outer loop
      vertex   2.261059e+01 -7.039000e+00 -8.291513e+00
      vertex   2.226088e+01 -5.539000e+00 -8.146657e+00
      vertex   2.261059e+01 -5.539000e+00 -8.291513e+00
    endloop
  endfacet
  facet normal -6.087614e-01 1.441837e-15 -7.933533e-01
    outer loop
      vertex   2.261059e+01 -7.039000e+00 -8.291513e+00
      vertex   2.261059e+01 -5.539000e+00 -8.291513e+00
      vertex   2.291090e+01 -7.039000e+00 -8.521945e+00
    endloop
  endfacet
  facet normal -6.087614e-01 0.000000e+00 -7.933533e-01
    outer loop
      vertex   2.291090e+01 -7.039000e+00 -8.521945e+00
      vertex   2.261059e+01 -5.539000e+00 -8.291513e+00
      vertex   2.291090e+01 -5.539000e+00 -8.521945e+00
    endloop
  endfacet
  facet normal -7.933533e-01 0.000000e+00 -6.087614e-01
    outer loop
      vertex   2.291090e+01 -7.039000e+00 -8.521945e+00
      vertex   2.291090e+01 -5.539000e+00 -8.521945e+00
      vertex   2.314133e+01 -7.039000e+00 -8.822250e+00
    endloop
  endfacet
  facet normal -7.933533e-01 0.000000e+00 -6.087614e-01
    outer loop
      vertex   2.314133e+01 -7.039000e+00 -8.822250e+00
      vertex   2.291090e+01 -5.539000e+00 -8.521945e+00
      vertex   2.314133e+01 -5.539000e+00 -8.822250e+00
    endloop
  endfacet
  facet normal -9.238795e-01 0.000000e+00 -3.826834e-01
    outer loop
      vertex   2.314133e+01 -7.039000e+00 -8.822250e+00
      vertex   2.314133e+01 -5.539000e+00 -8.822250e+00
      vertex   2.328618e+01 -7.039000e+00 -9.171962e+00
    endloop
  endfacet
  facet normal -9.238795e-01 0.000000e+00 -3.826834e-01
    outer loop
      vertex   2.328618e+01 -7.039000e+00 -9.171962e+00
      vertex   2.314133e+01 -5.539000e+00 -8.822250e+00
      vertex   2.328618e+01 -5.539000e+00 -9.171962e+00
    endloop
  endfacet
  facet normal -9.914449e-01 0.000000e+00 -1.305262e-01
    outer loop
      vertex   2.328618e+01 -7.039000e+00 -9.171962e+00
      vertex   2.328618e+01 -5.539000e+00 -9.171962e+00
      vertex   2.333559e+01 -7.039000e+00 -9.547250e+00
    endloop
  endfacet
  facet normal -9.914449e-01 0.000000e+00 -1.305262e-01
    outer loop
      vertex   2.333559e+01 -7.039000e+00 -9.547250e+00
      vertex   2.328618e+01 -5.539000e+00 -9.171962e+00
      vertex   2.333559e+01 -5.539000e+00 -9.547250e+00
    endloop
  endfacet
  facet normal -9.914449e-01 0.000000e+00 1.305262e-01
    outer loop
      vertex   2.333559e+01 -7.039000e+00 -9.547250e+00
      vertex   2.333559e+01 -5.539000e+00 -9.547250e+00
      vertex   2.328618e+01 -7.039000e+00 -9.922537e+00
    endloop
  endfacet
  facet normal -9.914449e-01 0.000000e+00 1.305262e-01
    outer loop
      vertex   2.328618e+01 -7.039000e+00 -9.922537e+00
      vertex   2.333559e+01 -5.539000e+00 -9.547250e+00
      vertex   2.328618e+01 -5.539000e+00 -9.922537e+00
    endloop
  endfacet
  facet normal -9.238795e-01 0.000000e+00 3.826834e-01
    outer loop
      vertex   2.328618e+01 -7.039000e+00 -9.922537e+00
      vertex   2.328618e+01 -5.539000e+00 -9.922537e+00
      vertex   2.314133e+01 -7.039000e+00 -1.027225e+01
    endloop
  endfacet
  facet normal -9.238795e-01 0.000000e+00 3.826834e-01
    outer loop
      vertex   2.314133e+01 -7.039000e+00 -1.027225e+01
      vertex   2.328618e+01 -5.539000e+00 -9.922537e+00
      vertex   2.314133e+01 -5.539000e+00 -1.027225e+01
    endloop
  endfacet
  facet normal -7.933533e-01 0.000000e+00 6.087614e-01
    outer loop
      vertex   2.314133e+01 -7.039000e+00 -1.027225e+01
      vertex   2.314133e+01 -5.539000e+00 -1.027225e+01
      vertex   2.291090e+01 -7.039000e+00 -1.057255e+01
    endloop
  endfacet
  facet normal -7.933533e-01 7.209184e-16 6.087614e-01
    outer loop
      vertex   2.291090e+01 -7.039000e+00 -1.057255e+01
      vertex   2.314133e+01 -5.539000e+00 -1.027225e+01
      vertex   2.291090e+01 -5.539000e+00 -1.057255e+01
    endloop
  endfacet
  facet normal -6.087614e-01 9.395191e-16 7.933533e-01
    outer loop
      vertex   2.291090e+01 -7.039000e+00 -1.057255e+01
      vertex   2.291090e+01 -5.539000e+00 -1.057255e+01
      vertex   2.261059e+01 -7.039000e+00 -1.080299e+01
    endloop
  endfacet
  facet normal -6.087614e-01 -1.441837e-15 7.933533e-01
    outer loop
      vertex   2.261059e+01 -7.039000e+00 -1.080299e+01
      vertex   2.291090e+01 -5.539000e+00 -1.057255e+01
      vertex   2.261059e+01 -5.539000e+00 -1.080299e+01
    endloop
  endfacet
  facet normal -3.826834e-01 -9.063764e-16 9.238795e-01
    outer loop
      vertex   2.261059e+01 -7.039000e+00 -1.080299e+01
      vertex   2.261059e+01 -5.539000e+00 -1.080299e+01
      vertex   2.226088e+01 -7.039000e+00 -1.094784e+01
    endloop
  endfacet
  facet normal -3.826834e-01 0.000000e+00 9.238795e-01
    outer loop
      vertex   2.226088e+01 -7.039000e+00 -1.094784e+01
      vertex   2.261059e+01 -5.539000e+00 -1.080299e+01
      vertex   2.226088e+01 -5.539000e+00 -1.094784e+01
    endloop
  endfacet
  facet normal -1.305262e-01 0.000000e+00 9.914449e-01
    outer loop
      vertex   2.226088e+01 -7.039000e+00 -1.094784e+01
      vertex   2.226088e+01 -5.539000e+00 -1.094784e+01
      vertex   2.188559e+01 -7.039000e+00 -1.099725e+01
    endloop
  endfacet
  facet normal -1.305262e-01 0.000000e+00 9.914449e-01
    outer loop
      vertex   2.188559e+01 -7.039000e+00 -1.099725e+01
      vertex   2.226088e+01 -5.539000e+00 -1.094784e+01
      vertex   2.188559e+01 -5.539000e+00 -1.099725e+01
    endloop
  endfacet
  facet normal 1.305262e-01 -0.000000e+00 9.914449e-01
    outer loop
      vertex   2.188559e+01 -7.039000e+00 -1.099725e+01
      vertex   2.188559e+01 -5.539000e+00 -1.099725e+01
      vertex   2.151030e+01 -7.039000e+00 -1.094784e+01
    endloop
  endfacet
  facet normal 1.305262e-01 -0.000000e+00 9.914449e-01
    outer loop
      vertex   2.151030e+01 -7.039000e+00 -1.094784e+01
      vertex   2.188559e+01 -5.539000e+00 -1.099725e+01
      vertex   2.151030e+01 -5.539000e+00 -1.094784e+01
    endloop
  endfacet
  facet normal 3.826834e-01 -0.000000e+00 9.238795e-01
    outer loop
      vertex   2.151030e+01 -7.039000e+00 -1.094784e+01
      vertex   2.151030e+01 -5.539000e+00 -1.094784e+01
      vertex   2.116059e+01 -7.039000e+00 -1.080299e+01
    endloop
  endfacet
  facet normal 3.826834e-01 -1.877167e-16 9.238795e-01
    outer loop
      vertex   2.116059e+01 -7.039000e+00 -1.080299e+01
      vertex   2.151030e+01 -5.539000e+00 -1.094784e+01
      vertex   2.116059e+01 -5.539000e+00 -1.080299e+01
    endloop
  endfacet
  facet normal 6.087614e-01 5.023176e-16 7.933533e-01
    outer loop
      vertex   2.116059e+01 -7.039000e+00 -1.080299e+01
      vertex   2.116059e+01 -5.539000e+00 -1.080299e+01
      vertex   2.086029e+01 -7.039000e+00 -1.057255e+01
    endloop
  endfacet
  facet normal 6.087614e-01 -0.000000e+00 7.933533e-01
    outer loop
      vertex   2.086029e+01 -7.039000e+00 -1.057255e+01
      vertex   2.116059e+01 -5.539000e+00 -1.080299e+01
      vertex   2.086029e+01 -5.539000e+00 -1.057255e+01
    endloop
  endfacet
  facet normal 7.933533e-01 -0.000000e+00 6.087614e-01
    outer loop
      vertex   2.086029e+01 -7.039000e+00 -1.057255e+01
      vertex   2.086029e+01 -5.539000e+00 -1.057255e+01
      vertex   2.062985e+01 -7.039000e+00 -1.027225e+01
    endloop
  endfacet
  facet normal 7.933533e-01 -0.000000e+00 6.087614e-01
    outer loop
      vertex   2.062985e+01 -7.039000e+00 -1.027225e+01
      vertex   2.086029e+01 -5.539000e+00 -1.057255e+01
      vertex   2.062985e+01 -5.539000e+00 -1.027225e+01
    endloop
  endfacet
  facet normal 9.238795e-01 -0.000000e+00 3.826834e-01
    outer loop
      vertex   2.062985e+01 -7.039000e+00 -1.027225e+01
      vertex   2.062985e+01 -5.539000e+00 -1.027225e+01
      vertex   2.048500e+01 -7.039000e+00 -9.922537e+00
    endloop
  endfacet
  facet normal 9.238795e-01 -4.531882e-16 3.826834e-01
    outer loop
      vertex   2.048500e+01 -7.039000e+00 -9.922537e+00
      vertex   2.062985e+01 -5.539000e+00 -1.027225e+01
      vertex   2.048500e+01 -5.539000e+00 -9.922537e+00
    endloop
  endfacet
  facet normal -5.853801e-15 8.746197e-01 -4.848096e-01
    outer loop
      vertex   -2.340000e+01 1.300792e+01 -4.993567e+01
      vertex   -2.340000e+01 2.042551e+01 -3.655399e+01
      vertex   -2.190000e+01 1.300792e+01 -4.993567e+01
    endloop
  endfacet
  facet normal -6.811303e-15 8.746197e-01 -4.848096e-01
    outer loop
      vertex   -2.190000e+01 1.300792e+01 -4.993567e+01
      vertex   -2.340000e+01 2.042551e+01 -3.655399e+01
      vertex   -2.190000e+01 2.042551e+01 -3.655399e+01
    endloop
  endfacet
  facet normal -7.114563e-15 8.746197e-01 -4.848096e-01
    outer loop
      vertex   2.190000e+01 1.300792e+01 -4.993567e+01
      vertex   2.190000e+01 2.042551e+01 -3.655399e+01
      vertex   2.340000e+01 1.300792e+01 -4.993567e+01
    endloop
  endfacet
  facet normal -9.288140e-15 8.746197e-01 -4.848096e-01
    outer loop
      vertex   2.340000e+01 1.300792e+01 -4.993567e+01
      vertex   2.190000e+01 2.042551e+01 -3.655399e+01
      vertex   2.340000e+01 2.042551e+01 -3.655399e+01
    endloop
  endfacet
  facet normal -1.000000e+00 4.042174e-16 1.765857e-14
    outer loop
      vertex   -2.340000e+01 8.155401e+00 -5.001848e+01
      vertex   -2.340000e+01 8.102586e+00 -5.041965e+01
      vertex   -2.340000e+01 3.479961e+00 -5.031384e+01
    endloop
  endfacet
  facet normal -1.000000e+00 6.099916e-16 2.664798e-14
    outer loop
      vertex   -2.340000e+01 3.479961e+00 -5.031384e+01
      vertex   -2.340000e+01 8.102586e+00 -5.041965e+01
      vertex   -2.340000e+01 8.155401e+00 -5.082082e+01
    endloop
  endfacet
  facet normal -1.000000e+00 -1.307820e-15 8.961825e-15
    outer loop
      vertex   -2.340000e+01 3.479961e+00 -5.031384e+01
      vertex   -2.340000e+01 8.155401e+00 -5.082082e+01
      vertex   -2.340000e+01 8.310247e+00 -5.119465e+01
    endloop
  endfacet
  facet normal -1.000000e+00 1.272214e-15 2.311042e-14
    outer loop
      vertex   -2.340000e+01 8.310247e+00 -5.119465e+01
      vertex   -2.340000e+01 8.556570e+00 -5.151567e+01
      vertex   -2.340000e+01 3.479961e+00 -5.031384e+01
    endloop
  endfacet
  facet normal -1.000000e+00 -1.134459e-15 1.294448e-14
    outer loop
      vertex   -2.340000e+01 3.479961e+00 -5.031384e+01
      vertex   -2.340000e+01 8.556570e+00 -5.151567e+01
      vertex   -2.340000e+01 8.877586e+00 -5.176199e+01
    endloop
  endfacet
  facet normal -1.000000e+00 -5.395759e-16 1.516176e-14
    outer loop
      vertex   -2.340000e+01 3.479961e+00 -5.031384e+01
      vertex   -2.340000e+01 8.877586e+00 -5.176199e+01
      vertex   -2.340000e+01 1.301332e+01 -5.559826e+01
    endloop
  endfacet
  facet normal -1.000000e+00 -5.388699e-15 9.934111e-15
    outer loop
      vertex   -2.340000e+01 1.301332e+01 -5.559826e+01
      vertex   -2.340000e+01 8.877586e+00 -5.176199e+01
      vertex   -2.340000e+01 9.251416e+00 -5.191684e+01
    endloop
  endfacet
  facet normal -1.000000e+00 2.348776e-15 1.784072e-14
    outer loop
      vertex   -2.340000e+01 1.301332e+01 -5.559826e+01
      vertex   -2.340000e+01 9.251416e+00 -5.191684e+01
      vertex   -2.340000e+01 9.652586e+00 -5.196965e+01
    endloop
  endfacet
  facet normal -1.000000e+00 -1.838239e-15 1.396281e-14
    outer loop
      vertex   -2.340000e+01 9.652586e+00 -5.196965e+01
      vertex   -2.340000e+01 1.005376e+01 -5.191684e+01
      vertex   -2.340000e+01 1.301332e+01 -5.559826e+01
    endloop
  endfacet
  facet normal -1.000000e+00 2.331471e-15 1.731491e-14
    outer loop
      vertex   -2.340000e+01 1.301332e+01 -5.559826e+01
      vertex   -2.340000e+01 1.005376e+01 -5.191684e+01
      vertex   -2.340000e+01 1.042759e+01 -5.176199e+01
    endloop
  endfacet
  facet normal -1.000000e+00 -6.678545e-16 1.529330e-14
    outer loop
      vertex   -2.340000e+01 1.301332e+01 -5.559826e+01
      vertex   -2.340000e+01 1.042759e+01 -5.176199e+01
      vertex   -2.340000e+01 1.074860e+01 -5.151567e+01
    endloop
  endfacet
  facet normal -1.000000e+00 4.894243e-15 1.837873e-14
    outer loop
      vertex   -2.340000e+01 1.074860e+01 -5.151567e+01
      vertex   -2.340000e+01 1.099493e+01 -5.119465e+01
      vertex   -2.340000e+01 1.301332e+01 -5.559826e+01
    endloop
  endfacet
  facet normal -1.000000e+00 1.758539e-15 1.694149e-14
    outer loop
      vertex   -2.340000e+01 1.301332e+01 -5.559826e+01
      vertex   -2.340000e+01 1.099493e+01 -5.119465e+01
      vertex   -2.340000e+01 1.300792e+01 -4.993567e+01
    endloop
  endfacet
  facet normal -1.000000e+00 2.005478e-15 1.694172e-14
    outer loop
      vertex   -2.340000e+01 1.301332e+01 -5.559826e+01
      vertex   -2.340000e+01 1.300792e+01 -4.993567e+01
      vertex   -2.340000e+01 1.541312e+01 -5.126889e+01
    endloop
  endfacet
  facet normal -1.000000e+00 8.651787e-15 5.919855e-15
    outer loop
      vertex   -2.340000e+01 1.099493e+01 -5.119465e+01
      vertex   -2.340000e+01 1.114977e+01 -5.082082e+01
      vertex   -2.340000e+01 1.300792e+01 -4.993567e+01
    endloop
  endfacet
  facet normal -1.000000e+00 -1.263310e-15 2.673399e-14
    outer loop
      vertex   -2.340000e+01 1.300792e+01 -4.993567e+01
      vertex   -2.340000e+01 1.114977e+01 -5.082082e+01
      vertex   -2.340000e+01 1.120259e+01 -5.041965e+01
    endloop
  endfacet
  facet normal -1.000000e+00 1.116028e-15 1.785871e-14
    outer loop
      vertex   -2.340000e+01 1.300792e+01 -4.993567e+01
      vertex   -2.340000e+01 1.120259e+01 -5.041965e+01
      vertex   -2.340000e+01 1.114977e+01 -5.001848e+01
    endloop
  endfacet
  facet normal -1.000000e+00 1.461427e-15 1.010888e-14
    outer loop
      vertex   -2.340000e+01 1.114977e+01 -5.001848e+01
      vertex   -2.340000e+01 1.099493e+01 -4.964465e+01
      vertex   -2.340000e+01 1.300792e+01 -4.993567e+01
    endloop
  endfacet
  facet normal -1.000000e+00 1.799586e-15 1.244798e-14
    outer loop
      vertex   -2.340000e+01 1.300792e+01 -4.993567e+01
      vertex   -2.340000e+01 1.099493e+01 -4.964465e+01
      vertex   -2.340000e+01 1.074860e+01 -4.932364e+01
    endloop
  endfacet
  facet normal -1.000000e+00 9.647553e-15 4.141881e-14
    outer loop
      vertex   -2.340000e+01 1.300792e+01 -4.993567e+01
      vertex   -2.340000e+01 1.074860e+01 -4.932364e+01
      vertex   -2.340000e+01 1.042759e+01 -4.907731e+01
    endloop
  endfacet
  facet normal -1.000000e+00 -1.721502e-15 1.878751e-14
    outer loop
      vertex   -2.340000e+01 1.005376e+01 -4.892247e+01
      vertex   -2.340000e+01 1.771555e+01 -3.422703e+01
      vertex   -2.340000e+01 1.042759e+01 -4.907731e+01
    endloop
  endfacet
  facet normal -1.000000e+00 5.465069e-15 1.526060e-14
    outer loop
      vertex   -2.340000e+01 1.042759e+01 -4.907731e+01
      vertex   -2.340000e+01 1.771555e+01 -3.422703e+01
      vertex   -2.340000e+01 1.796188e+01 -3.454804e+01
    endloop
  endfacet
  facet normal -1.000000e+00 1.610813e-15 1.725926e-14
    outer loop
      vertex   -2.340000e+01 1.042759e+01 -4.907731e+01
      vertex   -2.340000e+01 1.796188e+01 -3.454804e+01
      vertex   -2.340000e+01 1.300792e+01 -4.993567e+01
    endloop
  endfacet
  facet normal -1.000000e+00 -6.810376e-15 1.997042e-14
    outer loop
      vertex   -2.340000e+01 1.300792e+01 -4.993567e+01
      vertex   -2.340000e+01 1.796188e+01 -3.454804e+01
      vertex   -2.340000e+01 1.828289e+01 -3.479437e+01
    endloop
  endfacet
  facet normal -1.000000e+00 -1.655427e-15 1.817452e-14
    outer loop
      vertex   -2.340000e+01 1.300792e+01 -4.993567e+01
      vertex   -2.340000e+01 1.828289e+01 -3.479437e+01
      vertex   -2.340000e+01 2.042551e+01 -3.655399e+01
    endloop
  endfacet
  facet normal -1.000000e+00 -2.301034e-15 1.738839e-14
    outer loop
      vertex   -2.340000e+01 2.042551e+01 -3.655399e+01
      vertex   -2.340000e+01 1.828289e+01 -3.479437e+01
      vertex   -2.340000e+01 1.865672e+01 -3.494921e+01
    endloop
  endfacet
  facet normal -1.000000e+00 3.068367e-15 2.330656e-14
    outer loop
      vertex   -2.340000e+01 2.042551e+01 -3.655399e+01
      vertex   -2.340000e+01 1.865672e+01 -3.494921e+01
      vertex   -2.340000e+01 1.905789e+01 -3.500203e+01
    endloop
  endfacet
  facet normal -1.000000e+00 4.947050e-16 1.763204e-14
    outer loop
      vertex   -2.340000e+01 1.771555e+01 -3.422703e+01
      vertex   -2.340000e+01 1.005376e+01 -4.892247e+01
      vertex   -2.340000e+01 5.879768e+00 -4.598447e+01
    endloop
  endfacet
  facet normal -1.000000e+00 2.741545e-15 2.082410e-14
    outer loop
      vertex   -2.340000e+01 5.879768e+00 -4.598447e+01
      vertex   -2.340000e+01 1.005376e+01 -4.892247e+01
      vertex   -2.340000e+01 9.652586e+00 -4.886965e+01
    endloop
  endfacet
  facet normal -1.000000e+00 -1.936237e-15 1.470719e-14
    outer loop
      vertex   -2.340000e+01 5.879768e+00 -4.598447e+01
      vertex   -2.340000e+01 9.652586e+00 -4.886965e+01
      vertex   -2.340000e+01 9.251416e+00 -4.892247e+01
    endloop
  endfacet
  facet normal -1.000000e+00 1.688569e-15 1.886702e-14
    outer loop
      vertex   -2.340000e+01 9.251416e+00 -4.892247e+01
      vertex   -2.340000e+01 8.877586e+00 -4.907731e+01
      vertex   -2.340000e+01 5.879768e+00 -4.598447e+01
    endloop
  endfacet
  facet normal -1.000000e+00 5.111350e-15 2.218463e-14
    outer loop
      vertex   -2.340000e+01 5.879768e+00 -4.598447e+01
      vertex   -2.340000e+01 8.877586e+00 -4.907731e+01
      vertex   -2.340000e+01 8.556570e+00 -4.932364e+01
    endloop
  endfacet
  facet normal -1.000000e+00 -4.474336e-15 1.450039e-14
    outer loop
      vertex   -2.340000e+01 5.879768e+00 -4.598447e+01
      vertex   -2.340000e+01 8.556570e+00 -4.932364e+01
      vertex   -2.340000e+01 8.310247e+00 -4.964465e+01
    endloop
  endfacet
  facet normal -1.000000e+00 -7.389734e-15 1.256447e-14
    outer loop
      vertex   -2.340000e+01 8.310247e+00 -4.964465e+01
      vertex   -2.340000e+01 8.155401e+00 -5.001848e+01
      vertex   -2.340000e+01 5.879768e+00 -4.598447e+01
    endloop
  endfacet
  facet normal -1.000000e+00 4.467597e-16 1.698513e-14
    outer loop
      vertex   -2.340000e+01 5.879768e+00 -4.598447e+01
      vertex   -2.340000e+01 8.155401e+00 -5.001848e+01
      vertex   -2.340000e+01 3.479961e+00 -5.031384e+01
    endloop
  endfacet
  facet normal -1.000000e+00 8.230299e-15 9.939431e-15
    outer loop
      vertex   -2.340000e+01 1.756071e+01 -3.385320e+01
      vertex   -2.340000e+01 5.879768e+00 -4.598447e+01
      vertex   -2.340000e+01 1.750789e+01 -3.345203e+01
    endloop
  endfacet
  facet normal -1.000000e+00 8.696521e-16 1.676895e-14
    outer loop
      vertex   -2.340000e+01 1.750789e+01 -3.345203e+01
      vertex   -2.340000e+01 5.879768e+00 -4.598447e+01
      vertex   -2.340000e+01 1.569716e+01 -2.827342e+01
    endloop
  endfacet
  facet normal -1.000000e+00 3.938994e-14 3.023778e-14
    outer loop
      vertex   -2.340000e+01 1.750789e+01 -3.345203e+01
      vertex   -2.340000e+01 1.569716e+01 -2.827342e+01
      vertex   -2.340000e+01 1.756071e+01 -3.305086e+01
    endloop
  endfacet
  facet normal -1.000000e+00 -6.675907e-15 1.226879e-14
    outer loop
      vertex   -2.340000e+01 1.756071e+01 -3.305086e+01
      vertex   -2.340000e+01 1.569716e+01 -2.827342e+01
      vertex   -2.340000e+01 1.771555e+01 -3.267703e+01
    endloop
  endfacet
  facet normal -1.000000e+00 5.552470e-15 1.787366e-14
    outer loop
      vertex   -2.340000e+01 1.771555e+01 -3.267703e+01
      vertex   -2.340000e+01 1.569716e+01 -2.827342e+01
      vertex   -2.340000e+01 1.796188e+01 -3.235601e+01
    endloop
  endfacet
  facet normal -1.000000e+00 -1.994835e-16 1.468291e-14
    outer loop
      vertex   -2.340000e+01 1.796188e+01 -3.235601e+01
      vertex   -2.340000e+01 1.569716e+01 -2.827342e+01
      vertex   -2.340000e+01 1.828289e+01 -3.210969e+01
    endloop
  endfacet
  facet normal -1.000000e+00 2.631346e-15 1.659095e-14
    outer loop
      vertex   -2.340000e+01 1.828289e+01 -3.210969e+01
      vertex   -2.340000e+01 1.569716e+01 -2.827342e+01
      vertex   -2.340000e+01 1.865672e+01 -3.195484e+01
    endloop
  endfacet
  facet normal -1.000000e+00 -1.723349e-15 1.309014e-14
    outer loop
      vertex   -2.340000e+01 1.865672e+01 -3.195484e+01
      vertex   -2.340000e+01 1.569716e+01 -2.827342e+01
      vertex   -2.340000e+01 1.905789e+01 -3.190203e+01
    endloop
  endfacet
  facet normal -1.000000e+00 2.201978e-15 1.672568e-14
    outer loop
      vertex   -2.340000e+01 1.905789e+01 -3.190203e+01
      vertex   -2.340000e+01 1.569716e+01 -2.827342e+01
      vertex   -2.340000e+01 1.945906e+01 -3.195484e+01
    endloop
  endfacet
  facet normal -1.000000e+00 -6.081796e-15 8.260825e-15
    outer loop
      vertex   -2.340000e+01 1.945906e+01 -3.195484e+01
      vertex   -2.340000e+01 1.569716e+01 -2.827342e+01
      vertex   -2.340000e+01 1.983289e+01 -3.210969e+01
    endloop
  endfacet
  facet normal -1.000000e+00 -1.815197e-15 1.286047e-14
    outer loop
      vertex   -2.340000e+01 1.983289e+01 -3.210969e+01
      vertex   -2.340000e+01 1.569716e+01 -2.827342e+01
      vertex   -2.340000e+01 2.523052e+01 -3.355784e+01
    endloop
  endfacet
  facet normal -1.000000e+00 -2.146526e-15 1.162553e-14
    outer loop
      vertex   -2.340000e+01 1.983289e+01 -3.210969e+01
      vertex   -2.340000e+01 2.523052e+01 -3.355784e+01
      vertex   -2.340000e+01 2.015391e+01 -3.235601e+01
    endloop
  endfacet
  facet normal -1.000000e+00 4.170480e-16 2.245423e-14
    outer loop
      vertex   -2.340000e+01 2.015391e+01 -3.235601e+01
      vertex   -2.340000e+01 2.523052e+01 -3.355784e+01
      vertex   -2.340000e+01 2.040023e+01 -3.267703e+01
    endloop
  endfacet
  facet normal -1.000000e+00 -2.103422e-15 8.632276e-15
    outer loop
      vertex   -2.340000e+01 2.040023e+01 -3.267703e+01
      vertex   -2.340000e+01 2.523052e+01 -3.355784e+01
      vertex   -2.340000e+01 2.055508e+01 -3.305086e+01
    endloop
  endfacet
  facet normal -1.000000e+00 -1.608801e-16 2.654649e-14
    outer loop
      vertex   -2.340000e+01 2.055508e+01 -3.305086e+01
      vertex   -2.340000e+01 2.523052e+01 -3.355784e+01
      vertex   -2.340000e+01 2.060789e+01 -3.345203e+01
    endloop
  endfacet
  facet normal -1.000000e+00 -3.620221e-16 1.775944e-14
    outer loop
      vertex   -2.340000e+01 2.060789e+01 -3.345203e+01
      vertex   -2.340000e+01 2.523052e+01 -3.355784e+01
      vertex   -2.340000e+01 2.055508e+01 -3.385320e+01
    endloop
  endfacet
  facet normal -1.000000e+00 -3.406807e-16 1.742161e-14
    outer loop
      vertex   -2.340000e+01 2.055508e+01 -3.385320e+01
      vertex   -2.340000e+01 2.523052e+01 -3.355784e+01
      vertex   -2.340000e+01 2.283071e+01 -3.788721e+01
    endloop
  endfacet
  facet normal -1.000000e+00 -8.289936e-15 1.293735e-14
    outer loop
      vertex   -2.340000e+01 2.055508e+01 -3.385320e+01
      vertex   -2.340000e+01 2.283071e+01 -3.788721e+01
      vertex   -2.340000e+01 2.040023e+01 -3.422703e+01
    endloop
  endfacet
  facet normal -1.000000e+00 2.152281e-15 1.987131e-14
    outer loop
      vertex   -2.340000e+01 2.040023e+01 -3.422703e+01
      vertex   -2.340000e+01 2.283071e+01 -3.788721e+01
      vertex   -2.340000e+01 2.042551e+01 -3.655399e+01
    endloop
  endfacet
  facet normal -1.000000e+00 -1.128367e-14 1.972538e-14
    outer loop
      vertex   -2.340000e+01 2.040023e+01 -3.422703e+01
      vertex   -2.340000e+01 2.042551e+01 -3.655399e+01
      vertex   -2.340000e+01 2.015391e+01 -3.454804e+01
    endloop
  endfacet
  facet normal -1.000000e+00 5.277775e-15 2.196775e-14
    outer loop
      vertex   -2.340000e+01 2.015391e+01 -3.454804e+01
      vertex   -2.340000e+01 2.042551e+01 -3.655399e+01
      vertex   -2.340000e+01 1.983289e+01 -3.479437e+01
    endloop
  endfacet
  facet normal -1.000000e+00 1.000841e-15 2.052734e-14
    outer loop
      vertex   -2.340000e+01 1.983289e+01 -3.479437e+01
      vertex   -2.340000e+01 2.042551e+01 -3.655399e+01
      vertex   -2.340000e+01 1.945906e+01 -3.494921e+01
    endloop
  endfacet
  facet normal -1.000000e+00 -2.430426e-15 1.846092e-14
    outer loop
      vertex   -2.340000e+01 1.945906e+01 -3.494921e+01
      vertex   -2.340000e+01 2.042551e+01 -3.655399e+01
      vertex   -2.340000e+01 1.905789e+01 -3.500203e+01
    endloop
  endfacet
  facet normal -1.000000e+00 6.071247e-15 1.201833e-14
    outer loop
      vertex   -2.340000e+01 1.756071e+01 -3.385320e+01
      vertex   -2.340000e+01 1.771555e+01 -3.422703e+01
      vertex   -2.340000e+01 5.879768e+00 -4.598447e+01
    endloop
  endfacet
  facet normal -1.000000e+00 2.152281e-15 1.987131e-14
    outer loop
      vertex   2.190000e+01 2.042551e+01 -3.655399e+01
      vertex   2.190000e+01 2.040023e+01 -3.422703e+01
      vertex   2.190000e+01 2.283071e+01 -3.788721e+01
    endloop
  endfacet
  facet normal -1.000000e+00 -8.289936e-15 1.293735e-14
    outer loop
      vertex   2.190000e+01 2.283071e+01 -3.788721e+01
      vertex   2.190000e+01 2.040023e+01 -3.422703e+01
      vertex   2.190000e+01 2.055508e+01 -3.385320e+01
    endloop
  endfacet
  facet normal -1.000000e+00 1.764785e-17 1.762375e-14
    outer loop
      vertex   2.190000e+01 2.283071e+01 -3.788721e+01
      vertex   2.190000e+01 2.055508e+01 -3.385320e+01
      vertex   2.190000e+01 2.595773e+01 -3.224591e+01
    endloop
  endfacet
  facet normal -1.000000e+00 -8.890587e-18 1.771295e-14
    outer loop
      vertex   2.190000e+01 2.595773e+01 -3.224591e+01
      vertex   2.190000e+01 2.055508e+01 -3.385320e+01
      vertex   2.190000e+01 2.060789e+01 -3.345203e+01
    endloop
  endfacet
  facet normal -1.000000e+00 -1.947376e-15 2.631130e-14
    outer loop
      vertex   2.190000e+01 2.595773e+01 -3.224591e+01
      vertex   2.190000e+01 2.060789e+01 -3.345203e+01
      vertex   2.190000e+01 2.055508e+01 -3.305086e+01
    endloop
  endfacet
  facet normal -1.000000e+00 -1.655427e-15 1.817452e-14
    outer loop
      vertex   2.190000e+01 1.300792e+01 -4.993567e+01
      vertex   2.190000e+01 1.828289e+01 -3.479437e+01
      vertex   2.190000e+01 2.042551e+01 -3.655399e+01
    endloop
  endfacet
  facet normal -1.000000e+00 -2.301034e-15 1.738839e-14
    outer loop
      vertex   2.190000e+01 2.042551e+01 -3.655399e+01
      vertex   2.190000e+01 1.828289e+01 -3.479437e+01
      vertex   2.190000e+01 1.865672e+01 -3.494921e+01
    endloop
  endfacet
  facet normal -1.000000e+00 3.068367e-15 2.330656e-14
    outer loop
      vertex   2.190000e+01 2.042551e+01 -3.655399e+01
      vertex   2.190000e+01 1.865672e+01 -3.494921e+01
      vertex   2.190000e+01 1.905789e+01 -3.500203e+01
    endloop
  endfacet
  facet normal -1.000000e+00 1.827453e-15 1.662056e-14
    outer loop
      vertex   2.190000e+01 1.541312e+01 -5.126889e+01
      vertex   2.190000e+01 1.228610e+01 -5.691019e+01
      vertex   2.190000e+01 1.300792e+01 -4.993567e+01
    endloop
  endfacet
  facet normal -1.000000e+00 1.968380e-15 1.660597e-14
    outer loop
      vertex   2.190000e+01 1.300792e+01 -4.993567e+01
      vertex   2.190000e+01 1.228610e+01 -5.691019e+01
      vertex   2.190000e+01 1.099493e+01 -5.119465e+01
    endloop
  endfacet
  facet normal -1.000000e+00 8.651787e-15 5.919855e-15
    outer loop
      vertex   2.190000e+01 1.300792e+01 -4.993567e+01
      vertex   2.190000e+01 1.099493e+01 -5.119465e+01
      vertex   2.190000e+01 1.114977e+01 -5.082082e+01
    endloop
  endfacet
  facet normal -1.000000e+00 -1.918502e-15 1.460184e-14
    outer loop
      vertex   2.190000e+01 1.286364e+00 -5.081294e+01
      vertex   2.190000e+01 8.877586e+00 -5.176199e+01
      vertex   2.190000e+01 1.228610e+01 -5.691019e+01
    endloop
  endfacet
  facet normal -1.000000e+00 -4.035959e-15 1.319991e-14
    outer loop
      vertex   2.190000e+01 1.228610e+01 -5.691019e+01
      vertex   2.190000e+01 8.877586e+00 -5.176199e+01
      vertex   2.190000e+01 9.251416e+00 -5.191684e+01
    endloop
  endfacet
  facet normal -1.000000e+00 2.239944e-15 1.701406e-14
    outer loop
      vertex   2.190000e+01 1.228610e+01 -5.691019e+01
      vertex   2.190000e+01 9.251416e+00 -5.191684e+01
      vertex   2.190000e+01 9.652586e+00 -5.196965e+01
    endloop
  endfacet
  facet normal -1.000000e+00 -2.268448e-15 4.794833e-15
    outer loop
      vertex   2.190000e+01 2.234460e+00 -4.962344e+01
      vertex   2.190000e+01 8.310247e+00 -5.119465e+01
      vertex   2.190000e+01 1.286364e+00 -5.081294e+01
    endloop
  endfacet
  facet normal -1.000000e+00 -1.383841e-15 2.107236e-14
    outer loop
      vertex   2.190000e+01 1.286364e+00 -5.081294e+01
      vertex   2.190000e+01 8.310247e+00 -5.119465e+01
      vertex   2.190000e+01 8.556570e+00 -5.151567e+01
    endloop
  endfacet
  facet normal -1.000000e+00 -2.318643e-15 1.140122e-14
    outer loop
      vertex   2.190000e+01 1.286364e+00 -5.081294e+01
      vertex   2.190000e+01 8.556570e+00 -5.151567e+01
      vertex   2.190000e+01 8.877586e+00 -5.176199e+01
    endloop
  endfacet
  facet normal -1.000000e+00 -1.176825e-15 9.016085e-15
    outer loop
      vertex   2.190000e+01 8.310247e+00 -5.119465e+01
      vertex   2.190000e+01 2.234460e+00 -4.962344e+01
      vertex   2.190000e+01 8.155401e+00 -5.082082e+01
    endloop
  endfacet
  facet normal -1.000000e+00 1.194776e-15 2.074348e-14
    outer loop
      vertex   2.190000e+01 8.155401e+00 -5.082082e+01
      vertex   2.190000e+01 2.234460e+00 -4.962344e+01
      vertex   2.190000e+01 2.836908e+00 -4.880180e+01
    endloop
  endfacet
  facet normal -1.000000e+00 3.584945e-15 2.703964e-14
    outer loop
      vertex   2.190000e+01 8.155401e+00 -5.082082e+01
      vertex   2.190000e+01 2.836908e+00 -4.880180e+01
      vertex   2.190000e+01 8.102586e+00 -5.041965e+01
    endloop
  endfacet
  facet normal -1.000000e+00 1.178340e-15 1.920679e-14
    outer loop
      vertex   2.190000e+01 8.102586e+00 -5.041965e+01
      vertex   2.190000e+01 2.836908e+00 -4.880180e+01
      vertex   2.190000e+01 3.454418e+00 -4.791482e+01
    endloop
  endfacet
  facet normal -1.000000e+00 3.480153e-16 1.766597e-14
    outer loop
      vertex   2.190000e+01 8.102586e+00 -5.041965e+01
      vertex   2.190000e+01 3.454418e+00 -4.791482e+01
      vertex   2.190000e+01 8.155401e+00 -5.001848e+01
    endloop
  endfacet
  facet normal -1.000000e+00 -6.564064e-16 1.542141e-14
    outer loop
      vertex   2.190000e+01 8.155401e+00 -5.001848e+01
      vertex   2.190000e+01 3.454418e+00 -4.791482e+01
      vertex   2.190000e+01 4.085705e+00 -4.696645e+01
    endloop
  endfacet
  facet normal -1.000000e+00 -3.887014e-15 1.111360e-14
    outer loop
      vertex   2.190000e+01 8.155401e+00 -5.001848e+01
      vertex   2.190000e+01 4.085705e+00 -4.696645e+01
      vertex   2.190000e+01 8.310247e+00 -4.964465e+01
    endloop
  endfacet
  facet normal -1.000000e+00 1.874191e-16 1.754053e-14
    outer loop
      vertex   2.190000e+01 8.310247e+00 -4.964465e+01
      vertex   2.190000e+01 4.085705e+00 -4.696645e+01
      vertex   2.190000e+01 4.729484e+00 -4.596061e+01
    endloop
  endfacet
  facet normal -1.000000e+00 -3.617131e-15 1.384263e-14
    outer loop
      vertex   2.190000e+01 8.310247e+00 -4.964465e+01
      vertex   2.190000e+01 4.729484e+00 -4.596061e+01
      vertex   2.190000e+01 8.556570e+00 -4.932364e+01
    endloop
  endfacet
  facet normal -1.000000e+00 1.231457e-15 1.936028e-14
    outer loop
      vertex   2.190000e+01 8.556570e+00 -4.932364e+01
      vertex   2.190000e+01 4.729484e+00 -4.596061e+01
      vertex   2.190000e+01 5.384471e+00 -4.490125e+01
    endloop
  endfacet
  facet normal -1.000000e+00 5.131829e-15 2.215795e-14
    outer loop
      vertex   2.190000e+01 8.556570e+00 -4.932364e+01
      vertex   2.190000e+01 5.384471e+00 -4.490125e+01
      vertex   2.190000e+01 8.877586e+00 -4.907731e+01
    endloop
  endfacet
  facet normal -1.000000e+00 -3.517262e-15 1.492332e-14
    outer loop
      vertex   2.190000e+01 8.877586e+00 -4.907731e+01
      vertex   2.190000e+01 5.384471e+00 -4.490125e+01
      vertex   2.190000e+01 6.049381e+00 -4.379228e+01
    endloop
  endfacet
  facet normal -1.000000e+00 2.081156e-15 1.791923e-14
    outer loop
      vertex   2.190000e+01 8.877586e+00 -4.907731e+01
      vertex   2.190000e+01 6.049381e+00 -4.379228e+01
      vertex   2.190000e+01 9.251416e+00 -4.892247e+01
    endloop
  endfacet
  facet normal -1.000000e+00 4.072946e-15 1.916241e-14
    outer loop
      vertex   2.190000e+01 9.251416e+00 -4.892247e+01
      vertex   2.190000e+01 6.049381e+00 -4.379228e+01
      vertex   2.190000e+01 6.722932e+00 -4.263764e+01
    endloop
  endfacet
  facet normal -1.000000e+00 -2.191004e-15 1.664233e-14
    outer loop
      vertex   2.190000e+01 9.251416e+00 -4.892247e+01
      vertex   2.190000e+01 6.722932e+00 -4.263764e+01
      vertex   2.190000e+01 9.652586e+00 -4.886965e+01
    endloop
  endfacet
  facet normal -1.000000e+00 -2.717842e-15 1.639466e-14
    outer loop
      vertex   2.190000e+01 9.652586e+00 -4.886965e+01
      vertex   2.190000e+01 6.722932e+00 -4.263764e+01
      vertex   2.190000e+01 7.403837e+00 -4.144126e+01
    endloop
  endfacet
  facet normal -1.000000e+00 2.360805e-15 1.793209e-14
    outer loop
      vertex   2.190000e+01 9.652586e+00 -4.886965e+01
      vertex   2.190000e+01 7.403837e+00 -4.144126e+01
      vertex   2.190000e+01 1.005376e+01 -4.892247e+01
    endloop
  endfacet
  facet normal -1.000000e+00 -2.838690e-15 1.609038e-14
    outer loop
      vertex   2.190000e+01 1.005376e+01 -4.892247e+01
      vertex   2.190000e+01 7.403837e+00 -4.144126e+01
      vertex   2.190000e+01 1.042759e+01 -4.907731e+01
    endloop
  endfacet
  facet normal -1.000000e+00 -3.185105e-15 1.595320e-14
    outer loop
      vertex   2.190000e+01 1.042759e+01 -4.907731e+01
      vertex   2.190000e+01 7.403837e+00 -4.144126e+01
      vertex   2.190000e+01 8.782577e+00 -3.893903e+01
    endloop
  endfacet
  facet normal -1.000000e+00 1.425190e-15 1.670126e-14
    outer loop
      vertex   2.190000e+01 1.042759e+01 -4.907731e+01
      vertex   2.190000e+01 8.782577e+00 -3.893903e+01
      vertex   2.190000e+01 1.300792e+01 -4.993567e+01
    endloop
  endfacet
  facet normal -1.000000e+00 4.556277e-15 1.790434e-14
    outer loop
      vertex   2.190000e+01 1.300792e+01 -4.993567e+01
      vertex   2.190000e+01 8.782577e+00 -3.893903e+01
      vertex   2.190000e+01 1.017533e+01 -3.631705e+01
    endloop
  endfacet
  facet normal -1.000000e+00 1.152338e-15 1.719634e-14
    outer loop
      vertex   2.190000e+01 1.300792e+01 -4.993567e+01
      vertex   2.190000e+01 1.017533e+01 -3.631705e+01
      vertex   2.190000e+01 1.828289e+01 -3.479437e+01
    endloop
  endfacet
  facet normal -1.000000e+00 -8.319311e-16 2.776168e-14
    outer loop
      vertex   2.190000e+01 1.828289e+01 -3.479437e+01
      vertex   2.190000e+01 1.017533e+01 -3.631705e+01
      vertex   2.190000e+01 1.796188e+01 -3.454804e+01
    endloop
  endfacet
  facet normal -1.000000e+00 2.521321e-15 1.300179e-14
    outer loop
      vertex   2.190000e+01 1.796188e+01 -3.454804e+01
      vertex   2.190000e+01 1.017533e+01 -3.631705e+01
      vertex   2.190000e+01 1.771555e+01 -3.422703e+01
    endloop
  endfacet
  facet normal -1.000000e+00 1.211483e-15 1.772734e-14
    outer loop
      vertex   2.190000e+01 1.771555e+01 -3.422703e+01
      vertex   2.190000e+01 1.017533e+01 -3.631705e+01
      vertex   2.190000e+01 1.157181e+01 -3.360676e+01
    endloop
  endfacet
  facet normal -1.000000e+00 3.978478e-16 9.668336e-15
    outer loop
      vertex   2.190000e+01 1.771555e+01 -3.422703e+01
      vertex   2.190000e+01 1.157181e+01 -3.360676e+01
      vertex   2.190000e+01 1.756071e+01 -3.385320e+01
    endloop
  endfacet
  facet normal -1.000000e+00 3.664010e-16 8.904129e-15
    outer loop
      vertex   2.190000e+01 1.756071e+01 -3.385320e+01
      vertex   2.190000e+01 1.157181e+01 -3.360676e+01
      vertex   2.190000e+01 1.750789e+01 -3.345203e+01
    endloop
  endfacet
  facet normal -1.000000e+00 1.316966e-16 1.790842e-14
    outer loop
      vertex   2.190000e+01 1.750789e+01 -3.345203e+01
      vertex   2.190000e+01 1.157181e+01 -3.360676e+01
      vertex   2.190000e+01 1.296175e+01 -3.083963e+01
    endloop
  endfacet
  facet normal -1.000000e+00 9.479474e-15 3.417557e-14
    outer loop
      vertex   2.190000e+01 1.750789e+01 -3.345203e+01
      vertex   2.190000e+01 1.296175e+01 -3.083963e+01
      vertex   2.190000e+01 1.756071e+01 -3.305086e+01
    endloop
  endfacet
  facet normal -1.000000e+00 -1.987332e-15 1.032672e-14
    outer loop
      vertex   2.190000e+01 1.756071e+01 -3.305086e+01
      vertex   2.190000e+01 1.296175e+01 -3.083963e+01
      vertex   2.190000e+01 1.771555e+01 -3.267703e+01
    endloop
  endfacet
  facet normal -1.000000e+00 1.987078e-15 2.060948e-14
    outer loop
      vertex   2.190000e+01 1.771555e+01 -3.267703e+01
      vertex   2.190000e+01 1.296175e+01 -3.083963e+01
      vertex   2.190000e+01 1.796188e+01 -3.235601e+01
    endloop
  endfacet
  facet normal -1.000000e+00 8.082408e-16 1.672239e-14
    outer loop
      vertex   2.190000e+01 1.796188e+01 -3.235601e+01
      vertex   2.190000e+01 1.296175e+01 -3.083963e+01
      vertex   2.190000e+01 1.518230e+01 -2.627300e+01
    endloop
  endfacet
  facet normal -1.000000e+00 -1.096562e-15 1.585201e-14
    outer loop
      vertex   2.190000e+01 1.796188e+01 -3.235601e+01
      vertex   2.190000e+01 1.518230e+01 -2.627300e+01
      vertex   2.190000e+01 1.828289e+01 -3.210969e+01
    endloop
  endfacet
  facet normal -1.000000e+00 2.209878e-15 1.760846e-14
    outer loop
      vertex   2.190000e+01 1.828289e+01 -3.210969e+01
      vertex   2.190000e+01 1.518230e+01 -2.627300e+01
      vertex   2.190000e+01 1.865672e+01 -3.195484e+01
    endloop
  endfacet
  facet normal -1.000000e+00 -1.980826e-15 1.504587e-14
    outer loop
      vertex   2.190000e+01 1.865672e+01 -3.195484e+01
      vertex   2.190000e+01 1.518230e+01 -2.627300e+01
      vertex   2.190000e+01 1.905789e+01 -3.190203e+01
    endloop
  endfacet
  facet normal -1.000000e+00 2.375716e-15 1.804535e-14
    outer loop
      vertex   2.190000e+01 1.905789e+01 -3.190203e+01
      vertex   2.190000e+01 1.518230e+01 -2.627300e+01
      vertex   2.190000e+01 1.945906e+01 -3.195484e+01
    endloop
  endfacet
  facet normal -1.000000e+00 -4.024322e-15 1.322801e-14
    outer loop
      vertex   2.190000e+01 1.945906e+01 -3.195484e+01
      vertex   2.190000e+01 1.518230e+01 -2.627300e+01
      vertex   2.190000e+01 1.983289e+01 -3.210969e+01
    endloop
  endfacet
  facet normal -1.000000e+00 -2.183931e-16 1.626051e-14
    outer loop
      vertex   2.190000e+01 1.983289e+01 -3.210969e+01
      vertex   2.190000e+01 1.518230e+01 -2.627300e+01
      vertex   2.190000e+01 2.595773e+01 -3.224591e+01
    endloop
  endfacet
  facet normal -1.000000e+00 -2.670027e-16 1.407497e-14
    outer loop
      vertex   2.190000e+01 1.983289e+01 -3.210969e+01
      vertex   2.190000e+01 2.595773e+01 -3.224591e+01
      vertex   2.190000e+01 2.015391e+01 -3.235601e+01
    endloop
  endfacet
  facet normal -1.000000e+00 -4.138626e-16 2.181665e-14
    outer loop
      vertex   2.190000e+01 2.015391e+01 -3.235601e+01
      vertex   2.190000e+01 2.595773e+01 -3.224591e+01
      vertex   2.190000e+01 2.040023e+01 -3.267703e+01
    endloop
  endfacet
  facet normal -1.000000e+00 5.244554e-16 9.720778e-15
    outer loop
      vertex   2.190000e+01 2.040023e+01 -3.267703e+01
      vertex   2.190000e+01 2.595773e+01 -3.224591e+01
      vertex   2.190000e+01 2.055508e+01 -3.305086e+01
    endloop
  endfacet
  facet normal -1.000000e+00 -2.430426e-15 1.846092e-14
    outer loop
      vertex   2.190000e+01 1.905789e+01 -3.500203e+01
      vertex   2.190000e+01 1.945906e+01 -3.494921e+01
      vertex   2.190000e+01 2.042551e+01 -3.655399e+01
    endloop
  endfacet
  facet normal -1.000000e+00 1.000841e-15 2.052734e-14
    outer loop
      vertex   2.190000e+01 2.042551e+01 -3.655399e+01
      vertex   2.190000e+01 1.945906e+01 -3.494921e+01
      vertex   2.190000e+01 1.983289e+01 -3.479437e+01
    endloop
  endfacet
  facet normal -1.000000e+00 5.277775e-15 2.196775e-14
    outer loop
      vertex   2.190000e+01 2.042551e+01 -3.655399e+01
      vertex   2.190000e+01 1.983289e+01 -3.479437e+01
      vertex   2.190000e+01 2.015391e+01 -3.454804e+01
    endloop
  endfacet
  facet normal -1.000000e+00 -1.128367e-14 1.972538e-14
    outer loop
      vertex   2.190000e+01 2.015391e+01 -3.454804e+01
      vertex   2.190000e+01 2.040023e+01 -3.422703e+01
      vertex   2.190000e+01 2.042551e+01 -3.655399e+01
    endloop
  endfacet
  facet normal -1.000000e+00 -1.946177e-15 1.478268e-14
    outer loop
      vertex   2.190000e+01 9.652586e+00 -5.196965e+01
      vertex   2.190000e+01 1.005376e+01 -5.191684e+01
      vertex   2.190000e+01 1.228610e+01 -5.691019e+01
    endloop
  endfacet
  facet normal -1.000000e+00 2.548105e-15 1.679191e-14
    outer loop
      vertex   2.190000e+01 1.228610e+01 -5.691019e+01
      vertex   2.190000e+01 1.005376e+01 -5.191684e+01
      vertex   2.190000e+01 1.042759e+01 -5.176199e+01
    endloop
  endfacet
  facet normal -1.000000e+00 -8.707332e-16 1.555770e-14
    outer loop
      vertex   2.190000e+01 1.228610e+01 -5.691019e+01
      vertex   2.190000e+01 1.042759e+01 -5.176199e+01
      vertex   2.190000e+01 1.074860e+01 -5.151567e+01
    endloop
  endfacet
  facet normal -1.000000e+00 6.013609e-15 1.751981e-14
    outer loop
      vertex   2.190000e+01 1.074860e+01 -5.151567e+01
      vertex   2.190000e+01 1.099493e+01 -5.119465e+01
      vertex   2.190000e+01 1.228610e+01 -5.691019e+01
    endloop
  endfacet
  facet normal -1.000000e+00 -1.263310e-15 2.673399e-14
    outer loop
      vertex   2.190000e+01 1.114977e+01 -5.082082e+01
      vertex   2.190000e+01 1.120259e+01 -5.041965e+01
      vertex   2.190000e+01 1.300792e+01 -4.993567e+01
    endloop
  endfacet
  facet normal -1.000000e+00 1.116028e-15 1.785871e-14
    outer loop
      vertex   2.190000e+01 1.300792e+01 -4.993567e+01
      vertex   2.190000e+01 1.120259e+01 -5.041965e+01
      vertex   2.190000e+01 1.114977e+01 -5.001848e+01
    endloop
  endfacet
  facet normal -1.000000e+00 1.461427e-15 1.010888e-14
    outer loop
      vertex   2.190000e+01 1.300792e+01 -4.993567e+01
      vertex   2.190000e+01 1.114977e+01 -5.001848e+01
      vertex   2.190000e+01 1.099493e+01 -4.964465e+01
    endloop
  endfacet
  facet normal -1.000000e+00 1.799586e-15 1.244798e-14
    outer loop
      vertex   2.190000e+01 1.099493e+01 -4.964465e+01
      vertex   2.190000e+01 1.074860e+01 -4.932364e+01
      vertex   2.190000e+01 1.300792e+01 -4.993567e+01
    endloop
  endfacet
  facet normal -1.000000e+00 9.647553e-15 4.141881e-14
    outer loop
      vertex   2.190000e+01 1.300792e+01 -4.993567e+01
      vertex   2.190000e+01 1.074860e+01 -4.932364e+01
      vertex   2.190000e+01 1.042759e+01 -4.907731e+01
    endloop
  endfacet
  facet normal -8.858005e-15 8.746197e-01 -4.848096e-01
    outer loop
      vertex   -2.340000e+01 5.879768e+00 -4.598447e+01
      vertex   -2.340000e+01 3.479961e+00 -5.031384e+01
      vertex   -2.690000e+01 5.879768e+00 -4.598447e+01
    endloop
  endfacet
  facet normal -8.817702e-15 8.746197e-01 -4.848096e-01
    outer loop
      vertex   -2.690000e+01 5.879768e+00 -4.598447e+01
      vertex   -2.340000e+01 3.479961e+00 -5.031384e+01
      vertex   -2.690000e+01 3.479961e+00 -5.031384e+01
    endloop
  endfacet
  facet normal -1.420468e-14 -4.848096e-01 -8.746197e-01
    outer loop
      vertex   -2.340000e+01 2.523052e+01 -3.355784e+01
      vertex   -2.340000e+01 1.569716e+01 -2.827342e+01
      vertex   -2.690000e+01 2.523052e+01 -3.355784e+01
    endloop
  endfacet
  facet normal -1.508623e-14 -4.848096e-01 -8.746197e-01
    outer loop
      vertex   -2.690000e+01 2.523052e+01 -3.355784e+01
      vertex   -2.340000e+01 1.569716e+01 -2.827342e+01
      vertex   -2.690000e+01 1.569716e+01 -2.827342e+01
    endloop
  endfacet
  facet normal -1.000000e+00 -2.412727e-16 1.529694e-14
    outer loop
      vertex   -2.690000e+01 1.228610e+01 -5.691019e+01
      vertex   -2.690000e+01 1.286361e+00 -5.081293e+01
      vertex   -2.690000e+01 3.479961e+00 -5.031384e+01
    endloop
  endfacet
  facet normal -1.000000e+00 -1.618907e-16 1.494804e-14
    outer loop
      vertex   -2.690000e+01 3.479961e+00 -5.031384e+01
      vertex   -2.690000e+01 1.286361e+00 -5.081293e+01
      vertex   -2.690000e+01 2.059085e+00 -4.985388e+01
    endloop
  endfacet
  facet normal -1.000000e+00 2.215234e-15 2.229139e-14
    outer loop
      vertex   -2.690000e+01 3.479961e+00 -5.031384e+01
      vertex   -2.690000e+01 2.059085e+00 -4.985388e+01
      vertex   -2.690000e+01 2.827630e+00 -4.881463e+01
    endloop
  endfacet
  facet normal -1.000000e+00 -1.641931e-15 2.061308e-14
    outer loop
      vertex   -2.690000e+01 2.827630e+00 -4.881463e+01
      vertex   -2.690000e+01 3.584705e+00 -4.772021e+01
      vertex   -2.690000e+01 3.479961e+00 -5.031384e+01
    endloop
  endfacet
  facet normal -1.000000e+00 2.291958e-15 2.045421e-14
    outer loop
      vertex   -2.690000e+01 3.479961e+00 -5.031384e+01
      vertex   -2.690000e+01 3.584705e+00 -4.772021e+01
      vertex   -2.690000e+01 4.328008e+00 -4.658766e+01
    endloop
  endfacet
  facet normal -1.000000e+00 -1.145661e-14 2.358327e-14
    outer loop
      vertex   -2.690000e+01 3.479961e+00 -5.031384e+01
      vertex   -2.690000e+01 4.328008e+00 -4.658766e+01
      vertex   -2.690000e+01 5.879768e+00 -4.598447e+01
    endloop
  endfacet
  facet normal -1.000000e+00 -1.219678e-14 2.548744e-14
    outer loop
      vertex   -2.690000e+01 5.879768e+00 -4.598447e+01
      vertex   -2.690000e+01 4.328008e+00 -4.658766e+01
      vertex   -2.690000e+01 5.079480e+00 -4.539170e+01
    endloop
  endfacet
  facet normal -1.000000e+00 -9.869148e-15 2.862996e-14
    outer loop
      vertex   -2.690000e+01 5.879768e+00 -4.598447e+01
      vertex   -2.690000e+01 5.079480e+00 -4.539170e+01
      vertex   -2.690000e+01 5.839165e+00 -4.413710e+01
    endloop
  endfacet
  facet normal -1.000000e+00 -2.115038e-14 2.838201e-14
    outer loop
      vertex   -2.690000e+01 5.839165e+00 -4.413710e+01
      vertex   -2.690000e+01 7.366340e+00 -4.149695e+01
      vertex   -2.690000e+01 5.879768e+00 -4.598447e+01
    endloop
  endfacet
  facet normal -1.000000e+00 -1.466414e-14 2.623333e-14
    outer loop
      vertex   -2.690000e+01 5.879768e+00 -4.598447e+01
      vertex   -2.690000e+01 7.366340e+00 -4.149695e+01
      vertex   -2.690000e+01 8.875859e+00 -3.875716e+01
    endloop
  endfacet
  facet normal -1.000000e+00 -1.790313e-14 2.757606e-14
    outer loop
      vertex   -2.690000e+01 5.879768e+00 -4.598447e+01
      vertex   -2.690000e+01 8.875859e+00 -3.875716e+01
      vertex   -2.690000e+01 1.569716e+01 -2.827342e+01
    endloop
  endfacet
  facet normal -1.000000e+00 -3.946048e-14 4.160247e-14
    outer loop
      vertex   -2.690000e+01 1.569716e+01 -2.827342e+01
      vertex   -2.690000e+01 8.875859e+00 -3.875716e+01
      vertex   -2.690000e+01 1.033405e+01 -3.600770e+01
    endloop
  endfacet
  facet normal -1.000000e+00 -8.816517e-15 2.035330e-14
    outer loop
      vertex   -2.690000e+01 1.569716e+01 -2.827342e+01
      vertex   -2.690000e+01 1.033405e+01 -3.600770e+01
      vertex   -2.690000e+01 1.103337e+01 -3.465746e+01
    endloop
  endfacet
  facet normal -1.000000e+00 -3.477238e-14 3.931507e-14
    outer loop
      vertex   -2.690000e+01 1.103337e+01 -3.465746e+01
      vertex   -2.690000e+01 1.170724e+01 -3.333853e+01
      vertex   -2.690000e+01 1.569716e+01 -2.827342e+01
    endloop
  endfacet
  facet normal -1.000000e+00 -1.687875e-14 2.521978e-14
    outer loop
      vertex   -2.690000e+01 1.569716e+01 -2.827342e+01
      vertex   -2.690000e+01 1.170724e+01 -3.333853e+01
      vertex   -2.690000e+01 1.235143e+01 -3.206218e+01
    endloop
  endfacet
  facet normal -1.000000e+00 4.159727e-15 6.641366e-15
    outer loop
      vertex   -2.690000e+01 1.569716e+01 -2.827342e+01
      vertex   -2.690000e+01 1.235143e+01 -3.206218e+01
      vertex   -2.690000e+01 1.296175e+01 -3.083963e+01
    endloop
  endfacet
  facet normal -1.000000e+00 -3.709215e-15 1.502916e-14
    outer loop
      vertex   -2.690000e+01 1.296175e+01 -3.083963e+01
      vertex   -2.690000e+01 1.518230e+01 -2.627300e+01
      vertex   -2.690000e+01 1.569716e+01 -2.827342e+01
    endloop
  endfacet
  facet normal -1.000000e+00 -4.905598e-17 1.597120e-14
    outer loop
      vertex   -2.690000e+01 1.569716e+01 -2.827342e+01
      vertex   -2.690000e+01 1.518230e+01 -2.627300e+01
      vertex   -2.690000e+01 2.595773e+01 -3.224591e+01
    endloop
  endfacet
  facet normal -1.000000e+00 4.785623e-17 1.622151e-14
    outer loop
      vertex   -2.690000e+01 1.569716e+01 -2.827342e+01
      vertex   -2.690000e+01 2.595773e+01 -3.224591e+01
      vertex   -2.690000e+01 2.523052e+01 -3.355784e+01
    endloop
  endfacet
  facet normal -1.000000e+00 1.766258e-15 1.797699e-14
    outer loop
      vertex   -2.690000e+01 3.479961e+00 -5.031384e+01
      vertex   -2.690000e+01 1.301332e+01 -5.559826e+01
      vertex   -2.690000e+01 1.228610e+01 -5.691019e+01
    endloop
  endfacet
  facet normal 1.532987e-14 4.848096e-01 8.746197e-01
    outer loop
      vertex   -2.690000e+01 1.518230e+01 -2.627300e+01
      vertex   -2.190000e+01 1.518230e+01 -2.627300e+01
      vertex   -2.690000e+01 2.595773e+01 -3.224591e+01
    endloop
  endfacet
  facet normal 1.491491e-14 4.848096e-01 8.746197e-01
    outer loop
      vertex   -2.690000e+01 2.595773e+01 -3.224591e+01
      vertex   -2.190000e+01 1.518230e+01 -2.627300e+01
      vertex   -2.190000e+01 2.595773e+01 -3.224591e+01
    endloop
  endfacet
  facet normal -1.556177e-14 -4.848096e-01 -8.746197e-01
    outer loop
      vertex   -2.690000e+01 1.286361e+00 -5.081293e+01
      vertex   -2.690000e+01 1.228610e+01 -5.691019e+01
      vertex   -2.190000e+01 1.286361e+00 -5.081293e+01
    endloop
  endfacet
  facet normal -1.491526e-14 -4.848096e-01 -8.746197e-01
    outer loop
      vertex   -2.190000e+01 1.286361e+00 -5.081293e+01
      vertex   -2.690000e+01 1.228610e+01 -5.691019e+01
      vertex   -2.190000e+01 1.228610e+01 -5.691019e+01
    endloop
  endfacet
  facet normal -8.365893e-15 8.746197e-01 -4.848096e-01
    outer loop
      vertex   -2.340000e+01 1.569716e+01 -2.827342e+01
      vertex   -2.340000e+01 5.879768e+00 -4.598447e+01
      vertex   -2.690000e+01 1.569716e+01 -2.827342e+01
    endloop
  endfacet
  facet normal -8.822259e-15 8.746197e-01 -4.848096e-01
    outer loop
      vertex   -2.690000e+01 1.569716e+01 -2.827342e+01
      vertex   -2.340000e+01 5.879768e+00 -4.598447e+01
      vertex   -2.690000e+01 5.879768e+00 -4.598447e+01
    endloop
  endfacet
  facet normal 1.598026e-14 4.848096e-01 8.746197e-01
    outer loop
      vertex   -2.340000e+01 3.479961e+00 -5.031384e+01
      vertex   -2.340000e+01 1.301332e+01 -5.559826e+01
      vertex   -2.690000e+01 3.479961e+00 -5.031384e+01
    endloop
  endfacet
  facet normal 1.601748e-14 4.848096e-01 8.746197e-01
    outer loop
      vertex   -2.690000e+01 3.479961e+00 -5.031384e+01
      vertex   -2.340000e+01 1.301332e+01 -5.559826e+01
      vertex   -2.690000e+01 1.301332e+01 -5.559826e+01
    endloop
  endfacet
  facet normal 2.900768e-05 8.884646e-01 -4.589452e-01
    outer loop
      vertex   -1.400000e+01 1.040735e+01 -3.586736e+01
      vertex   -2.190000e+01 1.017532e+01 -3.631704e+01
      vertex   -1.400000e+01 1.121000e+01 -3.431353e+01
    endloop
  endfacet
  facet normal -2.656483e-04 8.889379e-01 -4.580278e-01
    outer loop
      vertex   -1.400000e+01 1.121000e+01 -3.431353e+01
      vertex   -2.190000e+01 1.017532e+01 -3.631704e+01
      vertex   -2.190000e+01 1.157181e+01 -3.360675e+01
    endloop
  endfacet
  facet normal 2.414233e-04 8.912374e-01 -4.535371e-01
    outer loop
      vertex   -1.400000e+01 1.121000e+01 -3.431353e+01
      vertex   -2.190000e+01 1.157181e+01 -3.360675e+01
      vertex   -1.400000e+01 1.194593e+01 -3.286736e+01
    endloop
  endfacet
  facet normal -3.082246e-04 8.936017e-01 -4.488607e-01
    outer loop
      vertex   -1.400000e+01 1.194593e+01 -3.286736e+01
      vertex   -2.190000e+01 1.157181e+01 -3.360675e+01
      vertex   -2.190000e+01 1.296175e+01 -3.083963e+01
    endloop
  endfacet
  facet normal -2.592119e-04 8.936783e-01 -4.487082e-01
    outer loop
      vertex   -1.400000e+01 1.194593e+01 -3.286736e+01
      vertex   -2.190000e+01 1.296175e+01 -3.083963e+01
      vertex   -1.400000e+01 1.269907e+01 -3.136736e+01
    endloop
  endfacet
  facet normal -7.767551e-08 8.952312e-01 -4.456020e-01
    outer loop
      vertex   -1.400000e+01 1.269907e+01 -3.136736e+01
      vertex   -2.190000e+01 1.296175e+01 -3.083963e+01
      vertex   -1.250000e+01 1.269907e+01 -3.136736e+01
    endloop
  endfacet
  facet normal -7.765736e-08 8.952312e-01 -4.456020e-01
    outer loop
      vertex   -1.250000e+01 1.269907e+01 -3.136736e+01
      vertex   -2.190000e+01 1.296175e+01 -3.083963e+01
      vertex   2.190000e+01 1.296175e+01 -3.083963e+01
    endloop
  endfacet
  facet normal -7.767551e-08 8.952312e-01 -4.456020e-01
    outer loop
      vertex   -1.250000e+01 1.269907e+01 -3.136736e+01
      vertex   2.190000e+01 1.296175e+01 -3.083963e+01
      vertex   1.250000e+01 1.269907e+01 -3.136736e+01
    endloop
  endfacet
  facet normal -7.767552e-08 8.952312e-01 -4.456020e-01
    outer loop
      vertex   1.250000e+01 1.269907e+01 -3.136736e+01
      vertex   2.190000e+01 1.296175e+01 -3.083963e+01
      vertex   1.400000e+01 1.269907e+01 -3.136736e+01
    endloop
  endfacet
  facet normal 2.590569e-04 8.936783e-01 -4.487082e-01
    outer loop
      vertex   1.400000e+01 1.269907e+01 -3.136736e+01
      vertex   2.190000e+01 1.296175e+01 -3.083963e+01
      vertex   1.400000e+01 1.194593e+01 -3.286736e+01
    endloop
  endfacet
  facet normal 3.080713e-04 8.936017e-01 -4.488607e-01
    outer loop
      vertex   1.400000e+01 1.194593e+01 -3.286736e+01
      vertex   2.190000e+01 1.296175e+01 -3.083963e+01
      vertex   2.190000e+01 1.157181e+01 -3.360676e+01
    endloop
  endfacet
  facet normal -2.415791e-04 8.912374e-01 -4.535371e-01
    outer loop
      vertex   1.400000e+01 1.194593e+01 -3.286736e+01
      vertex   2.190000e+01 1.157181e+01 -3.360676e+01
      vertex   1.400000e+01 1.121000e+01 -3.431353e+01
    endloop
  endfacet
  facet normal 2.654948e-04 8.889378e-01 -4.580278e-01
    outer loop
      vertex   1.400000e+01 1.121000e+01 -3.431353e+01
      vertex   2.190000e+01 1.157181e+01 -3.360676e+01
      vertex   2.190000e+01 1.017533e+01 -3.631705e+01
    endloop
  endfacet
  facet normal -2.915845e-05 8.884646e-01 -4.589452e-01
    outer loop
      vertex   1.400000e+01 1.121000e+01 -3.431353e+01
      vertex   2.190000e+01 1.017533e+01 -3.631705e+01
      vertex   1.400000e+01 1.040735e+01 -3.586736e+01
    endloop
  endfacet
  facet normal -1.469050e-04 8.876194e-01 -4.605777e-01
    outer loop
      vertex   1.400000e+01 1.040735e+01 -3.586736e+01
      vertex   2.190000e+01 1.017533e+01 -3.631705e+01
      vertex   -8.182076e-07 1.005266e+01 -3.654646e+01
    endloop
  endfacet
  facet normal 4.369717e-05 8.860099e-01 -4.636664e-01
    outer loop
      vertex   1.400000e+01 1.040735e+01 -3.586736e+01
      vertex   -8.182076e-07 1.005266e+01 -3.654646e+01
      vertex   -8.355258e-07 1.031612e+01 -3.604301e+01
    endloop
  endfacet
  facet normal -4.385125e-05 8.860099e-01 -4.636664e-01
    outer loop
      vertex   -8.355258e-07 1.031612e+01 -3.604301e+01
      vertex   -8.182076e-07 1.005266e+01 -3.654646e+01
      vertex   -1.400000e+01 1.040735e+01 -3.586736e+01
    endloop
  endfacet
  facet normal -7.716198e-08 8.874413e-01 -4.609208e-01
    outer loop
      vertex   -8.355258e-07 1.031612e+01 -3.604301e+01
      vertex   -1.400000e+01 1.040735e+01 -3.586736e+01
      vertex   1.400000e+01 1.040735e+01 -3.586736e+01
    endloop
  endfacet
  facet normal -7.760833e-08 8.947074e-01 -4.466528e-01
    outer loop
      vertex   -2.690000e+01 1.296175e+01 -3.083963e+01
      vertex   -2.690000e+01 1.235143e+01 -3.206218e+01
      vertex   -3.000000e+01 1.296175e+01 -3.083963e+01
    endloop
  endfacet
  facet normal -5.749206e-04 8.941239e-01 -4.478192e-01
    outer loop
      vertex   -3.000000e+01 1.296175e+01 -3.083963e+01
      vertex   -2.690000e+01 1.235143e+01 -3.206218e+01
      vertex   -3.000000e+01 1.196054e+01 -3.283866e+01
    endloop
  endfacet
  facet normal 2.904815e-04 8.927378e-01 -4.505764e-01
    outer loop
      vertex   -3.000000e+01 1.196054e+01 -3.283866e+01
      vertex   -2.690000e+01 1.235143e+01 -3.206218e+01
      vertex   -2.690000e+01 1.170724e+01 -3.333853e+01
    endloop
  endfacet
  facet normal -4.455996e-04 8.908957e-01 -4.542078e-01
    outer loop
      vertex   -3.000000e+01 1.196054e+01 -3.283866e+01
      vertex   -2.690000e+01 1.170724e+01 -3.333853e+01
      vertex   -3.000000e+01 1.098214e+01 -3.475771e+01
    endloop
  endfacet
  facet normal -2.295175e-06 8.905038e-01 -4.549759e-01
    outer loop
      vertex   -3.000000e+01 1.098214e+01 -3.475771e+01
      vertex   -2.690000e+01 1.170724e+01 -3.333853e+01
      vertex   -2.690000e+01 1.103337e+01 -3.465746e+01
    endloop
  endfacet
  facet normal 1.988748e-04 8.879699e-01 -4.599015e-01
    outer loop
      vertex   -3.000000e+01 1.098214e+01 -3.475771e+01
      vertex   -2.690000e+01 1.103337e+01 -3.465746e+01
      vertex   -2.690000e+01 1.033405e+01 -3.600770e+01
    endloop
  endfacet
  facet normal -4.627248e-04 8.872990e-01 -4.611944e-01
    outer loop
      vertex   -3.000000e+01 1.098214e+01 -3.475771e+01
      vertex   -2.690000e+01 1.033405e+01 -3.600770e+01
      vertex   -3.000000e+01 1.002676e+01 -3.659579e+01
    endloop
  endfacet
  facet normal 1.312732e-03 8.834423e-01 -4.685382e-01
    outer loop
      vertex   -3.000000e+01 1.002676e+01 -3.659579e+01
      vertex   -2.690000e+01 1.033405e+01 -3.600770e+01
      vertex   -2.690000e+01 8.875859e+00 -3.875716e+01
    endloop
  endfacet
  facet normal 1.027677e-03 8.832734e-01 -4.688571e-01
    outer loop
      vertex   -3.000000e+01 1.002676e+01 -3.659579e+01
      vertex   -2.690000e+01 8.875859e+00 -3.875716e+01
      vertex   -3.000000e+01 9.094593e+00 -3.835188e+01
    endloop
  endfacet
  facet normal -3.940752e-04 8.787463e-01 -4.772889e-01
    outer loop
      vertex   -3.000000e+01 9.094593e+00 -3.835188e+01
      vertex   -2.690000e+01 8.875859e+00 -3.875716e+01
      vertex   -3.000000e+01 8.185835e+00 -4.002502e+01
    endloop
  endfacet
  facet normal 2.406397e-03 8.758574e-01 -4.825640e-01
    outer loop
      vertex   -3.000000e+01 8.185835e+00 -4.002502e+01
      vertex   -2.690000e+01 8.875859e+00 -3.875716e+01
      vertex   -2.690000e+01 7.366340e+00 -4.149695e+01
    endloop
  endfacet
  facet normal -9.896508e-05 8.736259e-01 -4.865981e-01
    outer loop
      vertex   -3.000000e+01 8.185835e+00 -4.002502e+01
      vertex   -2.690000e+01 7.366340e+00 -4.149695e+01
      vertex   -3.000000e+01 7.300690e+00 -4.161419e+01
    endloop
  endfacet
  facet normal 4.153776e-04 8.677902e-01 -4.969306e-01
    outer loop
      vertex   -3.000000e+01 7.300690e+00 -4.161419e+01
      vertex   -2.690000e+01 7.366340e+00 -4.149695e+01
      vertex   -3.000000e+01 6.439760e+00 -4.311763e+01
    endloop
  endfacet
  facet normal 3.040168e-03 8.656121e-01 -5.007060e-01
    outer loop
      vertex   -3.000000e+01 6.439760e+00 -4.311763e+01
      vertex   -2.690000e+01 7.366340e+00 -4.149695e+01
      vertex   -2.690000e+01 5.839165e+00 -4.413710e+01
    endloop
  endfacet
  facet normal -5.345550e-04 8.608886e-01 -5.087932e-01
    outer loop
      vertex   -3.000000e+01 6.439760e+00 -4.311763e+01
      vertex   -2.690000e+01 5.839165e+00 -4.413710e+01
      vertex   -3.000000e+01 5.603411e+00 -4.453275e+01
    endloop
  endfacet
  facet normal 1.053000e-03 8.554023e-01 -5.179631e-01
    outer loop
      vertex   -3.000000e+01 5.603411e+00 -4.453275e+01
      vertex   -2.690000e+01 5.839165e+00 -4.413710e+01
      vertex   -2.690000e+01 5.079480e+00 -4.539170e+01
    endloop
  endfacet
  facet normal -7.030312e-04 8.525876e-01 -5.225838e-01
    outer loop
      vertex   -3.000000e+01 5.603411e+00 -4.453275e+01
      vertex   -2.690000e+01 5.079480e+00 -4.539170e+01
      vertex   -3.000000e+01 4.791674e+00 -4.585708e+01
    endloop
  endfacet
  facet normal 1.260098e-03 8.467224e-01 -5.320334e-01
    outer loop
      vertex   -3.000000e+01 4.791674e+00 -4.585708e+01
      vertex   -2.690000e+01 5.079480e+00 -4.539170e+01
      vertex   -2.690000e+01 4.328008e+00 -4.658766e+01
    endloop
  endfacet
  facet normal -9.304540e-04 8.425213e-01 -5.386622e-01
    outer loop
      vertex   -3.000000e+01 4.791674e+00 -4.585708e+01
      vertex   -2.690000e+01 4.328008e+00 -4.658766e+01
      vertex   -3.000000e+01 4.004580e+00 -4.708818e+01
    endloop
  endfacet
  facet normal 1.366648e-03 8.360241e-01 -5.486910e-01
    outer loop
      vertex   -3.000000e+01 4.004580e+00 -4.708818e+01
      vertex   -2.690000e+01 4.328008e+00 -4.658766e+01
      vertex   -2.690000e+01 3.584705e+00 -4.772021e+01
    endloop
  endfacet
  facet normal -1.214776e-03 8.301911e-01 -5.574775e-01
    outer loop
      vertex   -3.000000e+01 4.004580e+00 -4.708818e+01
      vertex   -2.690000e+01 3.584705e+00 -4.772021e+01
      vertex   -3.000000e+01 3.242159e+00 -4.822357e+01
    endloop
  endfacet
  facet normal 1.501352e-03 8.224022e-01 -5.689045e-01
    outer loop
      vertex   -3.000000e+01 3.242159e+00 -4.822357e+01
      vertex   -2.690000e+01 3.584705e+00 -4.772021e+01
      vertex   -2.690000e+01 2.827630e+00 -4.881463e+01
    endloop
  endfacet
  facet normal -1.538501e-03 8.149062e-01 -5.795909e-01
    outer loop
      vertex   -3.000000e+01 3.242159e+00 -4.822357e+01
      vertex   -2.690000e+01 2.827630e+00 -4.881463e+01
      vertex   -3.000000e+01 2.504447e+00 -4.926079e+01
    endloop
  endfacet
  facet normal 1.754336e-03 8.040274e-01 -5.945896e-01
    outer loop
      vertex   -3.000000e+01 2.504447e+00 -4.926079e+01
      vertex   -2.690000e+01 2.827630e+00 -4.881463e+01
      vertex   -2.690000e+01 2.059085e+00 -4.985388e+01
    endloop
  endfacet
  facet normal -1.470423e-03 7.959408e-01 -6.053726e-01
    outer loop
      vertex   -3.000000e+01 2.504447e+00 -4.926079e+01
      vertex   -2.690000e+01 2.059085e+00 -4.985388e+01
      vertex   -3.000000e+01 1.792090e+00 -5.019740e+01
    endloop
  endfacet
  facet normal 2.456636e-03 7.786902e-01 -6.274039e-01
    outer loop
      vertex   -3.000000e+01 1.792090e+00 -5.019740e+01
      vertex   -2.690000e+01 2.059085e+00 -4.985388e+01
      vertex   -2.690000e+01 1.286361e+00 -5.081293e+01
    endloop
  endfacet
  facet normal -1.028388e-03 7.701122e-01 -6.379076e-01
    outer loop
      vertex   -3.000000e+01 1.792090e+00 -5.019740e+01
      vertex   -2.690000e+01 1.286361e+00 -5.081293e+01
      vertex   -3.000000e+01 1.100652e+00 -5.103213e+01
    endloop
  endfacet
  facet normal -6.956527e-08 7.629869e-01 -6.464139e-01
    outer loop
      vertex   -3.000000e+01 1.100652e+00 -5.103213e+01
      vertex   -2.690000e+01 1.286361e+00 -5.081293e+01
      vertex   -2.190000e+01 1.286361e+00 -5.081293e+01
    endloop
  endfacet
  facet normal -9.174131e-05 7.646551e-01 -6.444397e-01
    outer loop
      vertex   -3.000000e+01 1.100652e+00 -5.103213e+01
      vertex   -2.190000e+01 1.286361e+00 -5.081293e+01
      vertex   -2.706291e-07 1.287894e+00 -5.081423e+01
    endloop
  endfacet
  facet normal -9.173742e-05 7.692658e-01 -6.389288e-01
    outer loop
      vertex   -2.706291e-07 1.287894e+00 -5.081423e+01
      vertex   -2.190000e+01 1.286361e+00 -5.081293e+01
      vertex   -2.861530e-07 1.557417e+00 -5.048973e+01
    endloop
  endfacet
  facet normal 9.159802e-05 7.692658e-01 -6.389288e-01
    outer loop
      vertex   -2.706291e-07 1.287894e+00 -5.081423e+01
      vertex   -2.861530e-07 1.557417e+00 -5.048973e+01
      vertex   2.190000e+01 1.286364e+00 -5.081294e+01
    endloop
  endfacet
  facet normal 4.798551e-04 7.819894e-01 -6.232916e-01
    outer loop
      vertex   2.190000e+01 1.286364e+00 -5.081294e+01
      vertex   -2.861530e-07 1.557417e+00 -5.048973e+01
      vertex   2.190000e+01 2.234460e+00 -4.962344e+01
    endloop
  endfacet
  facet normal 2.965092e-04 7.842605e-01 -6.204316e-01
    outer loop
      vertex   2.190000e+01 2.234460e+00 -4.962344e+01
      vertex   -2.861530e-07 1.557417e+00 -5.048973e+01
      vertex   -3.137778e-07 2.031349e+00 -4.989065e+01
    endloop
  endfacet
  facet normal -9.180461e-05 7.997276e-01 -6.003630e-01
    outer loop
      vertex   2.190000e+01 2.234460e+00 -4.962344e+01
      vertex   -3.137778e-07 2.031349e+00 -4.989065e+01
      vertex   -3.424049e-07 2.515966e+00 -4.924511e+01
    endloop
  endfacet
  facet normal 9.166131e-05 7.997276e-01 -6.003630e-01
    outer loop
      vertex   -3.424049e-07 2.515966e+00 -4.924511e+01
      vertex   -3.137778e-07 2.031349e+00 -4.989065e+01
      vertex   -2.190000e+01 2.234457e+00 -4.962344e+01
    endloop
  endfacet
  facet normal -1.511925e-04 8.064476e-01 -5.913055e-01
    outer loop
      vertex   -3.424049e-07 2.515966e+00 -4.924511e+01
      vertex   -2.190000e+01 2.234457e+00 -4.962344e+01
      vertex   -2.190000e+01 2.836906e+00 -4.880180e+01
    endloop
  endfacet
  facet normal -1.998328e-04 7.728395e-01 -6.346015e-01
    outer loop
      vertex   -2.190000e+01 1.286361e+00 -5.081293e+01
      vertex   -2.190000e+01 1.755769e+00 -5.024127e+01
      vertex   -2.861530e-07 1.557417e+00 -5.048973e+01
    endloop
  endfacet
  facet normal 6.436731e-05 7.842606e-01 -6.204316e-01
    outer loop
      vertex   -2.861530e-07 1.557417e+00 -5.048973e+01
      vertex   -2.190000e+01 1.755769e+00 -5.024127e+01
      vertex   -3.137778e-07 2.031349e+00 -4.989065e+01
    endloop
  endfacet
  facet normal -1.416287e-04 7.904967e-01 -6.124663e-01
    outer loop
      vertex   -2.190000e+01 1.755769e+00 -5.024127e+01
      vertex   -2.190000e+01 2.234457e+00 -4.962344e+01
      vertex   -3.137778e-07 2.031349e+00 -4.989065e+01
    endloop
  endfacet
  facet normal 1.016280e-04 8.123883e-01 -5.831168e-01
    outer loop
      vertex   -3.424049e-07 2.515966e+00 -4.924511e+01
      vertex   -2.190000e+01 2.836906e+00 -4.880180e+01
      vertex   -3.720775e-07 3.012375e+00 -4.855352e+01
    endloop
  endfacet
  facet normal -9.814448e-05 8.206953e-01 -5.713662e-01
    outer loop
      vertex   -3.720775e-07 3.012375e+00 -4.855352e+01
      vertex   -2.190000e+01 2.836906e+00 -4.880180e+01
      vertex   -2.190000e+01 3.454416e+00 -4.791482e+01
    endloop
  endfacet
  facet normal 7.305172e-05 8.234436e-01 -5.673982e-01
    outer loop
      vertex   -3.720775e-07 3.012375e+00 -4.855352e+01
      vertex   -2.190000e+01 3.454416e+00 -4.791482e+01
      vertex   -4.027650e-07 3.520086e+00 -4.781670e+01
    endloop
  endfacet
  facet normal -1.343570e-05 8.324396e-01 -5.541158e-01
    outer loop
      vertex   -4.027650e-07 3.520086e+00 -4.781670e+01
      vertex   -2.190000e+01 3.454416e+00 -4.791482e+01
      vertex   -2.190000e+01 4.085703e+00 -4.696645e+01
    endloop
  endfacet
  facet normal 3.076538e-05 8.329645e-01 -5.533265e-01
    outer loop
      vertex   -4.027650e-07 3.520086e+00 -4.781670e+01
      vertex   -2.190000e+01 4.085703e+00 -4.696645e+01
      vertex   -4.344582e-07 4.039088e+00 -4.703540e+01
    endloop
  endfacet
  facet normal 8.807358e-05 8.412139e-01 -5.407026e-01
    outer loop
      vertex   -4.344582e-07 4.039088e+00 -4.703540e+01
      vertex   -2.190000e+01 4.085703e+00 -4.696645e+01
      vertex   -4.671478e-07 4.569371e+00 -4.621040e+01
    endloop
  endfacet
  facet normal -8.822085e-05 8.412139e-01 -5.407026e-01
    outer loop
      vertex   -4.344582e-07 4.039088e+00 -4.703540e+01
      vertex   -4.671478e-07 4.569371e+00 -4.621040e+01
      vertex   2.190000e+01 4.085705e+00 -4.696645e+01
    endloop
  endfacet
  facet normal -9.193252e-06 8.422549e-01 -5.390794e-01
    outer loop
      vertex   2.190000e+01 4.085705e+00 -4.696645e+01
      vertex   -4.671478e-07 4.569371e+00 -4.621040e+01
      vertex   2.190000e+01 4.729484e+00 -4.596061e+01
    endloop
  endfacet
  facet normal -1.650380e-04 8.484004e-01 -5.293549e-01
    outer loop
      vertex   2.190000e+01 4.729484e+00 -4.596061e+01
      vertex   -4.671478e-07 4.569371e+00 -4.621040e+01
      vertex   -5.008248e-07 5.110927e+00 -4.534245e+01
    endloop
  endfacet
  facet normal -2.945497e-05 8.505572e-01 -5.258825e-01
    outer loop
      vertex   2.190000e+01 4.729484e+00 -4.596061e+01
      vertex   -5.008248e-07 5.110927e+00 -4.534245e+01
      vertex   2.190000e+01 5.384471e+00 -4.490125e+01
    endloop
  endfacet
  facet normal -2.170021e-04 8.546914e-01 -5.191363e-01
    outer loop
      vertex   2.190000e+01 5.384471e+00 -4.490125e+01
      vertex   -5.008248e-07 5.110927e+00 -4.534245e+01
      vertex   -5.354799e-07 5.663746e+00 -4.443230e+01
    endloop
  endfacet
  facet normal -7.411814e-05 8.576537e-01 -5.142277e-01
    outer loop
      vertex   2.190000e+01 5.384471e+00 -4.490125e+01
      vertex   -5.354799e-07 5.663746e+00 -4.443230e+01
      vertex   2.190000e+01 6.049381e+00 -4.379228e+01
    endloop
  endfacet
  facet normal -3.244426e-04 8.614033e-01 -5.079215e-01
    outer loop
      vertex   2.190000e+01 6.049381e+00 -4.379228e+01
      vertex   -5.354799e-07 5.663746e+00 -4.443230e+01
      vertex   -5.880080e-07 6.494120e+00 -4.302404e+01
    endloop
  endfacet
  facet normal -1.344029e-04 8.637753e-01 -5.038772e-01
    outer loop
      vertex   2.190000e+01 6.049381e+00 -4.379228e+01
      vertex   -5.880080e-07 6.494120e+00 -4.302404e+01
      vertex   2.190000e+01 6.722932e+00 -4.263764e+01
    endloop
  endfacet
  facet normal -3.142995e-04 8.681628e-01 -4.962794e-01
    outer loop
      vertex   2.190000e+01 6.722932e+00 -4.263764e+01
      vertex   -5.880080e-07 6.494120e+00 -4.302404e+01
      vertex   -6.425878e-07 7.348625e+00 -4.152921e+01
    endloop
  endfacet
  facet normal -2.045563e-04 8.690984e-01 -4.946392e-01
    outer loop
      vertex   2.190000e+01 6.722932e+00 -4.263764e+01
      vertex   -6.425878e-07 7.348625e+00 -4.152921e+01
      vertex   2.190000e+01 7.403837e+00 -4.144126e+01
    endloop
  endfacet
  facet normal -2.509237e-04 8.738990e-01 -4.861074e-01
    outer loop
      vertex   2.190000e+01 7.403837e+00 -4.144126e+01
      vertex   -6.425878e-07 7.348625e+00 -4.152921e+01
      vertex   -6.991727e-07 8.226863e+00 -3.995036e+01
    endloop
  endfacet
  facet normal 6.135972e-05 8.758442e-01 -4.825941e-01
    outer loop
      vertex   2.190000e+01 7.403837e+00 -4.144126e+01
      vertex   -6.991727e-07 8.226863e+00 -3.995036e+01
      vertex   2.190000e+01 8.782577e+00 -3.893903e+01
    endloop
  endfacet
  facet normal -2.790625e-04 8.789437e-01 -4.769255e-01
    outer loop
      vertex   2.190000e+01 8.782577e+00 -3.893903e+01
      vertex   -6.991727e-07 8.226863e+00 -3.995036e+01
      vertex   -7.577191e-07 9.128272e+00 -3.828912e+01
    endloop
  endfacet
  facet normal 1.920539e-05 8.831411e-01 -4.691074e-01
    outer loop
      vertex   2.190000e+01 8.782577e+00 -3.893903e+01
      vertex   -7.577191e-07 9.128272e+00 -3.828912e+01
      vertex   2.190000e+01 1.017533e+01 -3.631705e+01
    endloop
  endfacet
  facet normal -3.927975e-05 8.834101e-01 -4.686007e-01
    outer loop
      vertex   2.190000e+01 1.017533e+01 -3.631705e+01
      vertex   -7.577191e-07 9.128272e+00 -3.828912e+01
      vertex   -8.182076e-07 1.005266e+01 -3.654646e+01
    endloop
  endfacet
  facet normal 9.043735e-06 8.422550e-01 -5.390794e-01
    outer loop
      vertex   -2.190000e+01 4.085703e+00 -4.696645e+01
      vertex   -2.190000e+01 4.729483e+00 -4.596061e+01
      vertex   -4.671478e-07 4.569371e+00 -4.621040e+01
    endloop
  endfacet
  facet normal 1.648895e-04 8.484004e-01 -5.293549e-01
    outer loop
      vertex   -4.671478e-07 4.569371e+00 -4.621040e+01
      vertex   -2.190000e+01 4.729483e+00 -4.596061e+01
      vertex   -5.008248e-07 5.110927e+00 -4.534245e+01
    endloop
  endfacet
  facet normal 2.930503e-05 8.505573e-01 -5.258824e-01
    outer loop
      vertex   -2.190000e+01 4.729483e+00 -4.596061e+01
      vertex   -2.190000e+01 5.384470e+00 -4.490124e+01
      vertex   -5.008248e-07 5.110927e+00 -4.534245e+01
    endloop
  endfacet
  facet normal 2.168523e-04 8.546914e-01 -5.191363e-01
    outer loop
      vertex   -5.008248e-07 5.110927e+00 -4.534245e+01
      vertex   -2.190000e+01 5.384470e+00 -4.490124e+01
      vertex   -5.354799e-07 5.663746e+00 -4.443230e+01
    endloop
  endfacet
  facet normal 7.396794e-05 8.576537e-01 -5.142277e-01
    outer loop
      vertex   -2.190000e+01 5.384470e+00 -4.490124e+01
      vertex   -2.190000e+01 6.049381e+00 -4.379227e+01
      vertex   -5.354799e-07 5.663746e+00 -4.443230e+01
    endloop
  endfacet
  facet normal 3.242920e-04 8.614033e-01 -5.079215e-01
    outer loop
      vertex   -5.354799e-07 5.663746e+00 -4.443230e+01
      vertex   -2.190000e+01 6.049381e+00 -4.379227e+01
      vertex   -5.880080e-07 6.494120e+00 -4.302404e+01
    endloop
  endfacet
  facet normal 1.342512e-04 8.637753e-01 -5.038772e-01
    outer loop
      vertex   -2.190000e+01 6.049381e+00 -4.379227e+01
      vertex   -2.190000e+01 6.722932e+00 -4.263763e+01
      vertex   -5.880080e-07 6.494120e+00 -4.302404e+01
    endloop
  endfacet
  facet normal 3.141489e-04 8.681628e-01 -4.962794e-01
    outer loop
      vertex   -5.880080e-07 6.494120e+00 -4.302404e+01
      vertex   -2.190000e+01 6.722932e+00 -4.263763e+01
      vertex   -6.425878e-07 7.348625e+00 -4.152921e+01
    endloop
  endfacet
  facet normal 2.044032e-04 8.690984e-01 -4.946392e-01
    outer loop
      vertex   -2.190000e+01 6.722932e+00 -4.263763e+01
      vertex   -2.190000e+01 7.403837e+00 -4.144126e+01
      vertex   -6.425878e-07 7.348625e+00 -4.152921e+01
    endloop
  endfacet
  facet normal 2.507729e-04 8.738990e-01 -4.861074e-01
    outer loop
      vertex   -6.425878e-07 7.348625e+00 -4.152921e+01
      vertex   -2.190000e+01 7.403837e+00 -4.144126e+01
      vertex   -6.991727e-07 8.226863e+00 -3.995036e+01
    endloop
  endfacet
  facet normal -6.151273e-05 8.758442e-01 -4.825940e-01
    outer loop
      vertex   -2.190000e+01 7.403837e+00 -4.144126e+01
      vertex   -2.190000e+01 8.782577e+00 -3.893903e+01
      vertex   -6.991727e-07 8.226863e+00 -3.995036e+01
    endloop
  endfacet
  facet normal 2.789090e-04 8.789437e-01 -4.769255e-01
    outer loop
      vertex   -6.991727e-07 8.226863e+00 -3.995036e+01
      vertex   -2.190000e+01 8.782577e+00 -3.893903e+01
      vertex   -7.577191e-07 9.128272e+00 -3.828912e+01
    endloop
  endfacet
  facet normal -1.935764e-05 8.831411e-01 -4.691074e-01
    outer loop
      vertex   -2.190000e+01 8.782577e+00 -3.893903e+01
      vertex   -2.190000e+01 1.017532e+01 -3.631704e+01
      vertex   -7.577191e-07 9.128272e+00 -3.828912e+01
    endloop
  endfacet
  facet normal 3.912450e-05 8.834101e-01 -4.686007e-01
    outer loop
      vertex   -7.577191e-07 9.128272e+00 -3.828912e+01
      vertex   -2.190000e+01 1.017532e+01 -3.631704e+01
      vertex   -8.182076e-07 1.005266e+01 -3.654646e+01
    endloop
  endfacet
  facet normal -3.091432e-05 8.329645e-01 -5.533265e-01
    outer loop
      vertex   -4.344582e-07 4.039088e+00 -4.703540e+01
      vertex   2.190000e+01 4.085705e+00 -4.696645e+01
      vertex   -4.027650e-07 3.520086e+00 -4.781670e+01
    endloop
  endfacet
  facet normal 1.328936e-05 8.324396e-01 -5.541158e-01
    outer loop
      vertex   -4.027650e-07 3.520086e+00 -4.781670e+01
      vertex   2.190000e+01 4.085705e+00 -4.696645e+01
      vertex   2.190000e+01 3.454418e+00 -4.791482e+01
    endloop
  endfacet
  facet normal -7.319885e-05 8.234436e-01 -5.673982e-01
    outer loop
      vertex   -4.027650e-07 3.520086e+00 -4.781670e+01
      vertex   2.190000e+01 3.454418e+00 -4.791482e+01
      vertex   -3.720775e-07 3.012375e+00 -4.855352e+01
    endloop
  endfacet
  facet normal 9.799889e-05 8.206952e-01 -5.713662e-01
    outer loop
      vertex   -3.720775e-07 3.012375e+00 -4.855352e+01
      vertex   2.190000e+01 3.454418e+00 -4.791482e+01
      vertex   2.190000e+01 2.836908e+00 -4.880180e+01
    endloop
  endfacet
  facet normal -1.017732e-04 8.123883e-01 -5.831168e-01
    outer loop
      vertex   -3.720775e-07 3.012375e+00 -4.855352e+01
      vertex   2.190000e+01 2.836908e+00 -4.880180e+01
      vertex   -3.424049e-07 2.515966e+00 -4.924511e+01
    endloop
  endfacet
  facet normal 1.510481e-04 8.064476e-01 -5.913055e-01
    outer loop
      vertex   -3.424049e-07 2.515966e+00 -4.924511e+01
      vertex   2.190000e+01 2.836908e+00 -4.880180e+01
      vertex   2.190000e+01 2.234460e+00 -4.962344e+01
    endloop
  endfacet
  facet normal -6.956527e-08 7.629870e-01 -6.464139e-01
    outer loop
      vertex   2.690000e+01 1.286364e+00 -5.081294e+01
      vertex   3.000000e+01 1.100657e+00 -5.103213e+01
      vertex   2.190000e+01 1.286364e+00 -5.081294e+01
    endloop
  endfacet
  facet normal -1.293959e-04 7.606249e-01 -6.491917e-01
    outer loop
      vertex   2.190000e+01 1.286364e+00 -5.081294e+01
      vertex   3.000000e+01 1.100657e+00 -5.103213e+01
      vertex   -2.513074e-07 9.487521e-01 -5.120413e+01
    endloop
  endfacet
  facet normal 9.159469e-05 7.545113e-01 -6.562870e-01
    outer loop
      vertex   2.190000e+01 1.286364e+00 -5.081294e+01
      vertex   -2.513074e-07 9.487521e-01 -5.120413e+01
      vertex   -2.706291e-07 1.287894e+00 -5.081423e+01
    endloop
  endfacet
  facet normal 5.762135e-05 7.545113e-01 -6.562870e-01
    outer loop
      vertex   -2.706291e-07 1.287894e+00 -5.081423e+01
      vertex   -2.513074e-07 9.487521e-01 -5.120413e+01
      vertex   -3.000000e+01 1.100652e+00 -5.103213e+01
    endloop
  endfacet
  facet normal 1.028239e-03 7.701122e-01 -6.379076e-01
    outer loop
      vertex   3.000000e+01 1.100657e+00 -5.103213e+01
      vertex   2.690000e+01 1.286364e+00 -5.081294e+01
      vertex   3.000000e+01 1.792095e+00 -5.019740e+01
    endloop
  endfacet
  facet normal -2.469274e-03 7.787206e-01 -6.273660e-01
    outer loop
      vertex   3.000000e+01 1.792095e+00 -5.019740e+01
      vertex   2.690000e+01 1.286364e+00 -5.081294e+01
      vertex   2.690000e+01 2.057890e+00 -4.985528e+01
    endloop
  endfacet
  facet normal 1.434408e-03 7.959409e-01 -6.053726e-01
    outer loop
      vertex   3.000000e+01 1.792095e+00 -5.019740e+01
      vertex   2.690000e+01 2.057890e+00 -4.985528e+01
      vertex   3.000000e+01 2.504452e+00 -4.926079e+01
    endloop
  endfacet
  facet normal -1.822784e-03 8.040880e-01 -5.945075e-01
    outer loop
      vertex   3.000000e+01 2.504452e+00 -4.926079e+01
      vertex   2.690000e+01 2.057890e+00 -4.985528e+01
      vertex   2.690000e+01 2.852096e+00 -4.878109e+01
    endloop
  endfacet
  facet normal 1.698663e-03 8.149060e-01 -5.795907e-01
    outer loop
      vertex   3.000000e+01 2.504452e+00 -4.926079e+01
      vertex   2.690000e+01 2.852096e+00 -4.878109e+01
      vertex   3.000000e+01 3.242165e+00 -4.822357e+01
    endloop
  endfacet
  facet normal -1.334256e-03 8.228371e-01 -5.682757e-01
    outer loop
      vertex   3.000000e+01 3.242165e+00 -4.822357e+01
      vertex   2.690000e+01 2.852096e+00 -4.878109e+01
      vertex   2.690000e+01 3.662929e+00 -4.760704e+01
    endloop
  endfacet
  facet normal 1.811447e-03 8.301904e-01 -5.574770e-01
    outer loop
      vertex   3.000000e+01 3.242165e+00 -4.822357e+01
      vertex   2.690000e+01 3.662929e+00 -4.760704e+01
      vertex   3.000000e+01 4.004585e+00 -4.708818e+01
    endloop
  endfacet
  facet normal -7.191634e-04 8.371649e-01 -5.469501e-01
    outer loop
      vertex   3.000000e+01 4.004585e+00 -4.708818e+01
      vertex   2.690000e+01 3.662929e+00 -4.760704e+01
      vertex   2.690000e+01 4.484332e+00 -4.634980e+01
    endloop
  endfacet
  facet normal 2.083866e-03 8.425199e-01 -5.386613e-01
    outer loop
      vertex   3.000000e+01 4.004585e+00 -4.708818e+01
      vertex   2.690000e+01 4.484332e+00 -4.634980e+01
      vertex   3.000000e+01 4.791679e+00 -4.585708e+01
    endloop
  endfacet
  facet normal 1.727837e-05 8.484129e-01 -5.293349e-01
    outer loop
      vertex   3.000000e+01 4.791679e+00 -4.585708e+01
      vertex   2.690000e+01 4.484332e+00 -4.634980e+01
      vertex   2.690000e+01 5.310252e+00 -4.502602e+01
    endloop
  endfacet
  facet normal 2.525494e-03 8.525851e-01 -5.225823e-01
    outer loop
      vertex   3.000000e+01 4.791679e+00 -4.585708e+01
      vertex   2.690000e+01 5.310252e+00 -4.502602e+01
      vertex   3.000000e+01 5.603416e+00 -4.453275e+01
    endloop
  endfacet
  facet normal 7.940113e-04 8.574388e-01 -5.145854e-01
    outer loop
      vertex   3.000000e+01 5.603416e+00 -4.453275e+01
      vertex   2.690000e+01 5.310252e+00 -4.502602e+01
      vertex   2.690000e+01 6.134633e+00 -4.365238e+01
    endloop
  endfacet
  facet normal 3.030068e-03 8.608848e-01 -5.087910e-01
    outer loop
      vertex   3.000000e+01 5.603416e+00 -4.453275e+01
      vertex   2.690000e+01 6.134633e+00 -4.365238e+01
      vertex   3.000000e+01 6.439765e+00 -4.311763e+01
    endloop
  endfacet
  facet normal 3.044567e-04 8.677902e-01 -4.969306e-01
    outer loop
      vertex   3.000000e+01 6.439765e+00 -4.311763e+01
      vertex   2.690000e+01 6.134633e+00 -4.365238e+01
      vertex   3.000000e+01 7.300695e+00 -4.161419e+01
    endloop
  endfacet
  facet normal 1.492687e-04 8.678920e-01 -4.967528e-01
    outer loop
      vertex   3.000000e+01 7.300695e+00 -4.161419e+01
      vertex   2.690000e+01 6.134633e+00 -4.365238e+01
      vertex   2.690000e+01 7.754561e+00 -4.082215e+01
    endloop
  endfacet
  facet normal 3.583207e-03 8.736203e-01 -4.865950e-01
    outer loop
      vertex   3.000000e+01 7.300695e+00 -4.161419e+01
      vertex   2.690000e+01 7.754561e+00 -4.082215e+01
      vertex   3.000000e+01 8.185841e+00 -4.002502e+01
    endloop
  endfacet
  facet normal 8.092047e-04 8.782034e-01 -4.782867e-01
    outer loop
      vertex   3.000000e+01 8.185841e+00 -4.002502e+01
      vertex   2.690000e+01 7.754561e+00 -4.082215e+01
      vertex   2.690000e+01 9.295675e+00 -3.799245e+01
    endloop
  endfacet
  facet normal 1.657810e-03 8.787452e-01 -4.772883e-01
    outer loop
      vertex   3.000000e+01 8.185841e+00 -4.002502e+01
      vertex   2.690000e+01 9.295675e+00 -3.799245e+01
      vertex   3.000000e+01 9.094598e+00 -3.835188e+01
    endloop
  endfacet
  facet normal 2.929096e-03 8.832701e-01 -4.688554e-01
    outer loop
      vertex   3.000000e+01 9.094598e+00 -3.835188e+01
      vertex   2.690000e+01 9.295675e+00 -3.799245e+01
      vertex   3.000000e+01 1.002677e+01 -3.659579e+01
    endloop
  endfacet
  facet normal 2.077030e-03 8.840564e-01 -4.673757e-01
    outer loop
      vertex   3.000000e+01 1.002677e+01 -3.659579e+01
      vertex   2.690000e+01 9.295675e+00 -3.799245e+01
      vertex   2.690000e+01 1.002154e+01 -3.661945e+01
    endloop
  endfacet
  facet normal 2.026188e-03 8.871866e-01 -4.614063e-01
    outer loop
      vertex   3.000000e+01 1.002677e+01 -3.659579e+01
      vertex   2.690000e+01 1.002154e+01 -3.661945e+01
      vertex   2.690000e+01 1.070954e+01 -3.529657e+01
    endloop
  endfacet
  facet normal 2.139772e-03 8.872971e-01 -4.611934e-01
    outer loop
      vertex   3.000000e+01 1.002677e+01 -3.659579e+01
      vertex   2.690000e+01 1.070954e+01 -3.529657e+01
      vertex   3.000000e+01 1.098215e+01 -3.475771e+01
    endloop
  endfacet
  facet normal 1.061746e-03 8.898373e-01 -4.562767e-01
    outer loop
      vertex   3.000000e+01 1.098215e+01 -3.475771e+01
      vertex   2.690000e+01 1.070954e+01 -3.529657e+01
      vertex   2.690000e+01 1.135361e+01 -3.404049e+01
    endloop
  endfacet
  facet normal 1.667240e-03 8.908945e-01 -4.542072e-01
    outer loop
      vertex   3.000000e+01 1.098215e+01 -3.475771e+01
      vertex   2.690000e+01 1.135361e+01 -3.404049e+01
      vertex   3.000000e+01 1.196054e+01 -3.283866e+01
    endloop
  endfacet
  facet normal 5.642007e-04 8.920463e-01 -4.519437e-01
    outer loop
      vertex   3.000000e+01 1.196054e+01 -3.283866e+01
      vertex   2.690000e+01 1.135361e+01 -3.404049e+01
      vertex   2.690000e+01 1.194771e+01 -3.286786e+01
    endloop
  endfacet
  facet normal 5.236588e-04 8.938228e-01 -4.484201e-01
    outer loop
      vertex   3.000000e+01 1.196054e+01 -3.283866e+01
      vertex   2.690000e+01 1.194771e+01 -3.286786e+01
      vertex   2.690000e+01 1.248578e+01 -3.179535e+01
    endloop
  endfacet
  facet normal -7.764808e-08 8.951321e-01 -4.458010e-01
    outer loop
      vertex   2.690000e+01 1.296175e+01 -3.083963e+01
      vertex   3.000000e+01 1.296175e+01 -3.083963e+01
      vertex   2.690000e+01 1.248578e+01 -3.179535e+01
    endloop
  endfacet
  facet normal 7.769095e-04 8.941238e-01 -4.478191e-01
    outer loop
      vertex   2.690000e+01 1.248578e+01 -3.179535e+01
      vertex   3.000000e+01 1.296175e+01 -3.083963e+01
      vertex   3.000000e+01 1.196054e+01 -3.283866e+01
    endloop
  endfacet
  facet normal 1.787609e-04 7.338594e-01 -6.793014e-01
    outer loop
      vertex   3.000000e+01 1.100657e+00 -5.103213e+01
      vertex   3.000000e+01 4.229181e-01 -5.176431e+01
      vertex   -2.513074e-07 9.487521e-01 -5.120413e+01
    endloop
  endfacet
  facet normal -9.176753e-05 7.266429e-01 -6.870154e-01
    outer loop
      vertex   -2.513074e-07 9.487521e-01 -5.120413e+01
      vertex   3.000000e+01 4.229181e-01 -5.176431e+01
      vertex   -2.178055e-07 3.495820e-01 -5.183786e+01
    endloop
  endfacet
  facet normal 9.163194e-05 7.266429e-01 -6.870154e-01
    outer loop
      vertex   -2.513074e-07 9.487521e-01 -5.120413e+01
      vertex   -2.178055e-07 3.495820e-01 -5.183786e+01
      vertex   -3.000000e+01 4.229132e-01 -5.176430e+01
    endloop
  endfacet
  facet normal -1.181031e-04 6.837106e-01 -7.297532e-01
    outer loop
      vertex   -3.000000e+01 4.229132e-01 -5.176430e+01
      vertex   -2.178055e-07 3.495820e-01 -5.183786e+01
      vertex   -3.000000e+01 -2.483482e-01 -5.239321e+01
    endloop
  endfacet
  facet normal -6.540007e-08 6.805375e-01 -7.327132e-01
    outer loop
      vertex   -3.000000e+01 -2.483482e-01 -5.239321e+01
      vertex   -2.178055e-07 3.495820e-01 -5.183786e+01
      vertex   -1.852600e-07 -2.483458e-01 -5.239321e+01
    endloop
  endfacet
  facet normal -6.115623e-08 6.193246e-01 -7.851350e-01
    outer loop
      vertex   -3.000000e+01 -2.483482e-01 -5.239321e+01
      vertex   -1.852600e-07 -2.483458e-01 -5.239321e+01
      vertex   -1.538205e-07 -8.435706e-01 -5.286274e+01
    endloop
  endfacet
  facet normal -6.115623e-08 6.193246e-01 -7.851350e-01
    outer loop
      vertex   -1.538205e-07 -8.435706e-01 -5.286274e+01
      vertex   -1.852600e-07 -2.483458e-01 -5.239321e+01
      vertex   3.000000e+01 -2.483434e-01 -5.239321e+01
    endloop
  endfacet
  facet normal 1.700348e-04 6.140259e-01 -7.892859e-01
    outer loop
      vertex   -1.538205e-07 -8.435706e-01 -5.286274e+01
      vertex   3.000000e+01 -2.483434e-01 -5.239321e+01
      vertex   3.000000e+01 -9.250220e-01 -5.291964e+01
    endloop
  endfacet
  facet normal 1.179735e-04 6.837107e-01 -7.297532e-01
    outer loop
      vertex   3.000000e+01 4.229181e-01 -5.176431e+01
      vertex   3.000000e+01 -2.483434e-01 -5.239321e+01
      vertex   -2.178055e-07 3.495820e-01 -5.183786e+01
    endloop
  endfacet
  facet normal -6.540007e-08 6.805375e-01 -7.327132e-01
    outer loop
      vertex   -2.178055e-07 3.495820e-01 -5.183786e+01
      vertex   3.000000e+01 -2.483434e-01 -5.239321e+01
      vertex   -1.852600e-07 -2.483458e-01 -5.239321e+01
    endloop
  endfacet
  facet normal -1.786968e-04 5.276298e-01 -8.494744e-01
    outer loop
      vertex   -1.538205e-07 -8.435706e-01 -5.286274e+01
      vertex   3.000000e+01 -9.250220e-01 -5.291964e+01
      vertex   -1.232948e-07 -1.443414e+00 -5.323531e+01
    endloop
  endfacet
  facet normal 4.445424e-04 5.012135e-01 -8.653236e-01
    outer loop
      vertex   -1.232948e-07 -1.443414e+00 -5.323531e+01
      vertex   3.000000e+01 -9.250220e-01 -5.291964e+01
      vertex   3.000000e+01 -1.637665e+00 -5.333242e+01
    endloop
  endfacet
  facet normal -4.048777e-04 3.964004e-01 -9.180777e-01
    outer loop
      vertex   -1.232948e-07 -1.443414e+00 -5.323531e+01
      vertex   3.000000e+01 -1.637665e+00 -5.333242e+01
      vertex   -9.188628e-08 -2.088219e+00 -5.351372e+01
    endloop
  endfacet
  facet normal -1.458173e-04 3.816565e-01 -9.243042e-01
    outer loop
      vertex   -9.188628e-08 -2.088219e+00 -5.351372e+01
      vertex   3.000000e+01 -1.637665e+00 -5.333242e+01
      vertex   3.000000e+01 -2.018368e+00 -5.348961e+01
    endloop
  endfacet
  facet normal 1.191356e-04 2.801660e-01 -9.599516e-01
    outer loop
      vertex   -9.188628e-08 -2.088219e+00 -5.351372e+01
      vertex   3.000000e+01 -2.018368e+00 -5.348961e+01
      vertex   3.000000e+01 -2.421703e+00 -5.360733e+01
    endloop
  endfacet
  facet normal 1.027542e-04 1.550395e-01 -9.879083e-01
    outer loop
      vertex   3.000000e+01 -2.846985e+00 -5.367407e+01
      vertex   -5.909088e-08 -2.797041e+00 -5.366935e+01
      vertex   3.000000e+01 -2.421703e+00 -5.360733e+01
    endloop
  endfacet
  facet normal 2.628025e-05 1.609944e-01 -9.869553e-01
    outer loop
      vertex   3.000000e+01 -2.421703e+00 -5.360733e+01
      vertex   -5.909088e-08 -2.797041e+00 -5.366935e+01
      vertex   -7.562129e-08 -2.434674e+00 -5.361024e+01
    endloop
  endfacet
  facet normal -2.244275e-05 2.683737e-01 -9.633149e-01
    outer loop
      vertex   3.000000e+01 -2.421703e+00 -5.360733e+01
      vertex   -7.562129e-08 -2.434674e+00 -5.361024e+01
      vertex   -9.188628e-08 -2.088219e+00 -5.351372e+01
    endloop
  endfacet
  facet normal 2.235304e-05 2.683737e-01 -9.633149e-01
    outer loop
      vertex   -9.188628e-08 -2.088219e+00 -5.351372e+01
      vertex   -7.562129e-08 -2.434674e+00 -5.361024e+01
      vertex   -3.000000e+01 -2.421707e+00 -5.360733e+01
    endloop
  endfacet
  facet normal -1.192244e-04 2.801658e-01 -9.599516e-01
    outer loop
      vertex   -9.188628e-08 -2.088219e+00 -5.351372e+01
      vertex   -3.000000e+01 -2.421707e+00 -5.360733e+01
      vertex   -3.000000e+01 -2.018373e+00 -5.348961e+01
    endloop
  endfacet
  facet normal -9.327297e-05 3.836231e-02 -9.992639e-01
    outer loop
      vertex   -5.909088e-08 -2.797041e+00 -5.366935e+01
      vertex   3.000000e+01 -2.846985e+00 -5.367407e+01
      vertex   -4.247967e-08 -3.173013e+00 -5.368379e+01
    endloop
  endfacet
  facet normal 2.302611e-04 8.612650e-03 -9.999629e-01
    outer loop
      vertex   -4.247967e-08 -3.173013e+00 -5.368379e+01
      vertex   3.000000e+01 -2.846985e+00 -5.367407e+01
      vertex   3.000000e+01 -3.290060e+00 -5.367789e+01
    endloop
  endfacet
  facet normal -1.890314e-04 -9.861099e-02 -9.951260e-01
    outer loop
      vertex   -4.247967e-08 -3.173013e+00 -5.368379e+01
      vertex   3.000000e+01 -3.290060e+00 -5.367789e+01
      vertex   -2.617204e-08 -3.555825e+00 -5.364585e+01
    endloop
  endfacet
  facet normal 2.932247e-04 -1.522316e-01 -9.883448e-01
    outer loop
      vertex   -2.617204e-08 -3.555825e+00 -5.364585e+01
      vertex   3.000000e+01 -3.290060e+00 -5.367789e+01
      vertex   3.000000e+01 -3.737505e+00 -5.360897e+01
    endloop
  endfacet
  facet normal -2.220427e-04 -2.340426e-01 -9.722263e-01
    outer loop
      vertex   -2.617204e-08 -3.555825e+00 -5.364585e+01
      vertex   3.000000e+01 -3.737505e+00 -5.360897e+01
      vertex   -1.070936e-08 -3.933245e+00 -5.355500e+01
    endloop
  endfacet
  facet normal 3.075544e-04 -3.093448e-01 -9.509499e-01
    outer loop
      vertex   -1.070936e-08 -3.933245e+00 -5.355500e+01
      vertex   3.000000e+01 -3.737505e+00 -5.360897e+01
      vertex   3.000000e+01 -4.169468e+00 -5.346845e+01
    endloop
  endfacet
  facet normal -2.125934e-04 -3.677060e-01 -9.299421e-01
    outer loop
      vertex   -1.070936e-08 -3.933245e+00 -5.355500e+01
      vertex   3.000000e+01 -4.169468e+00 -5.346845e+01
      vertex   3.386633e-09 -4.292936e+00 -5.341277e+01
    endloop
  endfacet
  facet normal 2.611926e-04 -4.631383e-01 -8.862860e-01
    outer loop
      vertex   3.386633e-09 -4.292936e+00 -5.341277e+01
      vertex   3.000000e+01 -4.169468e+00 -5.346845e+01
      vertex   3.000000e+01 -4.566132e+00 -5.326117e+01
    endloop
  endfacet
  facet normal -1.247060e-04 -4.956552e-01 -8.685194e-01
    outer loop
      vertex   3.386633e-09 -4.292936e+00 -5.341277e+01
      vertex   3.000000e+01 -4.566132e+00 -5.326117e+01
      vertex   1.565302e-08 -4.622929e+00 -5.322445e+01
    endloop
  endfacet
  facet normal 1.400722e-04 -5.940661e-01 -8.044162e-01
    outer loop
      vertex   1.565302e-08 -4.622929e+00 -5.322445e+01
      vertex   3.000000e+01 -4.566132e+00 -5.326117e+01
      vertex   3.000000e+01 -4.916954e+00 -5.300208e+01
    endloop
  endfacet
  facet normal -8.737364e-09 -6.031977e-01 -7.975917e-01
    outer loop
      vertex   1.565302e-08 -4.622929e+00 -5.322445e+01
      vertex   3.000000e+01 -4.916954e+00 -5.300208e+01
      vertex   2.595444e-08 -4.916955e+00 -5.300208e+01
    endloop
  endfacet
  facet normal -4.358377e-09 -6.921582e-01 -7.217458e-01
    outer loop
      vertex   2.595444e-08 -4.916955e+00 -5.300208e+01
      vertex   3.000000e+01 -4.916954e+00 -5.300208e+01
      vertex   3.462002e-08 -5.181937e+00 -5.274796e+01
    endloop
  endfacet
  facet normal -4.358377e-09 -6.921582e-01 -7.217458e-01
    outer loop
      vertex   2.595444e-08 -4.916955e+00 -5.300208e+01
      vertex   3.462002e-08 -5.181937e+00 -5.274796e+01
      vertex   -3.000000e+01 -4.916955e+00 -5.300208e+01
    endloop
  endfacet
  facet normal -1.074302e-04 -6.984671e-01 -7.156422e-01
    outer loop
      vertex   -3.000000e+01 -4.916955e+00 -5.300208e+01
      vertex   3.462002e-08 -5.181937e+00 -5.274796e+01
      vertex   -3.000000e+01 -5.221601e+00 -5.270475e+01
    endloop
  endfacet
  facet normal 8.124219e-05 -7.641898e-01 -6.449914e-01
    outer loop
      vertex   -3.000000e+01 -5.221601e+00 -5.270475e+01
      vertex   3.462002e-08 -5.181937e+00 -5.274796e+01
      vertex   4.153017e-08 -5.411481e+00 -5.247600e+01
    endloop
  endfacet
  facet normal -1.519872e-04 -7.791575e-01 -6.268282e-01
    outer loop
      vertex   -3.000000e+01 -5.221601e+00 -5.270475e+01
      vertex   4.153017e-08 -5.411481e+00 -5.247600e+01
      vertex   -3.000000e+01 -5.481683e+00 -5.238146e+01
    endloop
  endfacet
  facet normal 2.704052e-04 -8.420104e-01 -5.394612e-01
    outer loop
      vertex   -3.000000e+01 -5.481683e+00 -5.238146e+01
      vertex   4.153017e-08 -5.411481e+00 -5.247600e+01
      vertex   5.127457e-08 -5.789525e+00 -5.188593e+01
    endloop
  endfacet
  facet normal -4.839294e-04 -8.623001e-01 -5.063974e-01
    outer loop
      vertex   -3.000000e+01 -5.481683e+00 -5.238146e+01
      vertex   5.127457e-08 -5.789525e+00 -5.188593e+01
      vertex   -3.000000e+01 -5.897660e+00 -5.167313e+01
    endloop
  endfacet
  facet normal 2.485382e-04 -9.052184e-01 -4.249465e-01
    outer loop
      vertex   -3.000000e+01 -5.897660e+00 -5.167313e+01
      vertex   5.127457e-08 -5.789525e+00 -5.188593e+01
      vertex   5.626108e-08 -6.048933e+00 -5.133335e+01
    endloop
  endfacet
  facet normal -4.133889e-04 -9.266085e-01 -3.760272e-01
    outer loop
      vertex   -3.000000e+01 -5.897660e+00 -5.167313e+01
      vertex   5.626108e-08 -6.048933e+00 -5.133335e+01
      vertex   -3.000000e+01 -6.216356e+00 -5.088780e+01
    endloop
  endfacet
  facet normal 1.566075e-04 -9.395183e-01 -3.424987e-01
    outer loop
      vertex   -3.000000e+01 -6.216356e+00 -5.088780e+01
      vertex   5.626108e-08 -6.048933e+00 -5.133335e+01
      vertex   5.890113e-08 -6.265909e+00 -5.073815e+01
    endloop
  endfacet
  facet normal -2.094530e-04 -9.610844e-01 -2.762550e-01
    outer loop
      vertex   -3.000000e+01 -6.216356e+00 -5.088780e+01
      vertex   5.890113e-08 -6.265909e+00 -5.073815e+01
      vertex   -3.000000e+01 -6.466314e+00 -5.001820e+01
    endloop
  endfacet
  facet normal -9.675160e-05 -9.623244e-01 -2.719040e-01
    outer loop
      vertex   -3.000000e+01 -6.466314e+00 -5.001820e+01
      vertex   5.890113e-08 -6.265909e+00 -5.073815e+01
      vertex   5.944559e-08 -6.447156e+00 -5.009668e+01
    endloop
  endfacet
  facet normal 6.758705e-05 -9.771184e-01 -2.126959e-01
    outer loop
      vertex   -3.000000e+01 -6.466314e+00 -5.001820e+01
      vertex   5.944559e-08 -6.447156e+00 -5.009668e+01
      vertex   5.807159e-08 -6.597524e+00 -4.940589e+01
    endloop
  endfacet
  facet normal -6.758365e-05 -9.771184e-01 -2.126959e-01
    outer loop
      vertex   5.807159e-08 -6.597524e+00 -4.940589e+01
      vertex   5.944559e-08 -6.447156e+00 -5.009668e+01
      vertex   3.000000e+01 -6.466314e+00 -5.001820e+01
    endloop
  endfacet
  facet normal 2.567049e-04 -9.803048e-01 -1.974901e-01
    outer loop
      vertex   5.807159e-08 -6.597524e+00 -4.940589e+01
      vertex   3.000000e+01 -6.466314e+00 -5.001820e+01
      vertex   3.000000e+01 -6.660061e+00 -4.905648e+01
    endloop
  endfacet
  facet normal 1.074195e-04 -6.984669e-01 -7.156424e-01
    outer loop
      vertex   3.000000e+01 -4.916954e+00 -5.300208e+01
      vertex   3.000000e+01 -5.221600e+00 -5.270475e+01
      vertex   3.462002e-08 -5.181937e+00 -5.274796e+01
    endloop
  endfacet
  facet normal -8.124705e-05 -7.641898e-01 -6.449914e-01
    outer loop
      vertex   3.462002e-08 -5.181937e+00 -5.274796e+01
      vertex   3.000000e+01 -5.221600e+00 -5.270475e+01
      vertex   4.153017e-08 -5.411481e+00 -5.247600e+01
    endloop
  endfacet
  facet normal 1.519820e-04 -7.791574e-01 -6.268284e-01
    outer loop
      vertex   3.000000e+01 -5.221600e+00 -5.270475e+01
      vertex   3.000000e+01 -5.481682e+00 -5.238146e+01
      vertex   4.153017e-08 -5.411481e+00 -5.247600e+01
    endloop
  endfacet
  facet normal -2.704051e-04 -8.420104e-01 -5.394612e-01
    outer loop
      vertex   4.153017e-08 -5.411481e+00 -5.247600e+01
      vertex   3.000000e+01 -5.481682e+00 -5.238146e+01
      vertex   5.127457e-08 -5.789525e+00 -5.188593e+01
    endloop
  endfacet
  facet normal 4.839287e-04 -8.623000e-01 -5.063975e-01
    outer loop
      vertex   3.000000e+01 -5.481682e+00 -5.238146e+01
      vertex   3.000000e+01 -5.897660e+00 -5.167313e+01
      vertex   5.127457e-08 -5.789525e+00 -5.188593e+01
    endloop
  endfacet
  facet normal -2.485363e-04 -9.052184e-01 -4.249465e-01
    outer loop
      vertex   5.127457e-08 -5.789525e+00 -5.188593e+01
      vertex   3.000000e+01 -5.897660e+00 -5.167313e+01
      vertex   5.626108e-08 -6.048933e+00 -5.133335e+01
    endloop
  endfacet
  facet normal 4.133916e-04 -9.266085e-01 -3.760273e-01
    outer loop
      vertex   3.000000e+01 -5.897660e+00 -5.167313e+01
      vertex   3.000000e+01 -6.216356e+00 -5.088780e+01
      vertex   5.626108e-08 -6.048933e+00 -5.133335e+01
    endloop
  endfacet
  facet normal -1.566054e-04 -9.395183e-01 -3.424987e-01
    outer loop
      vertex   5.626108e-08 -6.048933e+00 -5.133335e+01
      vertex   3.000000e+01 -6.216356e+00 -5.088780e+01
      vertex   5.890113e-08 -6.265909e+00 -5.073815e+01
    endloop
  endfacet
  facet normal 2.094568e-04 -9.610843e-01 -2.762551e-01
    outer loop
      vertex   3.000000e+01 -6.216356e+00 -5.088780e+01
      vertex   3.000000e+01 -6.466314e+00 -5.001820e+01
      vertex   5.890113e-08 -6.265909e+00 -5.073815e+01
    endloop
  endfacet
  facet normal 9.675367e-05 -9.623244e-01 -2.719040e-01
    outer loop
      vertex   5.890113e-08 -6.265909e+00 -5.073815e+01
      vertex   3.000000e+01 -6.466314e+00 -5.001820e+01
      vertex   5.944559e-08 -6.447156e+00 -5.009668e+01
    endloop
  endfacet
  facet normal -1.118125e-04 -9.859796e-01 -1.668658e-01
    outer loop
      vertex   5.807159e-08 -6.597524e+00 -4.940589e+01
      vertex   3.000000e+01 -6.660061e+00 -4.905648e+01
      vertex   5.529937e-08 -6.711733e+00 -4.873105e+01
    endloop
  endfacet
  facet normal 1.905339e-04 -9.901990e-01 -1.396633e-01
    outer loop
      vertex   5.529937e-08 -6.711733e+00 -4.873105e+01
      vertex   3.000000e+01 -6.660061e+00 -4.905648e+01
      vertex   3.000000e+01 -6.809780e+00 -4.799498e+01
    endloop
  endfacet
  facet normal 7.990647e-06 -9.912021e-01 -1.323570e-01
    outer loop
      vertex   5.529937e-08 -6.711733e+00 -4.873105e+01
      vertex   3.000000e+01 -6.809780e+00 -4.799498e+01
      vertex   5.121369e-08 -6.807953e+00 -4.801048e+01
    endloop
  endfacet
  facet normal -7.445474e-06 -9.946930e-01 -1.028876e-01
    outer loop
      vertex   5.121369e-08 -6.807953e+00 -4.801048e+01
      vertex   3.000000e+01 -6.809780e+00 -4.799498e+01
      vertex   4.585069e-08 -6.887351e+00 -4.724287e+01
    endloop
  endfacet
  facet normal 7.447899e-06 -9.946930e-01 -1.028876e-01
    outer loop
      vertex   5.121369e-08 -6.807953e+00 -4.801048e+01
      vertex   4.585069e-08 -6.887351e+00 -4.724287e+01
      vertex   -3.000000e+01 -6.809781e+00 -4.799498e+01
    endloop
  endfacet
  facet normal -1.801102e-04 -9.954311e-01 -9.548241e-02
    outer loop
      vertex   -3.000000e+01 -6.809781e+00 -4.799498e+01
      vertex   4.585069e-08 -6.887351e+00 -4.724287e+01
      vertex   -3.000000e+01 -6.921662e+00 -4.682858e+01
    endloop
  endfacet
  facet normal 8.445544e-05 -9.970726e-01 -7.646034e-02
    outer loop
      vertex   -3.000000e+01 -6.921662e+00 -4.682858e+01
      vertex   4.585069e-08 -6.887351e+00 -4.724287e+01
      vertex   3.920241e-08 -6.949852e+00 -4.642783e+01
    endloop
  endfacet
  facet normal -1.566190e-04 -9.982875e-01 -5.849902e-02
    outer loop
      vertex   -3.000000e+01 -6.921662e+00 -4.682858e+01
      vertex   3.920241e-08 -6.949852e+00 -4.642783e+01
      vertex   -3.000000e+01 -6.996256e+00 -4.555564e+01
    endloop
  endfacet
  facet normal 5.044123e-10 -9.985877e-01 -5.312789e-02
    outer loop
      vertex   -3.000000e+01 -6.996256e+00 -4.555564e+01
      vertex   3.920241e-08 -6.949852e+00 -4.642783e+01
      vertex   3.119193e-08 -6.996256e+00 -4.555564e+01
    endloop
  endfacet
  facet normal 5.495547e-10 -9.994647e-01 -3.271685e-02
    outer loop
      vertex   -3.000000e+01 -6.996256e+00 -4.555564e+01
      vertex   3.119193e-08 -6.996256e+00 -4.555564e+01
      vertex   2.209871e-08 -7.025786e+00 -4.465352e+01
    endloop
  endfacet
  facet normal 5.495548e-10 -9.994647e-01 -3.271685e-02
    outer loop
      vertex   2.209871e-08 -7.025786e+00 -4.465352e+01
      vertex   3.119193e-08 -6.996256e+00 -4.555564e+01
      vertex   3.000000e+01 -6.996256e+00 -4.555564e+01
    endloop
  endfacet
  facet normal 1.425255e-04 -9.996084e-01 -2.798189e-02
    outer loop
      vertex   2.209871e-08 -7.025786e+00 -4.465352e+01
      vertex   3.000000e+01 -6.996256e+00 -4.555564e+01
      vertex   3.000000e+01 -7.034916e+00 -4.417455e+01
    endloop
  endfacet
  facet normal 1.801121e-04 -9.954311e-01 -9.548244e-02
    outer loop
      vertex   3.000000e+01 -6.809780e+00 -4.799498e+01
      vertex   3.000000e+01 -6.921662e+00 -4.682858e+01
      vertex   4.585069e-08 -6.887351e+00 -4.724287e+01
    endloop
  endfacet
  facet normal -8.445378e-05 -9.970726e-01 -7.646034e-02
    outer loop
      vertex   4.585069e-08 -6.887351e+00 -4.724287e+01
      vertex   3.000000e+01 -6.921662e+00 -4.682858e+01
      vertex   3.920241e-08 -6.949852e+00 -4.642783e+01
    endloop
  endfacet
  facet normal 1.566205e-04 -9.982875e-01 -5.849904e-02
    outer loop
      vertex   3.000000e+01 -6.921662e+00 -4.682858e+01
      vertex   3.000000e+01 -6.996256e+00 -4.555564e+01
      vertex   3.920241e-08 -6.949852e+00 -4.642783e+01
    endloop
  endfacet
  facet normal 5.044124e-10 -9.985877e-01 -5.312789e-02
    outer loop
      vertex   3.920241e-08 -6.949852e+00 -4.642783e+01
      vertex   3.000000e+01 -6.996256e+00 -4.555564e+01
      vertex   3.119193e-08 -6.996256e+00 -4.555564e+01
    endloop
  endfacet
  facet normal -6.750565e-05 -9.998900e-01 -1.483224e-02
    outer loop
      vertex   2.209871e-08 -7.025786e+00 -4.465352e+01
      vertex   3.000000e+01 -7.034916e+00 -4.417455e+01
      vertex   1.166764e-08 -7.040030e+00 -4.369329e+01
    endloop
  endfacet
  facet normal 1.265118e-04 -9.999962e-01 -2.739076e-03
    outer loop
      vertex   1.166764e-08 -7.040030e+00 -4.369329e+01
      vertex   3.000000e+01 -7.034916e+00 -4.417455e+01
      vertex   3.000000e+01 -7.039000e+00 -4.268368e+01
    endloop
  endfacet
  facet normal 0.000000e+00 -9.999995e-01 1.020177e-03
    outer loop
      vertex   1.166764e-08 -7.040030e+00 -4.369329e+01
      vertex   3.000000e+01 -7.039000e+00 -4.268368e+01
      vertex   -3.000000e+01 -7.039000e+00 -4.268368e+01
    endloop
  endfacet
  facet normal -1.265114e-04 -9.999962e-01 -2.739065e-03
    outer loop
      vertex   -3.000000e+01 -7.039000e+00 -4.268368e+01
      vertex   -3.000000e+01 -7.034916e+00 -4.417455e+01
      vertex   1.166764e-08 -7.040030e+00 -4.369329e+01
    endloop
  endfacet
  facet normal 6.750616e-05 -9.998900e-01 -1.483224e-02
    outer loop
      vertex   1.166764e-08 -7.040030e+00 -4.369329e+01
      vertex   -3.000000e+01 -7.034916e+00 -4.417455e+01
      vertex   2.209871e-08 -7.025786e+00 -4.465352e+01
    endloop
  endfacet
  facet normal -1.425248e-04 -9.996084e-01 -2.798187e-02
    outer loop
      vertex   -3.000000e+01 -7.034916e+00 -4.417455e+01
      vertex   -3.000000e+01 -6.996256e+00 -4.555564e+01
      vertex   2.209871e-08 -7.025786e+00 -4.465352e+01
    endloop
  endfacet
  facet normal -7.988550e-06 -9.912021e-01 -1.323570e-01
    outer loop
      vertex   5.121369e-08 -6.807953e+00 -4.801048e+01
      vertex   -3.000000e+01 -6.809781e+00 -4.799498e+01
      vertex   5.529937e-08 -6.711733e+00 -4.873105e+01
    endloop
  endfacet
  facet normal -1.905311e-04 -9.901990e-01 -1.396632e-01
    outer loop
      vertex   5.529937e-08 -6.711733e+00 -4.873105e+01
      vertex   -3.000000e+01 -6.809781e+00 -4.799498e+01
      vertex   -3.000000e+01 -6.660061e+00 -4.905648e+01
    endloop
  endfacet
  facet normal 1.118152e-04 -9.859796e-01 -1.668658e-01
    outer loop
      vertex   5.529937e-08 -6.711733e+00 -4.873105e+01
      vertex   -3.000000e+01 -6.660061e+00 -4.905648e+01
      vertex   5.807159e-08 -6.597524e+00 -4.940589e+01
    endloop
  endfacet
  facet normal -2.567021e-04 -9.803048e-01 -1.974901e-01
    outer loop
      vertex   5.807159e-08 -6.597524e+00 -4.940589e+01
      vertex   -3.000000e+01 -6.660061e+00 -4.905648e+01
      vertex   -3.000000e+01 -6.466314e+00 -5.001820e+01
    endloop
  endfacet
  facet normal -8.737364e-09 -6.031977e-01 -7.975917e-01
    outer loop
      vertex   2.595444e-08 -4.916955e+00 -5.300208e+01
      vertex   -3.000000e+01 -4.916955e+00 -5.300208e+01
      vertex   1.565302e-08 -4.622929e+00 -5.322445e+01
    endloop
  endfacet
  facet normal -1.400876e-04 -5.940663e-01 -8.044161e-01
    outer loop
      vertex   1.565302e-08 -4.622929e+00 -5.322445e+01
      vertex   -3.000000e+01 -4.916955e+00 -5.300208e+01
      vertex   -3.000000e+01 -4.566134e+00 -5.326117e+01
    endloop
  endfacet
  facet normal 1.246810e-04 -4.956552e-01 -8.685194e-01
    outer loop
      vertex   1.565302e-08 -4.622929e+00 -5.322445e+01
      vertex   -3.000000e+01 -4.566134e+00 -5.326117e+01
      vertex   3.386633e-09 -4.292936e+00 -5.341277e+01
    endloop
  endfacet
  facet normal -2.612180e-04 -4.631385e-01 -8.862859e-01
    outer loop
      vertex   3.386633e-09 -4.292936e+00 -5.341277e+01
      vertex   -3.000000e+01 -4.566134e+00 -5.326117e+01
      vertex   -3.000000e+01 -4.169470e+00 -5.346845e+01
    endloop
  endfacet
  facet normal 2.125590e-04 -3.677060e-01 -9.299421e-01
    outer loop
      vertex   3.386633e-09 -4.292936e+00 -5.341277e+01
      vertex   -3.000000e+01 -4.169470e+00 -5.346845e+01
      vertex   -1.070936e-08 -3.933245e+00 -5.355500e+01
    endloop
  endfacet
  facet normal -3.075923e-04 -3.093450e-01 -9.509498e-01
    outer loop
      vertex   -1.070936e-08 -3.933245e+00 -5.355500e+01
      vertex   -3.000000e+01 -4.169470e+00 -5.346845e+01
      vertex   -3.000000e+01 -3.737508e+00 -5.360897e+01
    endloop
  endfacet
  facet normal 2.219983e-04 -2.340426e-01 -9.722263e-01
    outer loop
      vertex   -1.070936e-08 -3.933245e+00 -5.355500e+01
      vertex   -3.000000e+01 -3.737508e+00 -5.360897e+01
      vertex   -2.617204e-08 -3.555825e+00 -5.364585e+01
    endloop
  endfacet
  facet normal -2.932760e-04 -1.522319e-01 -9.883448e-01
    outer loop
      vertex   -2.617204e-08 -3.555825e+00 -5.364585e+01
      vertex   -3.000000e+01 -3.737508e+00 -5.360897e+01
      vertex   -3.000000e+01 -3.290063e+00 -5.367788e+01
    endloop
  endfacet
  facet normal 1.889763e-04 -9.861099e-02 -9.951260e-01
    outer loop
      vertex   -2.617204e-08 -3.555825e+00 -5.364585e+01
      vertex   -3.000000e+01 -3.290063e+00 -5.367788e+01
      vertex   -4.247967e-08 -3.173013e+00 -5.368379e+01
    endloop
  endfacet
  facet normal -2.303268e-04 8.612408e-03 -9.999629e-01
    outer loop
      vertex   -4.247967e-08 -3.173013e+00 -5.368379e+01
      vertex   -3.000000e+01 -3.290063e+00 -5.367788e+01
      vertex   -3.000000e+01 -2.846988e+00 -5.367407e+01
    endloop
  endfacet
  facet normal 9.320644e-05 3.836231e-02 -9.992639e-01
    outer loop
      vertex   -4.247967e-08 -3.173013e+00 -5.368379e+01
      vertex   -3.000000e+01 -2.846988e+00 -5.367407e+01
      vertex   -5.909088e-08 -2.797041e+00 -5.366935e+01
    endloop
  endfacet
  facet normal -1.028334e-04 1.550393e-01 -9.879083e-01
    outer loop
      vertex   -5.909088e-08 -2.797041e+00 -5.366935e+01
      vertex   -3.000000e+01 -2.846988e+00 -5.367407e+01
      vertex   -3.000000e+01 -2.421707e+00 -5.360733e+01
    endloop
  endfacet
  facet normal -2.635739e-05 1.609944e-01 -9.869553e-01
    outer loop
      vertex   -5.909088e-08 -2.797041e+00 -5.366935e+01
      vertex   -3.000000e+01 -2.421707e+00 -5.360733e+01
      vertex   -7.562129e-08 -2.434674e+00 -5.361024e+01
    endloop
  endfacet
  facet normal 1.457163e-04 3.816564e-01 -9.243043e-01
    outer loop
      vertex   -3.000000e+01 -2.018373e+00 -5.348961e+01
      vertex   -3.000000e+01 -1.637669e+00 -5.333241e+01
      vertex   -9.188628e-08 -2.088219e+00 -5.351372e+01
    endloop
  endfacet
  facet normal 4.047776e-04 3.964004e-01 -9.180777e-01
    outer loop
      vertex   -9.188628e-08 -2.088219e+00 -5.351372e+01
      vertex   -3.000000e+01 -1.637669e+00 -5.333241e+01
      vertex   -1.232948e-07 -1.443414e+00 -5.323531e+01
    endloop
  endfacet
  facet normal -4.446544e-04 5.012134e-01 -8.653236e-01
    outer loop
      vertex   -3.000000e+01 -1.637669e+00 -5.333241e+01
      vertex   -3.000000e+01 -9.250267e-01 -5.291964e+01
      vertex   -1.232948e-07 -1.443414e+00 -5.323531e+01
    endloop
  endfacet
  facet normal 1.785839e-04 5.276298e-01 -8.494744e-01
    outer loop
      vertex   -1.232948e-07 -1.443414e+00 -5.323531e+01
      vertex   -3.000000e+01 -9.250267e-01 -5.291964e+01
      vertex   -1.538205e-07 -8.435706e-01 -5.286274e+01
    endloop
  endfacet
  facet normal -1.701588e-04 6.140258e-01 -7.892859e-01
    outer loop
      vertex   -3.000000e+01 -9.250267e-01 -5.291964e+01
      vertex   -3.000000e+01 -2.483482e-01 -5.239321e+01
      vertex   -1.538205e-07 -8.435706e-01 -5.286274e+01
    endloop
  endfacet
  facet normal -1.788964e-04 7.338593e-01 -6.793014e-01
    outer loop
      vertex   -3.000000e+01 4.229132e-01 -5.176430e+01
      vertex   -3.000000e+01 1.100652e+00 -5.103213e+01
      vertex   -2.513074e-07 9.487521e-01 -5.120413e+01
    endloop
  endfacet
  facet normal 1.467520e-04 8.876194e-01 -4.605776e-01
    outer loop
      vertex   -2.190000e+01 1.017532e+01 -3.631704e+01
      vertex   -1.400000e+01 1.040735e+01 -3.586736e+01
      vertex   -8.182076e-07 1.005266e+01 -3.654646e+01
    endloop
  endfacet
  facet normal 1.343324e-14 4.848096e-01 8.746197e-01
    outer loop
      vertex   2.340000e+01 1.301332e+01 -5.559826e+01
      vertex   2.340000e+01 3.479961e+00 -5.031384e+01
      vertex   2.690000e+01 1.301332e+01 -5.559826e+01
    endloop
  endfacet
  facet normal 1.601748e-14 4.848096e-01 8.746197e-01
    outer loop
      vertex   2.690000e+01 1.301332e+01 -5.559826e+01
      vertex   2.340000e+01 3.479961e+00 -5.031384e+01
      vertex   2.690000e+01 3.479961e+00 -5.031384e+01
    endloop
  endfacet
  facet normal -1.556177e-14 -4.848096e-01 -8.746197e-01
    outer loop
      vertex   2.190000e+01 1.286364e+00 -5.081294e+01
      vertex   2.190000e+01 1.228610e+01 -5.691019e+01
      vertex   2.690000e+01 1.286364e+00 -5.081294e+01
    endloop
  endfacet
  facet normal -1.355934e-14 -4.848096e-01 -8.746197e-01
    outer loop
      vertex   2.690000e+01 1.286364e+00 -5.081294e+01
      vertex   2.190000e+01 1.228610e+01 -5.691019e+01
      vertex   2.690000e+01 1.228610e+01 -5.691019e+01
    endloop
  endfacet
  facet normal -8.858005e-15 8.746197e-01 -4.848096e-01
    outer loop
      vertex   2.340000e+01 3.479961e+00 -5.031384e+01
      vertex   2.340000e+01 5.879768e+00 -4.598447e+01
      vertex   2.690000e+01 3.479961e+00 -5.031384e+01
    endloop
  endfacet
  facet normal -8.817702e-15 8.746197e-01 -4.848096e-01
    outer loop
      vertex   2.690000e+01 3.479961e+00 -5.031384e+01
      vertex   2.340000e+01 5.879768e+00 -4.598447e+01
      vertex   2.690000e+01 5.879768e+00 -4.598447e+01
    endloop
  endfacet
  facet normal -8.858005e-15 8.746197e-01 -4.848096e-01
    outer loop
      vertex   2.340000e+01 5.879768e+00 -4.598447e+01
      vertex   2.340000e+01 1.569716e+01 -2.827342e+01
      vertex   2.690000e+01 5.879768e+00 -4.598447e+01
    endloop
  endfacet
  facet normal -8.421247e-15 8.746197e-01 -4.848096e-01
    outer loop
      vertex   2.690000e+01 5.879768e+00 -4.598447e+01
      vertex   2.340000e+01 1.569716e+01 -2.827342e+01
      vertex   2.690000e+01 1.569716e+01 -2.827342e+01
    endloop
  endfacet
  facet normal 1.460368e-14 4.848096e-01 8.746197e-01
    outer loop
      vertex   2.190000e+01 1.518230e+01 -2.627300e+01
      vertex   2.690000e+01 1.518230e+01 -2.627300e+01
      vertex   2.190000e+01 2.595773e+01 -3.224591e+01
    endloop
  endfacet
  facet normal 1.367200e-14 4.848096e-01 8.746197e-01
    outer loop
      vertex   2.190000e+01 2.595773e+01 -3.224591e+01
      vertex   2.690000e+01 1.518230e+01 -2.627300e+01
      vertex   2.690000e+01 2.595773e+01 -3.224591e+01
    endloop
  endfacet
  facet normal -1.509247e-14 -4.848096e-01 -8.746197e-01
    outer loop
      vertex   2.340000e+01 1.569716e+01 -2.827342e+01
      vertex   2.340000e+01 2.523052e+01 -3.355784e+01
      vertex   2.690000e+01 1.569716e+01 -2.827342e+01
    endloop
  endfacet
  facet normal -1.434123e-14 -4.848096e-01 -8.746197e-01
    outer loop
      vertex   2.690000e+01 1.569716e+01 -2.827342e+01
      vertex   2.340000e+01 2.523052e+01 -3.355784e+01
      vertex   2.690000e+01 2.523052e+01 -3.355784e+01
    endloop
  endfacet
  facet normal 1.000000e+00 1.025084e-15 -1.216804e-14
    outer loop
      vertex   2.690000e+01 1.518230e+01 -2.627300e+01
      vertex   2.690000e+01 1.296175e+01 -3.083963e+01
      vertex   2.690000e+01 1.569716e+01 -2.827342e+01
    endloop
  endfacet
  facet normal 1.000000e+00 6.680372e-15 -1.819621e-14
    outer loop
      vertex   2.690000e+01 1.569716e+01 -2.827342e+01
      vertex   2.690000e+01 1.296175e+01 -3.083963e+01
      vertex   2.690000e+01 1.248578e+01 -3.179535e+01
    endloop
  endfacet
  facet normal 1.000000e+00 1.894552e-14 -2.937989e-14
    outer loop
      vertex   2.690000e+01 1.569716e+01 -2.827342e+01
      vertex   2.690000e+01 1.248578e+01 -3.179535e+01
      vertex   2.690000e+01 1.194771e+01 -3.286786e+01
    endloop
  endfacet
  facet normal 1.000000e+00 3.334606e-14 -4.113194e-14
    outer loop
      vertex   2.690000e+01 1.194771e+01 -3.286786e+01
      vertex   2.690000e+01 1.135361e+01 -3.404049e+01
      vertex   2.690000e+01 1.569716e+01 -2.827342e+01
    endloop
  endfacet
  facet normal 1.000000e+00 -7.798959e-15 -1.014300e-14
    outer loop
      vertex   2.690000e+01 1.569716e+01 -2.827342e+01
      vertex   2.690000e+01 1.135361e+01 -3.404049e+01
      vertex   2.690000e+01 1.070954e+01 -3.529657e+01
    endloop
  endfacet
  facet normal 1.000000e+00 1.640087e-14 -2.732896e-14
    outer loop
      vertex   2.690000e+01 1.569716e+01 -2.827342e+01
      vertex   2.690000e+01 1.070954e+01 -3.529657e+01
      vertex   2.690000e+01 1.002154e+01 -3.661945e+01
    endloop
  endfacet
  facet normal 1.000000e+00 -4.296676e-15 -1.325383e-14
    outer loop
      vertex   2.690000e+01 1.002154e+01 -3.661945e+01
      vertex   2.690000e+01 9.295675e+00 -3.799245e+01
      vertex   2.690000e+01 1.569716e+01 -2.827342e+01
    endloop
  endfacet
  facet normal 1.000000e+00 1.310775e-14 -2.471734e-14
    outer loop
      vertex   2.690000e+01 1.569716e+01 -2.827342e+01
      vertex   2.690000e+01 9.295675e+00 -3.799245e+01
      vertex   2.690000e+01 5.879768e+00 -4.598447e+01
    endloop
  endfacet
  facet normal 1.000000e+00 -8.303282e-15 -1.556595e-14
    outer loop
      vertex   2.690000e+01 5.879768e+00 -4.598447e+01
      vertex   2.690000e+01 9.295675e+00 -3.799245e+01
      vertex   2.690000e+01 7.754561e+00 -4.082215e+01
    endloop
  endfacet
  facet normal 1.000000e+00 4.816390e-15 -2.033061e-14
    outer loop
      vertex   2.690000e+01 5.879768e+00 -4.598447e+01
      vertex   2.690000e+01 7.754561e+00 -4.082215e+01
      vertex   2.690000e+01 6.134633e+00 -4.365238e+01
    endloop
  endfacet
  facet normal 1.000000e+00 3.463000e-15 -2.018271e-14
    outer loop
      vertex   2.690000e+01 6.134633e+00 -4.365238e+01
      vertex   2.690000e+01 5.310252e+00 -4.502602e+01
      vertex   2.690000e+01 5.879768e+00 -4.598447e+01
    endloop
  endfacet
  facet normal 1.000000e+00 -1.570864e-15 -2.317386e-14
    outer loop
      vertex   2.690000e+01 5.879768e+00 -4.598447e+01
      vertex   2.690000e+01 5.310252e+00 -4.502602e+01
      vertex   2.690000e+01 4.484332e+00 -4.634980e+01
    endloop
  endfacet
  facet normal 1.000000e+00 -2.966682e-15 -1.784231e-14
    outer loop
      vertex   2.690000e+01 5.879768e+00 -4.598447e+01
      vertex   2.690000e+01 4.484332e+00 -4.634980e+01
      vertex   2.690000e+01 3.662929e+00 -4.760704e+01
    endloop
  endfacet
  facet normal 1.000000e+00 -5.742753e-15 -1.404951e-14
    outer loop
      vertex   2.690000e+01 5.879768e+00 -4.598447e+01
      vertex   2.690000e+01 3.662929e+00 -4.760704e+01
      vertex   2.690000e+01 3.479961e+00 -5.031384e+01
    endloop
  endfacet
  facet normal 1.000000e+00 -5.968425e-15 -1.403425e-14
    outer loop
      vertex   2.690000e+01 3.479961e+00 -5.031384e+01
      vertex   2.690000e+01 3.662929e+00 -4.760704e+01
      vertex   2.690000e+01 2.852096e+00 -4.878109e+01
    endloop
  endfacet
  facet normal 1.000000e+00 -1.427366e-15 -1.217408e-14
    outer loop
      vertex   2.690000e+01 3.479961e+00 -5.031384e+01
      vertex   2.690000e+01 2.852096e+00 -4.878109e+01
      vertex   2.690000e+01 2.057890e+00 -4.985528e+01
    endloop
  endfacet
  facet normal 1.000000e+00 -3.714323e-15 -1.926634e-14
    outer loop
      vertex   2.690000e+01 2.057890e+00 -4.985528e+01
      vertex   2.690000e+01 1.286364e+00 -5.081294e+01
      vertex   2.690000e+01 3.479961e+00 -5.031384e+01
    endloop
  endfacet
  facet normal 1.000000e+00 -3.485475e-15 -2.027215e-14
    outer loop
      vertex   2.690000e+01 3.479961e+00 -5.031384e+01
      vertex   2.690000e+01 1.286364e+00 -5.081294e+01
      vertex   2.690000e+01 1.228610e+01 -5.691019e+01
    endloop
  endfacet
  facet normal 1.000000e+00 -3.329271e-16 -1.606349e-14
    outer loop
      vertex   2.690000e+01 3.479961e+00 -5.031384e+01
      vertex   2.690000e+01 1.228610e+01 -5.691019e+01
      vertex   2.690000e+01 1.301332e+01 -5.559826e+01
    endloop
  endfacet
  facet normal 1.000000e+00 -3.329272e-16 -1.606349e-14
    outer loop
      vertex   2.690000e+01 2.523052e+01 -3.355784e+01
      vertex   2.690000e+01 2.595773e+01 -3.224591e+01
      vertex   2.690000e+01 1.569716e+01 -2.827342e+01
    endloop
  endfacet
  facet normal 1.000000e+00 1.191859e-15 -1.212512e-14
    outer loop
      vertex   2.690000e+01 1.569716e+01 -2.827342e+01
      vertex   2.690000e+01 2.595773e+01 -3.224591e+01
      vertex   2.690000e+01 1.518230e+01 -2.627300e+01
    endloop
  endfacet
  facet normal -7.804003e-08 8.993166e-01 -4.372981e-01
    outer loop
      vertex   -2.690000e+01 1.296175e+01 -3.083963e+01
      vertex   -3.000000e+01 1.386742e+01 -2.897708e+01
      vertex   -2.690000e+01 1.518230e+01 -2.627300e+01
    endloop
  endfacet
  facet normal -7.804003e-08 8.993166e-01 -4.372981e-01
    outer loop
      vertex   -2.690000e+01 1.518230e+01 -2.627300e+01
      vertex   -3.000000e+01 1.386742e+01 -2.897708e+01
      vertex   -3.000000e+01 2.026000e+01 -1.583056e+01
    endloop
  endfacet
  facet normal -7.804003e-08 8.993166e-01 -4.372981e-01
    outer loop
      vertex   -2.690000e+01 1.518230e+01 -2.627300e+01
      vertex   -3.000000e+01 2.026000e+01 -1.583056e+01
      vertex   -2.190000e+01 1.518230e+01 -2.627300e+01
    endloop
  endfacet
  facet normal -7.804003e-08 8.993166e-01 -4.372981e-01
    outer loop
      vertex   -2.190000e+01 1.518230e+01 -2.627300e+01
      vertex   -3.000000e+01 2.026000e+01 -1.583056e+01
      vertex   -5.392863e+00 1.741820e+01 -2.167481e+01
    endloop
  endfacet
  facet normal -7.804003e-08 8.993166e-01 -4.372981e-01
    outer loop
      vertex   -2.190000e+01 1.518230e+01 -2.627300e+01
      vertex   -5.392863e+00 1.741820e+01 -2.167481e+01
      vertex   -5.650537e+00 1.720350e+01 -2.211633e+01
    endloop
  endfacet
  facet normal -7.804003e-08 8.993166e-01 -4.372981e-01
    outer loop
      vertex   -3.000000e+01 1.296175e+01 -3.083963e+01
      vertex   -3.020130e+01 1.325326e+01 -3.024012e+01
      vertex   -2.690000e+01 1.296175e+01 -3.083963e+01
    endloop
  endfacet
  facet normal -7.804003e-08 8.993166e-01 -4.372981e-01
    outer loop
      vertex   -2.690000e+01 1.296175e+01 -3.083963e+01
      vertex   -3.020130e+01 1.325326e+01 -3.024012e+01
      vertex   -3.005058e+01 1.355720e+01 -2.961505e+01
    endloop
  endfacet
  facet normal -7.804003e-08 8.993166e-01 -4.372981e-01
    outer loop
      vertex   -2.690000e+01 1.296175e+01 -3.083963e+01
      vertex   -3.005058e+01 1.355720e+01 -2.961505e+01
      vertex   -3.000000e+01 1.386742e+01 -2.897708e+01
    endloop
  endfacet
  facet normal -7.790348e-08 8.993166e-01 -4.372981e-01
    outer loop
      vertex   -3.000000e+01 1.296175e+01 -3.083963e+01
      vertex   -3.044910e+01 1.296175e+01 -3.083963e+01
      vertex   -3.020130e+01 1.325326e+01 -3.024012e+01
    endloop
  endfacet
  facet normal -7.804003e-08 8.993166e-01 -4.372981e-01
    outer loop
      vertex   -2.997760e+01 2.058280e+01 -1.516670e+01
      vertex   -3.500000e+00 1.785263e+01 -2.078138e+01
      vertex   -3.000000e+01 2.026000e+01 -1.583056e+01
    endloop
  endfacet
  facet normal -7.804003e-08 8.993166e-01 -4.372981e-01
    outer loop
      vertex   -3.000000e+01 2.026000e+01 -1.583056e+01
      vertex   -3.500000e+00 1.785263e+01 -2.078138e+01
      vertex   -4.050426e+00 1.782341e+01 -2.084148e+01
    endloop
  endfacet
  facet normal -7.804003e-08 8.993166e-01 -4.372981e-01
    outer loop
      vertex   -3.000000e+01 2.026000e+01 -1.583056e+01
      vertex   -4.050426e+00 1.782341e+01 -2.084148e+01
      vertex   -4.568863e+00 1.773743e+01 -2.101831e+01
    endloop
  endfacet
  facet normal -7.804003e-08 8.993166e-01 -4.372981e-01
    outer loop
      vertex   -2.997760e+01 2.058280e+01 -1.516670e+01
      vertex   -2.991051e+01 2.090416e+01 -1.450581e+01
      vertex   -3.500000e+00 1.785263e+01 -2.078138e+01
    endloop
  endfacet
  facet normal -7.804003e-08 8.993166e-01 -4.372981e-01
    outer loop
      vertex   -3.500000e+00 1.785263e+01 -2.078138e+01
      vertex   -2.991051e+01 2.090416e+01 -1.450581e+01
      vertex   -2.979902e+01 2.122264e+01 -1.385086e+01
    endloop
  endfacet
  facet normal -7.804003e-08 8.993166e-01 -4.372981e-01
    outer loop
      vertex   -3.500000e+00 1.785263e+01 -2.078138e+01
      vertex   -2.979902e+01 2.122264e+01 -1.385086e+01
      vertex   2.979901e+01 2.122264e+01 -1.385086e+01
    endloop
  endfacet
  facet normal -7.804003e-08 8.993166e-01 -4.372981e-01
    outer loop
      vertex   -3.500000e+00 1.785263e+01 -2.078138e+01
      vertex   2.979901e+01 2.122264e+01 -1.385086e+01
      vertex   3.500000e+00 1.785263e+01 -2.078138e+01
    endloop
  endfacet
  facet normal -7.804003e-08 8.993166e-01 -4.372981e-01
    outer loop
      vertex   3.500000e+00 1.785263e+01 -2.078138e+01
      vertex   2.979901e+01 2.122264e+01 -1.385086e+01
      vertex   2.991050e+01 2.090417e+01 -1.450581e+01
    endloop
  endfacet
  facet normal -7.804003e-08 8.993166e-01 -4.372981e-01
    outer loop
      vertex   3.500000e+00 1.785263e+01 -2.078138e+01
      vertex   2.991050e+01 2.090417e+01 -1.450581e+01
      vertex   2.997760e+01 2.058281e+01 -1.516670e+01
    endloop
  endfacet
  facet normal -7.804003e-08 8.993166e-01 -4.372981e-01
    outer loop
      vertex   2.997760e+01 2.058281e+01 -1.516670e+01
      vertex   3.000000e+01 2.026000e+01 -1.583056e+01
      vertex   3.500000e+00 1.785263e+01 -2.078138e+01
    endloop
  endfacet
  facet normal -7.804003e-08 8.993166e-01 -4.372981e-01
    outer loop
      vertex   3.500000e+00 1.785263e+01 -2.078138e+01
      vertex   3.000000e+01 2.026000e+01 -1.583056e+01
      vertex   4.050426e+00 1.782341e+01 -2.084149e+01
    endloop
  endfacet
  facet normal -7.804003e-08 8.993166e-01 -4.372981e-01
    outer loop
      vertex   4.050426e+00 1.782341e+01 -2.084149e+01
      vertex   3.000000e+01 2.026000e+01 -1.583056e+01
      vertex   4.568863e+00 1.773743e+01 -2.101831e+01
    endloop
  endfacet
  facet normal -7.804003e-08 8.993166e-01 -4.372981e-01
    outer loop
      vertex   4.568863e+00 1.773743e+01 -2.101831e+01
      vertex   3.000000e+01 2.026000e+01 -1.583056e+01
      vertex   5.025182e+00 1.759969e+01 -2.130157e+01
    endloop
  endfacet
  facet normal -7.804003e-08 8.993166e-01 -4.372981e-01
    outer loop
      vertex   5.025182e+00 1.759969e+01 -2.130157e+01
      vertex   3.000000e+01 2.026000e+01 -1.583056e+01
      vertex   5.392863e+00 1.741820e+01 -2.167481e+01
    endloop
  endfacet
  facet normal -7.804003e-08 8.993166e-01 -4.372981e-01
    outer loop
      vertex   5.392863e+00 1.741820e+01 -2.167481e+01
      vertex   3.000000e+01 2.026000e+01 -1.583056e+01
      vertex   2.190000e+01 1.518230e+01 -2.627300e+01
    endloop
  endfacet
  facet normal -7.804003e-08 8.993166e-01 -4.372981e-01
    outer loop
      vertex   5.392863e+00 1.741820e+01 -2.167481e+01
      vertex   2.190000e+01 1.518230e+01 -2.627300e+01
      vertex   5.650537e+00 1.720351e+01 -2.211633e+01
    endloop
  endfacet
  facet normal -7.804003e-08 8.993166e-01 -4.372981e-01
    outer loop
      vertex   5.650537e+00 1.720351e+01 -2.211633e+01
      vertex   2.190000e+01 1.518230e+01 -2.627300e+01
      vertex   5.783230e+00 1.696808e+01 -2.260049e+01
    endloop
  endfacet
  facet normal -7.804003e-08 8.993166e-01 -4.372981e-01
    outer loop
      vertex   5.783230e+00 1.696808e+01 -2.260049e+01
      vertex   2.190000e+01 1.518230e+01 -2.627300e+01
      vertex   5.783230e+00 1.672561e+01 -2.309913e+01
    endloop
  endfacet
  facet normal -7.804003e-08 8.993166e-01 -4.372981e-01
    outer loop
      vertex   5.783230e+00 1.672561e+01 -2.309913e+01
      vertex   2.190000e+01 1.518230e+01 -2.627300e+01
      vertex   5.650537e+00 1.649019e+01 -2.358328e+01
    endloop
  endfacet
  facet normal -7.804003e-08 8.993166e-01 -4.372981e-01
    outer loop
      vertex   5.650537e+00 1.649019e+01 -2.358328e+01
      vertex   2.190000e+01 1.518230e+01 -2.627300e+01
      vertex   5.392863e+00 1.627550e+01 -2.402481e+01
    endloop
  endfacet
  facet normal -7.804003e-08 8.993166e-01 -4.372981e-01
    outer loop
      vertex   5.392863e+00 1.627550e+01 -2.402481e+01
      vertex   2.190000e+01 1.518230e+01 -2.627300e+01
      vertex   5.025182e+00 1.609401e+01 -2.439805e+01
    endloop
  endfacet
  facet normal -7.804003e-08 8.993166e-01 -4.372981e-01
    outer loop
      vertex   5.025182e+00 1.609401e+01 -2.439805e+01
      vertex   2.190000e+01 1.518230e+01 -2.627300e+01
      vertex   4.568863e+00 1.595627e+01 -2.468131e+01
    endloop
  endfacet
  facet normal -7.804003e-08 8.993166e-01 -4.372981e-01
    outer loop
      vertex   4.568863e+00 1.595627e+01 -2.468131e+01
      vertex   2.190000e+01 1.518230e+01 -2.627300e+01
      vertex   4.050426e+00 1.587029e+01 -2.485813e+01
    endloop
  endfacet
  facet normal -7.804003e-08 8.993166e-01 -4.372981e-01
    outer loop
      vertex   4.050426e+00 1.587029e+01 -2.485813e+01
      vertex   2.190000e+01 1.518230e+01 -2.627300e+01
      vertex   2.190000e+01 1.296175e+01 -3.083963e+01
    endloop
  endfacet
  facet normal -7.804003e-08 8.993166e-01 -4.372981e-01
    outer loop
      vertex   4.050426e+00 1.587029e+01 -2.485813e+01
      vertex   2.190000e+01 1.296175e+01 -3.083963e+01
      vertex   3.500000e+00 1.584106e+01 -2.491824e+01
    endloop
  endfacet
  facet normal -7.804003e-08 8.993166e-01 -4.372981e-01
    outer loop
      vertex   3.500000e+00 1.584106e+01 -2.491824e+01
      vertex   2.190000e+01 1.296175e+01 -3.083963e+01
      vertex   -2.190000e+01 1.296175e+01 -3.083963e+01
    endloop
  endfacet
  facet normal -7.804003e-08 8.993166e-01 -4.372981e-01
    outer loop
      vertex   3.500000e+00 1.584106e+01 -2.491824e+01
      vertex   -2.190000e+01 1.296175e+01 -3.083963e+01
      vertex   -3.500000e+00 1.584106e+01 -2.491824e+01
    endloop
  endfacet
  facet normal -7.804003e-08 8.993166e-01 -4.372981e-01
    outer loop
      vertex   -3.500000e+00 1.584106e+01 -2.491824e+01
      vertex   -2.190000e+01 1.296175e+01 -3.083963e+01
      vertex   -4.050426e+00 1.587029e+01 -2.485813e+01
    endloop
  endfacet
  facet normal -7.804003e-08 8.993166e-01 -4.372981e-01
    outer loop
      vertex   -4.050426e+00 1.587029e+01 -2.485813e+01
      vertex   -2.190000e+01 1.296175e+01 -3.083963e+01
      vertex   -2.190000e+01 1.518230e+01 -2.627300e+01
    endloop
  endfacet
  facet normal -7.804003e-08 8.993166e-01 -4.372981e-01
    outer loop
      vertex   -4.050426e+00 1.587029e+01 -2.485813e+01
      vertex   -2.190000e+01 1.518230e+01 -2.627300e+01
      vertex   -4.568863e+00 1.595627e+01 -2.468131e+01
    endloop
  endfacet
  facet normal -7.804003e-08 8.993166e-01 -4.372981e-01
    outer loop
      vertex   -4.568863e+00 1.595627e+01 -2.468131e+01
      vertex   -2.190000e+01 1.518230e+01 -2.627300e+01
      vertex   -5.025182e+00 1.609401e+01 -2.439805e+01
    endloop
  endfacet
  facet normal -7.804003e-08 8.993166e-01 -4.372981e-01
    outer loop
      vertex   -5.025182e+00 1.609401e+01 -2.439805e+01
      vertex   -2.190000e+01 1.518230e+01 -2.627300e+01
      vertex   -5.392863e+00 1.627550e+01 -2.402481e+01
    endloop
  endfacet
  facet normal -7.804003e-08 8.993166e-01 -4.372981e-01
    outer loop
      vertex   -5.392863e+00 1.627550e+01 -2.402481e+01
      vertex   -2.190000e+01 1.518230e+01 -2.627300e+01
      vertex   -5.650537e+00 1.649019e+01 -2.358328e+01
    endloop
  endfacet
  facet normal -7.804003e-08 8.993166e-01 -4.372981e-01
    outer loop
      vertex   -5.650537e+00 1.649019e+01 -2.358328e+01
      vertex   -2.190000e+01 1.518230e+01 -2.627300e+01
      vertex   -5.783230e+00 1.672561e+01 -2.309913e+01
    endloop
  endfacet
  facet normal -7.804003e-08 8.993166e-01 -4.372981e-01
    outer loop
      vertex   -5.783230e+00 1.672561e+01 -2.309913e+01
      vertex   -2.190000e+01 1.518230e+01 -2.627300e+01
      vertex   -5.783230e+00 1.696808e+01 -2.260049e+01
    endloop
  endfacet
  facet normal -7.804003e-08 8.993166e-01 -4.372981e-01
    outer loop
      vertex   -5.783230e+00 1.696808e+01 -2.260049e+01
      vertex   -2.190000e+01 1.518230e+01 -2.627300e+01
      vertex   -5.650537e+00 1.720350e+01 -2.211633e+01
    endloop
  endfacet
  facet normal -7.804003e-08 8.993166e-01 -4.372981e-01
    outer loop
      vertex   2.190000e+01 1.518230e+01 -2.627300e+01
      vertex   3.000000e+01 2.026000e+01 -1.583056e+01
      vertex   2.690000e+01 1.518230e+01 -2.627300e+01
    endloop
  endfacet
  facet normal -7.804003e-08 8.993166e-01 -4.372981e-01
    outer loop
      vertex   2.690000e+01 1.518230e+01 -2.627300e+01
      vertex   3.000000e+01 2.026000e+01 -1.583056e+01
      vertex   3.000000e+01 1.386743e+01 -2.897708e+01
    endloop
  endfacet
  facet normal -7.804003e-08 8.993166e-01 -4.372981e-01
    outer loop
      vertex   2.690000e+01 1.518230e+01 -2.627300e+01
      vertex   3.000000e+01 1.386743e+01 -2.897708e+01
      vertex   2.690000e+01 1.296175e+01 -3.083963e+01
    endloop
  endfacet
  facet normal -7.804003e-08 8.993166e-01 -4.372981e-01
    outer loop
      vertex   2.690000e+01 1.296175e+01 -3.083963e+01
      vertex   3.000000e+01 1.386743e+01 -2.897708e+01
      vertex   3.005058e+01 1.355721e+01 -2.961505e+01
    endloop
  endfacet
  facet normal -7.804003e-08 8.993166e-01 -4.372981e-01
    outer loop
      vertex   2.690000e+01 1.296175e+01 -3.083963e+01
      vertex   3.005058e+01 1.355721e+01 -2.961505e+01
      vertex   3.020130e+01 1.325327e+01 -3.024012e+01
    endloop
  endfacet
  facet normal -7.804003e-08 8.993166e-01 -4.372981e-01
    outer loop
      vertex   3.044910e+01 1.296175e+01 -3.083963e+01
      vertex   3.000000e+01 1.296175e+01 -3.083963e+01
      vertex   3.020130e+01 1.325327e+01 -3.024012e+01
    endloop
  endfacet
  facet normal -7.804003e-08 8.993166e-01 -4.372981e-01
    outer loop
      vertex   3.020130e+01 1.325327e+01 -3.024012e+01
      vertex   3.000000e+01 1.296175e+01 -3.083963e+01
      vertex   2.690000e+01 1.296175e+01 -3.083963e+01
    endloop
  endfacet
  facet normal -7.804003e-08 8.993166e-01 -4.372981e-01
    outer loop
      vertex   -4.568863e+00 1.773743e+01 -2.101831e+01
      vertex   -5.025182e+00 1.759969e+01 -2.130157e+01
      vertex   -3.000000e+01 2.026000e+01 -1.583056e+01
    endloop
  endfacet
  facet normal -7.804003e-08 8.993166e-01 -4.372981e-01
    outer loop
      vertex   -3.000000e+01 2.026000e+01 -1.583056e+01
      vertex   -5.025182e+00 1.759969e+01 -2.130157e+01
      vertex   -5.392863e+00 1.741820e+01 -2.167481e+01
    endloop
  endfacet
  facet normal 1.000000e+00 -2.152281e-15 -1.987131e-14
    outer loop
      vertex   2.340000e+01 2.283071e+01 -3.788721e+01
      vertex   2.340000e+01 2.040023e+01 -3.422703e+01
      vertex   2.340000e+01 2.042551e+01 -3.655399e+01
    endloop
  endfacet
  facet normal 1.000000e+00 -2.937956e-15 -1.987985e-14
    outer loop
      vertex   2.340000e+01 2.042551e+01 -3.655399e+01
      vertex   2.340000e+01 2.040023e+01 -3.422703e+01
      vertex   2.340000e+01 2.015391e+01 -3.454804e+01
    endloop
  endfacet
  facet normal 1.000000e+00 3.516641e-15 -1.900591e-14
    outer loop
      vertex   2.340000e+01 2.042551e+01 -3.655399e+01
      vertex   2.340000e+01 2.015391e+01 -3.454804e+01
      vertex   2.340000e+01 1.983289e+01 -3.479437e+01
    endloop
  endfacet
  facet normal 1.000000e+00 8.289936e-15 -1.293735e-14
    outer loop
      vertex   2.340000e+01 2.040023e+01 -3.422703e+01
      vertex   2.340000e+01 2.283071e+01 -3.788721e+01
      vertex   2.340000e+01 2.055508e+01 -3.385320e+01
    endloop
  endfacet
  facet normal 1.000000e+00 3.406807e-16 -1.742161e-14
    outer loop
      vertex   2.340000e+01 2.055508e+01 -3.385320e+01
      vertex   2.340000e+01 2.283071e+01 -3.788721e+01
      vertex   2.340000e+01 2.523052e+01 -3.355784e+01
    endloop
  endfacet
  facet normal 1.000000e+00 9.261531e-16 -2.668960e-14
    outer loop
      vertex   2.340000e+01 2.055508e+01 -3.385320e+01
      vertex   2.340000e+01 2.523052e+01 -3.355784e+01
      vertex   2.340000e+01 2.060789e+01 -3.345203e+01
    endloop
  endfacet
  facet normal 1.000000e+00 1.135083e-15 -1.756235e-14
    outer loop
      vertex   2.340000e+01 2.060789e+01 -3.345203e+01
      vertex   2.340000e+01 2.523052e+01 -3.355784e+01
      vertex   2.340000e+01 2.055508e+01 -3.305086e+01
    endloop
  endfacet
  facet normal 1.000000e+00 2.103422e-15 -8.632276e-15
    outer loop
      vertex   2.340000e+01 2.055508e+01 -3.305086e+01
      vertex   2.340000e+01 2.523052e+01 -3.355784e+01
      vertex   2.340000e+01 2.040023e+01 -3.267703e+01
    endloop
  endfacet
  facet normal 1.000000e+00 1.929392e-15 -9.586635e-15
    outer loop
      vertex   2.340000e+01 2.040023e+01 -3.267703e+01
      vertex   2.340000e+01 2.523052e+01 -3.355784e+01
      vertex   2.340000e+01 2.015391e+01 -3.235601e+01
    endloop
  endfacet
  facet normal 1.000000e+00 -3.803486e-15 -3.380267e-14
    outer loop
      vertex   2.340000e+01 2.015391e+01 -3.235601e+01
      vertex   2.340000e+01 2.523052e+01 -3.355784e+01
      vertex   2.340000e+01 1.983289e+01 -3.210969e+01
    endloop
  endfacet
  facet normal 1.000000e+00 1.815197e-15 -1.286047e-14
    outer loop
      vertex   2.340000e+01 1.983289e+01 -3.210969e+01
      vertex   2.340000e+01 2.523052e+01 -3.355784e+01
      vertex   2.340000e+01 1.569716e+01 -2.827342e+01
    endloop
  endfacet
  facet normal 1.000000e+00 6.081796e-15 -8.260825e-15
    outer loop
      vertex   2.340000e+01 1.983289e+01 -3.210969e+01
      vertex   2.340000e+01 1.569716e+01 -2.827342e+01
      vertex   2.340000e+01 1.945906e+01 -3.195484e+01
    endloop
  endfacet
  facet normal 1.000000e+00 -2.201978e-15 -1.672568e-14
    outer loop
      vertex   2.340000e+01 1.945906e+01 -3.195484e+01
      vertex   2.340000e+01 1.569716e+01 -2.827342e+01
      vertex   2.340000e+01 1.905789e+01 -3.190203e+01
    endloop
  endfacet
  facet normal 1.000000e+00 1.723349e-15 -1.309014e-14
    outer loop
      vertex   2.340000e+01 1.905789e+01 -3.190203e+01
      vertex   2.340000e+01 1.569716e+01 -2.827342e+01
      vertex   2.340000e+01 1.865672e+01 -3.195484e+01
    endloop
  endfacet
  facet normal 1.000000e+00 -2.631346e-15 -1.659095e-14
    outer loop
      vertex   2.340000e+01 1.865672e+01 -3.195484e+01
      vertex   2.340000e+01 1.569716e+01 -2.827342e+01
      vertex   2.340000e+01 1.828289e+01 -3.210969e+01
    endloop
  endfacet
  facet normal 1.000000e+00 -7.094970e-15 -1.959953e-14
    outer loop
      vertex   2.340000e+01 1.828289e+01 -3.210969e+01
      vertex   2.340000e+01 1.569716e+01 -2.827342e+01
      vertex   2.340000e+01 1.796188e+01 -3.235601e+01
    endloop
  endfacet
  facet normal 1.000000e+00 3.476922e-15 -1.373505e-14
    outer loop
      vertex   2.340000e+01 1.796188e+01 -3.235601e+01
      vertex   2.340000e+01 1.569716e+01 -2.827342e+01
      vertex   2.340000e+01 1.771555e+01 -3.267703e+01
    endloop
  endfacet
  facet normal 1.000000e+00 6.675907e-15 -1.226879e-14
    outer loop
      vertex   2.340000e+01 1.771555e+01 -3.267703e+01
      vertex   2.340000e+01 1.569716e+01 -2.827342e+01
      vertex   2.340000e+01 1.756071e+01 -3.305086e+01
    endloop
  endfacet
  facet normal 1.000000e+00 -3.938994e-14 -3.023778e-14
    outer loop
      vertex   2.340000e+01 1.756071e+01 -3.305086e+01
      vertex   2.340000e+01 1.569716e+01 -2.827342e+01
      vertex   2.340000e+01 1.750789e+01 -3.345203e+01
    endloop
  endfacet
  facet normal 1.000000e+00 -1.313460e-15 -1.692413e-14
    outer loop
      vertex   2.340000e+01 1.750789e+01 -3.345203e+01
      vertex   2.340000e+01 1.569716e+01 -2.827342e+01
      vertex   2.340000e+01 5.879768e+00 -4.598447e+01
    endloop
  endfacet
  facet normal 1.000000e+00 -8.765424e-15 -1.000988e-14
    outer loop
      vertex   2.340000e+01 1.750789e+01 -3.345203e+01
      vertex   2.340000e+01 5.879768e+00 -4.598447e+01
      vertex   2.340000e+01 1.756071e+01 -3.385320e+01
    endloop
  endfacet
  facet normal 1.000000e+00 -6.496572e-15 -1.219451e-14
    outer loop
      vertex   2.340000e+01 1.756071e+01 -3.385320e+01
      vertex   2.340000e+01 5.879768e+00 -4.598447e+01
      vertex   2.340000e+01 1.771555e+01 -3.422703e+01
    endloop
  endfacet
  facet normal 1.000000e+00 -1.740009e-15 -1.698277e-14
    outer loop
      vertex   2.340000e+01 1.771555e+01 -3.422703e+01
      vertex   2.340000e+01 5.879768e+00 -4.598447e+01
      vertex   2.340000e+01 1.005376e+01 -4.892247e+01
    endloop
  endfacet
  facet normal 1.000000e+00 1.721502e-15 -1.878751e-14
    outer loop
      vertex   2.340000e+01 1.771555e+01 -3.422703e+01
      vertex   2.340000e+01 1.005376e+01 -4.892247e+01
      vertex   2.340000e+01 1.042759e+01 -4.907731e+01
    endloop
  endfacet
  facet normal 1.000000e+00 -2.021641e-15 -1.611215e-14
    outer loop
      vertex   2.340000e+01 3.479961e+00 -5.031384e+01
      vertex   2.340000e+01 8.155401e+00 -5.001848e+01
      vertex   2.340000e+01 5.879768e+00 -4.598447e+01
    endloop
  endfacet
  facet normal 1.000000e+00 5.589331e-15 -1.181872e-14
    outer loop
      vertex   2.340000e+01 5.879768e+00 -4.598447e+01
      vertex   2.340000e+01 8.155401e+00 -5.001848e+01
      vertex   2.340000e+01 8.310247e+00 -4.964465e+01
    endloop
  endfacet
  facet normal 1.000000e+00 -4.613801e-15 -1.859392e-14
    outer loop
      vertex   2.340000e+01 5.879768e+00 -4.598447e+01
      vertex   2.340000e+01 8.310247e+00 -4.964465e+01
      vertex   2.340000e+01 8.556570e+00 -4.932364e+01
    endloop
  endfacet
  facet normal 1.000000e+00 -1.312519e-15 -1.715843e-14
    outer loop
      vertex   2.340000e+01 1.301332e+01 -5.559826e+01
      vertex   2.340000e+01 8.877586e+00 -5.176199e+01
      vertex   2.340000e+01 3.479961e+00 -5.031384e+01
    endloop
  endfacet
  facet normal 1.000000e+00 -6.839687e-15 -3.775953e-14
    outer loop
      vertex   2.340000e+01 3.479961e+00 -5.031384e+01
      vertex   2.340000e+01 8.877586e+00 -5.176199e+01
      vertex   2.340000e+01 8.556570e+00 -5.151567e+01
    endloop
  endfacet
  facet normal 1.000000e+00 -6.361070e-16 -1.155521e-14
    outer loop
      vertex   2.340000e+01 3.479961e+00 -5.031384e+01
      vertex   2.340000e+01 8.556570e+00 -5.151567e+01
      vertex   2.340000e+01 8.310247e+00 -5.119465e+01
    endloop
  endfacet
  facet normal 1.000000e+00 -2.005478e-15 -1.694172e-14
    outer loop
      vertex   2.340000e+01 1.541312e+01 -5.126889e+01
      vertex   2.340000e+01 1.300792e+01 -4.993567e+01
      vertex   2.340000e+01 1.301332e+01 -5.559826e+01
    endloop
  endfacet
  facet normal 1.000000e+00 -1.758539e-15 -1.694149e-14
    outer loop
      vertex   2.340000e+01 1.301332e+01 -5.559826e+01
      vertex   2.340000e+01 1.300792e+01 -4.993567e+01
      vertex   2.340000e+01 1.099493e+01 -5.119465e+01
    endloop
  endfacet
  facet normal 1.000000e+00 4.135149e-15 -1.424012e-14
    outer loop
      vertex   2.340000e+01 1.301332e+01 -5.559826e+01
      vertex   2.340000e+01 1.099493e+01 -5.119465e+01
      vertex   2.340000e+01 1.074860e+01 -5.151567e+01
    endloop
  endfacet
  facet normal 1.000000e+00 1.655427e-15 -1.817452e-14
    outer loop
      vertex   2.340000e+01 2.042551e+01 -3.655399e+01
      vertex   2.340000e+01 1.828289e+01 -3.479437e+01
      vertex   2.340000e+01 1.300792e+01 -4.993567e+01
    endloop
  endfacet
  facet normal 1.000000e+00 -1.922285e-15 -1.692811e-14
    outer loop
      vertex   2.340000e+01 1.300792e+01 -4.993567e+01
      vertex   2.340000e+01 1.828289e+01 -3.479437e+01
      vertex   2.340000e+01 1.796188e+01 -3.454804e+01
    endloop
  endfacet
  facet normal 1.000000e+00 -1.541440e-15 -1.705072e-14
    outer loop
      vertex   2.340000e+01 1.300792e+01 -4.993567e+01
      vertex   2.340000e+01 1.796188e+01 -3.454804e+01
      vertex   2.340000e+01 1.042759e+01 -4.907731e+01
    endloop
  endfacet
  facet normal 1.000000e+00 3.331687e-15 -1.957772e-14
    outer loop
      vertex   2.340000e+01 1.042759e+01 -4.907731e+01
      vertex   2.340000e+01 1.796188e+01 -3.454804e+01
      vertex   2.340000e+01 1.771555e+01 -3.422703e+01
    endloop
  endfacet
  facet normal 1.000000e+00 -1.177533e-15 -1.786681e-14
    outer loop
      vertex   2.340000e+01 8.155401e+00 -5.082082e+01
      vertex   2.340000e+01 8.102586e+00 -5.041965e+01
      vertex   2.340000e+01 3.479961e+00 -5.031384e+01
    endloop
  endfacet
  facet normal 1.000000e+00 -1.372566e-15 -2.638697e-14
    outer loop
      vertex   2.340000e+01 3.479961e+00 -5.031384e+01
      vertex   2.340000e+01 8.102586e+00 -5.041965e+01
      vertex   2.340000e+01 8.155401e+00 -5.001848e+01
    endloop
  endfacet
  facet normal 1.000000e+00 2.244279e-16 -1.471542e-14
    outer loop
      vertex   2.340000e+01 8.556570e+00 -4.932364e+01
      vertex   2.340000e+01 8.877586e+00 -4.907731e+01
      vertex   2.340000e+01 5.879768e+00 -4.598447e+01
    endloop
  endfacet
  facet normal 1.000000e+00 -2.367565e-15 -1.722777e-14
    outer loop
      vertex   2.340000e+01 5.879768e+00 -4.598447e+01
      vertex   2.340000e+01 8.877586e+00 -4.907731e+01
      vertex   2.340000e+01 9.251416e+00 -4.892247e+01
    endloop
  endfacet
  facet normal 1.000000e+00 1.659632e-15 -1.260616e-14
    outer loop
      vertex   2.340000e+01 5.879768e+00 -4.598447e+01
      vertex   2.340000e+01 9.251416e+00 -4.892247e+01
      vertex   2.340000e+01 9.652586e+00 -4.886965e+01
    endloop
  endfacet
  facet normal 1.000000e+00 -2.349896e-15 -1.784923e-14
    outer loop
      vertex   2.340000e+01 9.652586e+00 -4.886965e+01
      vertex   2.340000e+01 1.005376e+01 -4.892247e+01
      vertex   2.340000e+01 5.879768e+00 -4.598447e+01
    endloop
  endfacet
  facet normal 1.000000e+00 -1.177981e-15 -1.595811e-14
    outer loop
      vertex   2.340000e+01 1.042759e+01 -4.907731e+01
      vertex   2.340000e+01 1.074860e+01 -4.932364e+01
      vertex   2.340000e+01 1.300792e+01 -4.993567e+01
    endloop
  endfacet
  facet normal 1.000000e+00 -3.599173e-15 -2.489596e-14
    outer loop
      vertex   2.340000e+01 1.300792e+01 -4.993567e+01
      vertex   2.340000e+01 1.074860e+01 -4.932364e+01
      vertex   2.340000e+01 1.099493e+01 -4.964465e+01
    endloop
  endfacet
  facet normal 1.000000e+00 -1.461427e-15 -1.010888e-14
    outer loop
      vertex   2.340000e+01 1.300792e+01 -4.993567e+01
      vertex   2.340000e+01 1.099493e+01 -4.964465e+01
      vertex   2.340000e+01 1.114977e+01 -5.001848e+01
    endloop
  endfacet
  facet normal 1.000000e+00 -7.236366e-16 -2.666294e-14
    outer loop
      vertex   2.340000e+01 1.114977e+01 -5.001848e+01
      vertex   2.340000e+01 1.120259e+01 -5.041965e+01
      vertex   2.340000e+01 1.300792e+01 -4.993567e+01
    endloop
  endfacet
  facet normal 1.000000e+00 -3.237585e-15 -1.728555e-14
    outer loop
      vertex   2.340000e+01 1.300792e+01 -4.993567e+01
      vertex   2.340000e+01 1.120259e+01 -5.041965e+01
      vertex   2.340000e+01 1.114977e+01 -5.082082e+01
    endloop
  endfacet
  facet normal 1.000000e+00 -8.651787e-15 -5.919855e-15
    outer loop
      vertex   2.340000e+01 1.300792e+01 -4.993567e+01
      vertex   2.340000e+01 1.114977e+01 -5.082082e+01
      vertex   2.340000e+01 1.099493e+01 -5.119465e+01
    endloop
  endfacet
  facet normal 1.000000e+00 -6.626599e-15 -2.020992e-14
    outer loop
      vertex   2.340000e+01 1.074860e+01 -5.151567e+01
      vertex   2.340000e+01 1.042759e+01 -5.176199e+01
      vertex   2.340000e+01 1.301332e+01 -5.559826e+01
    endloop
  endfacet
  facet normal 1.000000e+00 -2.331471e-15 -1.731491e-14
    outer loop
      vertex   2.340000e+01 1.301332e+01 -5.559826e+01
      vertex   2.340000e+01 1.042759e+01 -5.176199e+01
      vertex   2.340000e+01 1.005376e+01 -5.191684e+01
    endloop
  endfacet
  facet normal 1.000000e+00 1.838239e-15 -1.396281e-14
    outer loop
      vertex   2.340000e+01 1.301332e+01 -5.559826e+01
      vertex   2.340000e+01 1.005376e+01 -5.191684e+01
      vertex   2.340000e+01 9.652586e+00 -5.196965e+01
    endloop
  endfacet
  facet normal 1.000000e+00 -2.348776e-15 -1.784072e-14
    outer loop
      vertex   2.340000e+01 9.652586e+00 -5.196965e+01
      vertex   2.340000e+01 9.251416e+00 -5.191684e+01
      vertex   2.340000e+01 1.301332e+01 -5.559826e+01
    endloop
  endfacet
  facet normal 1.000000e+00 5.388699e-15 -9.934111e-15
    outer loop
      vertex   2.340000e+01 1.301332e+01 -5.559826e+01
      vertex   2.340000e+01 9.251416e+00 -5.191684e+01
      vertex   2.340000e+01 8.877586e+00 -5.176199e+01
    endloop
  endfacet
  facet normal 1.000000e+00 -2.833847e-16 -9.620924e-15
    outer loop
      vertex   2.340000e+01 8.310247e+00 -5.119465e+01
      vertex   2.340000e+01 8.155401e+00 -5.082082e+01
      vertex   2.340000e+01 3.479961e+00 -5.031384e+01
    endloop
  endfacet
  facet normal 1.000000e+00 -1.000841e-15 -2.052734e-14
    outer loop
      vertex   2.340000e+01 1.983289e+01 -3.479437e+01
      vertex   2.340000e+01 1.945906e+01 -3.494921e+01
      vertex   2.340000e+01 2.042551e+01 -3.655399e+01
    endloop
  endfacet
  facet normal 1.000000e+00 2.430426e-15 -1.846092e-14
    outer loop
      vertex   2.340000e+01 2.042551e+01 -3.655399e+01
      vertex   2.340000e+01 1.945906e+01 -3.494921e+01
      vertex   2.340000e+01 1.905789e+01 -3.500203e+01
    endloop
  endfacet
  facet normal 1.000000e+00 -3.068367e-15 -2.330656e-14
    outer loop
      vertex   2.340000e+01 2.042551e+01 -3.655399e+01
      vertex   2.340000e+01 1.905789e+01 -3.500203e+01
      vertex   2.340000e+01 1.865672e+01 -3.494921e+01
    endloop
  endfacet
  facet normal 1.000000e+00 2.301034e-15 -1.738839e-14
    outer loop
      vertex   2.340000e+01 1.865672e+01 -3.494921e+01
      vertex   2.340000e+01 1.828289e+01 -3.479437e+01
      vertex   2.340000e+01 2.042551e+01 -3.655399e+01
    endloop
  endfacet
  facet normal -1.657212e-14 -4.848096e-01 -8.746197e-01
    outer loop
      vertex   2.190000e+01 2.042551e+01 -3.655399e+01
      vertex   2.190000e+01 2.283071e+01 -3.788721e+01
      vertex   2.340000e+01 2.042551e+01 -3.655399e+01
    endloop
  endfacet
  facet normal -1.884015e-14 -4.848096e-01 -8.746197e-01
    outer loop
      vertex   2.340000e+01 2.042551e+01 -3.655399e+01
      vertex   2.190000e+01 2.283071e+01 -3.788721e+01
      vertex   2.340000e+01 2.283071e+01 -3.788721e+01
    endloop
  endfacet
  facet normal -5.043048e-15 8.746197e-01 -4.848096e-01
    outer loop
      vertex   2.340000e+01 2.283071e+01 -3.788721e+01
      vertex   2.190000e+01 2.283071e+01 -3.788721e+01
      vertex   2.340000e+01 2.523052e+01 -3.355784e+01
    endloop
  endfacet
  facet normal 3.098297e-14 8.746197e-01 -4.848096e-01
    outer loop
      vertex   2.340000e+01 2.523052e+01 -3.355784e+01
      vertex   2.190000e+01 2.283071e+01 -3.788721e+01
      vertex   2.190000e+01 2.595773e+01 -3.224591e+01
    endloop
  endfacet
  facet normal -7.579123e-15 8.746197e-01 -4.848096e-01
    outer loop
      vertex   2.340000e+01 2.523052e+01 -3.355784e+01
      vertex   2.190000e+01 2.595773e+01 -3.224591e+01
      vertex   2.690000e+01 2.595773e+01 -3.224591e+01
    endloop
  endfacet
  facet normal -2.878121e-14 8.746197e-01 -4.848096e-01
    outer loop
      vertex   2.690000e+01 2.595773e+01 -3.224591e+01
      vertex   2.690000e+01 2.523052e+01 -3.355784e+01
      vertex   2.340000e+01 2.523052e+01 -3.355784e+01
    endloop
  endfacet
  facet normal -7.432686e-16 9.914449e-01 -1.305262e-01
    outer loop
      vertex   2.190000e+01 8.155401e+00 -5.001848e+01
      vertex   2.340000e+01 8.155401e+00 -5.001848e+01
      vertex   2.190000e+01 8.102586e+00 -5.041965e+01
    endloop
  endfacet
  facet normal -1.249722e-16 9.914449e-01 -1.305262e-01
    outer loop
      vertex   2.190000e+01 8.102586e+00 -5.041965e+01
      vertex   2.340000e+01 8.155401e+00 -5.001848e+01
      vertex   2.340000e+01 8.102586e+00 -5.041965e+01
    endloop
  endfacet
  facet normal 4.821398e-15 9.914449e-01 1.305262e-01
    outer loop
      vertex   2.190000e+01 8.102586e+00 -5.041965e+01
      vertex   2.340000e+01 8.102586e+00 -5.041965e+01
      vertex   2.190000e+01 8.155401e+00 -5.082082e+01
    endloop
  endfacet
  facet normal 3.091481e-15 9.914449e-01 1.305262e-01
    outer loop
      vertex   2.190000e+01 8.155401e+00 -5.082082e+01
      vertex   2.340000e+01 8.102586e+00 -5.041965e+01
      vertex   2.340000e+01 8.155401e+00 -5.082082e+01
    endloop
  endfacet
  facet normal 9.063764e-15 9.238795e-01 3.826834e-01
    outer loop
      vertex   2.190000e+01 8.155401e+00 -5.082082e+01
      vertex   2.340000e+01 8.155401e+00 -5.082082e+01
      vertex   2.190000e+01 8.310247e+00 -5.119465e+01
    endloop
  endfacet
  facet normal 7.251011e-15 9.238795e-01 3.826834e-01
    outer loop
      vertex   2.190000e+01 8.310247e+00 -5.119465e+01
      vertex   2.340000e+01 8.155401e+00 -5.082082e+01
      vertex   2.340000e+01 8.310247e+00 -5.119465e+01
    endloop
  endfacet
  facet normal 1.153469e-14 7.933534e-01 6.087614e-01
    outer loop
      vertex   2.190000e+01 8.310247e+00 -5.119465e+01
      vertex   2.340000e+01 8.310247e+00 -5.119465e+01
      vertex   2.190000e+01 8.556570e+00 -5.151567e+01
    endloop
  endfacet
  facet normal 6.771982e-15 7.933534e-01 6.087614e-01
    outer loop
      vertex   2.190000e+01 8.556570e+00 -5.151567e+01
      vertex   2.340000e+01 8.310247e+00 -5.119465e+01
      vertex   2.340000e+01 8.556570e+00 -5.151567e+01
    endloop
  endfacet
  facet normal 9.832392e-15 6.087614e-01 7.933533e-01
    outer loop
      vertex   2.190000e+01 8.556570e+00 -5.151567e+01
      vertex   2.340000e+01 8.556570e+00 -5.151567e+01
      vertex   2.190000e+01 8.877586e+00 -5.176199e+01
    endloop
  endfacet
  facet normal 1.431139e-14 6.087614e-01 7.933533e-01
    outer loop
      vertex   2.190000e+01 8.877586e+00 -5.176199e+01
      vertex   2.340000e+01 8.556570e+00 -5.151567e+01
      vertex   2.340000e+01 8.877586e+00 -5.176199e+01
    endloop
  endfacet
  facet normal 1.705230e-14 3.826834e-01 9.238795e-01
    outer loop
      vertex   2.190000e+01 8.877586e+00 -5.176199e+01
      vertex   2.340000e+01 8.877586e+00 -5.176199e+01
      vertex   2.190000e+01 9.251416e+00 -5.191684e+01
    endloop
  endfacet
  facet normal 1.659911e-14 3.826834e-01 9.238795e-01
    outer loop
      vertex   2.190000e+01 9.251416e+00 -5.191684e+01
      vertex   2.340000e+01 8.877586e+00 -5.176199e+01
      vertex   2.340000e+01 9.251416e+00 -5.191684e+01
    endloop
  endfacet
  facet normal 1.847656e-14 1.305262e-01 9.914449e-01
    outer loop
      vertex   2.190000e+01 9.251416e+00 -5.191684e+01
      vertex   2.340000e+01 9.251416e+00 -5.191684e+01
      vertex   2.190000e+01 9.652586e+00 -5.196965e+01
    endloop
  endfacet
  facet normal 1.847656e-14 1.305262e-01 9.914449e-01
    outer loop
      vertex   2.190000e+01 9.652586e+00 -5.196965e+01
      vertex   2.340000e+01 9.251416e+00 -5.191684e+01
      vertex   2.340000e+01 9.652586e+00 -5.196965e+01
    endloop
  endfacet
  facet normal 1.909485e-14 -1.305262e-01 9.914449e-01
    outer loop
      vertex   2.190000e+01 9.652586e+00 -5.196965e+01
      vertex   2.340000e+01 9.652586e+00 -5.196965e+01
      vertex   2.190000e+01 1.005376e+01 -5.191684e+01
    endloop
  endfacet
  facet normal 1.909485e-14 -1.305262e-01 9.914449e-01
    outer loop
      vertex   2.190000e+01 1.005376e+01 -5.191684e+01
      vertex   2.340000e+01 9.652586e+00 -5.196965e+01
      vertex   2.340000e+01 1.005376e+01 -5.191684e+01
    endloop
  endfacet
  facet normal 1.841187e-14 -3.826834e-01 9.238795e-01
    outer loop
      vertex   2.190000e+01 1.005376e+01 -5.191684e+01
      vertex   2.340000e+01 1.005376e+01 -5.191684e+01
      vertex   2.190000e+01 1.042759e+01 -5.176199e+01
    endloop
  endfacet
  facet normal 1.795868e-14 -3.826834e-01 9.238795e-01
    outer loop
      vertex   2.190000e+01 1.042759e+01 -5.176199e+01
      vertex   2.340000e+01 1.005376e+01 -5.191684e+01
      vertex   2.340000e+01 1.042759e+01 -5.176199e+01
    endloop
  endfacet
  facet normal 1.575322e-14 -6.087614e-01 7.933534e-01
    outer loop
      vertex   2.190000e+01 1.042759e+01 -5.176199e+01
      vertex   2.340000e+01 1.042759e+01 -5.176199e+01
      vertex   2.190000e+01 1.074860e+01 -5.151567e+01
    endloop
  endfacet
  facet normal 1.127423e-14 -6.087614e-01 7.933534e-01
    outer loop
      vertex   2.190000e+01 1.074860e+01 -5.151567e+01
      vertex   2.340000e+01 1.042759e+01 -5.176199e+01
      vertex   2.340000e+01 1.074860e+01 -5.151567e+01
    endloop
  endfacet
  facet normal 8.651020e-15 -7.933533e-01 6.087614e-01
    outer loop
      vertex   2.190000e+01 1.074860e+01 -5.151567e+01
      vertex   2.340000e+01 1.074860e+01 -5.151567e+01
      vertex   2.190000e+01 1.099493e+01 -5.119465e+01
    endloop
  endfacet
  facet normal 5.767347e-15 -7.933533e-01 6.087614e-01
    outer loop
      vertex   2.190000e+01 1.099493e+01 -5.119465e+01
      vertex   2.340000e+01 1.074860e+01 -5.151567e+01
      vertex   2.340000e+01 1.099493e+01 -5.119465e+01
    endloop
  endfacet
  facet normal 3.625506e-15 -9.238795e-01 3.826834e-01
    outer loop
      vertex   2.190000e+01 1.099493e+01 -5.119465e+01
      vertex   2.340000e+01 1.099493e+01 -5.119465e+01
      vertex   2.190000e+01 1.114977e+01 -5.082082e+01
    endloop
  endfacet
  facet normal 7.251012e-15 -9.238795e-01 3.826834e-01
    outer loop
      vertex   2.190000e+01 1.114977e+01 -5.082082e+01
      vertex   2.340000e+01 1.099493e+01 -5.119465e+01
      vertex   2.340000e+01 1.114977e+01 -5.082082e+01
    endloop
  endfacet
  facet normal 2.473185e-15 -9.914449e-01 1.305262e-01
    outer loop
      vertex   2.190000e+01 1.114977e+01 -5.082082e+01
      vertex   2.340000e+01 1.114977e+01 -5.082082e+01
      vertex   2.190000e+01 1.120259e+01 -5.041965e+01
    endloop
  endfacet
  facet normal 6.248611e-17 -9.914449e-01 1.305262e-01
    outer loop
      vertex   2.190000e+01 1.120259e+01 -5.041965e+01
      vertex   2.340000e+01 1.114977e+01 -5.082082e+01
      vertex   2.340000e+01 1.120259e+01 -5.041965e+01
    endloop
  endfacet
  facet normal -2.410699e-15 -9.914449e-01 -1.305262e-01
    outer loop
      vertex   2.190000e+01 1.120259e+01 -5.041965e+01
      vertex   2.340000e+01 1.120259e+01 -5.041965e+01
      vertex   2.190000e+01 1.114977e+01 -5.001848e+01
    endloop
  endfacet
  facet normal -4.203102e-15 -9.914449e-01 -1.305262e-01
    outer loop
      vertex   2.190000e+01 1.114977e+01 -5.001848e+01
      vertex   2.340000e+01 1.120259e+01 -5.041965e+01
      vertex   2.340000e+01 1.114977e+01 -5.001848e+01
    endloop
  endfacet
  facet normal -7.626445e-15 -9.238795e-01 -3.826834e-01
    outer loop
      vertex   2.190000e+01 1.114977e+01 -5.001848e+01
      vertex   2.340000e+01 1.114977e+01 -5.001848e+01
      vertex   2.190000e+01 1.099493e+01 -4.964465e+01
    endloop
  endfacet
  facet normal -5.813692e-15 -9.238795e-01 -3.826834e-01
    outer loop
      vertex   2.190000e+01 1.099493e+01 -4.964465e+01
      vertex   2.340000e+01 1.114977e+01 -5.001848e+01
      vertex   2.340000e+01 1.099493e+01 -4.964465e+01
    endloop
  endfacet
  facet normal -7.646385e-15 -7.933534e-01 -6.087614e-01
    outer loop
      vertex   2.190000e+01 1.099493e+01 -4.964465e+01
      vertex   2.340000e+01 1.099493e+01 -4.964465e+01
      vertex   2.190000e+01 1.074860e+01 -4.932364e+01
    endloop
  endfacet
  facet normal -1.435325e-14 -7.933534e-01 -6.087614e-01
    outer loop
      vertex   2.190000e+01 1.074860e+01 -4.932364e+01
      vertex   2.340000e+01 1.099493e+01 -4.964465e+01
      vertex   2.340000e+01 1.074860e+01 -4.932364e+01
    endloop
  endfacet
  facet normal -1.719506e-14 -6.087614e-01 -7.933533e-01
    outer loop
      vertex   2.190000e+01 1.074860e+01 -4.932364e+01
      vertex   2.340000e+01 1.074860e+01 -4.932364e+01
      vertex   2.190000e+01 1.042759e+01 -4.907731e+01
    endloop
  endfacet
  facet normal -1.415790e-14 -6.087614e-01 -7.933533e-01
    outer loop
      vertex   2.190000e+01 1.042759e+01 -4.907731e+01
      vertex   2.340000e+01 1.074860e+01 -4.932364e+01
      vertex   2.340000e+01 1.042759e+01 -4.907731e+01
    endloop
  endfacet
  facet normal -1.494187e-14 -3.826834e-01 -9.238795e-01
    outer loop
      vertex   2.190000e+01 1.042759e+01 -4.907731e+01
      vertex   2.340000e+01 1.042759e+01 -4.907731e+01
      vertex   2.190000e+01 1.005376e+01 -4.892247e+01
    endloop
  endfacet
  facet normal -1.886506e-14 -3.826834e-01 -9.238795e-01
    outer loop
      vertex   2.190000e+01 1.005376e+01 -4.892247e+01
      vertex   2.340000e+01 1.042759e+01 -4.907731e+01
      vertex   2.340000e+01 1.005376e+01 -4.892247e+01
    endloop
  endfacet
  facet normal -1.924943e-14 -1.305262e-01 -9.914449e-01
    outer loop
      vertex   2.190000e+01 1.005376e+01 -4.892247e+01
      vertex   2.340000e+01 1.005376e+01 -4.892247e+01
      vertex   2.190000e+01 9.652586e+00 -4.886965e+01
    endloop
  endfacet
  facet normal -1.955858e-14 -1.305262e-01 -9.914449e-01
    outer loop
      vertex   2.190000e+01 9.652586e+00 -4.886965e+01
      vertex   2.340000e+01 1.005376e+01 -4.892247e+01
      vertex   2.340000e+01 9.652586e+00 -4.886965e+01
    endloop
  endfacet
  facet normal -1.801284e-14 1.305262e-01 -9.914449e-01
    outer loop
      vertex   2.190000e+01 9.652586e+00 -4.886965e+01
      vertex   2.340000e+01 9.652586e+00 -4.886965e+01
      vertex   2.190000e+01 9.251416e+00 -4.892247e+01
    endloop
  endfacet
  facet normal -1.816741e-14 1.305262e-01 -9.914449e-01
    outer loop
      vertex   2.190000e+01 9.251416e+00 -4.892247e+01
      vertex   2.340000e+01 9.652586e+00 -4.886965e+01
      vertex   2.340000e+01 9.251416e+00 -4.892247e+01
    endloop
  endfacet
  facet normal -1.569274e-14 3.826834e-01 -9.238795e-01
    outer loop
      vertex   2.190000e+01 9.251416e+00 -4.892247e+01
      vertex   2.340000e+01 9.251416e+00 -4.892247e+01
      vertex   2.190000e+01 8.877586e+00 -4.907731e+01
    endloop
  endfacet
  facet normal -1.569274e-14 3.826834e-01 -9.238795e-01
    outer loop
      vertex   2.190000e+01 8.877586e+00 -4.907731e+01
      vertex   2.340000e+01 9.251416e+00 -4.892247e+01
      vertex   2.340000e+01 8.877586e+00 -4.907731e+01
    endloop
  endfacet
  facet normal -1.214863e-14 6.087614e-01 -7.933534e-01
    outer loop
      vertex   2.190000e+01 8.877586e+00 -4.907731e+01
      vertex   2.340000e+01 8.877586e+00 -4.907731e+01
      vertex   2.190000e+01 8.556570e+00 -4.932364e+01
    endloop
  endfacet
  facet normal -1.286955e-14 6.087614e-01 -7.933534e-01
    outer loop
      vertex   2.190000e+01 8.556570e+00 -4.932364e+01
      vertex   2.340000e+01 8.877586e+00 -4.907731e+01
      vertex   2.340000e+01 8.556570e+00 -4.932364e+01
    endloop
  endfacet
  facet normal -8.716137e-15 7.933533e-01 -6.087614e-01
    outer loop
      vertex   2.190000e+01 8.556570e+00 -4.932364e+01
      vertex   2.340000e+01 8.556570e+00 -4.932364e+01
      vertex   2.190000e+01 8.310247e+00 -4.964465e+01
    endloop
  endfacet
  facet normal -1.159981e-14 7.933533e-01 -6.087614e-01
    outer loop
      vertex   2.190000e+01 8.310247e+00 -4.964465e+01
      vertex   2.340000e+01 8.556570e+00 -4.932364e+01
      vertex   2.340000e+01 8.310247e+00 -4.964465e+01
    endloop
  endfacet
  facet normal -5.781485e-15 9.238795e-01 -3.826834e-01
    outer loop
      vertex   2.190000e+01 8.310247e+00 -4.964465e+01
      vertex   2.340000e+01 8.310247e+00 -4.964465e+01
      vertex   2.190000e+01 8.155401e+00 -5.001848e+01
    endloop
  endfacet
  facet normal -6.875579e-15 9.238795e-01 -3.826834e-01
    outer loop
      vertex   2.190000e+01 8.155401e+00 -5.001848e+01
      vertex   2.340000e+01 8.310247e+00 -4.964465e+01
      vertex   2.340000e+01 8.155401e+00 -5.001848e+01
    endloop
  endfacet
  facet normal -1.249722e-16 9.914449e-01 -1.305262e-01
    outer loop
      vertex   2.190000e+01 1.756071e+01 -3.305086e+01
      vertex   2.340000e+01 1.756071e+01 -3.305086e+01
      vertex   2.190000e+01 1.750789e+01 -3.345203e+01
    endloop
  endfacet
  facet normal 4.933241e-16 9.914449e-01 -1.305262e-01
    outer loop
      vertex   2.190000e+01 1.750789e+01 -3.345203e+01
      vertex   2.340000e+01 1.756071e+01 -3.305086e+01
      vertex   2.340000e+01 1.750789e+01 -3.345203e+01
    endloop
  endfacet
  facet normal 4.203102e-15 9.914449e-01 1.305262e-01
    outer loop
      vertex   2.190000e+01 1.750789e+01 -3.345203e+01
      vertex   2.340000e+01 1.750789e+01 -3.345203e+01
      vertex   2.190000e+01 1.756071e+01 -3.385320e+01
    endloop
  endfacet
  facet normal 1.854888e-15 9.914449e-01 1.305262e-01
    outer loop
      vertex   2.190000e+01 1.756071e+01 -3.385320e+01
      vertex   2.340000e+01 1.750789e+01 -3.345203e+01
      vertex   2.340000e+01 1.756071e+01 -3.385320e+01
    endloop
  endfacet
  facet normal 5.438258e-15 9.238795e-01 3.826834e-01
    outer loop
      vertex   2.190000e+01 1.756071e+01 -3.385320e+01
      vertex   2.340000e+01 1.756071e+01 -3.385320e+01
      vertex   2.190000e+01 1.771555e+01 -3.422703e+01
    endloop
  endfacet
  facet normal 7.251011e-15 9.238795e-01 3.826834e-01
    outer loop
      vertex   2.190000e+01 1.771555e+01 -3.422703e+01
      vertex   2.340000e+01 1.756071e+01 -3.385320e+01
      vertex   2.340000e+01 1.771555e+01 -3.422703e+01
    endloop
  endfacet
  facet normal 1.153469e-14 7.933534e-01 6.087614e-01
    outer loop
      vertex   2.190000e+01 1.771555e+01 -3.422703e+01
      vertex   2.340000e+01 1.771555e+01 -3.422703e+01
      vertex   2.190000e+01 1.796188e+01 -3.454804e+01
    endloop
  endfacet
  facet normal 1.153469e-14 7.933534e-01 6.087614e-01
    outer loop
      vertex   2.190000e+01 1.796188e+01 -3.454804e+01
      vertex   2.340000e+01 1.771555e+01 -3.422703e+01
      vertex   2.340000e+01 1.796188e+01 -3.454804e+01
    endloop
  endfacet
  facet normal 1.503231e-14 6.087614e-01 7.933533e-01
    outer loop
      vertex   2.190000e+01 1.796188e+01 -3.454804e+01
      vertex   2.340000e+01 1.796188e+01 -3.454804e+01
      vertex   2.190000e+01 1.828289e+01 -3.479437e+01
    endloop
  endfacet
  facet normal 1.503231e-14 6.087614e-01 7.933533e-01
    outer loop
      vertex   2.190000e+01 1.828289e+01 -3.479437e+01
      vertex   2.340000e+01 1.796188e+01 -3.454804e+01
      vertex   2.340000e+01 1.828289e+01 -3.479437e+01
    endloop
  endfacet
  facet normal 1.750549e-14 3.826834e-01 9.238795e-01
    outer loop
      vertex   2.190000e+01 1.828289e+01 -3.479437e+01
      vertex   2.340000e+01 1.828289e+01 -3.479437e+01
      vertex   2.190000e+01 1.865672e+01 -3.494921e+01
    endloop
  endfacet
  facet normal 1.750549e-14 3.826834e-01 9.238795e-01
    outer loop
      vertex   2.190000e+01 1.865672e+01 -3.494921e+01
      vertex   2.340000e+01 1.828289e+01 -3.479437e+01
      vertex   2.340000e+01 1.865672e+01 -3.494921e+01
    endloop
  endfacet
  facet normal 1.878571e-14 1.305262e-01 9.914449e-01
    outer loop
      vertex   2.190000e+01 1.865672e+01 -3.494921e+01
      vertex   2.340000e+01 1.865672e+01 -3.494921e+01
      vertex   2.190000e+01 1.905789e+01 -3.500203e+01
    endloop
  endfacet
  facet normal 1.408928e-14 1.305262e-01 9.914449e-01
    outer loop
      vertex   2.190000e+01 1.905789e+01 -3.500203e+01
      vertex   2.340000e+01 1.865672e+01 -3.494921e+01
      vertex   2.340000e+01 1.905789e+01 -3.500203e+01
    endloop
  endfacet
  facet normal 1.408928e-14 -1.305262e-01 9.914449e-01
    outer loop
      vertex   2.190000e+01 1.905789e+01 -3.500203e+01
      vertex   2.340000e+01 1.905789e+01 -3.500203e+01
      vertex   2.190000e+01 1.945906e+01 -3.494921e+01
    endloop
  endfacet
  facet normal 1.408928e-14 -1.305262e-01 9.914449e-01
    outer loop
      vertex   2.190000e+01 1.945906e+01 -3.494921e+01
      vertex   2.340000e+01 1.905789e+01 -3.500203e+01
      vertex   2.340000e+01 1.945906e+01 -3.494921e+01
    endloop
  endfacet
  facet normal 1.312912e-14 -3.826834e-01 9.238795e-01
    outer loop
      vertex   2.190000e+01 1.945906e+01 -3.494921e+01
      vertex   2.340000e+01 1.945906e+01 -3.494921e+01
      vertex   2.190000e+01 1.983289e+01 -3.479437e+01
    endloop
  endfacet
  facet normal 1.312912e-14 -3.826834e-01 9.238795e-01
    outer loop
      vertex   2.190000e+01 1.983289e+01 -3.479437e+01
      vertex   2.340000e+01 1.945906e+01 -3.494921e+01
      vertex   2.340000e+01 1.983289e+01 -3.479437e+01
    endloop
  endfacet
  facet normal 1.127423e-14 -6.087614e-01 7.933534e-01
    outer loop
      vertex   2.190000e+01 1.983289e+01 -3.479437e+01
      vertex   2.340000e+01 1.983289e+01 -3.479437e+01
      vertex   2.190000e+01 2.015391e+01 -3.454804e+01
    endloop
  endfacet
  facet normal 1.647414e-14 -6.087614e-01 7.933534e-01
    outer loop
      vertex   2.190000e+01 2.015391e+01 -3.454804e+01
      vertex   2.340000e+01 1.983289e+01 -3.479437e+01
      vertex   2.340000e+01 2.015391e+01 -3.454804e+01
    endloop
  endfacet
  facet normal 1.341373e-14 -7.933533e-01 6.087614e-01
    outer loop
      vertex   2.190000e+01 2.015391e+01 -3.454804e+01
      vertex   2.340000e+01 2.015391e+01 -3.454804e+01
      vertex   2.190000e+01 2.040023e+01 -3.422703e+01
    endloop
  endfacet
  facet normal 1.153469e-14 -7.933533e-01 6.087614e-01
    outer loop
      vertex   2.190000e+01 2.040023e+01 -3.422703e+01
      vertex   2.340000e+01 2.015391e+01 -3.454804e+01
      vertex   2.340000e+01 2.040023e+01 -3.422703e+01
    endloop
  endfacet
  facet normal 7.251012e-15 -9.238795e-01 3.826834e-01
    outer loop
      vertex   2.190000e+01 2.040023e+01 -3.422703e+01
      vertex   2.340000e+01 2.040023e+01 -3.422703e+01
      vertex   2.190000e+01 2.055508e+01 -3.385320e+01
    endloop
  endfacet
  facet normal 7.251012e-15 -9.238795e-01 3.826834e-01
    outer loop
      vertex   2.190000e+01 2.055508e+01 -3.385320e+01
      vertex   2.340000e+01 2.040023e+01 -3.422703e+01
      vertex   2.340000e+01 2.055508e+01 -3.385320e+01
    endloop
  endfacet
  facet normal 2.473185e-15 -9.914449e-01 1.305262e-01
    outer loop
      vertex   2.190000e+01 2.055508e+01 -3.385320e+01
      vertex   2.340000e+01 2.055508e+01 -3.385320e+01
      vertex   2.190000e+01 2.060789e+01 -3.345203e+01
    endloop
  endfacet
  facet normal 2.473185e-15 -9.914449e-01 1.305262e-01
    outer loop
      vertex   2.190000e+01 2.060789e+01 -3.345203e+01
      vertex   2.340000e+01 2.055508e+01 -3.385320e+01
      vertex   2.340000e+01 2.060789e+01 -3.345203e+01
    endloop
  endfacet
  facet normal -2.473185e-15 -9.914449e-01 -1.305262e-01
    outer loop
      vertex   2.190000e+01 2.060789e+01 -3.345203e+01
      vertex   2.340000e+01 2.060789e+01 -3.345203e+01
      vertex   2.190000e+01 2.055508e+01 -3.305086e+01
    endloop
  endfacet
  facet normal -2.473185e-15 -9.914449e-01 -1.305262e-01
    outer loop
      vertex   2.190000e+01 2.055508e+01 -3.305086e+01
      vertex   2.340000e+01 2.060789e+01 -3.345203e+01
      vertex   2.340000e+01 2.055508e+01 -3.305086e+01
    endloop
  endfacet
  facet normal -7.251011e-15 -9.238795e-01 -3.826834e-01
    outer loop
      vertex   2.190000e+01 2.055508e+01 -3.305086e+01
      vertex   2.340000e+01 2.055508e+01 -3.305086e+01
      vertex   2.190000e+01 2.040023e+01 -3.267703e+01
    endloop
  endfacet
  facet normal -7.251011e-15 -9.238795e-01 -3.826834e-01
    outer loop
      vertex   2.190000e+01 2.040023e+01 -3.267703e+01
      vertex   2.340000e+01 2.055508e+01 -3.305086e+01
      vertex   2.340000e+01 2.040023e+01 -3.267703e+01
    endloop
  endfacet
  facet normal -1.153469e-14 -7.933534e-01 -6.087614e-01
    outer loop
      vertex   2.190000e+01 2.040023e+01 -3.267703e+01
      vertex   2.340000e+01 2.040023e+01 -3.267703e+01
      vertex   2.190000e+01 2.015391e+01 -3.235601e+01
    endloop
  endfacet
  facet normal -1.341373e-14 -7.933534e-01 -6.087614e-01
    outer loop
      vertex   2.190000e+01 2.015391e+01 -3.235601e+01
      vertex   2.340000e+01 2.040023e+01 -3.267703e+01
      vertex   2.340000e+01 2.015391e+01 -3.235601e+01
    endloop
  endfacet
  facet normal -1.647414e-14 -6.087614e-01 -7.933533e-01
    outer loop
      vertex   2.190000e+01 2.015391e+01 -3.235601e+01
      vertex   2.340000e+01 2.015391e+01 -3.235601e+01
      vertex   2.190000e+01 1.983289e+01 -3.210969e+01
    endloop
  endfacet
  facet normal -1.503231e-14 -6.087614e-01 -7.933533e-01
    outer loop
      vertex   2.190000e+01 1.983289e+01 -3.210969e+01
      vertex   2.340000e+01 2.015391e+01 -3.235601e+01
      vertex   2.340000e+01 1.983289e+01 -3.210969e+01
    endloop
  endfacet
  facet normal -1.750549e-14 -3.826834e-01 -9.238795e-01
    outer loop
      vertex   2.190000e+01 1.983289e+01 -3.210969e+01
      vertex   2.340000e+01 1.983289e+01 -3.210969e+01
      vertex   2.190000e+01 1.945906e+01 -3.195484e+01
    endloop
  endfacet
  facet normal -1.750549e-14 -3.826834e-01 -9.238795e-01
    outer loop
      vertex   2.190000e+01 1.945906e+01 -3.195484e+01
      vertex   2.340000e+01 1.983289e+01 -3.210969e+01
      vertex   2.340000e+01 1.945906e+01 -3.195484e+01
    endloop
  endfacet
  facet normal -1.878571e-14 -1.305262e-01 -9.914449e-01
    outer loop
      vertex   2.190000e+01 1.945906e+01 -3.195484e+01
      vertex   2.340000e+01 1.945906e+01 -3.195484e+01
      vertex   2.190000e+01 1.905789e+01 -3.190203e+01
    endloop
  endfacet
  facet normal -1.878571e-14 -1.305262e-01 -9.914449e-01
    outer loop
      vertex   2.190000e+01 1.905789e+01 -3.190203e+01
      vertex   2.340000e+01 1.945906e+01 -3.195484e+01
      vertex   2.340000e+01 1.905789e+01 -3.190203e+01
    endloop
  endfacet
  facet normal -1.878571e-14 1.305262e-01 -9.914449e-01
    outer loop
      vertex   2.190000e+01 1.905789e+01 -3.190203e+01
      vertex   2.340000e+01 1.905789e+01 -3.190203e+01
      vertex   2.190000e+01 1.865672e+01 -3.195484e+01
    endloop
  endfacet
  facet normal -1.643749e-14 1.305262e-01 -9.914449e-01
    outer loop
      vertex   2.190000e+01 1.865672e+01 -3.195484e+01
      vertex   2.340000e+01 1.905789e+01 -3.190203e+01
      vertex   2.340000e+01 1.865672e+01 -3.195484e+01
    endloop
  endfacet
  facet normal -1.531730e-14 3.826834e-01 -9.238795e-01
    outer loop
      vertex   2.190000e+01 1.865672e+01 -3.195484e+01
      vertex   2.340000e+01 1.865672e+01 -3.195484e+01
      vertex   2.190000e+01 1.828289e+01 -3.210969e+01
    endloop
  endfacet
  facet normal -2.097549e-14 3.826834e-01 -9.238795e-01
    outer loop
      vertex   2.190000e+01 1.828289e+01 -3.210969e+01
      vertex   2.340000e+01 1.865672e+01 -3.195484e+01
      vertex   2.340000e+01 1.828289e+01 -3.210969e+01
    endloop
  endfacet
  facet normal -1.734855e-14 6.087614e-01 -7.933534e-01
    outer loop
      vertex   2.190000e+01 1.828289e+01 -3.210969e+01
      vertex   2.340000e+01 1.828289e+01 -3.210969e+01
      vertex   2.190000e+01 1.796188e+01 -3.235601e+01
    endloop
  endfacet
  facet normal -1.503231e-14 6.087614e-01 -7.933534e-01
    outer loop
      vertex   2.190000e+01 1.796188e+01 -3.235601e+01
      vertex   2.340000e+01 1.828289e+01 -3.210969e+01
      vertex   2.340000e+01 1.796188e+01 -3.235601e+01
    endloop
  endfacet
  facet normal -1.153469e-14 7.933533e-01 -6.087614e-01
    outer loop
      vertex   2.190000e+01 1.796188e+01 -3.235601e+01
      vertex   2.340000e+01 1.796188e+01 -3.235601e+01
      vertex   2.190000e+01 1.771555e+01 -3.267703e+01
    endloop
  endfacet
  facet normal -1.153469e-14 7.933533e-01 -6.087614e-01
    outer loop
      vertex   2.190000e+01 1.771555e+01 -3.267703e+01
      vertex   2.340000e+01 1.796188e+01 -3.235601e+01
      vertex   2.340000e+01 1.771555e+01 -3.267703e+01
    endloop
  endfacet
  facet normal -7.251012e-15 9.238795e-01 -3.826834e-01
    outer loop
      vertex   2.190000e+01 1.771555e+01 -3.267703e+01
      vertex   2.340000e+01 1.771555e+01 -3.267703e+01
      vertex   2.190000e+01 1.756071e+01 -3.305086e+01
    endloop
  endfacet
  facet normal -5.062826e-15 9.238795e-01 -3.826834e-01
    outer loop
      vertex   2.190000e+01 1.756071e+01 -3.305086e+01
      vertex   2.340000e+01 1.771555e+01 -3.267703e+01
      vertex   2.340000e+01 1.756071e+01 -3.305086e+01
    endloop
  endfacet
  facet normal 1.829451e-14 4.848096e-01 8.746197e-01
    outer loop
      vertex   2.190000e+01 1.541312e+01 -5.126889e+01
      vertex   2.190000e+01 1.300792e+01 -4.993567e+01
      vertex   2.340000e+01 1.541312e+01 -5.126889e+01
    endloop
  endfacet
  facet normal 1.765591e-14 4.848096e-01 8.746197e-01
    outer loop
      vertex   2.340000e+01 1.541312e+01 -5.126889e+01
      vertex   2.190000e+01 1.300792e+01 -4.993567e+01
      vertex   2.340000e+01 1.300792e+01 -4.993567e+01
    endloop
  endfacet
  facet normal -7.578515e-15 8.746197e-01 -4.848096e-01
    outer loop
      vertex   2.690000e+01 1.228610e+01 -5.691019e+01
      vertex   2.190000e+01 1.228610e+01 -5.691019e+01
      vertex   2.340000e+01 1.301332e+01 -5.559826e+01
    endloop
  endfacet
  facet normal 2.822893e-14 8.746197e-01 -4.848096e-01
    outer loop
      vertex   2.340000e+01 1.301332e+01 -5.559826e+01
      vertex   2.190000e+01 1.228610e+01 -5.691019e+01
      vertex   2.190000e+01 1.541312e+01 -5.126889e+01
    endloop
  endfacet
  facet normal -5.980999e-15 8.746197e-01 -4.848096e-01
    outer loop
      vertex   2.340000e+01 1.301332e+01 -5.559826e+01
      vertex   2.190000e+01 1.541312e+01 -5.126889e+01
      vertex   2.340000e+01 1.541312e+01 -5.126889e+01
    endloop
  endfacet
  facet normal -2.601535e-14 8.746197e-01 -4.848096e-01
    outer loop
      vertex   2.340000e+01 1.301332e+01 -5.559826e+01
      vertex   2.690000e+01 1.301332e+01 -5.559826e+01
      vertex   2.690000e+01 1.228610e+01 -5.691019e+01
    endloop
  endfacet
  facet normal 7.169611e-15 9.914449e-01 1.305262e-01
    outer loop
      vertex   -2.190000e+01 1.756071e+01 -3.385320e+01
      vertex   -2.340000e+01 1.756071e+01 -3.385320e+01
      vertex   -2.190000e+01 1.750789e+01 -3.345203e+01
    endloop
  endfacet
  facet normal 4.821398e-15 9.914449e-01 1.305262e-01
    outer loop
      vertex   -2.190000e+01 1.750789e+01 -3.345203e+01
      vertex   -2.340000e+01 1.756071e+01 -3.385320e+01
      vertex   -2.340000e+01 1.750789e+01 -3.345203e+01
    endloop
  endfacet
  facet normal -1.249722e-16 9.914449e-01 -1.305262e-01
    outer loop
      vertex   -2.190000e+01 1.750789e+01 -3.345203e+01
      vertex   -2.340000e+01 1.750789e+01 -3.345203e+01
      vertex   -2.190000e+01 1.756071e+01 -3.305086e+01
    endloop
  endfacet
  facet normal 2.223241e-15 9.914449e-01 -1.305262e-01
    outer loop
      vertex   -2.190000e+01 1.756071e+01 -3.305086e+01
      vertex   -2.340000e+01 1.750789e+01 -3.345203e+01
      vertex   -2.340000e+01 1.756071e+01 -3.305086e+01
    endloop
  endfacet
  facet normal -2.874639e-15 9.238795e-01 -3.826834e-01
    outer loop
      vertex   -2.190000e+01 1.756071e+01 -3.305086e+01
      vertex   -2.340000e+01 1.756071e+01 -3.305086e+01
      vertex   -2.190000e+01 1.771555e+01 -3.267703e+01
    endloop
  endfacet
  facet normal -5.062826e-15 9.238795e-01 -3.826834e-01
    outer loop
      vertex   -2.190000e+01 1.771555e+01 -3.267703e+01
      vertex   -2.340000e+01 1.756071e+01 -3.305086e+01
      vertex   -2.340000e+01 1.771555e+01 -3.267703e+01
    endloop
  endfacet
  facet normal -9.655656e-15 7.933533e-01 -6.087614e-01
    outer loop
      vertex   -2.190000e+01 1.771555e+01 -3.267703e+01
      vertex   -2.340000e+01 1.771555e+01 -3.267703e+01
      vertex   -2.190000e+01 1.796188e+01 -3.235601e+01
    endloop
  endfacet
  facet normal -6.771982e-15 7.933533e-01 -6.087614e-01
    outer loop
      vertex   -2.190000e+01 1.796188e+01 -3.235601e+01
      vertex   -2.340000e+01 1.771555e+01 -3.267703e+01
      vertex   -2.340000e+01 1.796188e+01 -3.235601e+01
    endloop
  endfacet
  facet normal -9.832393e-15 6.087614e-01 -7.933534e-01
    outer loop
      vertex   -2.190000e+01 1.796188e+01 -3.235601e+01
      vertex   -2.340000e+01 1.796188e+01 -3.235601e+01
      vertex   -2.190000e+01 1.828289e+01 -3.210969e+01
    endloop
  endfacet
  facet normal -1.214863e-14 6.087614e-01 -7.933534e-01
    outer loop
      vertex   -2.190000e+01 1.828289e+01 -3.210969e+01
      vertex   -2.340000e+01 1.796188e+01 -3.235601e+01
      vertex   -2.340000e+01 1.828289e+01 -3.210969e+01
    endloop
  endfacet
  facet normal -1.569274e-14 3.826834e-01 -9.238795e-01
    outer loop
      vertex   -2.190000e+01 1.828289e+01 -3.210969e+01
      vertex   -2.340000e+01 1.828289e+01 -3.210969e+01
      vertex   -2.190000e+01 1.865672e+01 -3.195484e+01
    endloop
  endfacet
  facet normal -1.441093e-14 3.826834e-01 -9.238795e-01
    outer loop
      vertex   -2.190000e+01 1.865672e+01 -3.195484e+01
      vertex   -2.340000e+01 1.828289e+01 -3.210969e+01
      vertex   -2.340000e+01 1.865672e+01 -3.195484e+01
    endloop
  endfacet
  facet normal -1.612834e-14 1.305262e-01 -9.914449e-01
    outer loop
      vertex   -2.190000e+01 1.865672e+01 -3.195484e+01
      vertex   -2.340000e+01 1.865672e+01 -3.195484e+01
      vertex   -2.190000e+01 1.905789e+01 -3.190203e+01
    endloop
  endfacet
  facet normal -1.612834e-14 1.305262e-01 -9.914449e-01
    outer loop
      vertex   -2.190000e+01 1.905789e+01 -3.190203e+01
      vertex   -2.340000e+01 1.865672e+01 -3.195484e+01
      vertex   -2.340000e+01 1.905789e+01 -3.190203e+01
    endloop
  endfacet
  facet normal -1.674664e-14 -1.305262e-01 -9.914449e-01
    outer loop
      vertex   -2.190000e+01 1.905789e+01 -3.190203e+01
      vertex   -2.340000e+01 1.905789e+01 -3.190203e+01
      vertex   -2.190000e+01 1.945906e+01 -3.195484e+01
    endloop
  endfacet
  facet normal -1.909485e-14 -1.305262e-01 -9.914449e-01
    outer loop
      vertex   -2.190000e+01 1.945906e+01 -3.195484e+01
      vertex   -2.340000e+01 1.905789e+01 -3.190203e+01
      vertex   -2.340000e+01 1.945906e+01 -3.195484e+01
    endloop
  endfacet
  facet normal -1.841187e-14 -3.826834e-01 -9.238795e-01
    outer loop
      vertex   -2.190000e+01 1.945906e+01 -3.195484e+01
      vertex   -2.340000e+01 1.945906e+01 -3.195484e+01
      vertex   -2.190000e+01 1.983289e+01 -3.210969e+01
    endloop
  endfacet
  facet normal -1.841187e-14 -3.826834e-01 -9.238795e-01
    outer loop
      vertex   -2.190000e+01 1.983289e+01 -3.210969e+01
      vertex   -2.340000e+01 1.945906e+01 -3.195484e+01
      vertex   -2.340000e+01 1.983289e+01 -3.210969e+01
    endloop
  endfacet
  facet normal -1.647414e-14 -6.087614e-01 -7.933533e-01
    outer loop
      vertex   -2.190000e+01 1.983289e+01 -3.210969e+01
      vertex   -2.340000e+01 1.983289e+01 -3.210969e+01
      vertex   -2.190000e+01 2.015391e+01 -3.235601e+01
    endloop
  endfacet
  facet normal -1.127423e-14 -6.087614e-01 -7.933533e-01
    outer loop
      vertex   -2.190000e+01 2.015391e+01 -3.235601e+01
      vertex   -2.340000e+01 1.983289e+01 -3.210969e+01
      vertex   -2.340000e+01 2.015391e+01 -3.235601e+01
    endloop
  endfacet
  facet normal -8.651020e-15 -7.933534e-01 -6.087614e-01
    outer loop
      vertex   -2.190000e+01 2.015391e+01 -3.235601e+01
      vertex   -2.340000e+01 2.015391e+01 -3.235601e+01
      vertex   -2.190000e+01 2.040023e+01 -3.267703e+01
    endloop
  endfacet
  facet normal -1.529277e-14 -7.933534e-01 -6.087614e-01
    outer loop
      vertex   -2.190000e+01 2.040023e+01 -3.267703e+01
      vertex   -2.340000e+01 2.015391e+01 -3.235601e+01
      vertex   -2.340000e+01 2.040023e+01 -3.267703e+01
    endloop
  endfacet
  facet normal -1.162738e-14 -9.238795e-01 -3.826834e-01
    outer loop
      vertex   -2.190000e+01 2.040023e+01 -3.267703e+01
      vertex   -2.340000e+01 2.040023e+01 -3.267703e+01
      vertex   -2.190000e+01 2.055508e+01 -3.305086e+01
    endloop
  endfacet
  facet normal -9.439198e-15 -9.238795e-01 -3.826834e-01
    outer loop
      vertex   -2.190000e+01 2.055508e+01 -3.305086e+01
      vertex   -2.340000e+01 2.040023e+01 -3.267703e+01
      vertex   -2.340000e+01 2.055508e+01 -3.305086e+01
    endloop
  endfacet
  facet normal -4.821398e-15 -9.914449e-01 -1.305262e-01
    outer loop
      vertex   -2.190000e+01 2.055508e+01 -3.305086e+01
      vertex   -2.340000e+01 2.055508e+01 -3.305086e+01
      vertex   -2.190000e+01 2.060789e+01 -3.345203e+01
    endloop
  endfacet
  facet normal -4.203102e-15 -9.914449e-01 -1.305262e-01
    outer loop
      vertex   -2.190000e+01 2.060789e+01 -3.345203e+01
      vertex   -2.340000e+01 2.055508e+01 -3.305086e+01
      vertex   -2.340000e+01 2.060789e+01 -3.345203e+01
    endloop
  endfacet
  facet normal -4.933241e-16 -9.914449e-01 1.305262e-01
    outer loop
      vertex   -2.190000e+01 2.060789e+01 -3.345203e+01
      vertex   -2.340000e+01 2.060789e+01 -3.345203e+01
      vertex   -2.190000e+01 2.055508e+01 -3.385320e+01
    endloop
  endfacet
  facet normal -4.933241e-16 -9.914449e-01 1.305262e-01
    outer loop
      vertex   -2.190000e+01 2.055508e+01 -3.385320e+01
      vertex   -2.340000e+01 2.060789e+01 -3.345203e+01
      vertex   -2.340000e+01 2.055508e+01 -3.385320e+01
    endloop
  endfacet
  facet normal 3.250073e-15 -9.238795e-01 3.826834e-01
    outer loop
      vertex   -2.190000e+01 2.055508e+01 -3.385320e+01
      vertex   -2.340000e+01 2.055508e+01 -3.385320e+01
      vertex   -2.190000e+01 2.040023e+01 -3.422703e+01
    endloop
  endfacet
  facet normal 5.062826e-15 -9.238795e-01 3.826834e-01
    outer loop
      vertex   -2.190000e+01 2.040023e+01 -3.422703e+01
      vertex   -2.340000e+01 2.055508e+01 -3.385320e+01
      vertex   -2.340000e+01 2.040023e+01 -3.422703e+01
    endloop
  endfacet
  facet normal 9.655656e-15 -7.933533e-01 6.087614e-01
    outer loop
      vertex   -2.190000e+01 2.040023e+01 -3.422703e+01
      vertex   -2.340000e+01 2.040023e+01 -3.422703e+01
      vertex   -2.190000e+01 2.015391e+01 -3.454804e+01
    endloop
  endfacet
  facet normal 7.776618e-15 -7.933533e-01 6.087614e-01
    outer loop
      vertex   -2.190000e+01 2.015391e+01 -3.454804e+01
      vertex   -2.340000e+01 2.040023e+01 -3.422703e+01
      vertex   -2.340000e+01 2.015391e+01 -3.454804e+01
    endloop
  endfacet
  facet normal 1.214863e-14 -6.087614e-01 7.933534e-01
    outer loop
      vertex   -2.190000e+01 2.015391e+01 -3.454804e+01
      vertex   -2.340000e+01 2.015391e+01 -3.454804e+01
      vertex   -2.190000e+01 1.983289e+01 -3.479437e+01
    endloop
  endfacet
  facet normal 1.214863e-14 -6.087614e-01 7.933534e-01
    outer loop
      vertex   -2.190000e+01 1.983289e+01 -3.479437e+01
      vertex   -2.340000e+01 2.015391e+01 -3.454804e+01
      vertex   -2.340000e+01 1.983289e+01 -3.479437e+01
    endloop
  endfacet
  facet normal 1.569274e-14 -3.826834e-01 9.238795e-01
    outer loop
      vertex   -2.190000e+01 1.983289e+01 -3.479437e+01
      vertex   -2.340000e+01 1.983289e+01 -3.479437e+01
      vertex   -2.190000e+01 1.945906e+01 -3.494921e+01
    endloop
  endfacet
  facet normal 1.659911e-14 -3.826834e-01 9.238795e-01
    outer loop
      vertex   -2.190000e+01 1.945906e+01 -3.494921e+01
      vertex   -2.340000e+01 1.983289e+01 -3.479437e+01
      vertex   -2.340000e+01 1.945906e+01 -3.494921e+01
    endloop
  endfacet
  facet normal 1.847656e-14 -1.305262e-01 9.914449e-01
    outer loop
      vertex   -2.190000e+01 1.945906e+01 -3.494921e+01
      vertex   -2.340000e+01 1.945906e+01 -3.494921e+01
      vertex   -2.190000e+01 1.905789e+01 -3.500203e+01
    endloop
  endfacet
  facet normal 1.847656e-14 -1.305262e-01 9.914449e-01
    outer loop
      vertex   -2.190000e+01 1.905789e+01 -3.500203e+01
      vertex   -2.340000e+01 1.945906e+01 -3.494921e+01
      vertex   -2.340000e+01 1.905789e+01 -3.500203e+01
    endloop
  endfacet
  facet normal 1.909485e-14 1.305262e-01 9.914449e-01
    outer loop
      vertex   -2.190000e+01 1.905789e+01 -3.500203e+01
      vertex   -2.340000e+01 1.905789e+01 -3.500203e+01
      vertex   -2.190000e+01 1.865672e+01 -3.494921e+01
    endloop
  endfacet
  facet normal 1.940400e-14 1.305262e-01 9.914449e-01
    outer loop
      vertex   -2.190000e+01 1.865672e+01 -3.494921e+01
      vertex   -2.340000e+01 1.905789e+01 -3.500203e+01
      vertex   -2.340000e+01 1.865672e+01 -3.494921e+01
    endloop
  endfacet
  facet normal 1.931824e-14 3.826834e-01 9.238795e-01
    outer loop
      vertex   -2.190000e+01 1.865672e+01 -3.494921e+01
      vertex   -2.340000e+01 1.865672e+01 -3.494921e+01
      vertex   -2.190000e+01 1.828289e+01 -3.479437e+01
    endloop
  endfacet
  facet normal 1.841187e-14 3.826834e-01 9.238795e-01
    outer loop
      vertex   -2.190000e+01 1.828289e+01 -3.479437e+01
      vertex   -2.340000e+01 1.865672e+01 -3.494921e+01
      vertex   -2.340000e+01 1.828289e+01 -3.479437e+01
    endloop
  endfacet
  facet normal 1.647414e-14 6.087614e-01 7.933533e-01
    outer loop
      vertex   -2.190000e+01 1.828289e+01 -3.479437e+01
      vertex   -2.340000e+01 1.828289e+01 -3.479437e+01
      vertex   -2.190000e+01 1.796188e+01 -3.454804e+01
    endloop
  endfacet
  facet normal 1.647414e-14 6.087614e-01 7.933533e-01
    outer loop
      vertex   -2.190000e+01 1.796188e+01 -3.454804e+01
      vertex   -2.340000e+01 1.828289e+01 -3.479437e+01
      vertex   -2.340000e+01 1.796188e+01 -3.454804e+01
    endloop
  endfacet
  facet normal 1.341373e-14 7.933534e-01 6.087614e-01
    outer loop
      vertex   -2.190000e+01 1.796188e+01 -3.454804e+01
      vertex   -2.340000e+01 1.796188e+01 -3.454804e+01
      vertex   -2.190000e+01 1.771555e+01 -3.422703e+01
    endloop
  endfacet
  facet normal 1.341373e-14 7.933534e-01 6.087614e-01
    outer loop
      vertex   -2.190000e+01 1.771555e+01 -3.422703e+01
      vertex   -2.340000e+01 1.796188e+01 -3.454804e+01
      vertex   -2.340000e+01 1.771555e+01 -3.422703e+01
    endloop
  endfacet
  facet normal 9.439198e-15 9.238795e-01 3.826834e-01
    outer loop
      vertex   -2.190000e+01 1.771555e+01 -3.422703e+01
      vertex   -2.340000e+01 1.771555e+01 -3.422703e+01
      vertex   -2.190000e+01 1.756071e+01 -3.385320e+01
    endloop
  endfacet
  facet normal 1.162738e-14 9.238795e-01 3.826834e-01
    outer loop
      vertex   -2.190000e+01 1.756071e+01 -3.385320e+01
      vertex   -2.340000e+01 1.771555e+01 -3.422703e+01
      vertex   -2.340000e+01 1.756071e+01 -3.385320e+01
    endloop
  endfacet
  facet normal 3.647291e-15 9.914449e-01 1.305262e-01
    outer loop
      vertex   -2.190000e+01 8.155401e+00 -5.082082e+01
      vertex   -2.340000e+01 8.155401e+00 -5.082082e+01
      vertex   -2.190000e+01 8.102586e+00 -5.041965e+01
    endloop
  endfacet
  facet normal 3.647291e-15 9.914449e-01 1.305262e-01
    outer loop
      vertex   -2.190000e+01 8.102586e+00 -5.041965e+01
      vertex   -2.340000e+01 8.155401e+00 -5.082082e+01
      vertex   -2.340000e+01 8.102586e+00 -5.041965e+01
    endloop
  endfacet
  facet normal -1.299079e-15 9.914449e-01 -1.305262e-01
    outer loop
      vertex   -2.190000e+01 8.102586e+00 -5.041965e+01
      vertex   -2.340000e+01 8.102586e+00 -5.041965e+01
      vertex   -2.190000e+01 8.155401e+00 -5.001848e+01
    endloop
  endfacet
  facet normal -1.249722e-16 9.914449e-01 -1.305262e-01
    outer loop
      vertex   -2.190000e+01 8.155401e+00 -5.001848e+01
      vertex   -2.340000e+01 8.102586e+00 -5.041965e+01
      vertex   -2.340000e+01 8.155401e+00 -5.001848e+01
    endloop
  endfacet
  facet normal -5.062826e-15 9.238795e-01 -3.826834e-01
    outer loop
      vertex   -2.190000e+01 8.155401e+00 -5.001848e+01
      vertex   -2.340000e+01 8.155401e+00 -5.001848e+01
      vertex   -2.190000e+01 8.310247e+00 -4.964465e+01
    endloop
  endfacet
  facet normal -6.156919e-15 9.238795e-01 -3.826834e-01
    outer loop
      vertex   -2.190000e+01 8.310247e+00 -4.964465e+01
      vertex   -2.340000e+01 8.155401e+00 -5.001848e+01
      vertex   -2.340000e+01 8.310247e+00 -4.964465e+01
    endloop
  endfacet
  facet normal -1.059517e-14 7.933533e-01 -6.087614e-01
    outer loop
      vertex   -2.190000e+01 8.310247e+00 -4.964465e+01
      vertex   -2.340000e+01 8.310247e+00 -4.964465e+01
      vertex   -2.190000e+01 8.556570e+00 -4.932364e+01
    endloop
  endfacet
  facet normal -1.059517e-14 7.933533e-01 -6.087614e-01
    outer loop
      vertex   -2.190000e+01 8.556570e+00 -4.932364e+01
      vertex   -2.340000e+01 8.310247e+00 -4.964465e+01
      vertex   -2.340000e+01 8.556570e+00 -4.932364e+01
    endloop
  endfacet
  facet normal -1.431139e-14 6.087614e-01 -7.933534e-01
    outer loop
      vertex   -2.190000e+01 8.556570e+00 -4.932364e+01
      vertex   -2.340000e+01 8.556570e+00 -4.932364e+01
      vertex   -2.190000e+01 8.877586e+00 -4.907731e+01
    endloop
  endfacet
  facet normal -1.055331e-14 6.087614e-01 -7.933534e-01
    outer loop
      vertex   -2.190000e+01 8.877586e+00 -4.907731e+01
      vertex   -2.340000e+01 8.556570e+00 -4.932364e+01
      vertex   -2.340000e+01 8.877586e+00 -4.907731e+01
    endloop
  endfacet
  facet normal -1.267593e-14 3.826834e-01 -9.238795e-01
    outer loop
      vertex   -2.190000e+01 8.877586e+00 -4.907731e+01
      vertex   -2.340000e+01 8.877586e+00 -4.907731e+01
      vertex   -2.190000e+01 9.251416e+00 -4.892247e+01
    endloop
  endfacet
  facet normal -1.267593e-14 3.826834e-01 -9.238795e-01
    outer loop
      vertex   -2.190000e+01 9.251416e+00 -4.892247e+01
      vertex   -2.340000e+01 8.877586e+00 -4.907731e+01
      vertex   -2.340000e+01 9.251416e+00 -4.892247e+01
    endloop
  endfacet
  facet normal -1.393470e-14 1.305262e-01 -9.914449e-01
    outer loop
      vertex   -2.190000e+01 9.251416e+00 -4.892247e+01
      vertex   -2.340000e+01 9.251416e+00 -4.892247e+01
      vertex   -2.190000e+01 9.652586e+00 -4.886965e+01
    endloop
  endfacet
  facet normal -1.393470e-14 1.305262e-01 -9.914449e-01
    outer loop
      vertex   -2.190000e+01 9.652586e+00 -4.886965e+01
      vertex   -2.340000e+01 9.251416e+00 -4.892247e+01
      vertex   -2.340000e+01 9.652586e+00 -4.886965e+01
    endloop
  endfacet
  facet normal -1.424385e-14 -1.305262e-01 -9.914449e-01
    outer loop
      vertex   -2.190000e+01 9.652586e+00 -4.886965e+01
      vertex   -2.340000e+01 9.652586e+00 -4.886965e+01
      vertex   -2.190000e+01 1.005376e+01 -4.892247e+01
    endloop
  endfacet
  facet normal -1.894028e-14 -1.305262e-01 -9.914449e-01
    outer loop
      vertex   -2.190000e+01 1.005376e+01 -4.892247e+01
      vertex   -2.340000e+01 9.652586e+00 -4.886965e+01
      vertex   -2.340000e+01 1.005376e+01 -4.892247e+01
    endloop
  endfacet
  facet normal -1.795868e-14 -3.826834e-01 -9.238795e-01
    outer loop
      vertex   -2.190000e+01 1.005376e+01 -4.892247e+01
      vertex   -2.340000e+01 1.005376e+01 -4.892247e+01
      vertex   -2.190000e+01 1.042759e+01 -4.907731e+01
    endloop
  endfacet
  facet normal -1.795868e-14 -3.826834e-01 -9.238795e-01
    outer loop
      vertex   -2.190000e+01 1.042759e+01 -4.907731e+01
      vertex   -2.340000e+01 1.005376e+01 -4.892247e+01
      vertex   -2.340000e+01 1.042759e+01 -4.907731e+01
    endloop
  endfacet
  facet normal -1.575322e-14 -6.087614e-01 -7.933533e-01
    outer loop
      vertex   -2.190000e+01 1.042759e+01 -4.907731e+01
      vertex   -2.340000e+01 1.042759e+01 -4.907731e+01
      vertex   -2.190000e+01 1.074860e+01 -4.932364e+01
    endloop
  endfacet
  facet normal -1.575322e-14 -6.087614e-01 -7.933533e-01
    outer loop
      vertex   -2.190000e+01 1.074860e+01 -4.932364e+01
      vertex   -2.340000e+01 1.042759e+01 -4.907731e+01
      vertex   -2.340000e+01 1.074860e+01 -4.932364e+01
    endloop
  endfacet
  facet normal -1.247421e-14 -7.933534e-01 -6.087614e-01
    outer loop
      vertex   -2.190000e+01 1.074860e+01 -4.932364e+01
      vertex   -2.340000e+01 1.074860e+01 -4.932364e+01
      vertex   -2.190000e+01 1.099493e+01 -4.964465e+01
    endloop
  endfacet
  facet normal -1.824156e-14 -7.933534e-01 -6.087614e-01
    outer loop
      vertex   -2.190000e+01 1.099493e+01 -4.964465e+01
      vertex   -2.340000e+01 1.074860e+01 -4.932364e+01
      vertex   -2.340000e+01 1.099493e+01 -4.964465e+01
    endloop
  endfacet
  facet normal -1.197061e-14 -9.238795e-01 -3.826834e-01
    outer loop
      vertex   -2.190000e+01 1.099493e+01 -4.964465e+01
      vertex   -2.340000e+01 1.099493e+01 -4.964465e+01
      vertex   -2.190000e+01 1.114977e+01 -5.001848e+01
    endloop
  endfacet
  facet normal -7.626445e-15 -9.238795e-01 -3.826834e-01
    outer loop
      vertex   -2.190000e+01 1.114977e+01 -5.001848e+01
      vertex   -2.340000e+01 1.099493e+01 -4.964465e+01
      vertex   -2.340000e+01 1.114977e+01 -5.001848e+01
    endloop
  endfacet
  facet normal -4.203102e-15 -9.914449e-01 -1.305262e-01
    outer loop
      vertex   -2.190000e+01 1.114977e+01 -5.001848e+01
      vertex   -2.340000e+01 1.114977e+01 -5.001848e+01
      vertex   -2.190000e+01 1.120259e+01 -5.041965e+01
    endloop
  endfacet
  facet normal -3.647291e-15 -9.914449e-01 -1.305262e-01
    outer loop
      vertex   -2.190000e+01 1.120259e+01 -5.041965e+01
      vertex   -2.340000e+01 1.114977e+01 -5.001848e+01
      vertex   -2.340000e+01 1.120259e+01 -5.041965e+01
    endloop
  endfacet
  facet normal 1.299079e-15 -9.914449e-01 1.305262e-01
    outer loop
      vertex   -2.190000e+01 1.120259e+01 -5.041965e+01
      vertex   -2.340000e+01 1.120259e+01 -5.041965e+01
      vertex   -2.190000e+01 1.114977e+01 -5.082082e+01
    endloop
  endfacet
  facet normal 1.249722e-16 -9.914449e-01 1.305262e-01
    outer loop
      vertex   -2.190000e+01 1.114977e+01 -5.082082e+01
      vertex   -2.340000e+01 1.120259e+01 -5.041965e+01
      vertex   -2.340000e+01 1.114977e+01 -5.082082e+01
    endloop
  endfacet
  facet normal 5.062826e-15 -9.238795e-01 3.826834e-01
    outer loop
      vertex   -2.190000e+01 1.114977e+01 -5.082082e+01
      vertex   -2.340000e+01 1.114977e+01 -5.082082e+01
      vertex   -2.190000e+01 1.099493e+01 -5.119465e+01
    endloop
  endfacet
  facet normal 6.156919e-15 -9.238795e-01 3.826834e-01
    outer loop
      vertex   -2.190000e+01 1.099493e+01 -5.119465e+01
      vertex   -2.340000e+01 1.114977e+01 -5.082082e+01
      vertex   -2.340000e+01 1.099493e+01 -5.119465e+01
    endloop
  endfacet
  facet normal 1.059517e-14 -7.933533e-01 6.087614e-01
    outer loop
      vertex   -2.190000e+01 1.099493e+01 -5.119465e+01
      vertex   -2.340000e+01 1.099493e+01 -5.119465e+01
      vertex   -2.190000e+01 1.074860e+01 -5.151567e+01
    endloop
  endfacet
  facet normal 1.059517e-14 -7.933533e-01 6.087614e-01
    outer loop
      vertex   -2.190000e+01 1.074860e+01 -5.151567e+01
      vertex   -2.340000e+01 1.099493e+01 -5.119465e+01
      vertex   -2.340000e+01 1.074860e+01 -5.151567e+01
    endloop
  endfacet
  facet normal 1.431139e-14 -6.087614e-01 7.933534e-01
    outer loop
      vertex   -2.190000e+01 1.074860e+01 -5.151567e+01
      vertex   -2.340000e+01 1.074860e+01 -5.151567e+01
      vertex   -2.190000e+01 1.042759e+01 -5.176199e+01
    endloop
  endfacet
  facet normal 1.359047e-14 -6.087614e-01 7.933534e-01
    outer loop
      vertex   -2.190000e+01 1.042759e+01 -5.176199e+01
      vertex   -2.340000e+01 1.074860e+01 -5.151567e+01
      vertex   -2.340000e+01 1.042759e+01 -5.176199e+01
    endloop
  endfacet
  facet normal 1.659911e-14 -3.826834e-01 9.238795e-01
    outer loop
      vertex   -2.190000e+01 1.042759e+01 -5.176199e+01
      vertex   -2.340000e+01 1.042759e+01 -5.176199e+01
      vertex   -2.190000e+01 1.005376e+01 -5.191684e+01
    endloop
  endfacet
  facet normal 1.267593e-14 -3.826834e-01 9.238795e-01
    outer loop
      vertex   -2.190000e+01 1.005376e+01 -5.191684e+01
      vertex   -2.340000e+01 1.042759e+01 -5.176199e+01
      vertex   -2.340000e+01 1.005376e+01 -5.191684e+01
    endloop
  endfacet
  facet normal 1.393470e-14 -1.305262e-01 9.914449e-01
    outer loop
      vertex   -2.190000e+01 1.005376e+01 -5.191684e+01
      vertex   -2.340000e+01 1.005376e+01 -5.191684e+01
      vertex   -2.190000e+01 9.652586e+00 -5.196965e+01
    endloop
  endfacet
  facet normal 1.847656e-14 -1.305262e-01 9.914449e-01
    outer loop
      vertex   -2.190000e+01 9.652586e+00 -5.196965e+01
      vertex   -2.340000e+01 1.005376e+01 -5.191684e+01
      vertex   -2.340000e+01 9.652586e+00 -5.196965e+01
    endloop
  endfacet
  facet normal 1.909485e-14 1.305262e-01 9.914449e-01
    outer loop
      vertex   -2.190000e+01 9.652586e+00 -5.196965e+01
      vertex   -2.340000e+01 9.652586e+00 -5.196965e+01
      vertex   -2.190000e+01 9.251416e+00 -5.191684e+01
    endloop
  endfacet
  facet normal 1.909485e-14 1.305262e-01 9.914449e-01
    outer loop
      vertex   -2.190000e+01 9.251416e+00 -5.191684e+01
      vertex   -2.340000e+01 9.652586e+00 -5.196965e+01
      vertex   -2.340000e+01 9.251416e+00 -5.191684e+01
    endloop
  endfacet
  facet normal 1.841187e-14 3.826834e-01 9.238795e-01
    outer loop
      vertex   -2.190000e+01 9.251416e+00 -5.191684e+01
      vertex   -2.340000e+01 9.251416e+00 -5.191684e+01
      vertex   -2.190000e+01 8.877586e+00 -5.176199e+01
    endloop
  endfacet
  facet normal 1.795868e-14 3.826834e-01 9.238795e-01
    outer loop
      vertex   -2.190000e+01 8.877586e+00 -5.176199e+01
      vertex   -2.340000e+01 9.251416e+00 -5.191684e+01
      vertex   -2.340000e+01 8.877586e+00 -5.176199e+01
    endloop
  endfacet
  facet normal 1.575322e-14 6.087614e-01 7.933533e-01
    outer loop
      vertex   -2.190000e+01 8.877586e+00 -5.176199e+01
      vertex   -2.340000e+01 8.877586e+00 -5.176199e+01
      vertex   -2.190000e+01 8.556570e+00 -5.151567e+01
    endloop
  endfacet
  facet normal 1.575322e-14 6.087614e-01 7.933533e-01
    outer loop
      vertex   -2.190000e+01 8.556570e+00 -5.151567e+01
      vertex   -2.340000e+01 8.877586e+00 -5.176199e+01
      vertex   -2.340000e+01 8.556570e+00 -5.151567e+01
    endloop
  endfacet
  facet normal 1.247421e-14 7.933534e-01 6.087614e-01
    outer loop
      vertex   -2.190000e+01 8.556570e+00 -5.151567e+01
      vertex   -2.340000e+01 8.556570e+00 -5.151567e+01
      vertex   -2.190000e+01 8.310247e+00 -5.119465e+01
    endloop
  endfacet
  facet normal 1.341373e-14 7.933534e-01 6.087614e-01
    outer loop
      vertex   -2.190000e+01 8.310247e+00 -5.119465e+01
      vertex   -2.340000e+01 8.556570e+00 -5.151567e+01
      vertex   -2.340000e+01 8.310247e+00 -5.119465e+01
    endloop
  endfacet
  facet normal 9.439198e-15 9.238795e-01 3.826834e-01
    outer loop
      vertex   -2.190000e+01 8.310247e+00 -5.119465e+01
      vertex   -2.340000e+01 8.310247e+00 -5.119465e+01
      vertex   -2.190000e+01 8.155401e+00 -5.082082e+01
    endloop
  endfacet
  facet normal 8.345104e-15 9.238795e-01 3.826834e-01
    outer loop
      vertex   -2.190000e+01 8.155401e+00 -5.082082e+01
      vertex   -2.340000e+01 8.310247e+00 -5.119465e+01
      vertex   -2.340000e+01 8.155401e+00 -5.082082e+01
    endloop
  endfacet
  facet normal -9.186079e-15 8.746197e-01 -4.848096e-01
    outer loop
      vertex   -2.340000e+01 2.283071e+01 -3.788721e+01
      vertex   -2.340000e+01 2.523052e+01 -3.355784e+01
      vertex   -2.190000e+01 2.283071e+01 -3.788721e+01
    endloop
  endfacet
  facet normal -8.629330e-15 8.746197e-01 -4.848096e-01
    outer loop
      vertex   -2.190000e+01 2.283071e+01 -3.788721e+01
      vertex   -2.340000e+01 2.523052e+01 -3.355784e+01
      vertex   -2.190000e+01 2.595773e+01 -3.224591e+01
    endloop
  endfacet
  facet normal -8.267471e-15 8.746197e-01 -4.848096e-01
    outer loop
      vertex   -2.190000e+01 2.595773e+01 -3.224591e+01
      vertex   -2.340000e+01 2.523052e+01 -3.355784e+01
      vertex   -2.690000e+01 2.595773e+01 -3.224591e+01
    endloop
  endfacet
  facet normal -7.866723e-15 8.746197e-01 -4.848096e-01
    outer loop
      vertex   -2.690000e+01 2.595773e+01 -3.224591e+01
      vertex   -2.340000e+01 2.523052e+01 -3.355784e+01
      vertex   -2.690000e+01 2.523052e+01 -3.355784e+01
    endloop
  endfacet
  facet normal -1.242909e-14 -4.848096e-01 -8.746197e-01
    outer loop
      vertex   -2.340000e+01 2.042551e+01 -3.655399e+01
      vertex   -2.340000e+01 2.283071e+01 -3.788721e+01
      vertex   -2.190000e+01 2.042551e+01 -3.655399e+01
    endloop
  endfacet
  facet normal -1.657933e-14 -4.848096e-01 -8.746197e-01
    outer loop
      vertex   -2.190000e+01 2.042551e+01 -3.655399e+01
      vertex   -2.340000e+01 2.283071e+01 -3.788721e+01
      vertex   -2.190000e+01 2.283071e+01 -3.788721e+01
    endloop
  endfacet
  facet normal 1.772038e-14 4.848096e-01 8.746197e-01
    outer loop
      vertex   -2.340000e+01 1.541312e+01 -5.126889e+01
      vertex   -2.340000e+01 1.300792e+01 -4.993567e+01
      vertex   -2.190000e+01 1.541312e+01 -5.126889e+01
    endloop
  endfacet
  facet normal 1.302662e-14 4.848096e-01 8.746197e-01
    outer loop
      vertex   -2.190000e+01 1.541312e+01 -5.126889e+01
      vertex   -2.340000e+01 1.300792e+01 -4.993567e+01
      vertex   -2.190000e+01 1.300792e+01 -4.993567e+01
    endloop
  endfacet
  facet normal -7.114563e-15 8.746197e-01 -4.848096e-01
    outer loop
      vertex   -2.340000e+01 1.541312e+01 -5.126889e+01
      vertex   -2.190000e+01 1.541312e+01 -5.126889e+01
      vertex   -2.340000e+01 1.301332e+01 -5.559826e+01
    endloop
  endfacet
  facet normal -8.583430e-15 8.746197e-01 -4.848096e-01
    outer loop
      vertex   -2.340000e+01 1.301332e+01 -5.559826e+01
      vertex   -2.190000e+01 1.541312e+01 -5.126889e+01
      vertex   -2.190000e+01 1.228610e+01 -5.691019e+01
    endloop
  endfacet
  facet normal -8.260059e-15 8.746197e-01 -4.848096e-01
    outer loop
      vertex   -2.340000e+01 1.301332e+01 -5.559826e+01
      vertex   -2.190000e+01 1.228610e+01 -5.691019e+01
      vertex   -2.690000e+01 1.228610e+01 -5.691019e+01
    endloop
  endfacet
  facet normal -8.860637e-15 8.746197e-01 -4.848096e-01
    outer loop
      vertex   -2.690000e+01 1.228610e+01 -5.691019e+01
      vertex   -2.690000e+01 1.301332e+01 -5.559826e+01
      vertex   -2.340000e+01 1.301332e+01 -5.559826e+01
    endloop
  endfacet
  facet normal 1.000000e+00 -4.494308e-16 -1.679929e-14
    outer loop
      vertex   -2.190000e+01 2.283071e+01 -3.788721e+01
      vertex   -2.190000e+01 2.040023e+01 -3.422703e+01
      vertex   -2.190000e+01 2.042551e+01 -3.655399e+01
    endloop
  endfacet
  facet normal 1.000000e+00 7.359781e-15 -1.671447e-14
    outer loop
      vertex   -2.190000e+01 2.042551e+01 -3.655399e+01
      vertex   -2.190000e+01 2.040023e+01 -3.422703e+01
      vertex   -2.190000e+01 2.015391e+01 -3.454804e+01
    endloop
  endfacet
  facet normal 1.000000e+00 2.285535e-15 -1.740151e-14
    outer loop
      vertex   -2.190000e+01 2.042551e+01 -3.655399e+01
      vertex   -2.190000e+01 2.015391e+01 -3.454804e+01
      vertex   -2.190000e+01 1.983289e+01 -3.479437e+01
    endloop
  endfacet
  facet normal 1.000000e+00 6.489532e-15 -1.219159e-14
    outer loop
      vertex   -2.190000e+01 2.040023e+01 -3.422703e+01
      vertex   -2.190000e+01 2.283071e+01 -3.788721e+01
      vertex   -2.190000e+01 2.055508e+01 -3.385320e+01
    endloop
  endfacet
  facet normal 1.000000e+00 -1.029441e-15 -1.643313e-14
    outer loop
      vertex   -2.190000e+01 2.055508e+01 -3.385320e+01
      vertex   -2.190000e+01 2.283071e+01 -3.788721e+01
      vertex   -2.190000e+01 2.595773e+01 -3.224591e+01
    endloop
  endfacet
  facet normal 1.000000e+00 2.066512e-15 -2.683974e-14
    outer loop
      vertex   -2.190000e+01 2.055508e+01 -3.385320e+01
      vertex   -2.190000e+01 2.595773e+01 -3.224591e+01
      vertex   -2.190000e+01 2.060789e+01 -3.345203e+01
    endloop
  endfacet
  facet normal 1.000000e+00 1.947376e-15 -2.631130e-14
    outer loop
      vertex   -2.190000e+01 2.060789e+01 -3.345203e+01
      vertex   -2.190000e+01 2.595773e+01 -3.224591e+01
      vertex   -2.190000e+01 2.055508e+01 -3.305086e+01
    endloop
  endfacet
  facet normal 1.000000e+00 -5.244554e-16 -9.720778e-15
    outer loop
      vertex   -2.190000e+01 2.055508e+01 -3.305086e+01
      vertex   -2.190000e+01 2.595773e+01 -3.224591e+01
      vertex   -2.190000e+01 2.040023e+01 -3.267703e+01
    endloop
  endfacet
  facet normal 1.000000e+00 -3.964195e-16 -1.137129e-14
    outer loop
      vertex   -2.190000e+01 2.040023e+01 -3.267703e+01
      vertex   -2.190000e+01 2.595773e+01 -3.224591e+01
      vertex   -2.190000e+01 2.015391e+01 -3.235601e+01
    endloop
  endfacet
  facet normal 1.000000e+00 -3.303624e-16 -1.485347e-14
    outer loop
      vertex   -2.190000e+01 2.015391e+01 -3.235601e+01
      vertex   -2.190000e+01 2.595773e+01 -3.224591e+01
      vertex   -2.190000e+01 1.983289e+01 -3.210969e+01
    endloop
  endfacet
  facet normal 1.000000e+00 -3.721217e-16 -1.673102e-14
    outer loop
      vertex   -2.190000e+01 1.983289e+01 -3.210969e+01
      vertex   -2.190000e+01 2.595773e+01 -3.224591e+01
      vertex   -2.190000e+01 1.518230e+01 -2.627300e+01
    endloop
  endfacet
  facet normal 1.000000e+00 4.024326e-15 -1.322800e-14
    outer loop
      vertex   -2.190000e+01 1.983289e+01 -3.210969e+01
      vertex   -2.190000e+01 1.518230e+01 -2.627300e+01
      vertex   -2.190000e+01 1.945906e+01 -3.195484e+01
    endloop
  endfacet
  facet normal 1.000000e+00 -2.375715e-15 -1.804535e-14
    outer loop
      vertex   -2.190000e+01 1.945906e+01 -3.195484e+01
      vertex   -2.190000e+01 1.518230e+01 -2.627300e+01
      vertex   -2.190000e+01 1.905789e+01 -3.190203e+01
    endloop
  endfacet
  facet normal 1.000000e+00 1.980826e-15 -1.504587e-14
    outer loop
      vertex   -2.190000e+01 1.905789e+01 -3.190203e+01
      vertex   -2.190000e+01 1.518230e+01 -2.627300e+01
      vertex   -2.190000e+01 1.865672e+01 -3.195484e+01
    endloop
  endfacet
  facet normal 1.000000e+00 -2.209879e-15 -1.760846e-14
    outer loop
      vertex   -2.190000e+01 1.865672e+01 -3.195484e+01
      vertex   -2.190000e+01 1.518230e+01 -2.627300e+01
      vertex   -2.190000e+01 1.828289e+01 -3.210969e+01
    endloop
  endfacet
  facet normal 1.000000e+00 1.096560e-15 -1.585200e-14
    outer loop
      vertex   -2.190000e+01 1.828289e+01 -3.210969e+01
      vertex   -2.190000e+01 1.518230e+01 -2.627300e+01
      vertex   -2.190000e+01 1.796188e+01 -3.235601e+01
    endloop
  endfacet
  facet normal 1.000000e+00 -1.633064e-15 -1.709928e-14
    outer loop
      vertex   -2.190000e+01 1.796188e+01 -3.235601e+01
      vertex   -2.190000e+01 1.518230e+01 -2.627300e+01
      vertex   -2.190000e+01 1.296175e+01 -3.083963e+01
    endloop
  endfacet
  facet normal 1.000000e+00 1.592494e-16 -1.118931e-14
    outer loop
      vertex   -2.190000e+01 1.796188e+01 -3.235601e+01
      vertex   -2.190000e+01 1.296175e+01 -3.083963e+01
      vertex   -2.190000e+01 1.771555e+01 -3.267703e+01
    endloop
  endfacet
  facet normal 1.000000e+00 6.989206e-16 -9.793045e-15
    outer loop
      vertex   -2.190000e+01 1.771555e+01 -3.267703e+01
      vertex   -2.190000e+01 1.296175e+01 -3.083963e+01
      vertex   -2.190000e+01 1.756071e+01 -3.305086e+01
    endloop
  endfacet
  facet normal 1.000000e+00 -6.927971e-15 -2.565559e-14
    outer loop
      vertex   -2.190000e+01 1.756071e+01 -3.305086e+01
      vertex   -2.190000e+01 1.296175e+01 -3.083963e+01
      vertex   -2.190000e+01 1.750789e+01 -3.345203e+01
    endloop
  endfacet
  facet normal 1.000000e+00 -3.096059e-15 -1.898723e-14
    outer loop
      vertex   -2.190000e+01 1.750789e+01 -3.345203e+01
      vertex   -2.190000e+01 1.296175e+01 -3.083963e+01
      vertex   -2.190000e+01 1.157181e+01 -3.360675e+01
    endloop
  endfacet
  facet normal 1.000000e+00 -2.888561e-15 -2.694796e-14
    outer loop
      vertex   -2.190000e+01 1.750789e+01 -3.345203e+01
      vertex   -2.190000e+01 1.157181e+01 -3.360675e+01
      vertex   -2.190000e+01 1.756071e+01 -3.385320e+01
    endloop
  endfacet
  facet normal 1.000000e+00 -2.208362e-15 -1.041828e-14
    outer loop
      vertex   -2.190000e+01 1.756071e+01 -3.385320e+01
      vertex   -2.190000e+01 1.157181e+01 -3.360675e+01
      vertex   -2.190000e+01 1.771555e+01 -3.422703e+01
    endloop
  endfacet
  facet normal 1.000000e+00 -2.483114e-15 -1.313966e-14
    outer loop
      vertex   -2.190000e+01 1.771555e+01 -3.422703e+01
      vertex   -2.190000e+01 1.157181e+01 -3.360675e+01
      vertex   -2.190000e+01 1.017532e+01 -3.631704e+01
    endloop
  endfacet
  facet normal 1.000000e+00 -2.521328e-15 -1.300179e-14
    outer loop
      vertex   -2.190000e+01 1.771555e+01 -3.422703e+01
      vertex   -2.190000e+01 1.017532e+01 -3.631704e+01
      vertex   -2.190000e+01 1.796188e+01 -3.454804e+01
    endloop
  endfacet
  facet normal 1.000000e+00 -1.696248e-15 -1.663353e-14
    outer loop
      vertex   -2.190000e+01 1.796188e+01 -3.454804e+01
      vertex   -2.190000e+01 1.017532e+01 -3.631704e+01
      vertex   -2.190000e+01 1.828289e+01 -3.479437e+01
    endloop
  endfacet
  facet normal 1.000000e+00 -1.668378e-15 -1.678193e-14
    outer loop
      vertex   -2.190000e+01 1.828289e+01 -3.479437e+01
      vertex   -2.190000e+01 1.017532e+01 -3.631704e+01
      vertex   -2.190000e+01 1.300792e+01 -4.993567e+01
    endloop
  endfacet
  facet normal 1.000000e+00 5.160005e-16 -1.754293e-14
    outer loop
      vertex   -2.190000e+01 1.828289e+01 -3.479437e+01
      vertex   -2.190000e+01 1.300792e+01 -4.993567e+01
      vertex   -2.190000e+01 2.042551e+01 -3.655399e+01
    endloop
  endfacet
  facet normal 1.000000e+00 -1.595971e-15 -1.676687e-14
    outer loop
      vertex   -2.190000e+01 1.017532e+01 -3.631704e+01
      vertex   -2.190000e+01 8.782577e+00 -3.893903e+01
      vertex   -2.190000e+01 1.300792e+01 -4.993567e+01
    endloop
  endfacet
  facet normal 1.000000e+00 -4.582425e-15 -1.791438e-14
    outer loop
      vertex   -2.190000e+01 1.300792e+01 -4.993567e+01
      vertex   -2.190000e+01 8.782577e+00 -3.893903e+01
      vertex   -2.190000e+01 1.042759e+01 -4.907731e+01
    endloop
  endfacet
  facet normal 1.000000e+00 -6.039042e-15 -2.229317e-14
    outer loop
      vertex   -2.190000e+01 1.300792e+01 -4.993567e+01
      vertex   -2.190000e+01 1.042759e+01 -4.907731e+01
      vertex   -2.190000e+01 1.074860e+01 -4.932364e+01
    endloop
  endfacet
  facet normal 1.000000e+00 -1.804114e-15 -1.746358e-14
    outer loop
      vertex   -2.190000e+01 8.782577e+00 -3.893903e+01
      vertex   -2.190000e+01 7.403837e+00 -4.144126e+01
      vertex   -2.190000e+01 1.042759e+01 -4.907731e+01
    endloop
  endfacet
  facet normal 1.000000e+00 1.443739e-14 -1.103222e-14
    outer loop
      vertex   -2.190000e+01 1.042759e+01 -4.907731e+01
      vertex   -2.190000e+01 7.403837e+00 -4.144126e+01
      vertex   -2.190000e+01 1.005376e+01 -4.892247e+01
    endloop
  endfacet
  facet normal 1.000000e+00 -2.229647e-15 -1.693585e-14
    outer loop
      vertex   -2.190000e+01 1.005376e+01 -4.892247e+01
      vertex   -2.190000e+01 7.403837e+00 -4.144126e+01
      vertex   -2.190000e+01 9.652586e+00 -4.886965e+01
    endloop
  endfacet
  facet normal 1.000000e+00 5.026725e-15 -1.473917e-14
    outer loop
      vertex   -2.190000e+01 9.652586e+00 -4.886965e+01
      vertex   -2.190000e+01 7.403837e+00 -4.144126e+01
      vertex   -2.190000e+01 6.722932e+00 -4.263763e+01
    endloop
  endfacet
  facet normal 1.000000e+00 2.120324e-15 -1.610546e-14
    outer loop
      vertex   -2.190000e+01 9.652586e+00 -4.886965e+01
      vertex   -2.190000e+01 6.722932e+00 -4.263763e+01
      vertex   -2.190000e+01 9.251416e+00 -4.892247e+01
    endloop
  endfacet
  facet normal 1.000000e+00 -4.646465e-15 -1.882785e-14
    outer loop
      vertex   -2.190000e+01 9.251416e+00 -4.892247e+01
      vertex   -2.190000e+01 6.722932e+00 -4.263763e+01
      vertex   -2.190000e+01 6.049381e+00 -4.379227e+01
    endloop
  endfacet
  facet normal 1.000000e+00 -9.860368e-15 -2.208213e-14
    outer loop
      vertex   -2.190000e+01 9.251416e+00 -4.892247e+01
      vertex   -2.190000e+01 6.049381e+00 -4.379227e+01
      vertex   -2.190000e+01 8.877586e+00 -4.907731e+01
    endloop
  endfacet
  facet normal 1.000000e+00 6.939618e-16 -1.643415e-14
    outer loop
      vertex   -2.190000e+01 8.877586e+00 -4.907731e+01
      vertex   -2.190000e+01 6.049381e+00 -4.379227e+01
      vertex   -2.190000e+01 5.384470e+00 -4.490124e+01
    endloop
  endfacet
  facet normal 1.000000e+00 1.211244e-15 -1.600146e-14
    outer loop
      vertex   -2.190000e+01 8.877586e+00 -4.907731e+01
      vertex   -2.190000e+01 5.384470e+00 -4.490124e+01
      vertex   -2.190000e+01 8.556570e+00 -4.932364e+01
    endloop
  endfacet
  facet normal 1.000000e+00 -2.434474e-15 -1.861647e-14
    outer loop
      vertex   -2.190000e+01 8.556570e+00 -4.932364e+01
      vertex   -2.190000e+01 5.384470e+00 -4.490124e+01
      vertex   -2.190000e+01 4.729483e+00 -4.596061e+01
    endloop
  endfacet
  facet normal 1.000000e+00 2.508219e-15 -1.299173e-14
    outer loop
      vertex   -2.190000e+01 8.556570e+00 -4.932364e+01
      vertex   -2.190000e+01 4.729483e+00 -4.596061e+01
      vertex   -2.190000e+01 8.310247e+00 -4.964465e+01
    endloop
  endfacet
  facet normal 1.000000e+00 -1.383885e-15 -1.677473e-14
    outer loop
      vertex   -2.190000e+01 8.310247e+00 -4.964465e+01
      vertex   -2.190000e+01 4.729483e+00 -4.596061e+01
      vertex   -2.190000e+01 4.085703e+00 -4.696645e+01
    endloop
  endfacet
  facet normal 1.000000e+00 -2.216953e-15 -1.808879e-14
    outer loop
      vertex   -2.190000e+01 8.310247e+00 -4.964465e+01
      vertex   -2.190000e+01 4.085703e+00 -4.696645e+01
      vertex   -2.190000e+01 8.155401e+00 -5.001848e+01
    endloop
  endfacet
  facet normal 1.000000e+00 -1.799796e-15 -1.753254e-14
    outer loop
      vertex   -2.190000e+01 8.155401e+00 -5.001848e+01
      vertex   -2.190000e+01 4.085703e+00 -4.696645e+01
      vertex   -2.190000e+01 3.454416e+00 -4.791482e+01
    endloop
  endfacet
  facet normal 1.000000e+00 1.967063e-15 -9.114860e-15
    outer loop
      vertex   -2.190000e+01 8.155401e+00 -5.001848e+01
      vertex   -2.190000e+01 3.454416e+00 -4.791482e+01
      vertex   -2.190000e+01 8.102586e+00 -5.041965e+01
    endloop
  endfacet
  facet normal 1.000000e+00 -1.276156e-15 -1.513324e-14
    outer loop
      vertex   -2.190000e+01 8.102586e+00 -5.041965e+01
      vertex   -2.190000e+01 3.454416e+00 -4.791482e+01
      vertex   -2.190000e+01 2.836906e+00 -4.880180e+01
    endloop
  endfacet
  facet normal 1.000000e+00 -4.991224e-15 -2.722478e-14
    outer loop
      vertex   -2.190000e+01 8.102586e+00 -5.041965e+01
      vertex   -2.190000e+01 2.836906e+00 -4.880180e+01
      vertex   -2.190000e+01 8.155401e+00 -5.082082e+01
    endloop
  endfacet
  facet normal 1.000000e+00 -9.558211e-16 -1.659476e-14
    outer loop
      vertex   -2.190000e+01 8.155401e+00 -5.082082e+01
      vertex   -2.190000e+01 2.836906e+00 -4.880180e+01
      vertex   -2.190000e+01 2.234457e+00 -4.962344e+01
    endloop
  endfacet
  facet normal 1.000000e+00 -1.575643e-15 -1.965974e-14
    outer loop
      vertex   -2.190000e+01 8.155401e+00 -5.082082e+01
      vertex   -2.190000e+01 2.234457e+00 -4.962344e+01
      vertex   -2.190000e+01 8.310247e+00 -5.119465e+01
    endloop
  endfacet
  facet normal 1.000000e+00 4.451369e-16 -1.184548e-14
    outer loop
      vertex   -2.190000e+01 8.310247e+00 -5.119465e+01
      vertex   -2.190000e+01 2.234457e+00 -4.962344e+01
      vertex   -2.190000e+01 1.755769e+00 -5.024127e+01
    endloop
  endfacet
  facet normal 1.000000e+00 3.217673e-16 -1.269364e-14
    outer loop
      vertex   -2.190000e+01 8.310247e+00 -5.119465e+01
      vertex   -2.190000e+01 1.755769e+00 -5.024127e+01
      vertex   -2.190000e+01 1.286361e+00 -5.081293e+01
    endloop
  endfacet
  facet normal 1.000000e+00 -1.224481e-16 -1.595311e-14
    outer loop
      vertex   -2.190000e+01 1.228610e+01 -5.691019e+01
      vertex   -2.190000e+01 8.877586e+00 -5.176199e+01
      vertex   -2.190000e+01 1.286361e+00 -5.081293e+01
    endloop
  endfacet
  facet normal 1.000000e+00 8.225570e-17 -1.431574e-14
    outer loop
      vertex   -2.190000e+01 1.286361e+00 -5.081293e+01
      vertex   -2.190000e+01 8.877586e+00 -5.176199e+01
      vertex   -2.190000e+01 8.556570e+00 -5.151567e+01
    endloop
  endfacet
  facet normal 1.000000e+00 4.280105e-16 -1.073868e-14
    outer loop
      vertex   -2.190000e+01 1.286361e+00 -5.081293e+01
      vertex   -2.190000e+01 8.556570e+00 -5.151567e+01
      vertex   -2.190000e+01 8.310247e+00 -5.119465e+01
    endloop
  endfacet
  facet normal 1.000000e+00 -2.094490e-15 -1.710230e-14
    outer loop
      vertex   -2.190000e+01 1.541312e+01 -5.126889e+01
      vertex   -2.190000e+01 1.300792e+01 -4.993567e+01
      vertex   -2.190000e+01 1.228610e+01 -5.691019e+01
    endloop
  endfacet
  facet normal 1.000000e+00 -5.401816e-15 -1.676002e-14
    outer loop
      vertex   -2.190000e+01 1.228610e+01 -5.691019e+01
      vertex   -2.190000e+01 1.300792e+01 -4.993567e+01
      vertex   -2.190000e+01 1.099493e+01 -5.119465e+01
    endloop
  endfacet
  facet normal 1.000000e+00 4.503076e-15 -1.452244e-14
    outer loop
      vertex   -2.190000e+01 1.228610e+01 -5.691019e+01
      vertex   -2.190000e+01 1.099493e+01 -5.119465e+01
      vertex   -2.190000e+01 1.074860e+01 -5.151567e+01
    endloop
  endfacet
  facet normal 1.000000e+00 -3.784687e-15 -1.397120e-14
    outer loop
      vertex   -2.190000e+01 1.074860e+01 -4.932364e+01
      vertex   -2.190000e+01 1.099493e+01 -4.964465e+01
      vertex   -2.190000e+01 1.300792e+01 -4.993567e+01
    endloop
  endfacet
  facet normal 1.000000e+00 -4.800162e-15 -2.099538e-14
    outer loop
      vertex   -2.190000e+01 1.300792e+01 -4.993567e+01
      vertex   -2.190000e+01 1.099493e+01 -4.964465e+01
      vertex   -2.190000e+01 1.114977e+01 -5.001848e+01
    endloop
  endfacet
  facet normal 1.000000e+00 -4.917652e-15 -1.835920e-14
    outer loop
      vertex   -2.190000e+01 1.300792e+01 -4.993567e+01
      vertex   -2.190000e+01 1.114977e+01 -5.001848e+01
      vertex   -2.190000e+01 1.120259e+01 -5.041965e+01
    endloop
  endfacet
  facet normal 1.000000e+00 -5.277481e-15 -1.701699e-14
    outer loop
      vertex   -2.190000e+01 1.120259e+01 -5.041965e+01
      vertex   -2.190000e+01 1.114977e+01 -5.082082e+01
      vertex   -2.190000e+01 1.300792e+01 -4.993567e+01
    endloop
  endfacet
  facet normal 1.000000e+00 -5.393746e-15 -1.677292e-14
    outer loop
      vertex   -2.190000e+01 1.300792e+01 -4.993567e+01
      vertex   -2.190000e+01 1.114977e+01 -5.082082e+01
      vertex   -2.190000e+01 1.099493e+01 -5.119465e+01
    endloop
  endfacet
  facet normal 1.000000e+00 8.707332e-16 -1.555770e-14
    outer loop
      vertex   -2.190000e+01 1.074860e+01 -5.151567e+01
      vertex   -2.190000e+01 1.042759e+01 -5.176199e+01
      vertex   -2.190000e+01 1.228610e+01 -5.691019e+01
    endloop
  endfacet
  facet normal 1.000000e+00 -1.081542e-14 -1.977643e-14
    outer loop
      vertex   -2.190000e+01 1.228610e+01 -5.691019e+01
      vertex   -2.190000e+01 1.042759e+01 -5.176199e+01
      vertex   -2.190000e+01 1.005376e+01 -5.191684e+01
    endloop
  endfacet
  facet normal 1.000000e+00 1.857714e-15 -1.411074e-14
    outer loop
      vertex   -2.190000e+01 1.228610e+01 -5.691019e+01
      vertex   -2.190000e+01 1.005376e+01 -5.191684e+01
      vertex   -2.190000e+01 9.652586e+00 -5.196965e+01
    endloop
  endfacet
  facet normal 1.000000e+00 -2.138128e-15 -1.624069e-14
    outer loop
      vertex   -2.190000e+01 9.652586e+00 -5.196965e+01
      vertex   -2.190000e+01 9.251416e+00 -5.191684e+01
      vertex   -2.190000e+01 1.228610e+01 -5.691019e+01
    endloop
  endfacet
  facet normal 1.000000e+00 1.713060e-14 -4.530223e-15
    outer loop
      vertex   -2.190000e+01 1.228610e+01 -5.691019e+01
      vertex   -2.190000e+01 9.251416e+00 -5.191684e+01
      vertex   -2.190000e+01 8.877586e+00 -5.176199e+01
    endloop
  endfacet
  facet normal 1.000000e+00 -1.734766e-15 -1.875548e-14
    outer loop
      vertex   -2.190000e+01 1.983289e+01 -3.479437e+01
      vertex   -2.190000e+01 1.945906e+01 -3.494921e+01
      vertex   -2.190000e+01 2.042551e+01 -3.655399e+01
    endloop
  endfacet
  facet normal 1.000000e+00 2.160378e-15 -1.640971e-14
    outer loop
      vertex   -2.190000e+01 2.042551e+01 -3.655399e+01
      vertex   -2.190000e+01 1.945906e+01 -3.494921e+01
      vertex   -2.190000e+01 1.905789e+01 -3.500203e+01
    endloop
  endfacet
  facet normal 1.000000e+00 -2.727438e-15 -2.071694e-14
    outer loop
      vertex   -2.190000e+01 2.042551e+01 -3.655399e+01
      vertex   -2.190000e+01 1.905789e+01 -3.500203e+01
      vertex   -2.190000e+01 1.865672e+01 -3.494921e+01
    endloop
  endfacet
  facet normal 1.000000e+00 3.988401e-15 -1.331473e-14
    outer loop
      vertex   -2.190000e+01 1.865672e+01 -3.494921e+01
      vertex   -2.190000e+01 1.828289e+01 -3.479437e+01
      vertex   -2.190000e+01 2.042551e+01 -3.655399e+01
    endloop
  endfacet
  facet normal 9.983919e-01 0.000000e+00 5.668941e-02
    outer loop
      vertex   2.848600e+01 -5.539000e+00 -1.613424e+01
      vertex   2.848600e+01 -7.039000e+00 -1.613424e+01
      vertex   2.855027e+01 -5.539000e+00 -1.726620e+01
    endloop
  endfacet
  facet normal 9.983919e-01 -2.364667e-15 5.668941e-02
    outer loop
      vertex   2.855027e+01 -5.539000e+00 -1.726620e+01
      vertex   2.848600e+01 -7.039000e+00 -1.613424e+01
      vertex   2.855027e+01 -7.039000e+00 -1.726620e+01
    endloop
  endfacet
  facet normal 9.855578e-01 -2.334270e-15 1.693395e-01
    outer loop
      vertex   2.855027e+01 -5.539000e+00 -1.726620e+01
      vertex   2.855027e+01 -7.039000e+00 -1.726620e+01
      vertex   2.874227e+01 -5.539000e+00 -1.838361e+01
    endloop
  endfacet
  facet normal 9.855578e-01 0.000000e+00 1.693395e-01
    outer loop
      vertex   2.874227e+01 -5.539000e+00 -1.838361e+01
      vertex   2.855027e+01 -7.039000e+00 -1.726620e+01
      vertex   2.874227e+01 -7.039000e+00 -1.838361e+01
    endloop
  endfacet
  facet normal 9.600546e-01 0.000000e+00 2.798128e-01
    outer loop
      vertex   2.874227e+01 -5.539000e+00 -1.838361e+01
      vertex   2.874227e+01 -7.039000e+00 -1.838361e+01
      vertex   2.905952e+01 -5.539000e+00 -1.947211e+01
    endloop
  endfacet
  facet normal 9.600546e-01 0.000000e+00 2.798128e-01
    outer loop
      vertex   2.905952e+01 -5.539000e+00 -1.947211e+01
      vertex   2.874227e+01 -7.039000e+00 -1.838361e+01
      vertex   2.905952e+01 -7.039000e+00 -1.947211e+01
    endloop
  endfacet
  facet normal 9.222101e-01 0.000000e+00 3.866891e-01
    outer loop
      vertex   2.905952e+01 -5.539000e+00 -1.947211e+01
      vertex   2.905952e+01 -7.039000e+00 -1.947211e+01
      vertex   2.949794e+01 -5.539000e+00 -2.051770e+01
    endloop
  endfacet
  facet normal 9.222101e-01 0.000000e+00 3.866891e-01
    outer loop
      vertex   2.949794e+01 -5.539000e+00 -2.051770e+01
      vertex   2.905952e+01 -7.039000e+00 -1.947211e+01
      vertex   2.949794e+01 -7.039000e+00 -2.051770e+01
    endloop
  endfacet
  facet normal 8.725109e-01 0.000000e+00 4.885947e-01
    outer loop
      vertex   2.949794e+01 -5.539000e+00 -2.051770e+01
      vertex   2.949794e+01 -7.039000e+00 -2.051770e+01
      vertex   3.005190e+01 -5.539000e+00 -2.150695e+01
    endloop
  endfacet
  facet normal 8.725109e-01 0.000000e+00 4.885947e-01
    outer loop
      vertex   3.005190e+01 -5.539000e+00 -2.150695e+01
      vertex   2.949794e+01 -7.039000e+00 -2.051770e+01
      vertex   3.005190e+01 -7.039000e+00 -2.150695e+01
    endloop
  endfacet
  facet normal 8.115957e-01 0.000000e+00 5.842195e-01
    outer loop
      vertex   3.005190e+01 -5.539000e+00 -2.150695e+01
      vertex   3.005190e+01 -7.039000e+00 -2.150695e+01
      vertex   3.071429e+01 -5.539000e+00 -2.242712e+01
    endloop
  endfacet
  facet normal 8.115957e-01 0.000000e+00 5.842195e-01
    outer loop
      vertex   3.071429e+01 -5.539000e+00 -2.242712e+01
      vertex   3.005190e+01 -7.039000e+00 -2.150695e+01
      vertex   3.071429e+01 -7.039000e+00 -2.242712e+01
    endloop
  endfacet
  facet normal 7.402477e-01 0.000000e+00 6.723343e-01
    outer loop
      vertex   3.071429e+01 -5.539000e+00 -2.242712e+01
      vertex   3.071429e+01 -7.039000e+00 -2.242712e+01
      vertex   3.147657e+01 -5.539000e+00 -2.326641e+01
    endloop
  endfacet
  facet normal 7.402477e-01 0.000000e+00 6.723343e-01
    outer loop
      vertex   3.147657e+01 -5.539000e+00 -2.326641e+01
      vertex   3.071429e+01 -7.039000e+00 -2.242712e+01
      vertex   3.147657e+01 -7.039000e+00 -2.326641e+01
    endloop
  endfacet
  facet normal 6.593839e-01 0.000000e+00 7.518064e-01
    outer loop
      vertex   3.147657e+01 -5.539000e+00 -2.326641e+01
      vertex   3.147657e+01 -7.039000e+00 -2.326641e+01
      vertex   3.232896e+01 -5.539000e+00 -2.401401e+01
    endloop
  endfacet
  facet normal 6.593839e-01 0.000000e+00 7.518064e-01
    outer loop
      vertex   3.232896e+01 -5.539000e+00 -2.401401e+01
      vertex   3.147657e+01 -7.039000e+00 -2.326641e+01
      vertex   3.232896e+01 -7.039000e+00 -2.401401e+01
    endloop
  endfacet
  facet normal 5.700440e-01 0.000000e+00 8.216142e-01
    outer loop
      vertex   3.232896e+01 -5.539000e+00 -2.401401e+01
      vertex   3.232896e+01 -7.039000e+00 -2.401401e+01
      vertex   3.326050e+01 -5.539000e+00 -2.466032e+01
    endloop
  endfacet
  facet normal 5.700440e-01 0.000000e+00 8.216142e-01
    outer loop
      vertex   3.326050e+01 -5.539000e+00 -2.466032e+01
      vertex   3.232896e+01 -7.039000e+00 -2.401401e+01
      vertex   3.326050e+01 -7.039000e+00 -2.466032e+01
    endloop
  endfacet
  facet normal 4.733762e-01 0.000000e+00 8.808603e-01
    outer loop
      vertex   3.326050e+01 -5.539000e+00 -2.466032e+01
      vertex   3.326050e+01 -7.039000e+00 -2.466032e+01
      vertex   3.425920e+01 -5.539000e+00 -2.519703e+01
    endloop
  endfacet
  facet normal 4.733762e-01 0.000000e+00 8.808603e-01
    outer loop
      vertex   3.425920e+01 -5.539000e+00 -2.519703e+01
      vertex   3.326050e+01 -7.039000e+00 -2.466032e+01
      vertex   3.425920e+01 -7.039000e+00 -2.519703e+01
    endloop
  endfacet
  facet normal 3.706234e-01 0.000000e+00 9.287833e-01
    outer loop
      vertex   3.425920e+01 -5.539000e+00 -2.519703e+01
      vertex   3.425920e+01 -7.039000e+00 -2.519703e+01
      vertex   3.531225e+01 -5.539000e+00 -2.561724e+01
    endloop
  endfacet
  facet normal 3.706234e-01 0.000000e+00 9.287833e-01
    outer loop
      vertex   3.531225e+01 -5.539000e+00 -2.561724e+01
      vertex   3.425920e+01 -7.039000e+00 -2.519703e+01
      vertex   3.531225e+01 -7.039000e+00 -2.561724e+01
    endloop
  endfacet
  facet normal 3.528203e-01 0.000000e+00 9.356911e-01
    outer loop
      vertex   3.531225e+01 -5.539000e+00 -2.561724e+01
      vertex   3.531225e+01 -7.039000e+00 -2.561724e+01
      vertex   3.686085e+01 -5.539000e+00 -2.620117e+01
    endloop
  endfacet
  facet normal 3.528203e-01 -7.958803e-11 9.356911e-01
    outer loop
      vertex   3.686085e+01 -5.539000e+00 -2.620117e+01
      vertex   3.531225e+01 -7.039000e+00 -2.561724e+01
      vertex   3.686085e+01 -7.039000e+00 -2.620117e+01
    endloop
  endfacet
  facet normal 4.221631e-01 7.958999e-11 9.065199e-01
    outer loop
      vertex   3.686085e+01 -5.539000e+00 -2.620117e+01
      vertex   3.686085e+01 -7.039000e+00 -2.620117e+01
      vertex   3.836117e+01 -5.539000e+00 -2.689986e+01
    endloop
  endfacet
  facet normal 4.221631e-01 -1.591756e-10 9.065199e-01
    outer loop
      vertex   3.836117e+01 -5.539000e+00 -2.689986e+01
      vertex   3.686085e+01 -7.039000e+00 -2.620117e+01
      vertex   3.836117e+01 -7.039000e+00 -2.689986e+01
    endloop
  endfacet
  facet normal 4.891167e-01 1.591801e-10 8.722184e-01
    outer loop
      vertex   3.836117e+01 -5.539000e+00 -2.689986e+01
      vertex   3.836117e+01 -7.039000e+00 -2.689986e+01
      vertex   3.980472e+01 -5.539000e+00 -2.770937e+01
    endloop
  endfacet
  facet normal 4.891167e-01 -2.387638e-10 8.722184e-01
    outer loop
      vertex   3.980472e+01 -5.539000e+00 -2.770937e+01
      vertex   3.836117e+01 -7.039000e+00 -2.689986e+01
      vertex   3.980472e+01 -7.039000e+00 -2.770937e+01
    endloop
  endfacet
  facet normal 5.533022e-01 2.387700e-10 8.329806e-01
    outer loop
      vertex   3.980472e+01 -5.539000e+00 -2.770937e+01
      vertex   3.980472e+01 -7.039000e+00 -2.770937e+01
      vertex   4.118333e+01 -5.539000e+00 -2.862510e+01
    endloop
  endfacet
  facet normal 5.533022e-01 -3.183506e-10 8.329806e-01
    outer loop
      vertex   4.118333e+01 -5.539000e+00 -2.862510e+01
      vertex   3.980472e+01 -7.039000e+00 -2.770937e+01
      vertex   4.118333e+01 -7.039000e+00 -2.862510e+01
    endloop
  endfacet
  facet normal 6.143563e-01 3.183614e-10 7.890287e-01
    outer loop
      vertex   4.118333e+01 -5.539000e+00 -2.862510e+01
      vertex   4.118333e+01 -7.039000e+00 -2.862510e+01
      vertex   4.248920e+01 -5.539000e+00 -2.964188e+01
    endloop
  endfacet
  facet normal 6.143563e-01 -3.979453e-10 7.890287e-01
    outer loop
      vertex   4.248920e+01 -5.539000e+00 -2.964188e+01
      vertex   4.118333e+01 -7.039000e+00 -2.862510e+01
      vertex   4.248920e+01 -7.039000e+00 -2.964188e+01
    endloop
  endfacet
  facet normal 6.719336e-01 3.979444e-10 7.406114e-01
    outer loop
      vertex   4.248920e+01 -5.539000e+00 -2.964188e+01
      vertex   4.248920e+01 -7.039000e+00 -2.964188e+01
      vertex   4.371494e+01 -5.539000e+00 -3.075395e+01
    endloop
  endfacet
  facet normal 6.719336e-01 -4.775340e-10 7.406114e-01
    outer loop
      vertex   4.371494e+01 -5.539000e+00 -3.075395e+01
      vertex   4.248920e+01 -7.039000e+00 -2.964188e+01
      vertex   4.371494e+01 -7.039000e+00 -3.075395e+01
    endloop
  endfacet
  facet normal 7.257081e-01 4.775339e-10 6.880027e-01
    outer loop
      vertex   4.371494e+01 -5.539000e+00 -3.075395e+01
      vertex   4.371494e+01 -7.039000e+00 -3.075395e+01
      vertex   4.485361e+01 -5.539000e+00 -3.195503e+01
    endloop
  endfacet
  facet normal 7.257081e-01 -5.571240e-10 6.880027e-01
    outer loop
      vertex   4.485361e+01 -5.539000e+00 -3.195503e+01
      vertex   4.371494e+01 -7.039000e+00 -3.075395e+01
      vertex   4.485361e+01 -7.039000e+00 -3.195503e+01
    endloop
  endfacet
  facet normal 7.753756e-01 5.571216e-10 6.315003e-01
    outer loop
      vertex   4.485361e+01 -5.539000e+00 -3.195503e+01
      vertex   4.485361e+01 -7.039000e+00 -3.195503e+01
      vertex   4.589876e+01 -5.539000e+00 -3.323830e+01
    endloop
  endfacet
  facet normal 7.753756e-01 -6.367156e-10 6.315003e-01
    outer loop
      vertex   4.589876e+01 -5.539000e+00 -3.323830e+01
      vertex   4.485361e+01 -7.039000e+00 -3.195503e+01
      vertex   4.589876e+01 -7.039000e+00 -3.323830e+01
    endloop
  endfacet
  facet normal 8.206549e-01 6.367074e-10 5.714241e-01
    outer loop
      vertex   4.589876e+01 -5.539000e+00 -3.323830e+01
      vertex   4.589876e+01 -7.039000e+00 -3.323830e+01
      vertex   4.684449e+01 -5.539000e+00 -3.459651e+01
    endloop
  endfacet
  facet normal 8.206549e-01 -7.162994e-10 5.714241e-01
    outer loop
      vertex   4.684449e+01 -5.539000e+00 -3.459651e+01
      vertex   4.589876e+01 -7.039000e+00 -3.323830e+01
      vertex   4.684449e+01 -7.039000e+00 -3.459651e+01
    endloop
  endfacet
  facet normal 8.612899e-01 7.163024e-10 5.081139e-01
    outer loop
      vertex   4.684449e+01 -5.539000e+00 -3.459651e+01
      vertex   4.684449e+01 -7.039000e+00 -3.459651e+01
      vertex   4.768544e+01 -5.539000e+00 -3.602198e+01
    endloop
  endfacet
  facet normal 8.612899e-01 -7.958866e-10 5.081139e-01
    outer loop
      vertex   4.768544e+01 -5.539000e+00 -3.602198e+01
      vertex   4.684449e+01 -7.039000e+00 -3.459651e+01
      vertex   4.768544e+01 -7.039000e+00 -3.602198e+01
    endloop
  endfacet
  facet normal 3.184863e-14 -1.000000e+00 -1.129293e-14
    outer loop
      vertex   -2.328500e+01 -7.039000e+00 -9.171962e+00
      vertex   -2.851400e+01 -7.039000e+00 -2.683681e+00
      vertex   -2.333441e+01 -7.039000e+00 -9.547250e+00
    endloop
  endfacet
  facet normal 3.876859e-14 -1.000000e+00 -6.070786e-15
    outer loop
      vertex   -2.333441e+01 -7.039000e+00 -9.547250e+00
      vertex   -2.851400e+01 -7.039000e+00 -2.683681e+00
      vertex   -2.851400e+01 -7.039000e+00 -1.614362e+01
    endloop
  endfacet
  facet normal 3.432436e-14 -1.000000e+00 -2.581094e-15
    outer loop
      vertex   -2.333441e+01 -7.039000e+00 -9.547250e+00
      vertex   -2.851400e+01 -7.039000e+00 -1.614362e+01
      vertex   -2.328500e+01 -7.039000e+00 -9.922537e+00
    endloop
  endfacet
  facet normal 2.498441e-14 -1.000000e+00 5.269402e-15
    outer loop
      vertex   -2.328500e+01 -7.039000e+00 -9.922537e+00
      vertex   -2.851400e+01 -7.039000e+00 -1.614362e+01
      vertex   -2.314015e+01 -7.039000e+00 -1.027225e+01
    endloop
  endfacet
  facet normal 2.023778e-14 -1.000000e+00 9.613818e-15
    outer loop
      vertex   -2.314015e+01 -7.039000e+00 -1.027225e+01
      vertex   -2.851400e+01 -7.039000e+00 -1.614362e+01
      vertex   -2.290971e+01 -7.039000e+00 -1.057255e+01
    endloop
  endfacet
  facet normal 1.631789e-14 -1.000000e+00 1.355708e-14
    outer loop
      vertex   -2.290971e+01 -7.039000e+00 -1.057255e+01
      vertex   -2.851400e+01 -7.039000e+00 -1.614362e+01
      vertex   -2.260941e+01 -7.039000e+00 -1.080299e+01
    endloop
  endfacet
  facet normal 1.071920e-14 -1.000000e+00 1.974698e-14
    outer loop
      vertex   -2.260941e+01 -7.039000e+00 -1.080299e+01
      vertex   -2.851400e+01 -7.039000e+00 -1.614362e+01
      vertex   -2.225970e+01 -7.039000e+00 -1.094784e+01
    endloop
  endfacet
  facet normal 3.710443e-15 -1.000000e+00 2.818362e-14
    outer loop
      vertex   -2.225970e+01 -7.039000e+00 -1.094784e+01
      vertex   -2.851400e+01 -7.039000e+00 -1.614362e+01
      vertex   -2.188441e+01 -7.039000e+00 -1.099725e+01
    endloop
  endfacet
  facet normal -1.341183e-15 -1.000000e+00 3.469115e-14
    outer loop
      vertex   -2.188441e+01 -7.039000e+00 -1.099725e+01
      vertex   -2.851400e+01 -7.039000e+00 -1.614362e+01
      vertex   -1.186603e+01 -7.039000e+00 -1.550000e+01
    endloop
  endfacet
  facet normal -1.545721e-14 -1.000000e+00 3.283726e-15
    outer loop
      vertex   -2.188441e+01 -7.039000e+00 -1.099725e+01
      vertex   -1.186603e+01 -7.039000e+00 -1.550000e+01
      vertex   -1.170711e+01 -7.039000e+00 -1.529289e+01
    endloop
  endfacet
  facet normal 2.612900e-14 -1.000000e+00 -1.590247e-14
    outer loop
      vertex   -2.328500e+01 -7.039000e+00 -9.171962e+00
      vertex   -2.314015e+01 -7.039000e+00 -8.822250e+00
      vertex   -2.851400e+01 -7.039000e+00 -2.683681e+00
    endloop
  endfacet
  facet normal 2.000379e-14 -1.000000e+00 -2.126463e-14
    outer loop
      vertex   -2.851400e+01 -7.039000e+00 -2.683681e+00
      vertex   -2.314015e+01 -7.039000e+00 -8.822250e+00
      vertex   -2.290971e+01 -7.039000e+00 -8.521945e+00
    endloop
  endfacet
  facet normal 1.447449e-14 -1.000000e+00 -2.657233e-14
    outer loop
      vertex   -2.851400e+01 -7.039000e+00 -2.683681e+00
      vertex   -2.290971e+01 -7.039000e+00 -8.521945e+00
      vertex   -2.260941e+01 -7.039000e+00 -8.291513e+00
    endloop
  endfacet
  facet normal 1.029131e-14 -1.000000e+00 -3.097688e-14
    outer loop
      vertex   -2.260941e+01 -7.039000e+00 -8.291513e+00
      vertex   -2.225970e+01 -7.039000e+00 -8.146657e+00
      vertex   -2.851400e+01 -7.039000e+00 -2.683681e+00
    endloop
  endfacet
  facet normal 4.891984e-15 -1.000000e+00 -3.715831e-14
    outer loop
      vertex   -2.851400e+01 -7.039000e+00 -2.683681e+00
      vertex   -2.225970e+01 -7.039000e+00 -8.146657e+00
      vertex   -2.188441e+01 -7.039000e+00 -8.097250e+00
    endloop
  endfacet
  facet normal 1.056804e-14 -1.000000e+00 -3.020727e-14
    outer loop
      vertex   -2.851400e+01 -7.039000e+00 -2.683681e+00
      vertex   -2.188441e+01 -7.039000e+00 -8.097250e+00
      vertex   -1.700000e+01 -7.039000e+00 -2.683681e+00
    endloop
  endfacet
  facet normal -4.142835e-14 -1.000000e+00 1.670664e-14
    outer loop
      vertex   -1.700000e+01 -7.039000e+00 -2.683681e+00
      vertex   -2.188441e+01 -7.039000e+00 -8.097250e+00
      vertex   -1.700000e+01 -7.039000e+00 -8.000000e+00
    endloop
  endfacet
  facet normal -3.569714e-14 -1.000000e+00 -2.711467e-13
    outer loop
      vertex   -1.700000e+01 -7.039000e+00 -8.000000e+00
      vertex   -2.188441e+01 -7.039000e+00 -8.097250e+00
      vertex   -2.150912e+01 -7.039000e+00 -8.146657e+00
    endloop
  endfacet
  facet normal -4.109019e-14 -1.000000e+00 -1.053320e-13
    outer loop
      vertex   -1.700000e+01 -7.039000e+00 -8.000000e+00
      vertex   -2.150912e+01 -7.039000e+00 -8.146657e+00
      vertex   -2.115941e+01 -7.039000e+00 -8.291513e+00
    endloop
  endfacet
  facet normal -4.392056e-14 -1.000000e+00 -6.494720e-14
    outer loop
      vertex   -2.115941e+01 -7.039000e+00 -8.291513e+00
      vertex   -2.085910e+01 -7.039000e+00 -8.521945e+00
      vertex   -1.700000e+01 -7.039000e+00 -8.000000e+00
    endloop
  endfacet
  facet normal -4.702440e-14 -1.000000e+00 -4.199827e-14
    outer loop
      vertex   -1.700000e+01 -7.039000e+00 -8.000000e+00
      vertex   -2.085910e+01 -7.039000e+00 -8.521945e+00
      vertex   -2.062867e+01 -7.039000e+00 -8.822250e+00
    endloop
  endfacet
  facet normal -5.063731e-14 -1.000000e+00 -2.605414e-14
    outer loop
      vertex   -1.700000e+01 -7.039000e+00 -8.000000e+00
      vertex   -2.062867e+01 -7.039000e+00 -8.822250e+00
      vertex   -2.048382e+01 -7.039000e+00 -9.171962e+00
    endloop
  endfacet
  facet normal 1.237751e-15 -1.000000e+00 -6.937029e-15
    outer loop
      vertex   -2.043441e+01 -7.039000e+00 -9.547250e+00
      vertex   -1.499895e+01 -7.039000e+00 -8.961522e+00
      vertex   -2.048382e+01 -7.039000e+00 -9.171962e+00
    endloop
  endfacet
  facet normal 1.108327e-15 -1.000000e+00 -3.563764e-15
    outer loop
      vertex   -2.048382e+01 -7.039000e+00 -9.171962e+00
      vertex   -1.499895e+01 -7.039000e+00 -8.961522e+00
      vertex   -1.531791e+01 -7.039000e+00 -8.562268e+00
    endloop
  endfacet
  facet normal 3.316306e-14 -1.000000e+00 -2.751622e-13
    outer loop
      vertex   -2.048382e+01 -7.039000e+00 -9.171962e+00
      vertex   -1.531791e+01 -7.039000e+00 -8.562268e+00
      vertex   -1.700000e+01 -7.039000e+00 -8.000000e+00
    endloop
  endfacet
  facet normal 2.233704e-13 -1.000000e+00 2.938661e-13
    outer loop
      vertex   -1.700000e+01 -7.039000e+00 -8.000000e+00
      vertex   -1.531791e+01 -7.039000e+00 -8.562268e+00
      vertex   -1.572763e+01 -7.039000e+00 -8.256877e+00
    endloop
  endfacet
  facet normal -3.043833e-15 -1.000000e+00 -8.276140e-13
    outer loop
      vertex   -1.700000e+01 -7.039000e+00 -8.000000e+00
      vertex   -1.572763e+01 -7.039000e+00 -8.256877e+00
      vertex   -1.670820e+01 -7.039000e+00 -8.000000e+00
    endloop
  endfacet
  facet normal 5.999609e-13 -1.000000e+00 1.474227e-12
    outer loop
      vertex   -1.670820e+01 -7.039000e+00 -8.000000e+00
      vertex   -1.572763e+01 -7.039000e+00 -8.256877e+00
      vertex   -1.620137e+01 -7.039000e+00 -8.065285e+00
    endloop
  endfacet
  facet normal 1.836809e-15 -1.000000e+00 -1.249619e-14
    outer loop
      vertex   -1.499895e+01 -7.039000e+00 -8.961522e+00
      vertex   -2.043441e+01 -7.039000e+00 -9.547250e+00
      vertex   -1.479157e+01 -7.039000e+00 -9.428572e+00
    endloop
  endfacet
  facet normal 1.728102e-15 -1.000000e+00 -7.327491e-15
    outer loop
      vertex   -1.479157e+01 -7.039000e+00 -9.428572e+00
      vertex   -2.043441e+01 -7.039000e+00 -9.547250e+00
      vertex   -2.048382e+01 -7.039000e+00 -9.922537e+00
    endloop
  endfacet
  facet normal -6.431777e-16 -1.000000e+00 1.999809e-14
    outer loop
      vertex   -1.479157e+01 -7.039000e+00 -9.428572e+00
      vertex   -2.048382e+01 -7.039000e+00 -9.922537e+00
      vertex   -1.450249e+01 -7.039000e+00 -1.017430e+01
    endloop
  endfacet
  facet normal -1.669611e-15 -1.000000e+00 -4.387904e-15
    outer loop
      vertex   -1.450249e+01 -7.039000e+00 -1.017430e+01
      vertex   -2.048382e+01 -7.039000e+00 -9.922537e+00
      vertex   -2.062867e+01 -7.039000e+00 -1.027225e+01
    endloop
  endfacet
  facet normal -1.662461e-15 -1.000000e+00 -4.835076e-15
    outer loop
      vertex   -1.450249e+01 -7.039000e+00 -1.017430e+01
      vertex   -2.062867e+01 -7.039000e+00 -1.027225e+01
      vertex   -1.409820e+01 -7.039000e+00 -1.086439e+01
    endloop
  endfacet
  facet normal -1.645883e-15 -1.000000e+00 -4.652248e-15
    outer loop
      vertex   -1.409820e+01 -7.039000e+00 -1.086439e+01
      vertex   -2.062867e+01 -7.039000e+00 -1.027225e+01
      vertex   -2.085910e+01 -7.039000e+00 -1.057255e+01
    endloop
  endfacet
  facet normal -1.683137e-15 -1.000000e+00 -5.515304e-15
    outer loop
      vertex   -1.409820e+01 -7.039000e+00 -1.086439e+01
      vertex   -2.085910e+01 -7.039000e+00 -1.057255e+01
      vertex   -2.115941e+01 -7.039000e+00 -1.080299e+01
    endloop
  endfacet
  facet normal -1.697449e-15 -1.000000e+00 -7.161091e-15
    outer loop
      vertex   -1.409820e+01 -7.039000e+00 -1.086439e+01
      vertex   -2.115941e+01 -7.039000e+00 -1.080299e+01
      vertex   -1.358905e+01 -7.039000e+00 -1.148119e+01
    endloop
  endfacet
  facet normal -1.319767e-15 -1.000000e+00 -2.945275e-15
    outer loop
      vertex   -1.358905e+01 -7.039000e+00 -1.148119e+01
      vertex   -2.115941e+01 -7.039000e+00 -1.080299e+01
      vertex   -2.150912e+01 -7.039000e+00 -1.094784e+01
    endloop
  endfacet
  facet normal -1.705577e-15 -1.000000e+00 -8.674429e-15
    outer loop
      vertex   -1.358905e+01 -7.039000e+00 -1.148119e+01
      vertex   -2.150912e+01 -7.039000e+00 -1.094784e+01
      vertex   -1.298807e+01 -7.039000e+00 -1.200892e+01
    endloop
  endfacet
  facet normal -1.753814e-15 -1.000000e+00 -9.061804e-15
    outer loop
      vertex   -1.298807e+01 -7.039000e+00 -1.200892e+01
      vertex   -2.150912e+01 -7.039000e+00 -1.094784e+01
      vertex   -1.231063e+01 -7.039000e+00 -1.243407e+01
    endloop
  endfacet
  facet normal 9.574430e-15 -1.000000e+00 6.105041e-14
    outer loop
      vertex   -1.231063e+01 -7.039000e+00 -1.243407e+01
      vertex   -2.150912e+01 -7.039000e+00 -1.094784e+01
      vertex   -1.170711e+01 -7.039000e+00 -1.529289e+01
    endloop
  endfacet
  facet normal -4.267089e-14 -1.000000e+00 5.002090e-14
    outer loop
      vertex   -1.231063e+01 -7.039000e+00 -1.243407e+01
      vertex   -1.170711e+01 -7.039000e+00 -1.529289e+01
      vertex   -1.150000e+01 -7.039000e+00 -1.513397e+01
    endloop
  endfacet
  facet normal -4.004547e-15 -1.000000e+00 3.041755e-14
    outer loop
      vertex   -2.150912e+01 -7.039000e+00 -1.094784e+01
      vertex   -2.188441e+01 -7.039000e+00 -1.099725e+01
      vertex   -1.170711e+01 -7.039000e+00 -1.529289e+01
    endloop
  endfacet
  facet normal -1.237486e-15 -1.000000e+00 -6.937064e-15
    outer loop
      vertex   2.048500e+01 -7.039000e+00 -9.171962e+00
      vertex   1.499895e+01 -7.039000e+00 -8.961522e+00
      vertex   2.043559e+01 -7.039000e+00 -9.547250e+00
    endloop
  endfacet
  facet normal -1.836428e-15 -1.000000e+00 -1.249636e-14
    outer loop
      vertex   2.043559e+01 -7.039000e+00 -9.547250e+00
      vertex   1.499895e+01 -7.039000e+00 -8.961522e+00
      vertex   1.479157e+01 -7.039000e+00 -9.428572e+00
    endloop
  endfacet
  facet normal -1.727740e-15 -1.000000e+00 -7.327443e-15
    outer loop
      vertex   2.043559e+01 -7.039000e+00 -9.547250e+00
      vertex   1.479157e+01 -7.039000e+00 -9.428572e+00
      vertex   2.048500e+01 -7.039000e+00 -9.922537e+00
    endloop
  endfacet
  facet normal 6.430486e-16 -1.000000e+00 1.999814e-14
    outer loop
      vertex   2.048500e+01 -7.039000e+00 -9.922537e+00
      vertex   1.479157e+01 -7.039000e+00 -9.428572e+00
      vertex   1.450249e+01 -7.039000e+00 -1.017430e+01
    endloop
  endfacet
  facet normal 1.669287e-15 -1.000000e+00 -4.388038e-15
    outer loop
      vertex   2.048500e+01 -7.039000e+00 -9.922537e+00
      vertex   1.450249e+01 -7.039000e+00 -1.017430e+01
      vertex   2.062985e+01 -7.039000e+00 -1.027225e+01
    endloop
  endfacet
  facet normal 1.662143e-15 -1.000000e+00 -4.834890e-15
    outer loop
      vertex   2.062985e+01 -7.039000e+00 -1.027225e+01
      vertex   1.450249e+01 -7.039000e+00 -1.017430e+01
      vertex   1.409820e+01 -7.039000e+00 -1.086439e+01
    endloop
  endfacet
  facet normal 1.645605e-15 -1.000000e+00 -4.652462e-15
    outer loop
      vertex   2.062985e+01 -7.039000e+00 -1.027225e+01
      vertex   1.409820e+01 -7.039000e+00 -1.086439e+01
      vertex   2.086029e+01 -7.039000e+00 -1.057255e+01
    endloop
  endfacet
  facet normal 1.682859e-15 -1.000000e+00 -5.515667e-15
    outer loop
      vertex   2.086029e+01 -7.039000e+00 -1.057255e+01
      vertex   1.409820e+01 -7.039000e+00 -1.086439e+01
      vertex   2.116059e+01 -7.039000e+00 -1.080299e+01
    endloop
  endfacet
  facet normal 1.697163e-15 -1.000000e+00 -7.160855e-15
    outer loop
      vertex   2.116059e+01 -7.039000e+00 -1.080299e+01
      vertex   1.409820e+01 -7.039000e+00 -1.086439e+01
      vertex   1.358905e+01 -7.039000e+00 -1.148119e+01
    endloop
  endfacet
  facet normal 1.319598e-15 -1.000000e+00 -2.945683e-15
    outer loop
      vertex   2.116059e+01 -7.039000e+00 -1.080299e+01
      vertex   1.358905e+01 -7.039000e+00 -1.148119e+01
      vertex   2.151030e+01 -7.039000e+00 -1.094784e+01
    endloop
  endfacet
  facet normal 1.705301e-15 -1.000000e+00 -8.674115e-15
    outer loop
      vertex   2.151030e+01 -7.039000e+00 -1.094784e+01
      vertex   1.358905e+01 -7.039000e+00 -1.148119e+01
      vertex   1.298807e+01 -7.039000e+00 -1.200892e+01
    endloop
  endfacet
  facet normal 1.753511e-15 -1.000000e+00 -9.061321e-15
    outer loop
      vertex   2.151030e+01 -7.039000e+00 -1.094784e+01
      vertex   1.298807e+01 -7.039000e+00 -1.200892e+01
      vertex   1.231063e+01 -7.039000e+00 -1.243407e+01
    endloop
  endfacet
  facet normal 5.084594e-14 -1.000000e+00 -2.614056e-14
    outer loop
      vertex   2.062985e+01 -7.039000e+00 -8.822250e+00
      vertex   1.700000e+01 -7.039000e+00 -8.000000e+00
      vertex   2.048500e+01 -7.039000e+00 -9.171962e+00
    endloop
  endfacet
  facet normal -3.329522e-14 -1.000000e+00 -2.763464e-13
    outer loop
      vertex   2.048500e+01 -7.039000e+00 -9.171962e+00
      vertex   1.700000e+01 -7.039000e+00 -8.000000e+00
      vertex   1.531791e+01 -7.039000e+00 -8.562268e+00
    endloop
  endfacet
  facet normal -1.108096e-15 -1.000000e+00 -3.563949e-15
    outer loop
      vertex   2.048500e+01 -7.039000e+00 -9.171962e+00
      vertex   1.531791e+01 -7.039000e+00 -8.562268e+00
      vertex   1.499895e+01 -7.039000e+00 -8.961522e+00
    endloop
  endfacet
  facet normal 4.721982e-14 -1.000000e+00 -4.214822e-14
    outer loop
      vertex   2.062985e+01 -7.039000e+00 -8.822250e+00
      vertex   2.086029e+01 -7.039000e+00 -8.521945e+00
      vertex   1.700000e+01 -7.039000e+00 -8.000000e+00
    endloop
  endfacet
  facet normal 4.410474e-14 -1.000000e+00 -6.518723e-14
    outer loop
      vertex   1.700000e+01 -7.039000e+00 -8.000000e+00
      vertex   2.086029e+01 -7.039000e+00 -8.521945e+00
      vertex   2.116059e+01 -7.039000e+00 -8.291513e+00
    endloop
  endfacet
  facet normal 4.126279e-14 -1.000000e+00 -1.057487e-13
    outer loop
      vertex   1.700000e+01 -7.039000e+00 -8.000000e+00
      vertex   2.116059e+01 -7.039000e+00 -8.291513e+00
      vertex   2.151030e+01 -7.039000e+00 -8.146657e+00
    endloop
  endfacet
  facet normal 3.584756e-14 -1.000000e+00 -2.722892e-13
    outer loop
      vertex   2.151030e+01 -7.039000e+00 -8.146657e+00
      vertex   2.188559e+01 -7.039000e+00 -8.097250e+00
      vertex   1.700000e+01 -7.039000e+00 -8.000000e+00
    endloop
  endfacet
  facet normal 4.160346e-14 -1.000000e+00 1.687371e-14
    outer loop
      vertex   1.700000e+01 -7.039000e+00 -8.000000e+00
      vertex   2.188559e+01 -7.039000e+00 -8.097250e+00
      vertex   1.700000e+01 -7.039000e+00 -2.683681e+00
    endloop
  endfacet
  facet normal -1.059381e-14 -1.000000e+00 -3.023282e-14
    outer loop
      vertex   1.700000e+01 -7.039000e+00 -2.683681e+00
      vertex   2.188559e+01 -7.039000e+00 -8.097250e+00
      vertex   2.848600e+01 -7.039000e+00 -2.683681e+00
    endloop
  endfacet
  facet normal -4.894976e-15 -1.000000e+00 -3.718103e-14
    outer loop
      vertex   2.848600e+01 -7.039000e+00 -2.683681e+00
      vertex   2.188559e+01 -7.039000e+00 -8.097250e+00
      vertex   2.226088e+01 -7.039000e+00 -8.146657e+00
    endloop
  endfacet
  facet normal -1.030677e-14 -1.000000e+00 -3.101423e-14
    outer loop
      vertex   2.848600e+01 -7.039000e+00 -2.683681e+00
      vertex   2.226088e+01 -7.039000e+00 -8.146657e+00
      vertex   2.261059e+01 -7.039000e+00 -8.291513e+00
    endloop
  endfacet
  facet normal -1.450653e-14 -1.000000e+00 -2.661409e-14
    outer loop
      vertex   2.261059e+01 -7.039000e+00 -8.291513e+00
      vertex   2.291090e+01 -7.039000e+00 -8.521945e+00
      vertex   2.848600e+01 -7.039000e+00 -2.683681e+00
    endloop
  endfacet
  facet normal -2.006184e-14 -1.000000e+00 -2.130917e-14
    outer loop
      vertex   2.848600e+01 -7.039000e+00 -2.683681e+00
      vertex   2.291090e+01 -7.039000e+00 -8.521945e+00
      vertex   2.314133e+01 -7.039000e+00 -8.822250e+00
    endloop
  endfacet
  facet normal -2.622567e-14 -1.000000e+00 -1.594251e-14
    outer loop
      vertex   2.848600e+01 -7.039000e+00 -2.683681e+00
      vertex   2.314133e+01 -7.039000e+00 -8.822250e+00
      vertex   2.328618e+01 -7.039000e+00 -9.171962e+00
    endloop
  endfacet
  facet normal -3.200215e-14 -1.000000e+00 -1.131314e-14
    outer loop
      vertex   2.328618e+01 -7.039000e+00 -9.171962e+00
      vertex   2.333559e+01 -7.039000e+00 -9.547250e+00
      vertex   2.848600e+01 -7.039000e+00 -2.683681e+00
    endloop
  endfacet
  facet normal -3.898261e-14 -1.000000e+00 -6.075022e-15
    outer loop
      vertex   2.848600e+01 -7.039000e+00 -2.683681e+00
      vertex   2.333559e+01 -7.039000e+00 -9.547250e+00
      vertex   2.848600e+01 -7.039000e+00 -1.613424e+01
    endloop
  endfacet
  facet normal -3.448679e-14 -1.000000e+00 -2.559710e-15
    outer loop
      vertex   2.848600e+01 -7.039000e+00 -1.613424e+01
      vertex   2.333559e+01 -7.039000e+00 -9.547250e+00
      vertex   2.328618e+01 -7.039000e+00 -9.922537e+00
    endloop
  endfacet
  facet normal -2.508457e-14 -1.000000e+00 5.310891e-15
    outer loop
      vertex   2.848600e+01 -7.039000e+00 -1.613424e+01
      vertex   2.328618e+01 -7.039000e+00 -9.922537e+00
      vertex   2.314133e+01 -7.039000e+00 -1.027225e+01
    endloop
  endfacet
  facet normal -2.030695e-14 -1.000000e+00 9.666892e-15
    outer loop
      vertex   2.314133e+01 -7.039000e+00 -1.027225e+01
      vertex   2.291090e+01 -7.039000e+00 -1.057255e+01
      vertex   2.848600e+01 -7.039000e+00 -1.613424e+01
    endloop
  endfacet
  facet normal -1.636495e-14 -1.000000e+00 1.361841e-14
    outer loop
      vertex   2.848600e+01 -7.039000e+00 -1.613424e+01
      vertex   2.291090e+01 -7.039000e+00 -1.057255e+01
      vertex   2.261059e+01 -7.039000e+00 -1.080299e+01
    endloop
  endfacet
  facet normal -1.074578e-14 -1.000000e+00 1.981113e-14
    outer loop
      vertex   2.848600e+01 -7.039000e+00 -1.613424e+01
      vertex   2.261059e+01 -7.039000e+00 -1.080299e+01
      vertex   2.226088e+01 -7.039000e+00 -1.094784e+01
    endloop
  endfacet
  facet normal -3.718615e-15 -1.000000e+00 2.824569e-14
    outer loop
      vertex   2.226088e+01 -7.039000e+00 -1.094784e+01
      vertex   2.188559e+01 -7.039000e+00 -1.099725e+01
      vertex   2.848600e+01 -7.039000e+00 -1.613424e+01
    endloop
  endfacet
  facet normal 1.269000e-15 -1.000000e+00 3.465417e-14
    outer loop
      vertex   2.848600e+01 -7.039000e+00 -1.613424e+01
      vertex   2.188559e+01 -7.039000e+00 -1.099725e+01
      vertex   1.186603e+01 -7.039000e+00 -1.550000e+01
    endloop
  endfacet
  facet normal -1.970886e-16 -1.000000e+00 -3.764259e-15
    outer loop
      vertex   2.848600e+01 -7.039000e+00 -1.613424e+01
      vertex   1.186603e+01 -7.039000e+00 -1.550000e+01
      vertex   1.196593e+01 -7.039000e+00 -1.574118e+01
    endloop
  endfacet
  facet normal 1.682301e-14 -1.000000e+00 4.323389e-17
    outer loop
      vertex   1.186603e+01 -7.039000e+00 -1.550000e+01
      vertex   2.188559e+01 -7.039000e+00 -1.099725e+01
      vertex   1.170711e+01 -7.039000e+00 -1.529289e+01
    endloop
  endfacet
  facet normal 4.004436e-15 -1.000000e+00 3.041671e-14
    outer loop
      vertex   1.170711e+01 -7.039000e+00 -1.529289e+01
      vertex   2.188559e+01 -7.039000e+00 -1.099725e+01
      vertex   2.151030e+01 -7.039000e+00 -1.094784e+01
    endloop
  endfacet
  facet normal -9.573157e-15 -1.000000e+00 6.105014e-14
    outer loop
      vertex   1.170711e+01 -7.039000e+00 -1.529289e+01
      vertex   2.151030e+01 -7.039000e+00 -1.094784e+01
      vertex   1.231063e+01 -7.039000e+00 -1.243407e+01
    endloop
  endfacet
  facet normal 7.896156e-15 -1.000000e+00 -6.217249e-15
    outer loop
      vertex   1.200000e+01 -7.039000e+00 -1.800000e+01
      vertex   2.855027e+01 -7.039000e+00 -1.726620e+01
      vertex   1.200000e+01 -7.039000e+00 -1.600000e+01
    endloop
  endfacet
  facet normal -8.765360e-16 -1.000000e+00 -1.208834e-13
    outer loop
      vertex   1.200000e+01 -7.039000e+00 -1.600000e+01
      vertex   2.855027e+01 -7.039000e+00 -1.726620e+01
      vertex   2.848600e+01 -7.039000e+00 -1.613424e+01
    endloop
  endfacet
  facet normal 2.197532e-16 -1.000000e+00 1.375556e-14
    outer loop
      vertex   1.200000e+01 -7.039000e+00 -1.600000e+01
      vertex   2.848600e+01 -7.039000e+00 -1.613424e+01
      vertex   1.196593e+01 -7.039000e+00 -1.574118e+01
    endloop
  endfacet
  facet normal 7.772736e-15 -1.000000e+00 -3.433592e-15
    outer loop
      vertex   2.855027e+01 -7.039000e+00 -1.726620e+01
      vertex   1.200000e+01 -7.039000e+00 -1.800000e+01
      vertex   2.874227e+01 -7.039000e+00 -1.838361e+01
    endloop
  endfacet
  facet normal 7.357439e-15 -1.000000e+00 -2.155857e-14
    outer loop
      vertex   2.874227e+01 -7.039000e+00 -1.838361e+01
      vertex   1.200000e+01 -7.039000e+00 -1.800000e+01
      vertex   1.196593e+01 -7.039000e+00 -1.825882e+01
    endloop
  endfacet
  facet normal 7.440095e-15 -1.000000e+00 -1.044703e-14
    outer loop
      vertex   2.874227e+01 -7.039000e+00 -1.838361e+01
      vertex   1.196593e+01 -7.039000e+00 -1.825882e+01
      vertex   1.186603e+01 -7.039000e+00 -1.850000e+01
    endloop
  endfacet
  facet normal 7.386964e-15 -1.000000e+00 -2.742831e-15
    outer loop
      vertex   2.874227e+01 -7.039000e+00 -1.838361e+01
      vertex   1.186603e+01 -7.039000e+00 -1.850000e+01
      vertex   2.905952e+01 -7.039000e+00 -1.947211e+01
    endloop
  endfacet
  facet normal 6.996053e-15 -1.000000e+00 -9.656765e-15
    outer loop
      vertex   2.905952e+01 -7.039000e+00 -1.947211e+01
      vertex   1.186603e+01 -7.039000e+00 -1.850000e+01
      vertex   1.170711e+01 -7.039000e+00 -1.870711e+01
    endloop
  endfacet
  facet normal 7.370794e-15 -1.000000e+00 -1.156630e-15
    outer loop
      vertex   2.905952e+01 -7.039000e+00 -1.947211e+01
      vertex   1.170711e+01 -7.039000e+00 -1.870711e+01
      vertex   2.949794e+01 -7.039000e+00 -2.051770e+01
    endloop
  endfacet
  facet normal 6.109418e-15 -1.000000e+00 -1.355084e-14
    outer loop
      vertex   2.949794e+01 -7.039000e+00 -2.051770e+01
      vertex   1.170711e+01 -7.039000e+00 -1.870711e+01
      vertex   1.150000e+01 -7.039000e+00 -1.886603e+01
    endloop
  endfacet
  facet normal 7.230176e-15 -1.000000e+00 -1.338217e-15
    outer loop
      vertex   2.949794e+01 -7.039000e+00 -2.051770e+01
      vertex   1.150000e+01 -7.039000e+00 -1.886603e+01
      vertex   3.005190e+01 -7.039000e+00 -2.150695e+01
    endloop
  endfacet
  facet normal 3.638878e-15 -1.000000e+00 -2.656630e-14
    outer loop
      vertex   3.005190e+01 -7.039000e+00 -2.150695e+01
      vertex   1.150000e+01 -7.039000e+00 -1.886603e+01
      vertex   1.125882e+01 -7.039000e+00 -1.896593e+01
    endloop
  endfacet
  facet normal 6.853947e-15 -1.000000e+00 -2.788050e-15
    outer loop
      vertex   3.005190e+01 -7.039000e+00 -2.150695e+01
      vertex   1.125882e+01 -7.039000e+00 -1.896593e+01
      vertex   3.071429e+01 -7.039000e+00 -2.242712e+01
    endloop
  endfacet
  facet normal 5.603558e-15 -1.000000e+00 -9.816511e-15
    outer loop
      vertex   3.071429e+01 -7.039000e+00 -2.242712e+01
      vertex   1.125882e+01 -7.039000e+00 -1.896593e+01
      vertex   6.075000e+00 -7.039000e+00 -2.626795e+01
    endloop
  endfacet
  facet normal 4.109669e-15 -1.000000e+00 -2.330629e-16
    outer loop
      vertex   3.071429e+01 -7.039000e+00 -2.242712e+01
      vertex   6.075000e+00 -7.039000e+00 -2.626795e+01
      vertex   6.489214e+00 -7.039000e+00 -2.658579e+01
    endloop
  endfacet
  facet normal 2.356062e-14 -1.000000e+00 -2.256451e-14
    outer loop
      vertex   1.125882e+01 -7.039000e+00 -1.896593e+01
      vertex   1.100000e+01 -7.039000e+00 -1.900000e+01
      vertex   6.075000e+00 -7.039000e+00 -2.626795e+01
    endloop
  endfacet
  facet normal 7.411679e-16 -1.000000e+00 -7.101300e-15
    outer loop
      vertex   6.075000e+00 -7.039000e+00 -2.626795e+01
      vertex   1.100000e+01 -7.039000e+00 -1.900000e+01
      vertex   5.592638e+00 -7.039000e+00 -2.606815e+01
    endloop
  endfacet
  facet normal -7.815392e-16 -1.000000e+00 -5.936380e-15
    outer loop
      vertex   5.592638e+00 -7.039000e+00 -2.606815e+01
      vertex   1.100000e+01 -7.039000e+00 -1.900000e+01
      vertex   5.075000e+00 -7.039000e+00 -2.600000e+01
    endloop
  endfacet
  facet normal 9.775639e-16 -1.000000e+00 -7.425335e-15
    outer loop
      vertex   5.075000e+00 -7.039000e+00 -2.600000e+01
      vertex   1.100000e+01 -7.039000e+00 -1.900000e+01
      vertex   4.557362e+00 -7.039000e+00 -2.606815e+01
    endloop
  endfacet
  facet normal 0.000000e+00 -1.000000e+00 -6.534282e-15
    outer loop
      vertex   4.557362e+00 -7.039000e+00 -2.606815e+01
      vertex   1.100000e+01 -7.039000e+00 -1.900000e+01
      vertex   -1.100000e+01 -7.039000e+00 -1.900000e+01
    endloop
  endfacet
  facet normal 3.820374e-29 -1.000000e+00 -6.534282e-15
    outer loop
      vertex   4.557362e+00 -7.039000e+00 -2.606815e+01
      vertex   -1.100000e+01 -7.039000e+00 -1.900000e+01
      vertex   -4.557362e+00 -7.039000e+00 -2.606815e+01
    endloop
  endfacet
  facet normal -9.775639e-16 -1.000000e+00 -7.425335e-15
    outer loop
      vertex   -4.557362e+00 -7.039000e+00 -2.606815e+01
      vertex   -1.100000e+01 -7.039000e+00 -1.900000e+01
      vertex   -5.075000e+00 -7.039000e+00 -2.600000e+01
    endloop
  endfacet
  facet normal 7.815392e-16 -1.000000e+00 -5.936380e-15
    outer loop
      vertex   -5.075000e+00 -7.039000e+00 -2.600000e+01
      vertex   -1.100000e+01 -7.039000e+00 -1.900000e+01
      vertex   -5.592638e+00 -7.039000e+00 -2.606815e+01
    endloop
  endfacet
  facet normal -7.411679e-16 -1.000000e+00 -7.101300e-15
    outer loop
      vertex   -5.592638e+00 -7.039000e+00 -2.606815e+01
      vertex   -1.100000e+01 -7.039000e+00 -1.900000e+01
      vertex   -6.075000e+00 -7.039000e+00 -2.626795e+01
    endloop
  endfacet
  facet normal -1.602504e-14 -1.000000e+00 -1.745815e-14
    outer loop
      vertex   -6.075000e+00 -7.039000e+00 -2.626795e+01
      vertex   -1.100000e+01 -7.039000e+00 -1.900000e+01
      vertex   -1.125882e+01 -7.039000e+00 -1.896593e+01
    endloop
  endfacet
  facet normal -5.637291e-15 -1.000000e+00 -1.008373e-14
    outer loop
      vertex   -6.075000e+00 -7.039000e+00 -2.626795e+01
      vertex   -1.125882e+01 -7.039000e+00 -1.896593e+01
      vertex   -3.073912e+01 -7.039000e+00 -2.243260e+01
    endloop
  endfacet
  facet normal -6.945978e-15 -1.000000e+00 -2.729811e-15
    outer loop
      vertex   -3.073912e+01 -7.039000e+00 -2.243260e+01
      vertex   -1.125882e+01 -7.039000e+00 -1.896593e+01
      vertex   -3.007765e+01 -7.039000e+00 -2.151279e+01
    endloop
  endfacet
  facet normal -4.606961e-15 -1.000000e+00 -2.001283e-14
    outer loop
      vertex   -3.007765e+01 -7.039000e+00 -2.151279e+01
      vertex   -1.125882e+01 -7.039000e+00 -1.896593e+01
      vertex   -1.150000e+01 -7.039000e+00 -1.886603e+01
    endloop
  endfacet
  facet normal -7.269785e-15 -1.000000e+00 -1.322484e-15
    outer loop
      vertex   -3.007765e+01 -7.039000e+00 -2.151279e+01
      vertex   -1.150000e+01 -7.039000e+00 -1.886603e+01
      vertex   -2.952447e+01 -7.039000e+00 -2.052407e+01
    endloop
  endfacet
  facet normal -6.600194e-15 -1.000000e+00 -8.601540e-15
    outer loop
      vertex   -2.952447e+01 -7.039000e+00 -2.052407e+01
      vertex   -1.150000e+01 -7.039000e+00 -1.886603e+01
      vertex   -1.170711e+01 -7.039000e+00 -1.870711e+01
    endloop
  endfacet
  facet normal -7.358347e-15 -1.000000e+00 -1.167006e-15
    outer loop
      vertex   -2.952447e+01 -7.039000e+00 -2.052407e+01
      vertex   -1.170711e+01 -7.039000e+00 -1.870711e+01
      vertex   -2.908668e+01 -7.039000e+00 -1.947913e+01
    endloop
  endfacet
  facet normal -6.613270e-15 -1.000000e+00 -1.794006e-14
    outer loop
      vertex   -2.908668e+01 -7.039000e+00 -1.947913e+01
      vertex   -1.170711e+01 -7.039000e+00 -1.870711e+01
      vertex   -1.186603e+01 -7.039000e+00 -1.850000e+01
    endloop
  endfacet
  facet normal -7.478582e-15 -1.000000e+00 -2.721150e-15
    outer loop
      vertex   -2.908668e+01 -7.039000e+00 -1.947913e+01
      vertex   -1.186603e+01 -7.039000e+00 -1.850000e+01
      vertex   -2.876989e+01 -7.039000e+00 -1.839137e+01
    endloop
  endfacet
  facet normal -7.504738e-15 -1.000000e+00 -6.791187e-15
    outer loop
      vertex   -2.876989e+01 -7.039000e+00 -1.839137e+01
      vertex   -1.186603e+01 -7.039000e+00 -1.850000e+01
      vertex   -1.196593e+01 -7.039000e+00 -1.825882e+01
    endloop
  endfacet
  facet normal -7.469345e-15 -1.000000e+00 -1.127833e-14
    outer loop
      vertex   -2.876989e+01 -7.039000e+00 -1.839137e+01
      vertex   -1.196593e+01 -7.039000e+00 -1.825882e+01
      vertex   -1.200000e+01 -7.039000e+00 -1.800000e+01
    endloop
  endfacet
  facet normal -7.651833e-15 -1.000000e+00 -3.458779e-15
    outer loop
      vertex   -2.876989e+01 -7.039000e+00 -1.839137e+01
      vertex   -1.200000e+01 -7.039000e+00 -1.800000e+01
      vertex   -2.857818e+01 -7.039000e+00 -1.727475e+01
    endloop
  endfacet
  facet normal -7.811363e-15 -1.000000e+00 -7.105427e-15
    outer loop
      vertex   -2.857818e+01 -7.039000e+00 -1.727475e+01
      vertex   -1.200000e+01 -7.039000e+00 -1.800000e+01
      vertex   -1.200000e+01 -7.039000e+00 -1.600000e+01
    endloop
  endfacet
  facet normal 9.445589e-16 -1.000000e+00 -1.209763e-13
    outer loop
      vertex   -2.857818e+01 -7.039000e+00 -1.727475e+01
      vertex   -1.200000e+01 -7.039000e+00 -1.600000e+01
      vertex   -2.851400e+01 -7.039000e+00 -1.614362e+01
    endloop
  endfacet
  facet normal -1.973276e-16 -1.000000e+00 1.032095e-14
    outer loop
      vertex   -2.851400e+01 -7.039000e+00 -1.614362e+01
      vertex   -1.200000e+01 -7.039000e+00 -1.600000e+01
      vertex   -1.196593e+01 -7.039000e+00 -1.574118e+01
    endloop
  endfacet
  facet normal 1.446896e-16 -1.000000e+00 -3.742555e-15
    outer loop
      vertex   -2.851400e+01 -7.039000e+00 -1.614362e+01
      vertex   -1.196593e+01 -7.039000e+00 -1.574118e+01
      vertex   -1.186603e+01 -7.039000e+00 -1.550000e+01
    endloop
  endfacet
  facet normal 3.598491e-14 -1.000000e+00 7.363692e-14
    outer loop
      vertex   -1.231063e+01 -7.039000e+00 -1.243407e+01
      vertex   -1.150000e+01 -7.039000e+00 -1.513397e+01
      vertex   -1.157407e+01 -7.039000e+00 -1.274577e+01
    endloop
  endfacet
  facet normal -3.329400e-14 -1.000000e+00 7.148818e-14
    outer loop
      vertex   -1.157407e+01 -7.039000e+00 -1.274577e+01
      vertex   -1.150000e+01 -7.039000e+00 -1.513397e+01
      vertex   -1.125882e+01 -7.039000e+00 -1.503407e+01
    endloop
  endfacet
  facet normal 2.283304e-14 -1.000000e+00 7.922063e-14
    outer loop
      vertex   -1.157407e+01 -7.039000e+00 -1.274577e+01
      vertex   -1.125882e+01 -7.039000e+00 -1.503407e+01
      vertex   -1.079724e+01 -7.039000e+00 -1.293603e+01
    endloop
  endfacet
  facet normal -2.555784e-14 -1.000000e+00 8.986695e-14
    outer loop
      vertex   -1.079724e+01 -7.039000e+00 -1.293603e+01
      vertex   -1.125882e+01 -7.039000e+00 -1.503407e+01
      vertex   -1.100000e+01 -7.039000e+00 -1.500000e+01
    endloop
  endfacet
  facet normal -2.329087e-13 -1.000000e+00 1.102371e-13
    outer loop
      vertex   -1.079724e+01 -7.039000e+00 -1.293603e+01
      vertex   -1.100000e+01 -7.039000e+00 -1.500000e+01
      vertex   -1.000000e+01 -7.039000e+00 -1.300000e+01
    endloop
  endfacet
  facet normal 0.000000e+00 -1.000000e+00 -6.217250e-15
    outer loop
      vertex   -1.000000e+01 -7.039000e+00 -1.300000e+01
      vertex   -1.100000e+01 -7.039000e+00 -1.500000e+01
      vertex   1.100000e+01 -7.039000e+00 -1.500000e+01
    endloop
  endfacet
  facet normal 0.000000e+00 -1.000000e+00 -6.217250e-15
    outer loop
      vertex   -1.000000e+01 -7.039000e+00 -1.300000e+01
      vertex   1.100000e+01 -7.039000e+00 -1.500000e+01
      vertex   1.000000e+01 -7.039000e+00 -1.300000e+01
    endloop
  endfacet
  facet normal 2.329087e-13 -1.000000e+00 1.102371e-13
    outer loop
      vertex   1.000000e+01 -7.039000e+00 -1.300000e+01
      vertex   1.100000e+01 -7.039000e+00 -1.500000e+01
      vertex   1.079724e+01 -7.039000e+00 -1.293603e+01
    endloop
  endfacet
  facet normal 2.903446e-14 -1.000000e+00 9.020850e-14
    outer loop
      vertex   1.079724e+01 -7.039000e+00 -1.293603e+01
      vertex   1.100000e+01 -7.039000e+00 -1.500000e+01
      vertex   1.125882e+01 -7.039000e+00 -1.503407e+01
    endloop
  endfacet
  facet normal -2.273465e-14 -1.000000e+00 7.881894e-14
    outer loop
      vertex   1.079724e+01 -7.039000e+00 -1.293603e+01
      vertex   1.125882e+01 -7.039000e+00 -1.503407e+01
      vertex   1.157407e+01 -7.039000e+00 -1.274577e+01
    endloop
  endfacet
  facet normal 3.314190e-14 -1.000000e+00 7.112099e-14
    outer loop
      vertex   1.157407e+01 -7.039000e+00 -1.274577e+01
      vertex   1.125882e+01 -7.039000e+00 -1.503407e+01
      vertex   1.150000e+01 -7.039000e+00 -1.513397e+01
    endloop
  endfacet
  facet normal -3.582544e-14 -1.000000e+00 7.326007e-14
    outer loop
      vertex   1.157407e+01 -7.039000e+00 -1.274577e+01
      vertex   1.150000e+01 -7.039000e+00 -1.513397e+01
      vertex   1.231063e+01 -7.039000e+00 -1.243407e+01
    endloop
  endfacet
  facet normal 3.898024e-14 -1.000000e+00 5.080003e-14
    outer loop
      vertex   1.231063e+01 -7.039000e+00 -1.243407e+01
      vertex   1.150000e+01 -7.039000e+00 -1.513397e+01
      vertex   1.170711e+01 -7.039000e+00 -1.529289e+01
    endloop
  endfacet
  facet normal 4.797202e-15 -1.000000e+00 -6.231752e-15
    outer loop
      vertex   7.006852e+00 -7.039000e+00 -2.748236e+01
      vertex   7.075000e+00 -7.039000e+00 -2.800000e+01
      vertex   3.326050e+01 -7.039000e+00 -2.466032e+01
    endloop
  endfacet
  facet normal 4.738479e-15 -1.000000e+00 -5.771319e-15
    outer loop
      vertex   3.326050e+01 -7.039000e+00 -2.466032e+01
      vertex   7.075000e+00 -7.039000e+00 -2.800000e+01
      vertex   7.006852e+00 -7.039000e+00 -2.851764e+01
    endloop
  endfacet
  facet normal 4.200861e-15 -1.000000e+00 -2.112193e-15
    outer loop
      vertex   3.326050e+01 -7.039000e+00 -2.466032e+01
      vertex   7.006852e+00 -7.039000e+00 -2.851764e+01
      vertex   3.425920e+01 -7.039000e+00 -2.519703e+01
    endloop
  endfacet
  facet normal 4.861957e-15 -1.000000e+00 -7.537822e-15
    outer loop
      vertex   3.425920e+01 -7.039000e+00 -2.519703e+01
      vertex   7.006852e+00 -7.039000e+00 -2.851764e+01
      vertex   6.807051e+00 -7.039000e+00 -2.900000e+01
    endloop
  endfacet
  facet normal -3.411590e-14 -1.000000e+00 2.738279e-13
    outer loop
      vertex   3.425920e+01 -7.039000e+00 -2.519703e+01
      vertex   6.807051e+00 -7.039000e+00 -2.900000e+01
      vertex   3.531225e+01 -7.039000e+00 -2.561724e+01
    endloop
  endfacet
  facet normal 1.853804e-14 -1.000000e+00 -1.698658e-13
    outer loop
      vertex   3.531225e+01 -7.039000e+00 -2.561724e+01
      vertex   6.807051e+00 -7.039000e+00 -2.900000e+01
      vertex   3.686085e+01 -7.039000e+00 -2.620117e+01
    endloop
  endfacet
  facet normal 3.788338e-15 -1.000000e+00 -1.148390e-14
    outer loop
      vertex   3.686085e+01 -7.039000e+00 -2.620117e+01
      vertex   6.807051e+00 -7.039000e+00 -2.900000e+01
      vertex   6.489214e+00 -7.039000e+00 -2.941421e+01
    endloop
  endfacet
  facet normal 2.535407e-15 -1.000000e+00 3.595456e-16
    outer loop
      vertex   3.686085e+01 -7.039000e+00 -2.620117e+01
      vertex   6.489214e+00 -7.039000e+00 -2.941421e+01
      vertex   3.836117e+01 -7.039000e+00 -2.689986e+01
    endloop
  endfacet
  facet normal 2.626989e-15 -1.000000e+00 -8.013514e-16
    outer loop
      vertex   3.836117e+01 -7.039000e+00 -2.689986e+01
      vertex   6.489214e+00 -7.039000e+00 -2.941421e+01
      vertex   3.980472e+01 -7.039000e+00 -2.770937e+01
    endloop
  endfacet
  facet normal 2.585341e-15 -1.000000e+00 1.252285e-17
    outer loop
      vertex   3.980472e+01 -7.039000e+00 -2.770937e+01
      vertex   6.489214e+00 -7.039000e+00 -2.941421e+01
      vertex   4.118333e+01 -7.039000e+00 -2.862510e+01
    endloop
  endfacet
  facet normal 2.570152e-15 -1.000000e+00 6.803317e-16
    outer loop
      vertex   4.118333e+01 -7.039000e+00 -2.862510e+01
      vertex   6.489214e+00 -7.039000e+00 -2.941421e+01
      vertex   4.248920e+01 -7.039000e+00 -2.964188e+01
    endloop
  endfacet
  facet normal 2.527348e-15 -1.000000e+00 -6.088148e-15
    outer loop
      vertex   4.248920e+01 -7.039000e+00 -2.964188e+01
      vertex   6.489214e+00 -7.039000e+00 -2.941421e+01
      vertex   6.075000e+00 -7.039000e+00 -2.973205e+01
    endloop
  endfacet
  facet normal 2.513323e-15 -1.000000e+00 -4.244684e-16
    outer loop
      vertex   4.248920e+01 -7.039000e+00 -2.964188e+01
      vertex   6.075000e+00 -7.039000e+00 -2.973205e+01
      vertex   4.371494e+01 -7.039000e+00 -3.075395e+01
    endloop
  endfacet
  facet normal 2.489589e-15 -1.000000e+00 -1.298673e-15
    outer loop
      vertex   4.371494e+01 -7.039000e+00 -3.075395e+01
      vertex   6.075000e+00 -7.039000e+00 -2.973205e+01
      vertex   3.000000e+01 -7.039000e+00 -4.268368e+01
    endloop
  endfacet
  facet normal 2.155431e-15 -1.000000e+00 -9.145107e-16
    outer loop
      vertex   4.371494e+01 -7.039000e+00 -3.075395e+01
      vertex   3.000000e+01 -7.039000e+00 -4.268368e+01
      vertex   4.485361e+01 -7.039000e+00 -3.195503e+01
    endloop
  endfacet
  facet normal 2.200220e-15 -1.000000e+00 -9.765206e-16
    outer loop
      vertex   4.485361e+01 -7.039000e+00 -3.195503e+01
      vertex   3.000000e+01 -7.039000e+00 -4.268368e+01
      vertex   4.589876e+01 -7.039000e+00 -3.323830e+01
    endloop
  endfacet
  facet normal 2.245266e-15 -1.000000e+00 -1.052344e-15
    outer loop
      vertex   4.589876e+01 -7.039000e+00 -3.323830e+01
      vertex   3.000000e+01 -7.039000e+00 -4.268368e+01
      vertex   4.684449e+01 -7.039000e+00 -3.459651e+01
    endloop
  endfacet
  facet normal -2.288829e-14 -1.000000e+00 5.129749e-14
    outer loop
      vertex   4.684449e+01 -7.039000e+00 -3.459651e+01
      vertex   3.000000e+01 -7.039000e+00 -4.268368e+01
      vertex   4.768544e+01 -7.039000e+00 -3.602198e+01
    endloop
  endfacet
  facet normal 1.544142e-14 -1.000000e+00 -5.045988e-14
    outer loop
      vertex   4.768544e+01 -7.039000e+00 -3.602198e+01
      vertex   3.000000e+01 -7.039000e+00 -4.268368e+01
      vertex   4.789178e+01 -7.039000e+00 -3.645168e+01
    endloop
  endfacet
  facet normal -4.894641e-17 -1.000000e+00 -5.987792e-15
    outer loop
      vertex   4.789178e+01 -7.039000e+00 -3.645168e+01
      vertex   3.000000e+01 -7.039000e+00 -4.268368e+01
      vertex   4.805593e+01 -7.039000e+00 -3.689801e+01
    endloop
  endfacet
  facet normal 1.039141e-15 -1.000000e+00 -9.383500e-15
    outer loop
      vertex   4.805593e+01 -7.039000e+00 -3.689801e+01
      vertex   3.000000e+01 -7.039000e+00 -4.268368e+01
      vertex   4.817693e+01 -7.039000e+00 -3.735788e+01
    endloop
  endfacet
  facet normal -5.759295e-16 -1.000000e+00 -3.871272e-15
    outer loop
      vertex   4.817693e+01 -7.039000e+00 -3.735788e+01
      vertex   3.000000e+01 -7.039000e+00 -4.268368e+01
      vertex   4.825381e+01 -7.039000e+00 -3.782818e+01
    endloop
  endfacet
  facet normal 3.740400e-16 -1.000000e+00 -7.442591e-15
    outer loop
      vertex   4.825381e+01 -7.039000e+00 -3.782818e+01
      vertex   3.000000e+01 -7.039000e+00 -4.268368e+01
      vertex   4.828557e+01 -7.039000e+00 -3.830393e+01
    endloop
  endfacet
  facet normal -5.172217e-16 -1.000000e+00 -3.721553e-15
    outer loop
      vertex   4.828557e+01 -7.039000e+00 -3.830393e+01
      vertex   3.000000e+01 -7.039000e+00 -4.268368e+01
      vertex   4.827196e+01 -7.039000e+00 -3.877935e+01
    endloop
  endfacet
  facet normal -1.086674e-16 -1.000000e+00 -5.633556e-15
    outer loop
      vertex   4.827196e+01 -7.039000e+00 -3.877935e+01
      vertex   3.000000e+01 -7.039000e+00 -4.268368e+01
      vertex   4.821327e+01 -7.039000e+00 -3.925120e+01
    endloop
  endfacet
  facet normal 1.408355e-15 -1.000000e+00 -1.368310e-14
    outer loop
      vertex   4.821327e+01 -7.039000e+00 -3.925120e+01
      vertex   3.000000e+01 -7.039000e+00 -4.268368e+01
      vertex   4.810978e+01 -7.039000e+00 -3.971622e+01
    endloop
  endfacet
  facet normal -8.806687e-16 -1.000000e+00 2.863339e-16
    outer loop
      vertex   4.810978e+01 -7.039000e+00 -3.971622e+01
      vertex   3.000000e+01 -7.039000e+00 -4.268368e+01
      vertex   4.796232e+01 -7.039000e+00 -4.016977e+01
    endloop
  endfacet
  facet normal 3.183099e-16 -1.000000e+00 -8.280576e-15
    outer loop
      vertex   4.796232e+01 -7.039000e+00 -4.016977e+01
      vertex   3.000000e+01 -7.039000e+00 -4.268368e+01
      vertex   4.777286e+01 -7.039000e+00 -4.060610e+01
    endloop
  endfacet
  facet normal -1.610852e-16 -1.000000e+00 -4.179553e-15
    outer loop
      vertex   4.777286e+01 -7.039000e+00 -4.060610e+01
      vertex   3.000000e+01 -7.039000e+00 -4.268368e+01
      vertex   4.754292e+01 -7.039000e+00 -4.102225e+01
    endloop
  endfacet
  facet normal 3.197559e-16 -1.000000e+00 -9.256703e-15
    outer loop
      vertex   4.754292e+01 -7.039000e+00 -4.102225e+01
      vertex   3.000000e+01 -7.039000e+00 -4.268368e+01
      vertex   4.727399e+01 -7.039000e+00 -4.141533e+01
    endloop
  endfacet
  facet normal -3.018143e-12 -1.000000e+00 4.110008e-11
    outer loop
      vertex   4.727399e+01 -7.039000e+00 -4.141533e+01
      vertex   3.000000e+01 -7.039000e+00 -4.268368e+01
      vertex   4.696825e+01 -7.039000e+00 -4.178173e+01
    endloop
  endfacet
  facet normal -7.737538e-12 -1.000000e+00 1.298855e-10
    outer loop
      vertex   4.696825e+01 -7.039000e+00 -4.178173e+01
      vertex   3.000000e+01 -7.039000e+00 -4.268368e+01
      vertex   4.662938e+01 -7.039000e+00 -4.211695e+01
    endloop
  endfacet
  facet normal -6.158484e-12 -1.000000e+00 8.355158e-11
    outer loop
      vertex   4.662938e+01 -7.039000e+00 -4.211695e+01
      vertex   3.000000e+01 -7.039000e+00 -4.268368e+01
      vertex   4.625980e+01 -7.039000e+00 -4.241863e+01
    endloop
  endfacet
  facet normal 0.000000e+00 -1.000000e+00 -2.942423e-10
    outer loop
      vertex   4.625980e+01 -7.039000e+00 -4.241863e+01
      vertex   3.000000e+01 -7.039000e+00 -4.268368e+01
      vertex   4.586319e+01 -7.039000e+00 -4.268368e+01
    endloop
  endfacet
  facet normal -7.023517e-16 -1.000000e+00 -7.195010e-15
    outer loop
      vertex   6.075000e+00 -7.039000e+00 -2.973205e+01
      vertex   5.592638e+00 -7.039000e+00 -2.993185e+01
      vertex   3.000000e+01 -7.039000e+00 -4.268368e+01
    endloop
  endfacet
  facet normal 6.152285e-16 -1.000000e+00 -4.673124e-15
    outer loop
      vertex   3.000000e+01 -7.039000e+00 -4.268368e+01
      vertex   5.592638e+00 -7.039000e+00 -2.993185e+01
      vertex   5.075000e+00 -7.039000e+00 -3.000000e+01
    endloop
  endfacet
  facet normal 3.137322e-29 -1.000000e+00 -5.882124e-15
    outer loop
      vertex   3.000000e+01 -7.039000e+00 -4.268368e+01
      vertex   5.075000e+00 -7.039000e+00 -3.000000e+01
      vertex   -5.075000e+00 -7.039000e+00 -3.000000e+01
    endloop
  endfacet
  facet normal 0.000000e+00 -1.000000e+00 0.000000e+00
    outer loop
      vertex   -5.075000e+00 -7.039000e+00 -3.000000e+01
      vertex   5.075000e+00 -7.039000e+00 -3.000000e+01
      vertex   -4.557362e+00 -7.039000e+00 -2.993185e+01
    endloop
  endfacet
  facet normal 0.000000e+00 -1.000000e+00 0.000000e+00
    outer loop
      vertex   -4.557362e+00 -7.039000e+00 -2.993185e+01
      vertex   5.075000e+00 -7.039000e+00 -3.000000e+01
      vertex   4.557362e+00 -7.039000e+00 -2.993185e+01
    endloop
  endfacet
  facet normal 5.198055e-29 -1.000000e+00 -8.890637e-15
    outer loop
      vertex   -4.557362e+00 -7.039000e+00 -2.993185e+01
      vertex   4.557362e+00 -7.039000e+00 -2.993185e+01
      vertex   -4.075000e+00 -7.039000e+00 -2.973205e+01
    endloop
  endfacet
  facet normal 5.813354e-29 -1.000000e+00 -8.890637e-15
    outer loop
      vertex   -4.075000e+00 -7.039000e+00 -2.973205e+01
      vertex   4.557362e+00 -7.039000e+00 -2.993185e+01
      vertex   4.075000e+00 -7.039000e+00 -2.973205e+01
    endloop
  endfacet
  facet normal 1.827213e-29 -1.000000e+00 -2.794444e-15
    outer loop
      vertex   -4.075000e+00 -7.039000e+00 -2.973205e+01
      vertex   4.075000e+00 -7.039000e+00 -2.973205e+01
      vertex   -3.660786e+00 -7.039000e+00 -2.941421e+01
    endloop
  endfacet
  facet normal 2.033960e-29 -1.000000e+00 -2.794444e-15
    outer loop
      vertex   -3.660786e+00 -7.039000e+00 -2.941421e+01
      vertex   4.075000e+00 -7.039000e+00 -2.973205e+01
      vertex   3.660786e+00 -7.039000e+00 -2.941421e+01
    endloop
  endfacet
  facet normal 6.242851e-29 -1.000000e+00 -8.577010e-15
    outer loop
      vertex   -3.660786e+00 -7.039000e+00 -2.941421e+01
      vertex   3.660786e+00 -7.039000e+00 -2.941421e+01
      vertex   -3.342949e+00 -7.039000e+00 -2.900000e+01
    endloop
  endfacet
  facet normal 6.836402e-29 -1.000000e+00 -8.577010e-15
    outer loop
      vertex   -3.342949e+00 -7.039000e+00 -2.900000e+01
      vertex   3.660786e+00 -7.039000e+00 -2.941421e+01
      vertex   3.342949e+00 -7.039000e+00 -2.900000e+01
    endloop
  endfacet
  facet normal 4.402914e-29 -1.000000e+00 -5.523934e-15
    outer loop
      vertex   -3.342949e+00 -7.039000e+00 -2.900000e+01
      vertex   3.342949e+00 -7.039000e+00 -2.900000e+01
      vertex   -3.143148e+00 -7.039000e+00 -2.851764e+01
    endloop
  endfacet
  facet normal 4.682794e-29 -1.000000e+00 -5.523934e-15
    outer loop
      vertex   -3.143148e+00 -7.039000e+00 -2.851764e+01
      vertex   3.342949e+00 -7.039000e+00 -2.900000e+01
      vertex   3.143148e+00 -7.039000e+00 -2.851764e+01
    endloop
  endfacet
  facet normal 4.363669e-29 -1.000000e+00 -5.147487e-15
    outer loop
      vertex   -3.143148e+00 -7.039000e+00 -2.851764e+01
      vertex   3.143148e+00 -7.039000e+00 -2.851764e+01
      vertex   -3.075000e+00 -7.039000e+00 -2.800000e+01
    endloop
  endfacet
  facet normal 4.163019e-29 -1.000000e+00 -5.147487e-15
    outer loop
      vertex   -3.075000e+00 -7.039000e+00 -2.800000e+01
      vertex   3.143148e+00 -7.039000e+00 -2.851764e+01
      vertex   3.075000e+00 -7.039000e+00 -2.800000e+01
    endloop
  endfacet
  facet normal 5.550692e-29 -1.000000e+00 -6.863316e-15
    outer loop
      vertex   -3.075000e+00 -7.039000e+00 -2.800000e+01
      vertex   3.075000e+00 -7.039000e+00 -2.800000e+01
      vertex   -3.143148e+00 -7.039000e+00 -2.748236e+01
    endloop
  endfacet
  facet normal 5.818226e-29 -1.000000e+00 -6.863316e-15
    outer loop
      vertex   -3.143148e+00 -7.039000e+00 -2.748236e+01
      vertex   3.075000e+00 -7.039000e+00 -2.800000e+01
      vertex   3.143148e+00 -7.039000e+00 -2.748236e+01
    endloop
  endfacet
  facet normal 4.682794e-29 -1.000000e+00 -5.523934e-15
    outer loop
      vertex   -3.143148e+00 -7.039000e+00 -2.748236e+01
      vertex   3.143148e+00 -7.039000e+00 -2.748236e+01
      vertex   -3.342949e+00 -7.039000e+00 -2.700000e+01
    endloop
  endfacet
  facet normal 4.402914e-29 -1.000000e+00 -5.523934e-15
    outer loop
      vertex   -3.342949e+00 -7.039000e+00 -2.700000e+01
      vertex   3.143148e+00 -7.039000e+00 -2.748236e+01
      vertex   3.342949e+00 -7.039000e+00 -2.700000e+01
    endloop
  endfacet
  facet normal 5.127301e-29 -1.000000e+00 -6.432757e-15
    outer loop
      vertex   -3.342949e+00 -7.039000e+00 -2.700000e+01
      vertex   3.342949e+00 -7.039000e+00 -2.700000e+01
      vertex   -3.660786e+00 -7.039000e+00 -2.658579e+01
    endloop
  endfacet
  facet normal 4.682138e-29 -1.000000e+00 -6.432757e-15
    outer loop
      vertex   -3.660786e+00 -7.039000e+00 -2.658579e+01
      vertex   3.342949e+00 -7.039000e+00 -2.700000e+01
      vertex   3.660786e+00 -7.039000e+00 -2.658579e+01
    endloop
  endfacet
  facet normal 4.067921e-29 -1.000000e+00 -5.588888e-15
    outer loop
      vertex   -3.660786e+00 -7.039000e+00 -2.658579e+01
      vertex   3.660786e+00 -7.039000e+00 -2.658579e+01
      vertex   -4.075000e+00 -7.039000e+00 -2.626795e+01
    endloop
  endfacet
  facet normal 3.654427e-29 -1.000000e+00 -5.588888e-15
    outer loop
      vertex   -4.075000e+00 -7.039000e+00 -2.626795e+01
      vertex   3.660786e+00 -7.039000e+00 -2.658579e+01
      vertex   4.075000e+00 -7.039000e+00 -2.626795e+01
    endloop
  endfacet
  facet normal 5.813354e-29 -1.000000e+00 -8.890637e-15
    outer loop
      vertex   -4.075000e+00 -7.039000e+00 -2.626795e+01
      vertex   4.075000e+00 -7.039000e+00 -2.626795e+01
      vertex   -4.557362e+00 -7.039000e+00 -2.606815e+01
    endloop
  endfacet
  facet normal 5.198055e-29 -1.000000e+00 -8.890637e-15
    outer loop
      vertex   -4.557362e+00 -7.039000e+00 -2.606815e+01
      vertex   4.075000e+00 -7.039000e+00 -2.626795e+01
      vertex   4.557362e+00 -7.039000e+00 -2.606815e+01
    endloop
  endfacet
  facet normal 4.463699e-15 -1.000000e+00 -2.295362e-15
    outer loop
      vertex   3.071429e+01 -7.039000e+00 -2.242712e+01
      vertex   6.489214e+00 -7.039000e+00 -2.658579e+01
      vertex   3.147657e+01 -7.039000e+00 -2.326641e+01
    endloop
  endfacet
  facet normal 4.549567e-15 -1.000000e+00 -2.941751e-15
    outer loop
      vertex   3.147657e+01 -7.039000e+00 -2.326641e+01
      vertex   6.489214e+00 -7.039000e+00 -2.658579e+01
      vertex   6.807051e+00 -7.039000e+00 -2.700000e+01
    endloop
  endfacet
  facet normal 4.267051e-15 -1.000000e+00 -1.075042e-15
    outer loop
      vertex   3.147657e+01 -7.039000e+00 -2.326641e+01
      vertex   6.807051e+00 -7.039000e+00 -2.700000e+01
      vertex   3.232896e+01 -7.039000e+00 -2.401401e+01
    endloop
  endfacet
  facet normal 4.566269e-15 -1.000000e+00 -3.632523e-15
    outer loop
      vertex   3.232896e+01 -7.039000e+00 -2.401401e+01
      vertex   6.807051e+00 -7.039000e+00 -2.700000e+01
      vertex   7.006852e+00 -7.039000e+00 -2.748236e+01
    endloop
  endfacet
  facet normal 4.341089e-15 -1.000000e+00 -1.988503e-15
    outer loop
      vertex   3.232896e+01 -7.039000e+00 -2.401401e+01
      vertex   7.006852e+00 -7.039000e+00 -2.748236e+01
      vertex   3.326050e+01 -7.039000e+00 -2.466032e+01
    endloop
  endfacet
  facet normal -0.000000e+00 -1.000000e+00 -5.882124e-15
    outer loop
      vertex   3.000000e+01 -7.039000e+00 -4.268368e+01
      vertex   -5.075000e+00 -7.039000e+00 -3.000000e+01
      vertex   -3.000000e+01 -7.039000e+00 -4.268368e+01
    endloop
  endfacet
  facet normal -6.152285e-16 -1.000000e+00 -4.673124e-15
    outer loop
      vertex   -3.000000e+01 -7.039000e+00 -4.268368e+01
      vertex   -5.075000e+00 -7.039000e+00 -3.000000e+01
      vertex   -5.592638e+00 -7.039000e+00 -2.993185e+01
    endloop
  endfacet
  facet normal 7.023517e-16 -1.000000e+00 -7.195010e-15
    outer loop
      vertex   -3.000000e+01 -7.039000e+00 -4.268368e+01
      vertex   -5.592638e+00 -7.039000e+00 -2.993185e+01
      vertex   -6.075000e+00 -7.039000e+00 -2.973205e+01
    endloop
  endfacet
  facet normal -2.521918e-15 -1.000000e+00 -6.081072e-15
    outer loop
      vertex   -6.489214e+00 -7.039000e+00 -2.941421e+01
      vertex   -4.274498e+01 -7.039000e+00 -2.986032e+01
      vertex   -6.075000e+00 -7.039000e+00 -2.973205e+01
    endloop
  endfacet
  facet normal -2.542097e-15 -1.000000e+00 -3.124998e-16
    outer loop
      vertex   -6.075000e+00 -7.039000e+00 -2.973205e+01
      vertex   -4.274498e+01 -7.039000e+00 -2.986032e+01
      vertex   -4.399801e+01 -7.039000e+00 -3.103596e+01
    endloop
  endfacet
  facet normal -2.509451e-15 -1.000000e+00 -1.261982e-15
    outer loop
      vertex   -6.075000e+00 -7.039000e+00 -2.973205e+01
      vertex   -4.399801e+01 -7.039000e+00 -3.103596e+01
      vertex   -3.000000e+01 -7.039000e+00 -4.268368e+01
    endloop
  endfacet
  facet normal -1.822828e-15 -1.000000e+00 -4.368115e-16
    outer loop
      vertex   -3.000000e+01 -7.039000e+00 -4.268368e+01
      vertex   -4.399801e+01 -7.039000e+00 -3.103596e+01
      vertex   -4.515547e+01 -7.039000e+00 -3.230580e+01
    endloop
  endfacet
  facet normal -2.164611e-15 -1.000000e+00 -9.359387e-16
    outer loop
      vertex   -3.000000e+01 -7.039000e+00 -4.268368e+01
      vertex   -4.515547e+01 -7.039000e+00 -3.230580e+01
      vertex   -4.621031e+01 -7.039000e+00 -3.366210e+01
    endloop
  endfacet
  facet normal -3.764596e-15 -1.000000e+00 -1.146569e-14
    outer loop
      vertex   -6.807051e+00 -7.039000e+00 -2.900000e+01
      vertex   -3.693777e+01 -7.039000e+00 -2.623370e+01
      vertex   -6.489214e+00 -7.039000e+00 -2.941421e+01
    endloop
  endfacet
  facet normal -2.619703e-15 -1.000000e+00 -5.050951e-16
    outer loop
      vertex   -6.489214e+00 -7.039000e+00 -2.941421e+01
      vertex   -3.693777e+01 -7.039000e+00 -2.623370e+01
      vertex   -3.849153e+01 -7.039000e+00 -2.696720e+01
    endloop
  endfacet
  facet normal -2.557531e-15 -1.000000e+00 3.079935e-16
    outer loop
      vertex   -6.489214e+00 -7.039000e+00 -2.941421e+01
      vertex   -3.849153e+01 -7.039000e+00 -2.696720e+01
      vertex   -3.998332e+01 -7.039000e+00 -2.781972e+01
    endloop
  endfacet
  facet normal -4.856429e-15 -1.000000e+00 -7.535532e-15
    outer loop
      vertex   -7.006852e+00 -7.039000e+00 -2.851764e+01
      vertex   -3.427960e+01 -7.039000e+00 -2.520286e+01
      vertex   -6.807051e+00 -7.039000e+00 -2.900000e+01
    endloop
  endfacet
  facet normal 3.402220e-14 -1.000000e+00 2.737542e-13
    outer loop
      vertex   -6.807051e+00 -7.039000e+00 -2.900000e+01
      vertex   -3.427960e+01 -7.039000e+00 -2.520286e+01
      vertex   -3.533150e+01 -7.039000e+00 -2.562369e+01
    endloop
  endfacet
  facet normal -1.768576e-14 -1.000000e+00 -1.630957e-13
    outer loop
      vertex   -6.807051e+00 -7.039000e+00 -2.900000e+01
      vertex   -3.533150e+01 -7.039000e+00 -2.562369e+01
      vertex   -3.693777e+01 -7.039000e+00 -2.623370e+01
    endloop
  endfacet
  facet normal -4.198678e-15 -1.000000e+00 -2.123797e-15
    outer loop
      vertex   -3.427960e+01 -7.039000e+00 -2.520286e+01
      vertex   -7.006852e+00 -7.039000e+00 -2.851764e+01
      vertex   -3.328206e+01 -7.039000e+00 -2.466576e+01
    endloop
  endfacet
  facet normal -4.733296e-15 -1.000000e+00 -5.770637e-15
    outer loop
      vertex   -3.328206e+01 -7.039000e+00 -2.466576e+01
      vertex   -7.006852e+00 -7.039000e+00 -2.851764e+01
      vertex   -7.075000e+00 -7.039000e+00 -2.800000e+01
    endloop
  endfacet
  facet normal -4.792048e-15 -1.000000e+00 -6.232431e-15
    outer loop
      vertex   -3.328206e+01 -7.039000e+00 -2.466576e+01
      vertex   -7.075000e+00 -7.039000e+00 -2.800000e+01
      vertex   -7.006852e+00 -7.039000e+00 -2.748236e+01
    endloop
  endfacet
  facet normal -4.338309e-15 -1.000000e+00 -1.999646e-15
    outer loop
      vertex   -3.328206e+01 -7.039000e+00 -2.466576e+01
      vertex   -7.006852e+00 -7.039000e+00 -2.748236e+01
      vertex   -3.235167e+01 -7.039000e+00 -2.401926e+01
    endloop
  endfacet
  facet normal -4.561684e-15 -1.000000e+00 -3.634422e-15
    outer loop
      vertex   -3.235167e+01 -7.039000e+00 -2.401926e+01
      vertex   -7.006852e+00 -7.039000e+00 -2.748236e+01
      vertex   -6.807051e+00 -7.039000e+00 -2.700000e+01
    endloop
  endfacet
  facet normal -4.264156e-15 -1.000000e+00 -1.084641e-15
    outer loop
      vertex   -3.235167e+01 -7.039000e+00 -2.401926e+01
      vertex   -6.807051e+00 -7.039000e+00 -2.700000e+01
      vertex   -3.150038e+01 -7.039000e+00 -2.327168e+01
    endloop
  endfacet
  facet normal -4.545073e-15 -1.000000e+00 -2.945200e-15
    outer loop
      vertex   -3.150038e+01 -7.039000e+00 -2.327168e+01
      vertex   -6.807051e+00 -7.039000e+00 -2.700000e+01
      vertex   -6.489214e+00 -7.039000e+00 -2.658579e+01
    endloop
  endfacet
  facet normal -4.460183e-15 -1.000000e+00 -2.304542e-15
    outer loop
      vertex   -3.150038e+01 -7.039000e+00 -2.327168e+01
      vertex   -6.489214e+00 -7.039000e+00 -2.658579e+01
      vertex   -3.073912e+01 -7.039000e+00 -2.243260e+01
    endloop
  endfacet
  facet normal -4.106186e-15 -1.000000e+00 -2.376028e-16
    outer loop
      vertex   -3.073912e+01 -7.039000e+00 -2.243260e+01
      vertex   -6.489214e+00 -7.039000e+00 -2.658579e+01
      vertex   -6.075000e+00 -7.039000e+00 -2.626795e+01
    endloop
  endfacet
  facet normal -2.243277e-13 -1.000000e+00 2.951506e-13
    outer loop
      vertex   1.531791e+01 -7.039000e+00 -8.562268e+00
      vertex   1.700000e+01 -7.039000e+00 -8.000000e+00
      vertex   1.572763e+01 -7.039000e+00 -8.256877e+00
    endloop
  endfacet
  facet normal -3.043833e-15 -1.000000e+00 -8.009180e-13
    outer loop
      vertex   1.572763e+01 -7.039000e+00 -8.256877e+00
      vertex   1.700000e+01 -7.039000e+00 -8.000000e+00
      vertex   1.670820e+01 -7.039000e+00 -8.000000e+00
    endloop
  endfacet
  facet normal -5.973895e-13 -1.000000e+00 1.467869e-12
    outer loop
      vertex   1.572763e+01 -7.039000e+00 -8.256877e+00
      vertex   1.670820e+01 -7.039000e+00 -8.000000e+00
      vertex   1.620137e+01 -7.039000e+00 -8.065285e+00
    endloop
  endfacet
  facet normal -2.567515e-15 -1.000000e+00 9.827153e-17
    outer loop
      vertex   -3.998332e+01 -7.039000e+00 -2.781972e+01
      vertex   -4.140402e+01 -7.039000e+00 -2.878606e+01
      vertex   -6.489214e+00 -7.039000e+00 -2.941421e+01
    endloop
  endfacet
  facet normal -2.585590e-15 -1.000000e+00 -9.064118e-16
    outer loop
      vertex   -6.489214e+00 -7.039000e+00 -2.941421e+01
      vertex   -4.140402e+01 -7.039000e+00 -2.878606e+01
      vertex   -4.274498e+01 -7.039000e+00 -2.986032e+01
    endloop
  endfacet
  facet normal 2.577087e-14 -1.000000e+00 4.925953e-14
    outer loop
      vertex   -4.621031e+01 -7.039000e+00 -3.366210e+01
      vertex   -4.715608e+01 -7.039000e+00 -3.509658e+01
      vertex   -3.000000e+01 -7.039000e+00 -4.268368e+01
    endloop
  endfacet
  facet normal -5.956901e-14 -1.000000e+00 -1.437123e-13
    outer loop
      vertex   -3.000000e+01 -7.039000e+00 -4.268368e+01
      vertex   -4.715608e+01 -7.039000e+00 -3.509658e+01
      vertex   -4.740495e+01 -7.039000e+00 -3.556200e+01
    endloop
  endfacet
  facet normal -3.205648e-15 -1.000000e+00 -5.963685e-15
    outer loop
      vertex   -3.000000e+01 -7.039000e+00 -4.268368e+01
      vertex   -4.740495e+01 -7.039000e+00 -3.556200e+01
      vertex   -4.760337e+01 -7.039000e+00 -3.605107e+01
    endloop
  endfacet
  facet normal -3.841343e-15 -1.000000e+00 -7.650862e-15
    outer loop
      vertex   -4.760337e+01 -7.039000e+00 -3.605107e+01
      vertex   -4.774913e+01 -7.039000e+00 -3.655833e+01
      vertex   -3.000000e+01 -7.039000e+00 -4.268368e+01
    endloop
  endfacet
  facet normal -3.911810e-15 -1.000000e+00 -7.855048e-15
    outer loop
      vertex   -3.000000e+01 -7.039000e+00 -4.268368e+01
      vertex   -4.774913e+01 -7.039000e+00 -3.655833e+01
      vertex   -4.784062e+01 -7.039000e+00 -3.707812e+01
    endloop
  endfacet
  facet normal -3.488415e-15 -1.000000e+00 -6.507524e-15
    outer loop
      vertex   -3.000000e+01 -7.039000e+00 -4.268368e+01
      vertex   -4.784062e+01 -7.039000e+00 -3.707812e+01
      vertex   -4.787680e+01 -7.039000e+00 -3.760467e+01
    endloop
  endfacet
  facet normal -3.591085e-15 -1.000000e+00 -6.868895e-15
    outer loop
      vertex   -4.787680e+01 -7.039000e+00 -3.760467e+01
      vertex   -4.785727e+01 -7.039000e+00 -3.813209e+01
      vertex   -3.000000e+01 -7.039000e+00 -4.268368e+01
    endloop
  endfacet
  facet normal -4.608961e-15 -1.000000e+00 -1.086234e-14
    outer loop
      vertex   -3.000000e+01 -7.039000e+00 -4.268368e+01
      vertex   -4.785727e+01 -7.039000e+00 -3.813209e+01
      vertex   -4.778226e+01 -7.039000e+00 -3.865452e+01
    endloop
  endfacet
  facet normal -3.113233e-15 -1.000000e+00 -4.261099e-15
    outer loop
      vertex   -3.000000e+01 -7.039000e+00 -4.268368e+01
      vertex   -4.778226e+01 -7.039000e+00 -3.865452e+01
      vertex   -4.765260e+01 -7.039000e+00 -3.916613e+01
    endloop
  endfacet
  facet normal -3.987528e-15 -1.000000e+00 -8.648693e-15
    outer loop
      vertex   -4.765260e+01 -7.039000e+00 -3.916613e+01
      vertex   -4.746973e+01 -7.039000e+00 -3.966122e+01
      vertex   -3.000000e+01 -7.039000e+00 -4.268368e+01
    endloop
  endfacet
  facet normal 0.000000e+00 -1.000000e+00 1.439913e-14
    outer loop
      vertex   -3.000000e+01 -7.039000e+00 -4.268368e+01
      vertex   -4.746973e+01 -7.039000e+00 -3.966122e+01
      vertex   -4.287742e+01 -7.039000e+00 -4.268368e+01
    endloop
  endfacet
  facet normal -2.138185e-14 -1.000000e+00 -1.808839e-14
    outer loop
      vertex   -4.287742e+01 -7.039000e+00 -4.268368e+01
      vertex   -4.746973e+01 -7.039000e+00 -3.966122e+01
      vertex   -4.723569e+01 -7.039000e+00 -4.013428e+01
    endloop
  endfacet
  facet normal -2.087267e-14 -1.000000e+00 -1.721793e-14
    outer loop
      vertex   -4.287742e+01 -7.039000e+00 -4.268368e+01
      vertex   -4.723569e+01 -7.039000e+00 -4.013428e+01
      vertex   -4.695310e+01 -7.039000e+00 -4.058004e+01
    endloop
  endfacet
  facet normal -2.405085e-14 -1.000000e+00 -2.337545e-14
    outer loop
      vertex   -4.695310e+01 -7.039000e+00 -4.058004e+01
      vertex   -4.662508e+01 -7.039000e+00 -4.099352e+01
      vertex   -4.287742e+01 -7.039000e+00 -4.268368e+01
    endloop
  endfacet
  facet normal -2.997100e-14 -1.000000e+00 -3.650243e-14
    outer loop
      vertex   -4.287742e+01 -7.039000e+00 -4.268368e+01
      vertex   -4.662508e+01 -7.039000e+00 -4.099352e+01
      vertex   -4.625532e+01 -7.039000e+00 -4.137012e+01
    endloop
  endfacet
  facet normal -3.574019e-14 -1.000000e+00 -5.133821e-14
    outer loop
      vertex   -4.287742e+01 -7.039000e+00 -4.268368e+01
      vertex   -4.625532e+01 -7.039000e+00 -4.137012e+01
      vertex   -4.584791e+01 -7.039000e+00 -4.170565e+01
    endloop
  endfacet
  facet normal -3.759142e-14 -1.000000e+00 -5.696075e-14
    outer loop
      vertex   -4.584791e+01 -7.039000e+00 -4.170565e+01
      vertex   -4.540741e+01 -7.039000e+00 -4.199636e+01
      vertex   -4.287742e+01 -7.039000e+00 -4.268368e+01
    endloop
  endfacet
  facet normal -4.862759e-14 -1.000000e+00 -9.758405e-14
    outer loop
      vertex   -4.287742e+01 -7.039000e+00 -4.268368e+01
      vertex   -4.540741e+01 -7.039000e+00 -4.199636e+01
      vertex   -4.493871e+01 -7.039000e+00 -4.223902e+01
    endloop
  endfacet
  facet normal -6.172021e-14 -1.000000e+00 -1.582764e-13
    outer loop
      vertex   -4.287742e+01 -7.039000e+00 -4.268368e+01
      vertex   -4.493871e+01 -7.039000e+00 -4.223902e+01
      vertex   -4.444407e+01 -7.039000e+00 -4.243190e+01
    endloop
  endfacet
  facet normal -8.867676e-14 -1.000000e+00 -3.260087e-13
    outer loop
      vertex   -4.444407e+01 -7.039000e+00 -4.243190e+01
      vertex   -4.393177e+01 -7.039000e+00 -4.257125e+01
      vertex   -4.287742e+01 -7.039000e+00 -4.268368e+01
    endloop
  endfacet
  facet normal -1.568819e-13 -1.000000e+00 -9.656270e-13
    outer loop
      vertex   -4.287742e+01 -7.039000e+00 -4.268368e+01
      vertex   -4.393177e+01 -7.039000e+00 -4.257125e+01
      vertex   -4.340759e+01 -7.039000e+00 -4.265549e+01
    endloop
  endfacet
  facet normal 1.000000e+00 0.000000e+00 -0.000000e+00
    outer loop
      vertex   2.848600e+01 -7.039000e+00 -1.613424e+01
      vertex   2.848600e+01 -5.539000e+00 -1.613424e+01
      vertex   2.848600e+01 -7.039000e+00 -2.683681e+00
    endloop
  endfacet
  facet normal 1.000000e+00 -0.000000e+00 0.000000e+00
    outer loop
      vertex   2.848600e+01 -7.039000e+00 -2.683681e+00
      vertex   2.848600e+01 -5.539000e+00 -1.613424e+01
      vertex   2.848600e+01 -5.539000e+00 -2.683681e+00
    endloop
  endfacet
  facet normal -9.983942e-01 0.000000e+00 5.664753e-02
    outer loop
      vertex   -2.851400e+01 -7.039000e+00 -1.614362e+01
      vertex   -2.851400e+01 -5.539000e+00 -1.614362e+01
      vertex   -2.857818e+01 -7.039000e+00 -1.727475e+01
    endloop
  endfacet
  facet normal -9.983942e-01 0.000000e+00 5.664753e-02
    outer loop
      vertex   -2.857818e+01 -7.039000e+00 -1.727475e+01
      vertex   -2.851400e+01 -5.539000e+00 -1.614362e+01
      vertex   -2.857818e+01 -5.539000e+00 -1.727475e+01
    endloop
  endfacet
  facet normal -9.855791e-01 0.000000e+00 1.692155e-01
    outer loop
      vertex   -2.857818e+01 -7.039000e+00 -1.727475e+01
      vertex   -2.857818e+01 -5.539000e+00 -1.727475e+01
      vertex   -2.876989e+01 -7.039000e+00 -1.839137e+01
    endloop
  endfacet
  facet normal -9.855791e-01 0.000000e+00 1.692155e-01
    outer loop
      vertex   -2.876989e+01 -7.039000e+00 -1.839137e+01
      vertex   -2.857818e+01 -5.539000e+00 -1.727475e+01
      vertex   -2.876989e+01 -5.539000e+00 -1.839137e+01
    endloop
  endfacet
  facet normal -9.601132e-01 0.000000e+00 2.796114e-01
    outer loop
      vertex   -2.876989e+01 -7.039000e+00 -1.839137e+01
      vertex   -2.876989e+01 -5.539000e+00 -1.839137e+01
      vertex   -2.908668e+01 -7.039000e+00 -1.947913e+01
    endloop
  endfacet
  facet normal -9.601132e-01 2.936258e-15 2.796114e-01
    outer loop
      vertex   -2.908668e+01 -7.039000e+00 -1.947913e+01
      vertex   -2.876989e+01 -5.539000e+00 -1.839137e+01
      vertex   -2.908668e+01 -5.539000e+00 -1.947913e+01
    endloop
  endfacet
  facet normal -9.223236e-01 3.099724e-15 3.864183e-01
    outer loop
      vertex   -2.908668e+01 -7.039000e+00 -1.947913e+01
      vertex   -2.908668e+01 -5.539000e+00 -1.947913e+01
      vertex   -2.952447e+01 -7.039000e+00 -2.052407e+01
    endloop
  endfacet
  facet normal -9.223236e-01 9.152225e-16 3.864183e-01
    outer loop
      vertex   -2.952447e+01 -7.039000e+00 -2.052407e+01
      vertex   -2.908668e+01 -5.539000e+00 -1.947913e+01
      vertex   -2.952447e+01 -5.539000e+00 -2.052407e+01
    endloop
  endfacet
  facet normal -8.726953e-01 1.156444e-15 4.882653e-01
    outer loop
      vertex   -2.952447e+01 -7.039000e+00 -2.052407e+01
      vertex   -2.952447e+01 -5.539000e+00 -2.052407e+01
      vertex   -3.007765e+01 -7.039000e+00 -2.151279e+01
    endloop
  endfacet
  facet normal -8.726953e-01 0.000000e+00 4.882653e-01
    outer loop
      vertex   -3.007765e+01 -7.039000e+00 -2.151279e+01
      vertex   -2.952447e+01 -5.539000e+00 -2.052407e+01
      vertex   -3.007765e+01 -5.539000e+00 -2.151279e+01
    endloop
  endfacet
  facet normal -8.118652e-01 0.000000e+00 5.838449e-01
    outer loop
      vertex   -3.007765e+01 -7.039000e+00 -2.151279e+01
      vertex   -3.007765e+01 -5.539000e+00 -2.151279e+01
      vertex   -3.073912e+01 -7.039000e+00 -2.243260e+01
    endloop
  endfacet
  facet normal -8.118652e-01 1.382823e-15 5.838449e-01
    outer loop
      vertex   -3.073912e+01 -7.039000e+00 -2.243260e+01
      vertex   -3.007765e+01 -5.539000e+00 -2.151279e+01
      vertex   -3.073912e+01 -5.539000e+00 -2.243260e+01
    endloop
  endfacet
  facet normal -7.406142e-01 1.591451e-15 6.719305e-01
    outer loop
      vertex   -3.073912e+01 -7.039000e+00 -2.243260e+01
      vertex   -3.073912e+01 -5.539000e+00 -2.243260e+01
      vertex   -3.150038e+01 -7.039000e+00 -2.327168e+01
    endloop
  endfacet
  facet normal -7.406142e-01 -3.345578e-15 6.719305e-01
    outer loop
      vertex   -3.150038e+01 -7.039000e+00 -2.327168e+01
      vertex   -3.073912e+01 -5.539000e+00 -2.243260e+01
      vertex   -3.150038e+01 -5.539000e+00 -2.327168e+01
    endloop
  endfacet
  facet normal -6.598568e-01 -3.342507e-15 7.513913e-01
    outer loop
      vertex   -3.150038e+01 -7.039000e+00 -2.327168e+01
      vertex   -3.150038e+01 -5.539000e+00 -2.327168e+01
      vertex   -3.235167e+01 -7.039000e+00 -2.401926e+01
    endloop
  endfacet
  facet normal -6.598568e-01 -1.779652e-15 7.513913e-01
    outer loop
      vertex   -3.235167e+01 -7.039000e+00 -2.401926e+01
      vertex   -3.150038e+01 -5.539000e+00 -2.327168e+01
      vertex   -3.235167e+01 -5.539000e+00 -2.401926e+01
    endloop
  endfacet
  facet normal -5.706297e-01 -1.945010e-15 8.212075e-01
    outer loop
      vertex   -3.235167e+01 -7.039000e+00 -2.401926e+01
      vertex   -3.235167e+01 -5.539000e+00 -2.401926e+01
      vertex   -3.328206e+01 -7.039000e+00 -2.466576e+01
    endloop
  endfacet
  facet normal -5.706297e-01 3.890020e-15 8.212075e-01
    outer loop
      vertex   -3.328206e+01 -7.039000e+00 -2.466576e+01
      vertex   -3.235167e+01 -5.539000e+00 -2.401926e+01
      vertex   -3.328206e+01 -5.539000e+00 -2.466576e+01
    endloop
  endfacet
  facet normal -4.740781e-01 4.170804e-15 8.804828e-01
    outer loop
      vertex   -3.328206e+01 -7.039000e+00 -2.466576e+01
      vertex   -3.328206e+01 -5.539000e+00 -2.466576e+01
      vertex   -3.427960e+01 -7.039000e+00 -2.520286e+01
    endloop
  endfacet
  facet normal -4.740781e-01 2.085402e-15 8.804828e-01
    outer loop
      vertex   -3.427960e+01 -7.039000e+00 -2.520286e+01
      vertex   -3.328206e+01 -5.539000e+00 -2.466576e+01
      vertex   -3.427960e+01 -5.539000e+00 -2.520286e+01
    endloop
  endfacet
  facet normal -3.714414e-01 2.199027e-15 9.284564e-01
    outer loop
      vertex   -3.427960e+01 -7.039000e+00 -2.520286e+01
      vertex   -3.427960e+01 -5.539000e+00 -2.520286e+01
      vertex   -3.533150e+01 -7.039000e+00 -2.562369e+01
    endloop
  endfacet
  facet normal -3.714414e-01 0.000000e+00 9.284564e-01
    outer loop
      vertex   -3.533150e+01 -7.039000e+00 -2.562369e+01
      vertex   -3.427960e+01 -5.539000e+00 -2.520286e+01
      vertex   -3.533150e+01 -5.539000e+00 -2.562369e+01
    endloop
  endfacet
  facet normal -3.550271e-01 0.000000e+00 9.348560e-01
    outer loop
      vertex   -3.533150e+01 -7.039000e+00 -2.562369e+01
      vertex   -3.533150e+01 -5.539000e+00 -2.562369e+01
      vertex   -3.693777e+01 -7.039000e+00 -2.623370e+01
    endloop
  endfacet
  facet normal -3.550271e-01 0.000000e+00 9.348560e-01
    outer loop
      vertex   -3.693777e+01 -7.039000e+00 -2.623370e+01
      vertex   -3.533150e+01 -5.539000e+00 -2.562369e+01
      vertex   -3.693777e+01 -5.539000e+00 -2.623370e+01
    endloop
  endfacet
  facet normal -4.269009e-01 0.000000e+00 9.042984e-01
    outer loop
      vertex   -3.693777e+01 -7.039000e+00 -2.623370e+01
      vertex   -3.693777e+01 -5.539000e+00 -2.623370e+01
      vertex   -3.849153e+01 -7.039000e+00 -2.696720e+01
    endloop
  endfacet
  facet normal -4.269009e-01 4.283618e-15 9.042984e-01
    outer loop
      vertex   -3.849153e+01 -7.039000e+00 -2.696720e+01
      vertex   -3.693777e+01 -5.539000e+00 -2.623370e+01
      vertex   -3.849153e+01 -5.539000e+00 -2.696720e+01
    endloop
  endfacet
  facet normal -4.961708e-01 4.112740e-15 8.682250e-01
    outer loop
      vertex   -3.849153e+01 -7.039000e+00 -2.696720e+01
      vertex   -3.849153e+01 -5.539000e+00 -2.696720e+01
      vertex   -3.998332e+01 -7.039000e+00 -2.781972e+01
    endloop
  endfacet
  facet normal -4.961708e-01 1.762403e-15 8.682250e-01
    outer loop
      vertex   -3.998332e+01 -7.039000e+00 -2.781972e+01
      vertex   -3.849153e+01 -5.539000e+00 -2.696720e+01
      vertex   -3.998332e+01 -5.539000e+00 -2.781972e+01
    endloop
  endfacet
  facet normal -5.624142e-01 1.252646e-15 8.268557e-01
    outer loop
      vertex   -3.998332e+01 -7.039000e+00 -2.781972e+01
      vertex   -3.998332e+01 -5.539000e+00 -2.781972e+01
      vertex   -4.140402e+01 -7.039000e+00 -2.878606e+01
    endloop
  endfacet
  facet normal -5.624142e-01 1.252646e-15 8.268557e-01
    outer loop
      vertex   -4.140402e+01 -7.039000e+00 -2.878606e+01
      vertex   -3.998332e+01 -5.539000e+00 -2.781972e+01
      vertex   -4.140402e+01 -5.539000e+00 -2.878606e+01
    endloop
  endfacet
  facet normal -6.252271e-01 7.352494e-16 7.804429e-01
    outer loop
      vertex   -4.140402e+01 -7.039000e+00 -2.878606e+01
      vertex   -4.140402e+01 -5.539000e+00 -2.878606e+01
      vertex   -4.274498e+01 -7.039000e+00 -2.986032e+01
    endloop
  endfacet
  facet normal -6.252271e-01 7.352494e-16 7.804429e-01
    outer loop
      vertex   -4.274498e+01 -7.039000e+00 -2.986032e+01
      vertex   -4.140402e+01 -5.539000e+00 -2.878606e+01
      vertex   -4.274498e+01 -5.539000e+00 -2.986032e+01
    endloop
  endfacet
  facet normal -6.842264e-01 2.133677e-16 7.292697e-01
    outer loop
      vertex   -4.274498e+01 -7.039000e+00 -2.986032e+01
      vertex   -4.274498e+01 -5.539000e+00 -2.986032e+01
      vertex   -4.399801e+01 -7.039000e+00 -3.103596e+01
    endloop
  endfacet
  facet normal -6.842264e-01 1.727258e-15 7.292697e-01
    outer loop
      vertex   -4.399801e+01 -7.039000e+00 -3.103596e+01
      vertex   -4.274498e+01 -5.539000e+00 -2.986032e+01
      vertex   -4.399801e+01 -5.539000e+00 -3.103596e+01
    endloop
  endfacet
  facet normal -7.390522e-01 1.595519e-15 6.736482e-01
    outer loop
      vertex   -4.399801e+01 -7.039000e+00 -3.103596e+01
      vertex   -4.399801e+01 -5.539000e+00 -3.103596e+01
      vertex   -4.515547e+01 -7.039000e+00 -3.230580e+01
    endloop
  endfacet
  facet normal -7.390522e-01 3.191039e-15 6.736482e-01
    outer loop
      vertex   -4.515547e+01 -7.039000e+00 -3.230580e+01
      vertex   -4.399801e+01 -5.539000e+00 -3.103596e+01
      vertex   -4.515547e+01 -5.539000e+00 -3.230580e+01
    endloop
  endfacet
  facet normal -7.893700e-01 2.908099e-15 6.139178e-01
    outer loop
      vertex   -4.515547e+01 -7.039000e+00 -3.230580e+01
      vertex   -4.515547e+01 -5.539000e+00 -3.230580e+01
      vertex   -4.621031e+01 -7.039000e+00 -3.366210e+01
    endloop
  endfacet
  facet normal -7.893700e-01 -8.311088e-16 6.139178e-01
    outer loop
      vertex   -4.621031e+01 -7.039000e+00 -3.366210e+01
      vertex   -4.515547e+01 -5.539000e+00 -3.230580e+01
      vertex   -4.621031e+01 -5.539000e+00 -3.366210e+01
    endloop
  endfacet
  facet normal -8.348730e-01 -1.347333e-15 5.504426e-01
    outer loop
      vertex   -4.621031e+01 -7.039000e+00 -3.366210e+01
      vertex   -4.621031e+01 -5.539000e+00 -3.366210e+01
      vertex   -4.715608e+01 -7.039000e+00 -3.509658e+01
    endloop
  endfacet
  facet normal -8.348730e-01 2.607420e-15 5.504426e-01
    outer loop
      vertex   -4.715608e+01 -7.039000e+00 -3.509658e+01
      vertex   -4.621031e+01 -5.539000e+00 -3.366210e+01
      vertex   -4.715608e+01 -5.539000e+00 -3.509658e+01
    endloop
  endfacet
  facet normal 2.794794e-13 1.000000e+00 -2.590384e-13
    outer loop
      vertex   -2.328500e+01 -5.539000e+00 -9.922537e+00
      vertex   -2.851400e+01 -5.539000e+00 -1.614362e+01
      vertex   -2.333441e+01 -5.539000e+00 -9.547250e+00
    endloop
  endfacet
  facet normal -5.814544e-14 1.000000e+00 6.070786e-15
    outer loop
      vertex   -2.333441e+01 -5.539000e+00 -9.547250e+00
      vertex   -2.851400e+01 -5.539000e+00 -1.614362e+01
      vertex   -2.851400e+01 -5.539000e+00 -2.683681e+00
    endloop
  endfacet
  facet normal 2.907762e-13 1.000000e+00 2.693845e-13
    outer loop
      vertex   -2.333441e+01 -5.539000e+00 -9.547250e+00
      vertex   -2.851400e+01 -5.539000e+00 -2.683681e+00
      vertex   -2.328500e+01 -5.539000e+00 -9.171962e+00
    endloop
  endfacet
  facet normal -2.247676e-14 1.000000e+00 1.692940e-14
    outer loop
      vertex   -2.328500e+01 -5.539000e+00 -9.171962e+00
      vertex   -2.851400e+01 -5.539000e+00 -2.683681e+00
      vertex   -2.314015e+01 -5.539000e+00 -8.822250e+00
    endloop
  endfacet
  facet normal -1.868264e-14 1.000000e+00 2.025087e-14
    outer loop
      vertex   -2.314015e+01 -5.539000e+00 -8.822250e+00
      vertex   -2.851400e+01 -5.539000e+00 -2.683681e+00
      vertex   -2.290971e+01 -5.539000e+00 -8.521945e+00
    endloop
  endfacet
  facet normal -1.516929e-14 1.000000e+00 2.362341e-14
    outer loop
      vertex   -2.290971e+01 -5.539000e+00 -8.521945e+00
      vertex   -2.851400e+01 -5.539000e+00 -2.683681e+00
      vertex   -2.260941e+01 -5.539000e+00 -8.291513e+00
    endloop
  endfacet
  facet normal -7.883315e-15 1.000000e+00 3.129495e-14
    outer loop
      vertex   -2.260941e+01 -5.539000e+00 -8.291513e+00
      vertex   -2.851400e+01 -5.539000e+00 -2.683681e+00
      vertex   -2.225970e+01 -5.539000e+00 -8.146657e+00
    endloop
  endfacet
  facet normal -4.612974e-15 1.000000e+00 3.503901e-14
    outer loop
      vertex   -2.225970e+01 -5.539000e+00 -8.146657e+00
      vertex   -2.851400e+01 -5.539000e+00 -2.683681e+00
      vertex   -2.188441e+01 -5.539000e+00 -8.097250e+00
    endloop
  endfacet
  facet normal -1.056804e-14 1.000000e+00 2.774629e-14
    outer loop
      vertex   -2.188441e+01 -5.539000e+00 -8.097250e+00
      vertex   -2.851400e+01 -5.539000e+00 -2.683681e+00
      vertex   -1.700000e+01 -5.539000e+00 -2.683681e+00
    endloop
  endfacet
  facet normal 3.944143e-14 1.000000e+00 -1.737491e-14
    outer loop
      vertex   -2.188441e+01 -5.539000e+00 -8.097250e+00
      vertex   -1.700000e+01 -5.539000e+00 -2.683681e+00
      vertex   -1.700000e+01 -5.539000e+00 -8.000000e+00
    endloop
  endfacet
  facet normal -2.327766e-14 1.000000e+00 -4.562441e-15
    outer loop
      vertex   -2.328500e+01 -5.539000e+00 -9.922537e+00
      vertex   -2.314015e+01 -5.539000e+00 -1.027225e+01
      vertex   -2.851400e+01 -5.539000e+00 -1.614362e+01
    endloop
  endfacet
  facet normal -2.064697e-14 1.000000e+00 -6.970211e-15
    outer loop
      vertex   -2.851400e+01 -5.539000e+00 -1.614362e+01
      vertex   -2.314015e+01 -5.539000e+00 -1.027225e+01
      vertex   -2.290971e+01 -5.539000e+00 -1.057255e+01
    endloop
  endfacet
  facet normal -1.368217e-14 1.000000e+00 -1.397654e-14
    outer loop
      vertex   -2.851400e+01 -5.539000e+00 -1.614362e+01
      vertex   -2.290971e+01 -5.539000e+00 -1.057255e+01
      vertex   -2.260941e+01 -5.539000e+00 -1.080299e+01
    endloop
  endfacet
  facet normal -1.001048e-14 1.000000e+00 -1.803596e-14
    outer loop
      vertex   -2.260941e+01 -5.539000e+00 -1.080299e+01
      vertex   -2.225970e+01 -5.539000e+00 -1.094784e+01
      vertex   -2.851400e+01 -5.539000e+00 -1.614362e+01
    endloop
  endfacet
  facet normal -3.419047e-15 1.000000e+00 -2.597024e-14
    outer loop
      vertex   -2.851400e+01 -5.539000e+00 -1.614362e+01
      vertex   -2.225970e+01 -5.539000e+00 -1.094784e+01
      vertex   -2.188441e+01 -5.539000e+00 -1.099725e+01
    endloop
  endfacet
  facet normal 2.134203e-15 1.000000e+00 -3.312398e-14
    outer loop
      vertex   -2.851400e+01 -5.539000e+00 -1.614362e+01
      vertex   -2.188441e+01 -5.539000e+00 -1.099725e+01
      vertex   -1.186603e+01 -5.539000e+00 -1.550000e+01
    endloop
  endfacet
  facet normal 1.552313e-14 1.000000e+00 -3.334309e-15
    outer loop
      vertex   -1.186603e+01 -5.539000e+00 -1.550000e+01
      vertex   -2.188441e+01 -5.539000e+00 -1.099725e+01
      vertex   -1.170711e+01 -5.539000e+00 -1.529289e+01
    endloop
  endfacet
  facet normal 4.025296e-15 1.000000e+00 -3.057516e-14
    outer loop
      vertex   -1.170711e+01 -5.539000e+00 -1.529289e+01
      vertex   -2.188441e+01 -5.539000e+00 -1.099725e+01
      vertex   -2.150912e+01 -5.539000e+00 -1.094784e+01
    endloop
  endfacet
  facet normal -9.778337e-15 1.000000e+00 -6.171482e-14
    outer loop
      vertex   -1.170711e+01 -5.539000e+00 -1.529289e+01
      vertex   -2.150912e+01 -5.539000e+00 -1.094784e+01
      vertex   -1.231063e+01 -5.539000e+00 -1.243407e+01
    endloop
  endfacet
  facet normal 2.078350e-15 1.000000e+00 1.166801e-14
    outer loop
      vertex   -1.231063e+01 -5.539000e+00 -1.243407e+01
      vertex   -2.150912e+01 -5.539000e+00 -1.094784e+01
      vertex   -1.298807e+01 -5.539000e+00 -1.200892e+01
    endloop
  endfacet
  facet normal 1.705577e-15 1.000000e+00 8.674429e-15
    outer loop
      vertex   -1.298807e+01 -5.539000e+00 -1.200892e+01
      vertex   -2.150912e+01 -5.539000e+00 -1.094784e+01
      vertex   -1.358905e+01 -5.539000e+00 -1.148119e+01
    endloop
  endfacet
  facet normal 1.319767e-15 1.000000e+00 2.945275e-15
    outer loop
      vertex   -1.358905e+01 -5.539000e+00 -1.148119e+01
      vertex   -2.150912e+01 -5.539000e+00 -1.094784e+01
      vertex   -2.115941e+01 -5.539000e+00 -1.080299e+01
    endloop
  endfacet
  facet normal 1.697449e-15 1.000000e+00 7.161091e-15
    outer loop
      vertex   -1.358905e+01 -5.539000e+00 -1.148119e+01
      vertex   -2.115941e+01 -5.539000e+00 -1.080299e+01
      vertex   -1.409820e+01 -5.539000e+00 -1.086439e+01
    endloop
  endfacet
  facet normal 1.649995e-15 1.000000e+00 1.704090e-15
    outer loop
      vertex   -1.409820e+01 -5.539000e+00 -1.086439e+01
      vertex   -2.115941e+01 -5.539000e+00 -1.080299e+01
      vertex   -2.085910e+01 -5.539000e+00 -1.057255e+01
    endloop
  endfacet
  facet normal 1.896613e-15 1.000000e+00 7.417446e-15
    outer loop
      vertex   -1.409820e+01 -5.539000e+00 -1.086439e+01
      vertex   -2.085910e+01 -5.539000e+00 -1.057255e+01
      vertex   -2.062867e+01 -5.539000e+00 -1.027225e+01
    endloop
  endfacet
  facet normal 1.662461e-15 1.000000e+00 4.835076e-15
    outer loop
      vertex   -1.409820e+01 -5.539000e+00 -1.086439e+01
      vertex   -2.062867e+01 -5.539000e+00 -1.027225e+01
      vertex   -1.450249e+01 -5.539000e+00 -1.017430e+01
    endloop
  endfacet
  facet normal 1.669611e-15 1.000000e+00 4.387904e-15
    outer loop
      vertex   -1.450249e+01 -5.539000e+00 -1.017430e+01
      vertex   -2.062867e+01 -5.539000e+00 -1.027225e+01
      vertex   -2.048382e+01 -5.539000e+00 -9.922537e+00
    endloop
  endfacet
  facet normal 5.412516e-16 1.000000e+00 -2.241965e-14
    outer loop
      vertex   -1.450249e+01 -5.539000e+00 -1.017430e+01
      vertex   -2.048382e+01 -5.539000e+00 -9.922537e+00
      vertex   -1.479157e+01 -5.539000e+00 -9.428572e+00
    endloop
  endfacet
  facet normal -2.043775e-15 1.000000e+00 7.369050e-15
    outer loop
      vertex   -1.479157e+01 -5.539000e+00 -9.428572e+00
      vertex   -2.048382e+01 -5.539000e+00 -9.922537e+00
      vertex   -2.043441e+01 -5.539000e+00 -9.547250e+00
    endloop
  endfacet
  facet normal -2.227946e-15 1.000000e+00 1.612588e-14
    outer loop
      vertex   -1.479157e+01 -5.539000e+00 -9.428572e+00
      vertex   -2.043441e+01 -5.539000e+00 -9.547250e+00
      vertex   -1.499895e+01 -5.539000e+00 -8.961522e+00
    endloop
  endfacet
  facet normal -9.862858e-16 1.000000e+00 4.603474e-15
    outer loop
      vertex   -1.499895e+01 -5.539000e+00 -8.961522e+00
      vertex   -2.043441e+01 -5.539000e+00 -9.547250e+00
      vertex   -2.048382e+01 -5.539000e+00 -9.171962e+00
    endloop
  endfacet
  facet normal -8.683967e-16 1.000000e+00 1.530844e-15
    outer loop
      vertex   -1.499895e+01 -5.539000e+00 -8.961522e+00
      vertex   -2.048382e+01 -5.539000e+00 -9.171962e+00
      vertex   -1.531791e+01 -5.539000e+00 -8.562268e+00
    endloop
  endfacet
  facet normal -3.178522e-14 1.000000e+00 2.634878e-13
    outer loop
      vertex   -1.531791e+01 -5.539000e+00 -8.562268e+00
      vertex   -2.048382e+01 -5.539000e+00 -9.171962e+00
      vertex   -1.700000e+01 -5.539000e+00 -8.000000e+00
    endloop
  endfacet
  facet normal -2.120341e-13 1.000000e+00 -2.757486e-13
    outer loop
      vertex   -1.531791e+01 -5.539000e+00 -8.562268e+00
      vertex   -1.700000e+01 -5.539000e+00 -8.000000e+00
      vertex   -1.572763e+01 -5.539000e+00 -8.256877e+00
    endloop
  endfacet
  facet normal 0.000000e+00 1.000000e+00 7.745036e-13
    outer loop
      vertex   -1.572763e+01 -5.539000e+00 -8.256877e+00
      vertex   -1.700000e+01 -5.539000e+00 -8.000000e+00
      vertex   -1.670820e+01 -5.539000e+00 -8.000000e+00
    endloop
  endfacet
  facet normal -5.725515e-13 1.000000e+00 -1.411089e-12
    outer loop
      vertex   -1.572763e+01 -5.539000e+00 -8.256877e+00
      vertex   -1.670820e+01 -5.539000e+00 -8.000000e+00
      vertex   -1.620137e+01 -5.539000e+00 -8.065285e+00
    endloop
  endfacet
  facet normal 4.764979e-14 1.000000e+00 2.735641e-14
    outer loop
      vertex   -2.048382e+01 -5.539000e+00 -9.171962e+00
      vertex   -2.062867e+01 -5.539000e+00 -8.822250e+00
      vertex   -1.700000e+01 -5.539000e+00 -8.000000e+00
    endloop
  endfacet
  facet normal 4.473077e-14 1.000000e+00 4.023831e-14
    outer loop
      vertex   -1.700000e+01 -5.539000e+00 -8.000000e+00
      vertex   -2.062867e+01 -5.539000e+00 -8.822250e+00
      vertex   -2.085910e+01 -5.539000e+00 -8.521945e+00
    endloop
  endfacet
  facet normal 4.221145e-14 1.000000e+00 5.886544e-14
    outer loop
      vertex   -1.700000e+01 -5.539000e+00 -8.000000e+00
      vertex   -2.085910e+01 -5.539000e+00 -8.521945e+00
      vertex   -2.115941e+01 -5.539000e+00 -8.291513e+00
    endloop
  endfacet
  facet normal 3.889632e-14 1.000000e+00 1.061670e-13
    outer loop
      vertex   -2.115941e+01 -5.539000e+00 -8.291513e+00
      vertex   -2.150912e+01 -5.539000e+00 -8.146657e+00
      vertex   -1.700000e+01 -5.539000e+00 -8.000000e+00
    endloop
  endfacet
  facet normal 3.395967e-14 1.000000e+00 2.579493e-13
    outer loop
      vertex   -1.700000e+01 -5.539000e+00 -8.000000e+00
      vertex   -2.150912e+01 -5.539000e+00 -8.146657e+00
      vertex   -2.188441e+01 -5.539000e+00 -8.097250e+00
    endloop
  endfacet
  facet normal -2.501640e-14 1.000000e+00 -2.991260e-13
    outer loop
      vertex   2.048500e+01 -5.539000e+00 -9.922537e+00
      vertex   1.479157e+01 -5.539000e+00 -9.428572e+00
      vertex   2.043559e+01 -5.539000e+00 -9.547250e+00
    endloop
  endfacet
  facet normal -1.835530e-14 1.000000e+00 1.765820e-14
    outer loop
      vertex   2.043559e+01 -5.539000e+00 -9.547250e+00
      vertex   1.479157e+01 -5.539000e+00 -9.428572e+00
      vertex   1.499895e+01 -5.539000e+00 -8.961522e+00
    endloop
  endfacet
  facet normal 1.270902e-14 1.000000e+00 3.059927e-13
    outer loop
      vertex   2.043559e+01 -5.539000e+00 -9.547250e+00
      vertex   1.499895e+01 -5.539000e+00 -8.961522e+00
      vertex   2.048500e+01 -5.539000e+00 -9.171962e+00
    endloop
  endfacet
  facet normal 1.108096e-15 1.000000e+00 3.563949e-15
    outer loop
      vertex   2.048500e+01 -5.539000e+00 -9.171962e+00
      vertex   1.499895e+01 -5.539000e+00 -8.961522e+00
      vertex   1.531791e+01 -5.539000e+00 -8.562268e+00
    endloop
  endfacet
  facet normal 3.301970e-14 1.000000e+00 2.740114e-13
    outer loop
      vertex   2.048500e+01 -5.539000e+00 -9.171962e+00
      vertex   1.531791e+01 -5.539000e+00 -8.562268e+00
      vertex   1.700000e+01 -5.539000e+00 -8.000000e+00
    endloop
  endfacet
  facet normal 2.206504e-13 1.000000e+00 -2.873085e-13
    outer loop
      vertex   1.700000e+01 -5.539000e+00 -8.000000e+00
      vertex   1.531791e+01 -5.539000e+00 -8.562268e+00
      vertex   1.572763e+01 -5.539000e+00 -8.256877e+00
    endloop
  endfacet
  facet normal 0.000000e+00 1.000000e+00 8.056220e-13
    outer loop
      vertex   1.700000e+01 -5.539000e+00 -8.000000e+00
      vertex   1.572763e+01 -5.539000e+00 -8.256877e+00
      vertex   1.670820e+01 -5.539000e+00 -8.000000e+00
    endloop
  endfacet
  facet normal 5.887990e-13 1.000000e+00 -1.441992e-12
    outer loop
      vertex   1.670820e+01 -5.539000e+00 -8.000000e+00
      vertex   1.572763e+01 -5.539000e+00 -8.256877e+00
      vertex   1.620137e+01 -5.539000e+00 -8.065285e+00
    endloop
  endfacet
  facet normal -7.939733e-16 1.000000e+00 -1.993964e-14
    outer loop
      vertex   1.479157e+01 -5.539000e+00 -9.428572e+00
      vertex   2.048500e+01 -5.539000e+00 -9.922537e+00
      vertex   1.450249e+01 -5.539000e+00 -1.017430e+01
    endloop
  endfacet
  facet normal -1.815206e-15 1.000000e+00 4.327597e-15
    outer loop
      vertex   1.450249e+01 -5.539000e+00 -1.017430e+01
      vertex   2.048500e+01 -5.539000e+00 -9.922537e+00
      vertex   2.062985e+01 -5.539000e+00 -1.027225e+01
    endloop
  endfacet
  facet normal -1.785367e-15 1.000000e+00 6.194123e-15
    outer loop
      vertex   1.450249e+01 -5.539000e+00 -1.017430e+01
      vertex   2.062985e+01 -5.539000e+00 -1.027225e+01
      vertex   1.409820e+01 -5.539000e+00 -1.086439e+01
    endloop
  endfacet
  facet normal -1.896293e-15 1.000000e+00 7.417692e-15
    outer loop
      vertex   1.409820e+01 -5.539000e+00 -1.086439e+01
      vertex   2.062985e+01 -5.539000e+00 -1.027225e+01
      vertex   2.086029e+01 -5.539000e+00 -1.057255e+01
    endloop
  endfacet
  facet normal -1.649722e-15 1.000000e+00 1.704446e-15
    outer loop
      vertex   1.409820e+01 -5.539000e+00 -1.086439e+01
      vertex   2.086029e+01 -5.539000e+00 -1.057255e+01
      vertex   2.116059e+01 -5.539000e+00 -1.080299e+01
    endloop
  endfacet
  facet normal -1.697163e-15 1.000000e+00 7.160855e-15
    outer loop
      vertex   1.409820e+01 -5.539000e+00 -1.086439e+01
      vertex   2.116059e+01 -5.539000e+00 -1.080299e+01
      vertex   1.358905e+01 -5.539000e+00 -1.148119e+01
    endloop
  endfacet
  facet normal -1.319598e-15 1.000000e+00 2.945683e-15
    outer loop
      vertex   1.358905e+01 -5.539000e+00 -1.148119e+01
      vertex   2.116059e+01 -5.539000e+00 -1.080299e+01
      vertex   2.151030e+01 -5.539000e+00 -1.094784e+01
    endloop
  endfacet
  facet normal -1.705301e-15 1.000000e+00 8.674115e-15
    outer loop
      vertex   1.358905e+01 -5.539000e+00 -1.148119e+01
      vertex   2.151030e+01 -5.539000e+00 -1.094784e+01
      vertex   1.298807e+01 -5.539000e+00 -1.200892e+01
    endloop
  endfacet
  facet normal -2.077990e-15 1.000000e+00 1.166744e-14
    outer loop
      vertex   1.298807e+01 -5.539000e+00 -1.200892e+01
      vertex   2.151030e+01 -5.539000e+00 -1.094784e+01
      vertex   1.231063e+01 -5.539000e+00 -1.243407e+01
    endloop
  endfacet
  facet normal 9.777037e-15 1.000000e+00 -6.171454e-14
    outer loop
      vertex   1.231063e+01 -5.539000e+00 -1.243407e+01
      vertex   2.151030e+01 -5.539000e+00 -1.094784e+01
      vertex   1.170711e+01 -5.539000e+00 -1.529289e+01
    endloop
  endfacet
  facet normal -3.939055e-14 1.000000e+00 -5.133477e-14
    outer loop
      vertex   1.231063e+01 -5.539000e+00 -1.243407e+01
      vertex   1.170711e+01 -5.539000e+00 -1.529289e+01
      vertex   1.150000e+01 -5.539000e+00 -1.513397e+01
    endloop
  endfacet
  facet normal -4.025185e-15 1.000000e+00 -3.057431e-14
    outer loop
      vertex   2.151030e+01 -5.539000e+00 -1.094784e+01
      vertex   2.188559e+01 -5.539000e+00 -1.099725e+01
      vertex   1.170711e+01 -5.539000e+00 -1.529289e+01
    endloop
  endfacet
  facet normal -1.688892e-14 1.000000e+00 -9.381208e-17
    outer loop
      vertex   1.170711e+01 -5.539000e+00 -1.529289e+01
      vertex   2.188559e+01 -5.539000e+00 -1.099725e+01
      vertex   1.186603e+01 -5.539000e+00 -1.550000e+01
    endloop
  endfacet
  facet normal -1.325196e-15 1.000000e+00 -3.472638e-14
    outer loop
      vertex   1.186603e+01 -5.539000e+00 -1.550000e+01
      vertex   2.188559e+01 -5.539000e+00 -1.099725e+01
      vertex   2.848600e+01 -5.539000e+00 -1.613424e+01
    endloop
  endfacet
  facet normal 1.427899e-16 1.000000e+00 3.741768e-15
    outer loop
      vertex   1.186603e+01 -5.539000e+00 -1.550000e+01
      vertex   2.848600e+01 -5.539000e+00 -1.613424e+01
      vertex   1.196593e+01 -5.539000e+00 -1.574118e+01
    endloop
  endfacet
  facet normal 2.996462e-16 1.000000e+00 1.033442e-14
    outer loop
      vertex   1.196593e+01 -5.539000e+00 -1.574118e+01
      vertex   2.848600e+01 -5.539000e+00 -1.613424e+01
      vertex   1.200000e+01 -5.539000e+00 -1.600000e+01
    endloop
  endfacet
  facet normal 1.206326e-15 1.000000e+00 1.216868e-13
    outer loop
      vertex   1.200000e+01 -5.539000e+00 -1.600000e+01
      vertex   2.848600e+01 -5.539000e+00 -1.613424e+01
      vertex   2.855027e+01 -5.539000e+00 -1.726620e+01
    endloop
  endfacet
  facet normal -7.661804e-15 1.000000e+00 5.773160e-15
    outer loop
      vertex   1.200000e+01 -5.539000e+00 -1.600000e+01
      vertex   2.855027e+01 -5.539000e+00 -1.726620e+01
      vertex   1.200000e+01 -5.539000e+00 -1.800000e+01
    endloop
  endfacet
  facet normal -7.524721e-15 1.000000e+00 2.681354e-15
    outer loop
      vertex   1.200000e+01 -5.539000e+00 -1.800000e+01
      vertex   2.855027e+01 -5.539000e+00 -1.726620e+01
      vertex   2.874227e+01 -5.539000e+00 -1.838361e+01
    endloop
  endfacet
  facet normal -7.328165e-15 1.000000e+00 1.125974e-14
    outer loop
      vertex   1.200000e+01 -5.539000e+00 -1.800000e+01
      vertex   2.874227e+01 -5.539000e+00 -1.838361e+01
      vertex   1.196593e+01 -5.539000e+00 -1.825882e+01
    endloop
  endfacet
  facet normal -7.361846e-15 1.000000e+00 6.731999e-15
    outer loop
      vertex   1.196593e+01 -5.539000e+00 -1.825882e+01
      vertex   2.874227e+01 -5.539000e+00 -1.838361e+01
      vertex   1.186603e+01 -5.539000e+00 -1.850000e+01
    endloop
  endfacet
  facet normal -7.334441e-15 1.000000e+00 2.758139e-15
    outer loop
      vertex   1.186603e+01 -5.539000e+00 -1.850000e+01
      vertex   2.874227e+01 -5.539000e+00 -1.838361e+01
      vertex   2.905952e+01 -5.539000e+00 -1.947211e+01
    endloop
  endfacet
  facet normal -6.714155e-15 1.000000e+00 1.372896e-14
    outer loop
      vertex   1.186603e+01 -5.539000e+00 -1.850000e+01
      vertex   2.905952e+01 -5.539000e+00 -1.947211e+01
      vertex   1.170711e+01 -5.539000e+00 -1.870711e+01
    endloop
  endfacet
  facet normal -7.190187e-15 1.000000e+00 2.931262e-15
    outer loop
      vertex   1.170711e+01 -5.539000e+00 -1.870711e+01
      vertex   2.905952e+01 -5.539000e+00 -1.947211e+01
      vertex   2.949794e+01 -5.539000e+00 -2.051770e+01
    endloop
  endfacet
  facet normal -6.109418e-15 1.000000e+00 1.355084e-14
    outer loop
      vertex   1.170711e+01 -5.539000e+00 -1.870711e+01
      vertex   2.949794e+01 -5.539000e+00 -2.051770e+01
      vertex   1.150000e+01 -5.539000e+00 -1.886603e+01
    endloop
  endfacet
  facet normal -7.230176e-15 1.000000e+00 1.338217e-15
    outer loop
      vertex   1.150000e+01 -5.539000e+00 -1.886603e+01
      vertex   2.949794e+01 -5.539000e+00 -2.051770e+01
      vertex   3.005190e+01 -5.539000e+00 -2.150695e+01
    endloop
  endfacet
  facet normal -4.580783e-15 1.000000e+00 1.994963e-14
    outer loop
      vertex   1.150000e+01 -5.539000e+00 -1.886603e+01
      vertex   3.005190e+01 -5.539000e+00 -2.150695e+01
      vertex   1.125882e+01 -5.539000e+00 -1.896593e+01
    endloop
  endfacet
  facet normal -7.340045e-15 1.000000e+00 -4.575376e-16
    outer loop
      vertex   1.125882e+01 -5.539000e+00 -1.896593e+01
      vertex   3.005190e+01 -5.539000e+00 -2.150695e+01
      vertex   3.071429e+01 -5.539000e+00 -2.242712e+01
    endloop
  endfacet
  facet normal -5.560918e-15 1.000000e+00 9.542971e-15
    outer loop
      vertex   1.125882e+01 -5.539000e+00 -1.896593e+01
      vertex   3.071429e+01 -5.539000e+00 -2.242712e+01
      vertex   6.075000e+00 -5.539000e+00 -2.626795e+01
    endloop
  endfacet
  facet normal -4.109669e-15 1.000000e+00 2.330629e-16
    outer loop
      vertex   6.075000e+00 -5.539000e+00 -2.626795e+01
      vertex   3.071429e+01 -5.539000e+00 -2.242712e+01
      vertex   6.489214e+00 -5.539000e+00 -2.658579e+01
    endloop
  endfacet
  facet normal -4.463699e-15 1.000000e+00 2.295362e-15
    outer loop
      vertex   6.489214e+00 -5.539000e+00 -2.658579e+01
      vertex   3.071429e+01 -5.539000e+00 -2.242712e+01
      vertex   3.147657e+01 -5.539000e+00 -2.326641e+01
    endloop
  endfacet
  facet normal -4.549567e-15 1.000000e+00 2.941751e-15
    outer loop
      vertex   6.489214e+00 -5.539000e+00 -2.658579e+01
      vertex   3.147657e+01 -5.539000e+00 -2.326641e+01
      vertex   6.807051e+00 -5.539000e+00 -2.700000e+01
    endloop
  endfacet
  facet normal -4.420394e-15 1.000000e+00 2.088243e-15
    outer loop
      vertex   6.807051e+00 -5.539000e+00 -2.700000e+01
      vertex   3.147657e+01 -5.539000e+00 -2.326641e+01
      vertex   3.232896e+01 -5.539000e+00 -2.401401e+01
    endloop
  endfacet
  facet normal -4.599461e-15 1.000000e+00 3.618775e-15
    outer loop
      vertex   6.807051e+00 -5.539000e+00 -2.700000e+01
      vertex   3.232896e+01 -5.539000e+00 -2.401401e+01
      vertex   7.006852e+00 -5.539000e+00 -2.748236e+01
    endloop
  endfacet
  facet normal -4.527576e-15 1.000000e+00 3.093947e-15
    outer loop
      vertex   7.006852e+00 -5.539000e+00 -2.748236e+01
      vertex   3.232896e+01 -5.539000e+00 -2.401401e+01
      vertex   3.326050e+01 -5.539000e+00 -2.466032e+01
    endloop
  endfacet
  facet normal -3.214341e-14 1.000000e+00 2.600059e-13
    outer loop
      vertex   7.006852e+00 -5.539000e+00 -2.748236e+01
      vertex   3.326050e+01 -5.539000e+00 -2.466032e+01
      vertex   7.075000e+00 -5.539000e+00 -2.800000e+01
    endloop
  endfacet
  facet normal 3.375315e-14 1.000000e+00 -2.566705e-13
    outer loop
      vertex   7.075000e+00 -5.539000e+00 -2.800000e+01
      vertex   3.326050e+01 -5.539000e+00 -2.466032e+01
      vertex   7.006852e+00 -5.539000e+00 -2.851764e+01
    endloop
  endfacet
  facet normal -3.872119e-15 1.000000e+00 -5.858059e-16
    outer loop
      vertex   7.006852e+00 -5.539000e+00 -2.851764e+01
      vertex   3.326050e+01 -5.539000e+00 -2.466032e+01
      vertex   3.425920e+01 -5.539000e+00 -2.519703e+01
    endloop
  endfacet
  facet normal -4.861957e-15 1.000000e+00 7.537822e-15
    outer loop
      vertex   7.006852e+00 -5.539000e+00 -2.851764e+01
      vertex   3.425920e+01 -5.539000e+00 -2.519703e+01
      vertex   6.807051e+00 -5.539000e+00 -2.900000e+01
    endloop
  endfacet
  facet normal 3.433325e-14 1.000000e+00 -2.753969e-13
    outer loop
      vertex   6.807051e+00 -5.539000e+00 -2.900000e+01
      vertex   3.425920e+01 -5.539000e+00 -2.519703e+01
      vertex   3.531225e+01 -5.539000e+00 -2.561724e+01
    endloop
  endfacet
  facet normal -1.892622e-14 1.000000e+00 1.733994e-13
    outer loop
      vertex   6.807051e+00 -5.539000e+00 -2.900000e+01
      vertex   3.531225e+01 -5.539000e+00 -2.561724e+01
      vertex   3.686085e+01 -5.539000e+00 -2.620117e+01
    endloop
  endfacet
  facet normal 3.718615e-15 1.000000e+00 -2.824569e-14
    outer loop
      vertex   2.188559e+01 -5.539000e+00 -1.099725e+01
      vertex   2.226088e+01 -5.539000e+00 -1.094784e+01
      vertex   2.848600e+01 -5.539000e+00 -1.613424e+01
    endloop
  endfacet
  facet normal 1.074578e-14 1.000000e+00 -1.981113e-14
    outer loop
      vertex   2.848600e+01 -5.539000e+00 -1.613424e+01
      vertex   2.226088e+01 -5.539000e+00 -1.094784e+01
      vertex   2.261059e+01 -5.539000e+00 -1.080299e+01
    endloop
  endfacet
  facet normal 1.476248e-14 1.000000e+00 -1.538444e-14
    outer loop
      vertex   2.848600e+01 -5.539000e+00 -1.613424e+01
      vertex   2.261059e+01 -5.539000e+00 -1.080299e+01
      vertex   2.291090e+01 -5.539000e+00 -1.057255e+01
    endloop
  endfacet
  facet normal 2.206839e-14 1.000000e+00 -8.060901e-15
    outer loop
      vertex   2.291090e+01 -5.539000e+00 -1.057255e+01
      vertex   2.314133e+01 -5.539000e+00 -1.027225e+01
      vertex   2.848600e+01 -5.539000e+00 -1.613424e+01
    endloop
  endfacet
  facet normal 2.508457e-14 1.000000e+00 -5.310891e-15
    outer loop
      vertex   2.848600e+01 -5.539000e+00 -1.613424e+01
      vertex   2.314133e+01 -5.539000e+00 -1.027225e+01
      vertex   2.328618e+01 -5.539000e+00 -9.922537e+00
    endloop
  endfacet
  facet normal 3.448679e-14 1.000000e+00 2.559710e-15
    outer loop
      vertex   2.848600e+01 -5.539000e+00 -1.613424e+01
      vertex   2.328618e+01 -5.539000e+00 -9.922537e+00
      vertex   2.333559e+01 -5.539000e+00 -9.547250e+00
    endloop
  endfacet
  facet normal 3.889816e-14 1.000000e+00 6.008989e-15
    outer loop
      vertex   2.848600e+01 -5.539000e+00 -1.613424e+01
      vertex   2.333559e+01 -5.539000e+00 -9.547250e+00
      vertex   2.848600e+01 -5.539000e+00 -2.683681e+00
    endloop
  endfacet
  facet normal 3.453857e-14 1.000000e+00 9.280411e-15
    outer loop
      vertex   2.848600e+01 -5.539000e+00 -2.683681e+00
      vertex   2.333559e+01 -5.539000e+00 -9.547250e+00
      vertex   2.328618e+01 -5.539000e+00 -9.171962e+00
    endloop
  endfacet
  facet normal 2.413644e-14 1.000000e+00 1.761686e-14
    outer loop
      vertex   2.848600e+01 -5.539000e+00 -2.683681e+00
      vertex   2.328618e+01 -5.539000e+00 -9.171962e+00
      vertex   2.314133e+01 -5.539000e+00 -8.822250e+00
    endloop
  endfacet
  facet normal 1.997351e-14 1.000000e+00 2.124139e-14
    outer loop
      vertex   2.314133e+01 -5.539000e+00 -8.822250e+00
      vertex   2.291090e+01 -5.539000e+00 -8.521945e+00
      vertex   2.848600e+01 -5.539000e+00 -2.683681e+00
    endloop
  endfacet
  facet normal 1.614604e-14 1.000000e+00 2.489634e-14
    outer loop
      vertex   2.848600e+01 -5.539000e+00 -2.683681e+00
      vertex   2.291090e+01 -5.539000e+00 -8.521945e+00
      vertex   2.261059e+01 -5.539000e+00 -8.291513e+00
    endloop
  endfacet
  facet normal 8.535659e-15 1.000000e+00 3.286985e-14
    outer loop
      vertex   2.848600e+01 -5.539000e+00 -2.683681e+00
      vertex   2.261059e+01 -5.539000e+00 -8.291513e+00
      vertex   2.226088e+01 -5.539000e+00 -8.146657e+00
    endloop
  endfacet
  facet normal 4.876364e-15 1.000000e+00 3.703966e-14
    outer loop
      vertex   2.226088e+01 -5.539000e+00 -8.146657e+00
      vertex   2.188559e+01 -5.539000e+00 -8.097250e+00
      vertex   2.848600e+01 -5.539000e+00 -2.683681e+00
    endloop
  endfacet
  facet normal 1.167638e-14 1.000000e+00 2.874884e-14
    outer loop
      vertex   2.848600e+01 -5.539000e+00 -2.683681e+00
      vertex   2.188559e+01 -5.539000e+00 -8.097250e+00
      vertex   1.700000e+01 -5.539000e+00 -2.683681e+00
    endloop
  endfacet
  facet normal -4.109798e-14 1.000000e+00 -1.887850e-14
    outer loop
      vertex   1.700000e+01 -5.539000e+00 -2.683681e+00
      vertex   2.188559e+01 -5.539000e+00 -8.097250e+00
      vertex   1.700000e+01 -5.539000e+00 -8.000000e+00
    endloop
  endfacet
  facet normal -3.537380e-14 1.000000e+00 2.686907e-13
    outer loop
      vertex   1.700000e+01 -5.539000e+00 -8.000000e+00
      vertex   2.188559e+01 -5.539000e+00 -8.097250e+00
      vertex   2.151030e+01 -5.539000e+00 -8.146657e+00
    endloop
  endfacet
  facet normal -4.053017e-14 1.000000e+00 1.101114e-13
    outer loop
      vertex   1.700000e+01 -5.539000e+00 -8.000000e+00
      vertex   2.151030e+01 -5.539000e+00 -8.146657e+00
      vertex   2.116059e+01 -5.539000e+00 -8.291513e+00
    endloop
  endfacet
  facet normal -4.396098e-14 1.000000e+00 6.114547e-14
    outer loop
      vertex   2.116059e+01 -5.539000e+00 -8.291513e+00
      vertex   2.086029e+01 -5.539000e+00 -8.521945e+00
      vertex   1.700000e+01 -5.539000e+00 -8.000000e+00
    endloop
  endfacet
  facet normal -4.659446e-14 1.000000e+00 4.166836e-14
    outer loop
      vertex   1.700000e+01 -5.539000e+00 -8.000000e+00
      vertex   2.086029e+01 -5.539000e+00 -8.521945e+00
      vertex   2.062985e+01 -5.539000e+00 -8.822250e+00
    endloop
  endfacet
  facet normal -4.964889e-14 1.000000e+00 2.818446e-14
    outer loop
      vertex   1.700000e+01 -5.539000e+00 -8.000000e+00
      vertex   2.062985e+01 -5.539000e+00 -8.822250e+00
      vertex   2.048500e+01 -5.539000e+00 -9.171962e+00
    endloop
  endfacet
  facet normal -3.851993e-15 1.000000e+00 1.153275e-14
    outer loop
      vertex   6.807051e+00 -5.539000e+00 -2.900000e+01
      vertex   3.686085e+01 -5.539000e+00 -2.620117e+01
      vertex   6.489214e+00 -5.539000e+00 -2.941421e+01
    endloop
  endfacet
  facet normal -2.473481e-15 1.000000e+00 -1.497767e-15
    outer loop
      vertex   6.489214e+00 -5.539000e+00 -2.941421e+01
      vertex   3.686085e+01 -5.539000e+00 -2.620117e+01
      vertex   3.836117e+01 -5.539000e+00 -2.689986e+01
    endloop
  endfacet
  facet normal -2.575538e-15 1.000000e+00 -2.040856e-16
    outer loop
      vertex   6.489214e+00 -5.539000e+00 -2.941421e+01
      vertex   3.836117e+01 -5.539000e+00 -2.689986e+01
      vertex   3.980472e+01 -5.539000e+00 -2.770937e+01
    endloop
  endfacet
  facet normal -2.585341e-15 1.000000e+00 -1.252285e-17
    outer loop
      vertex   3.980472e+01 -5.539000e+00 -2.770937e+01
      vertex   4.118333e+01 -5.539000e+00 -2.862510e+01
      vertex   6.489214e+00 -5.539000e+00 -2.941421e+01
    endloop
  endfacet
  facet normal -2.570152e-15 1.000000e+00 -6.803317e-16
    outer loop
      vertex   6.489214e+00 -5.539000e+00 -2.941421e+01
      vertex   4.118333e+01 -5.539000e+00 -2.862510e+01
      vertex   4.248920e+01 -5.539000e+00 -2.964188e+01
    endloop
  endfacet
  facet normal -2.527348e-15 1.000000e+00 6.088148e-15
    outer loop
      vertex   6.489214e+00 -5.539000e+00 -2.941421e+01
      vertex   4.248920e+01 -5.539000e+00 -2.964188e+01
      vertex   6.075000e+00 -5.539000e+00 -2.973205e+01
    endloop
  endfacet
  facet normal -2.513323e-15 1.000000e+00 4.244684e-16
    outer loop
      vertex   6.075000e+00 -5.539000e+00 -2.973205e+01
      vertex   4.248920e+01 -5.539000e+00 -2.964188e+01
      vertex   4.371494e+01 -5.539000e+00 -3.075395e+01
    endloop
  endfacet
  facet normal -2.487629e-15 1.000000e+00 1.370871e-15
    outer loop
      vertex   6.075000e+00 -5.539000e+00 -2.973205e+01
      vertex   4.371494e+01 -5.539000e+00 -3.075395e+01
      vertex   3.000000e+01 -5.539000e+00 -4.268368e+01
    endloop
  endfacet
  facet normal -1.767414e-15 1.000000e+00 5.428797e-16
    outer loop
      vertex   3.000000e+01 -5.539000e+00 -4.268368e+01
      vertex   4.371494e+01 -5.539000e+00 -3.075395e+01
      vertex   4.485361e+01 -5.539000e+00 -3.195503e+01
    endloop
  endfacet
  facet normal -1.810170e-15 1.000000e+00 6.020753e-16
    outer loop
      vertex   3.000000e+01 -5.539000e+00 -4.268368e+01
      vertex   4.485361e+01 -5.539000e+00 -3.195503e+01
      vertex   4.589876e+01 -5.539000e+00 -3.323830e+01
    endloop
  endfacet
  facet normal -1.851899e-15 1.000000e+00 6.723143e-16
    outer loop
      vertex   4.589876e+01 -5.539000e+00 -3.323830e+01
      vertex   4.684449e+01 -5.539000e+00 -3.459651e+01
      vertex   3.000000e+01 -5.539000e+00 -4.268368e+01
    endloop
  endfacet
  facet normal 2.328577e-14 1.000000e+00 -5.168608e-14
    outer loop
      vertex   3.000000e+01 -5.539000e+00 -4.268368e+01
      vertex   4.684449e+01 -5.539000e+00 -3.459651e+01
      vertex   4.768544e+01 -5.539000e+00 -3.602198e+01
    endloop
  endfacet
  facet normal -4.838869e-11 1.000000e+00 1.284720e-10
    outer loop
      vertex   3.000000e+01 -5.539000e+00 -4.268368e+01
      vertex   4.768544e+01 -5.539000e+00 -3.602198e+01
      vertex   4.789190e+01 -5.539000e+00 -3.645196e+01
    endloop
  endfacet
  facet normal -7.956367e-11 1.000000e+00 2.179785e-10
    outer loop
      vertex   4.789190e+01 -5.539000e+00 -3.645196e+01
      vertex   4.805634e+01 -5.539000e+00 -3.689929e+01
      vertex   3.000000e+01 -5.539000e+00 -4.268368e+01
    endloop
  endfacet
  facet normal -2.783509e-11 1.000000e+00 5.650441e-11
    outer loop
      vertex   3.000000e+01 -5.539000e+00 -4.268368e+01
      vertex   4.805634e+01 -5.539000e+00 -3.689929e+01
      vertex   4.817755e+01 -5.539000e+00 -3.736081e+01
    endloop
  endfacet
  facet normal 4.349778e-11 1.000000e+00 -1.870968e-10
    outer loop
      vertex   3.000000e+01 -5.539000e+00 -4.268368e+01
      vertex   4.817755e+01 -5.539000e+00 -3.736081e+01
      vertex   4.825418e+01 -5.539000e+00 -3.783138e+01
    endloop
  endfacet
  facet normal 4.878183e-11 1.000000e+00 -2.069752e-10
    outer loop
      vertex   4.825418e+01 -5.539000e+00 -3.783138e+01
      vertex   4.828563e+01 -5.539000e+00 -3.830703e+01
      vertex   3.000000e+01 -5.539000e+00 -4.268368e+01
    endloop
  endfacet
  facet normal -1.327671e-12 1.000000e+00 2.382018e-12
    outer loop
      vertex   3.000000e+01 -5.539000e+00 -4.268368e+01
      vertex   4.828563e+01 -5.539000e+00 -3.830703e+01
      vertex   4.827162e+01 -5.539000e+00 -3.878391e+01
    endloop
  endfacet
  facet normal -3.657407e-11 1.000000e+00 1.675221e-10
    outer loop
      vertex   3.000000e+01 -5.539000e+00 -4.268368e+01
      vertex   4.827162e+01 -5.539000e+00 -3.878391e+01
      vertex   4.821243e+01 -5.539000e+00 -3.925605e+01
    endloop
  endfacet
  facet normal -4.749304e-11 1.000000e+00 2.255391e-10
    outer loop
      vertex   4.821243e+01 -5.539000e+00 -3.925605e+01
      vertex   4.810876e+01 -5.539000e+00 -3.971995e+01
      vertex   3.000000e+01 -5.539000e+00 -4.268368e+01
    endloop
  endfacet
  facet normal -3.936645e-11 1.000000e+00 1.758846e-10
    outer loop
      vertex   3.000000e+01 -5.539000e+00 -4.268368e+01
      vertex   4.810876e+01 -5.539000e+00 -3.971995e+01
      vertex   4.796131e+01 -5.539000e+00 -4.017244e+01
    endloop
  endfacet
  facet normal -1.589972e-11 1.000000e+00 8.042047e-12
    outer loop
      vertex   3.000000e+01 -5.539000e+00 -4.268368e+01
      vertex   4.796131e+01 -5.539000e+00 -4.017244e+01
      vertex   4.777100e+01 -5.539000e+00 -4.060986e+01
    endloop
  endfacet
  facet normal 6.853512e-12 1.000000e+00 -1.869356e-10
    outer loop
      vertex   4.777100e+01 -5.539000e+00 -4.060986e+01
      vertex   4.754046e+01 -5.539000e+00 -4.102623e+01
      vertex   3.000000e+01 -5.539000e+00 -4.268368e+01
    endloop
  endfacet
  facet normal 1.542609e-11 1.000000e+00 -2.776575e-10
    outer loop
      vertex   3.000000e+01 -5.539000e+00 -4.268368e+01
      vertex   4.754046e+01 -5.539000e+00 -4.102623e+01
      vertex   4.727172e+01 -5.539000e+00 -4.141832e+01
    endloop
  endfacet
  facet normal 1.229204e-11 1.000000e+00 -2.348786e-10
    outer loop
      vertex   3.000000e+01 -5.539000e+00 -4.268368e+01
      vertex   4.727172e+01 -5.539000e+00 -4.141832e+01
      vertex   4.696666e+01 -5.539000e+00 -4.178347e+01
    endloop
  endfacet
  facet normal 2.492012e-12 1.000000e+00 -5.017354e-11
    outer loop
      vertex   4.696666e+01 -5.539000e+00 -4.178347e+01
      vertex   4.662737e+01 -5.539000e+00 -4.211876e+01
      vertex   3.000000e+01 -5.539000e+00 -4.268368e+01
    endloop
  endfacet
  facet normal -9.439343e-14 1.000000e+00 2.595299e-11
    outer loop
      vertex   3.000000e+01 -5.539000e+00 -4.268368e+01
      vertex   4.662737e+01 -5.539000e+00 -4.211876e+01
      vertex   4.625846e+01 -5.539000e+00 -4.241962e+01
    endloop
  endfacet
  facet normal -0.000000e+00 1.000000e+00 2.014105e-11
    outer loop
      vertex   3.000000e+01 -5.539000e+00 -4.268368e+01
      vertex   4.625846e+01 -5.539000e+00 -4.241962e+01
      vertex   4.586319e+01 -5.539000e+00 -4.268368e+01
    endloop
  endfacet
  facet normal 2.220446e-16 1.000000e+00 6.566184e-15
    outer loop
      vertex   -3.000000e+01 -5.539000e+00 -4.268368e+01
      vertex   -5.075000e+00 -5.539000e+00 -3.000000e+01
      vertex   3.000000e+01 -5.539000e+00 -4.268368e+01
    endloop
  endfacet
  facet normal -2.980456e-29 1.000000e+00 5.952150e-15
    outer loop
      vertex   3.000000e+01 -5.539000e+00 -4.268368e+01
      vertex   -5.075000e+00 -5.539000e+00 -3.000000e+01
      vertex   5.075000e+00 -5.539000e+00 -3.000000e+01
    endloop
  endfacet
  facet normal -6.225526e-16 1.000000e+00 4.728757e-15
    outer loop
      vertex   3.000000e+01 -5.539000e+00 -4.268368e+01
      vertex   5.075000e+00 -5.539000e+00 -3.000000e+01
      vertex   5.592638e+00 -5.539000e+00 -2.993185e+01
    endloop
  endfacet
  facet normal -1.034576e-15 1.000000e+00 -9.681425e-14
    outer loop
      vertex   -4.287742e+01 -5.539000e+00 -4.268368e+01
      vertex   -4.733530e+01 -5.539000e+00 -3.994805e+01
      vertex   -3.000000e+01 -5.539000e+00 -4.268368e+01
    endloop
  endfacet
  facet normal 1.655857e-14 1.000000e+00 1.467085e-14
    outer loop
      vertex   -3.000000e+01 -5.539000e+00 -4.268368e+01
      vertex   -4.733530e+01 -5.539000e+00 -3.994805e+01
      vertex   -4.765260e+01 -5.539000e+00 -3.916613e+01
    endloop
  endfacet
  facet normal 1.560783e-14 1.000000e+00 9.899615e-15
    outer loop
      vertex   -3.000000e+01 -5.539000e+00 -4.268368e+01
      vertex   -4.765260e+01 -5.539000e+00 -3.916613e+01
      vertex   -4.783389e+01 -5.539000e+00 -3.834199e+01
    endloop
  endfacet
  facet normal -4.416840e-12 1.000000e+00 -3.059547e-11
    outer loop
      vertex   -4.415364e+01 -5.539000e+00 -4.268361e+01
      vertex   -4.453567e+01 -5.539000e+00 -4.244383e+01
      vertex   -4.287742e+01 -5.539000e+00 -4.268368e+01
    endloop
  endfacet
  facet normal -2.309040e-13 1.000000e+00 -1.655624e-12
    outer loop
      vertex   -4.287742e+01 -5.539000e+00 -4.268368e+01
      vertex   -4.453567e+01 -5.539000e+00 -4.244383e+01
      vertex   -4.493871e+01 -5.539000e+00 -4.223902e+01
    endloop
  endfacet
  facet normal 1.980952e-13 1.000000e+00 3.330499e-13
    outer loop
      vertex   -4.287742e+01 -5.539000e+00 -4.268368e+01
      vertex   -4.493871e+01 -5.539000e+00 -4.223902e+01
      vertex   -4.567541e+01 -5.539000e+00 -4.182750e+01
    endloop
  endfacet
  facet normal 1.558736e-13 1.000000e+00 1.950700e-13
    outer loop
      vertex   -4.567541e+01 -5.539000e+00 -4.182750e+01
      vertex   -4.633242e+01 -5.539000e+00 -4.129796e+01
      vertex   -4.287742e+01 -5.539000e+00 -4.268368e+01
    endloop
  endfacet
  facet normal 1.237084e-13 1.000000e+00 1.148730e-13
    outer loop
      vertex   -4.287742e+01 -5.539000e+00 -4.268368e+01
      vertex   -4.633242e+01 -5.539000e+00 -4.129796e+01
      vertex   -4.689102e+01 -5.539000e+00 -4.066547e+01
    endloop
  endfacet
  facet normal 1.002869e-13 1.000000e+00 6.829509e-14
    outer loop
      vertex   -4.287742e+01 -5.539000e+00 -4.268368e+01
      vertex   -4.689102e+01 -5.539000e+00 -4.066547e+01
      vertex   -4.733530e+01 -5.539000e+00 -3.994805e+01
    endloop
  endfacet
  facet normal 1.490971e-14 1.000000e+00 7.032021e-15
    outer loop
      vertex   -4.783389e+01 -5.539000e+00 -3.834199e+01
      vertex   -4.787401e+01 -5.539000e+00 -3.749910e+01
      vertex   -3.000000e+01 -5.539000e+00 -4.268368e+01
    endloop
  endfacet
  facet normal 1.480650e-14 1.000000e+00 6.676205e-15
    outer loop
      vertex   -3.000000e+01 -5.539000e+00 -4.268368e+01
      vertex   -4.787401e+01 -5.539000e+00 -3.749910e+01
      vertex   -4.777181e+01 -5.539000e+00 -3.666147e+01
    endloop
  endfacet
  facet normal 1.375689e-14 1.000000e+00 3.578769e-15
    outer loop
      vertex   -3.000000e+01 -5.539000e+00 -4.268368e+01
      vertex   -4.777181e+01 -5.539000e+00 -3.666147e+01
      vertex   -4.753021e+01 -5.539000e+00 -3.585295e+01
    endloop
  endfacet
  facet normal 1.381095e-13 1.000000e+00 3.227141e-13
    outer loop
      vertex   -4.753021e+01 -5.539000e+00 -3.585295e+01
      vertex   -4.715608e+01 -5.539000e+00 -3.509658e+01
      vertex   -3.000000e+01 -5.539000e+00 -4.268368e+01
    endloop
  endfacet
  facet normal -2.625187e-14 1.000000e+00 -4.894241e-14
    outer loop
      vertex   -3.000000e+01 -5.539000e+00 -4.268368e+01
      vertex   -4.715608e+01 -5.539000e+00 -3.509658e+01
      vertex   -4.621031e+01 -5.539000e+00 -3.366210e+01
    endloop
  endfacet
  facet normal 1.705736e-15 1.000000e+00 1.292820e-15
    outer loop
      vertex   -3.000000e+01 -5.539000e+00 -4.268368e+01
      vertex   -4.621031e+01 -5.539000e+00 -3.366210e+01
      vertex   -4.515547e+01 -5.539000e+00 -3.230580e+01
    endloop
  endfacet
  facet normal 1.684724e-15 1.000000e+00 1.262135e-15
    outer loop
      vertex   -4.515547e+01 -5.539000e+00 -3.230580e+01
      vertex   -4.399801e+01 -5.539000e+00 -3.103596e+01
      vertex   -3.000000e+01 -5.539000e+00 -4.268368e+01
    endloop
  endfacet
  facet normal 2.544193e-15 1.000000e+00 2.295030e-15
    outer loop
      vertex   -3.000000e+01 -5.539000e+00 -4.268368e+01
      vertex   -4.399801e+01 -5.539000e+00 -3.103596e+01
      vertex   -6.075000e+00 -5.539000e+00 -2.973205e+01
    endloop
  endfacet
  facet normal -4.448761e-16 1.000000e+00 7.816611e-15
    outer loop
      vertex   -3.000000e+01 -5.539000e+00 -4.268368e+01
      vertex   -6.075000e+00 -5.539000e+00 -2.973205e+01
      vertex   -5.592638e+00 -5.539000e+00 -2.993185e+01
    endloop
  endfacet
  facet normal 2.588068e-15 1.000000e+00 1.018989e-15
    outer loop
      vertex   -4.399801e+01 -5.539000e+00 -3.103596e+01
      vertex   -4.274498e+01 -5.539000e+00 -2.986032e+01
      vertex   -6.075000e+00 -5.539000e+00 -2.973205e+01
    endloop
  endfacet
  facet normal 2.570140e-15 1.000000e+00 6.143916e-15
    outer loop
      vertex   -6.075000e+00 -5.539000e+00 -2.973205e+01
      vertex   -4.274498e+01 -5.539000e+00 -2.986032e+01
      vertex   -6.489214e+00 -5.539000e+00 -2.941421e+01
    endloop
  endfacet
  facet normal 2.635350e-15 1.000000e+00 8.442993e-16
    outer loop
      vertex   -6.489214e+00 -5.539000e+00 -2.941421e+01
      vertex   -4.274498e+01 -5.539000e+00 -2.986032e+01
      vertex   -4.140402e+01 -5.539000e+00 -2.878606e+01
    endloop
  endfacet
  facet normal 2.600971e-15 1.000000e+00 -1.066574e-15
    outer loop
      vertex   -6.489214e+00 -5.539000e+00 -2.941421e+01
      vertex   -4.140402e+01 -5.539000e+00 -2.878606e+01
      vertex   -3.998332e+01 -5.539000e+00 -2.781972e+01
    endloop
  endfacet
  facet normal 2.722531e-15 1.000000e+00 1.486933e-15
    outer loop
      vertex   -3.998332e+01 -5.539000e+00 -2.781972e+01
      vertex   -3.849153e+01 -5.539000e+00 -2.696720e+01
      vertex   -6.489214e+00 -5.539000e+00 -2.941421e+01
    endloop
  endfacet
  facet normal 2.563906e-15 1.000000e+00 -5.875864e-16
    outer loop
      vertex   -6.489214e+00 -5.539000e+00 -2.941421e+01
      vertex   -3.849153e+01 -5.539000e+00 -2.696720e+01
      vertex   -3.693777e+01 -5.539000e+00 -2.623370e+01
    endloop
  endfacet
  facet normal 3.828019e-15 1.000000e+00 1.151435e-14
    outer loop
      vertex   -6.489214e+00 -5.539000e+00 -2.941421e+01
      vertex   -3.693777e+01 -5.539000e+00 -2.623370e+01
      vertex   -6.807051e+00 -5.539000e+00 -2.900000e+01
    endloop
  endfacet
  facet normal 1.762558e-14 1.000000e+00 1.617981e-13
    outer loop
      vertex   -6.807051e+00 -5.539000e+00 -2.900000e+01
      vertex   -3.693777e+01 -5.539000e+00 -2.623370e+01
      vertex   -3.533150e+01 -5.539000e+00 -2.562369e+01
    endloop
  endfacet
  facet normal -3.375734e-14 1.000000e+00 -2.723057e-13
    outer loop
      vertex   -6.807051e+00 -5.539000e+00 -2.900000e+01
      vertex   -3.533150e+01 -5.539000e+00 -2.562369e+01
      vertex   -3.427960e+01 -5.539000e+00 -2.520286e+01
    endloop
  endfacet
  facet normal 4.925015e-15 1.000000e+00 7.563942e-15
    outer loop
      vertex   -6.807051e+00 -5.539000e+00 -2.900000e+01
      vertex   -3.427960e+01 -5.539000e+00 -2.520286e+01
      vertex   -7.006852e+00 -5.539000e+00 -2.851764e+01
    endloop
  endfacet
  facet normal 4.087844e-15 1.000000e+00 6.760091e-16
    outer loop
      vertex   -7.006852e+00 -5.539000e+00 -2.851764e+01
      vertex   -3.427960e+01 -5.539000e+00 -2.520286e+01
      vertex   -3.328206e+01 -5.539000e+00 -2.466576e+01
    endloop
  endfacet
  facet normal 4.836700e-15 1.000000e+00 5.784250e-15
    outer loop
      vertex   -7.006852e+00 -5.539000e+00 -2.851764e+01
      vertex   -3.328206e+01 -5.539000e+00 -2.466576e+01
      vertex   -7.075000e+00 -5.539000e+00 -2.800000e+01
    endloop
  endfacet
  facet normal 4.892046e-15 1.000000e+00 6.219266e-15
    outer loop
      vertex   -7.075000e+00 -5.539000e+00 -2.800000e+01
      vertex   -3.328206e+01 -5.539000e+00 -2.466576e+01
      vertex   -7.006852e+00 -5.539000e+00 -2.748236e+01
    endloop
  endfacet
  facet normal 4.553752e-15 1.000000e+00 3.063432e-15
    outer loop
      vertex   -7.006852e+00 -5.539000e+00 -2.748236e+01
      vertex   -3.328206e+01 -5.539000e+00 -2.466576e+01
      vertex   -3.235167e+01 -5.539000e+00 -2.401926e+01
    endloop
  endfacet
  facet normal 4.628017e-15 1.000000e+00 3.606946e-15
    outer loop
      vertex   -7.006852e+00 -5.539000e+00 -2.748236e+01
      vertex   -3.235167e+01 -5.539000e+00 -2.401926e+01
      vertex   -6.807051e+00 -5.539000e+00 -2.700000e+01
    endloop
  endfacet
  facet normal 4.447912e-15 1.000000e+00 2.063458e-15
    outer loop
      vertex   -6.807051e+00 -5.539000e+00 -2.700000e+01
      vertex   -3.235167e+01 -5.539000e+00 -2.401926e+01
      vertex   -3.150038e+01 -5.539000e+00 -2.327168e+01
    endloop
  endfacet
  facet normal 4.577307e-15 1.000000e+00 2.920466e-15
    outer loop
      vertex   -6.807051e+00 -5.539000e+00 -2.700000e+01
      vertex   -3.150038e+01 -5.539000e+00 -2.327168e+01
      vertex   -6.489214e+00 -5.539000e+00 -2.658579e+01
    endloop
  endfacet
  facet normal 4.491883e-15 1.000000e+00 2.275781e-15
    outer loop
      vertex   -6.489214e+00 -5.539000e+00 -2.658579e+01
      vertex   -3.150038e+01 -5.539000e+00 -2.327168e+01
      vertex   -3.073912e+01 -5.539000e+00 -2.243260e+01
    endloop
  endfacet
  facet normal 4.136129e-15 1.000000e+00 1.985805e-16
    outer loop
      vertex   -6.489214e+00 -5.539000e+00 -2.658579e+01
      vertex   -3.073912e+01 -5.539000e+00 -2.243260e+01
      vertex   -6.075000e+00 -5.539000e+00 -2.626795e+01
    endloop
  endfacet
  facet normal 5.613985e-15 1.000000e+00 9.702279e-15
    outer loop
      vertex   -6.075000e+00 -5.539000e+00 -2.626795e+01
      vertex   -3.073912e+01 -5.539000e+00 -2.243260e+01
      vertex   -1.125882e+01 -5.539000e+00 -1.896593e+01
    endloop
  endfacet
  facet normal -2.188250e-14 1.000000e+00 -9.817899e-15
    outer loop
      vertex   -6.075000e+00 -5.539000e+00 -2.626795e+01
      vertex   -1.125882e+01 -5.539000e+00 -1.896593e+01
      vertex   -1.100000e+01 -5.539000e+00 -1.900000e+01
    endloop
  endfacet
  facet normal 6.841408e-15 1.000000e+00 2.805011e-15
    outer loop
      vertex   -3.073912e+01 -5.539000e+00 -2.243260e+01
      vertex   -3.007765e+01 -5.539000e+00 -2.151279e+01
      vertex   -1.125882e+01 -5.539000e+00 -1.896593e+01
    endloop
  endfacet
  facet normal 4.535814e-15 1.000000e+00 1.984106e-14
    outer loop
      vertex   -1.125882e+01 -5.539000e+00 -1.896593e+01
      vertex   -3.007765e+01 -5.539000e+00 -2.151279e+01
      vertex   -1.150000e+01 -5.539000e+00 -1.886603e+01
    endloop
  endfacet
  facet normal 7.165885e-15 1.000000e+00 1.380615e-15
    outer loop
      vertex   -1.150000e+01 -5.539000e+00 -1.886603e+01
      vertex   -3.007765e+01 -5.539000e+00 -2.151279e+01
      vertex   -2.952447e+01 -5.539000e+00 -2.052407e+01
    endloop
  endfacet
  facet normal 6.512191e-15 1.000000e+00 8.486853e-15
    outer loop
      vertex   -1.150000e+01 -5.539000e+00 -1.886603e+01
      vertex   -2.952447e+01 -5.539000e+00 -2.052407e+01
      vertex   -1.170711e+01 -5.539000e+00 -1.870711e+01
    endloop
  endfacet
  facet normal 7.163653e-15 1.000000e+00 2.098550e-15
    outer loop
      vertex   -1.170711e+01 -5.539000e+00 -1.870711e+01
      vertex   -2.952447e+01 -5.539000e+00 -2.052407e+01
      vertex   -2.908668e+01 -5.539000e+00 -1.947913e+01
    endloop
  endfacet
  facet normal 6.465010e-15 1.000000e+00 1.782629e-14
    outer loop
      vertex   -1.170711e+01 -5.539000e+00 -1.870711e+01
      vertex   -2.908668e+01 -5.539000e+00 -1.947913e+01
      vertex   -1.186603e+01 -5.539000e+00 -1.850000e+01
    endloop
  endfacet
  facet normal 7.321248e-15 1.000000e+00 2.766970e-15
    outer loop
      vertex   -1.186603e+01 -5.539000e+00 -1.850000e+01
      vertex   -2.908668e+01 -5.539000e+00 -1.947913e+01
      vertex   -2.876989e+01 -5.539000e+00 -1.839137e+01
    endloop
  endfacet
  facet normal 7.346689e-15 1.000000e+00 6.725721e-15
    outer loop
      vertex   -1.186603e+01 -5.539000e+00 -1.850000e+01
      vertex   -2.876989e+01 -5.539000e+00 -1.839137e+01
      vertex   -1.196593e+01 -5.539000e+00 -1.825882e+01
    endloop
  endfacet
  facet normal 7.527265e-15 1.000000e+00 -1.616731e-14
    outer loop
      vertex   -1.196593e+01 -5.539000e+00 -1.825882e+01
      vertex   -2.876989e+01 -5.539000e+00 -1.839137e+01
      vertex   -1.200000e+01 -5.539000e+00 -1.800000e+01
    endloop
  endfacet
  facet normal 7.085537e-15 1.000000e+00 2.760585e-15
    outer loop
      vertex   -1.200000e+01 -5.539000e+00 -1.800000e+01
      vertex   -2.876989e+01 -5.539000e+00 -1.839137e+01
      vertex   -2.857818e+01 -5.539000e+00 -1.727475e+01
    endloop
  endfacet
  facet normal 7.236756e-15 1.000000e+00 6.217249e-15
    outer loop
      vertex   -1.200000e+01 -5.539000e+00 -1.800000e+01
      vertex   -2.857818e+01 -5.539000e+00 -1.727475e+01
      vertex   -1.200000e+01 -5.539000e+00 -1.600000e+01
    endloop
  endfacet
  facet normal -6.806442e-16 1.000000e+00 1.091831e-13
    outer loop
      vertex   -1.200000e+01 -5.539000e+00 -1.600000e+01
      vertex   -2.857818e+01 -5.539000e+00 -1.727475e+01
      vertex   -2.851400e+01 -5.539000e+00 -1.614362e+01
    endloop
  endfacet
  facet normal -2.956682e-17 1.000000e+00 3.432047e-14
    outer loop
      vertex   -1.200000e+01 -5.539000e+00 -1.600000e+01
      vertex   -2.851400e+01 -5.539000e+00 -1.614362e+01
      vertex   -1.196593e+01 -5.539000e+00 -1.574118e+01
    endloop
  endfacet
  facet normal 7.228110e-16 1.000000e+00 3.383224e-15
    outer loop
      vertex   -1.196593e+01 -5.539000e+00 -1.574118e+01
      vertex   -2.851400e+01 -5.539000e+00 -1.614362e+01
      vertex   -1.186603e+01 -5.539000e+00 -1.550000e+01
    endloop
  endfacet
  facet normal 4.308121e-14 1.000000e+00 -5.055564e-14
    outer loop
      vertex   -1.170711e+01 -5.539000e+00 -1.529289e+01
      vertex   -1.231063e+01 -5.539000e+00 -1.243407e+01
      vertex   -1.150000e+01 -5.539000e+00 -1.513397e+01
    endloop
  endfacet
  facet normal -3.354114e-14 1.000000e+00 -7.356112e-14
    outer loop
      vertex   -1.150000e+01 -5.539000e+00 -1.513397e+01
      vertex   -1.231063e+01 -5.539000e+00 -1.243407e+01
      vertex   -1.157407e+01 -5.539000e+00 -1.274577e+01
    endloop
  endfacet
  facet normal 3.329400e-14 1.000000e+00 -7.148818e-14
    outer loop
      vertex   -1.150000e+01 -5.539000e+00 -1.513397e+01
      vertex   -1.157407e+01 -5.539000e+00 -1.274577e+01
      vertex   -1.125882e+01 -5.539000e+00 -1.503407e+01
    endloop
  endfacet
  facet normal -2.401629e-14 1.000000e+00 -7.938364e-14
    outer loop
      vertex   -1.125882e+01 -5.539000e+00 -1.503407e+01
      vertex   -1.157407e+01 -5.539000e+00 -1.274577e+01
      vertex   -1.079724e+01 -5.539000e+00 -1.293603e+01
    endloop
  endfacet
  facet normal -1.679299e-14 1.000000e+00 -8.097281e-14
    outer loop
      vertex   -1.125882e+01 -5.539000e+00 -1.503407e+01
      vertex   -1.079724e+01 -5.539000e+00 -1.293603e+01
      vertex   -1.100000e+01 -5.539000e+00 -1.500000e+01
    endloop
  endfacet
  facet normal 2.211266e-13 1.000000e+00 -1.043461e-13
    outer loop
      vertex   -1.100000e+01 -5.539000e+00 -1.500000e+01
      vertex   -1.079724e+01 -5.539000e+00 -1.293603e+01
      vertex   -1.000000e+01 -5.539000e+00 -1.300000e+01
    endloop
  endfacet
  facet normal 2.422305e-16 1.000000e+00 6.096135e-15
    outer loop
      vertex   -1.100000e+01 -5.539000e+00 -1.500000e+01
      vertex   -1.000000e+01 -5.539000e+00 -1.300000e+01
      vertex   1.100000e+01 -5.539000e+00 -1.500000e+01
    endloop
  endfacet
  facet normal 2.220446e-16 1.000000e+00 5.884183e-15
    outer loop
      vertex   1.100000e+01 -5.539000e+00 -1.500000e+01
      vertex   -1.000000e+01 -5.539000e+00 -1.300000e+01
      vertex   1.000000e+01 -5.539000e+00 -1.300000e+01
    endloop
  endfacet
  facet normal -2.275189e-13 1.000000e+00 -1.079863e-13
    outer loop
      vertex   1.100000e+01 -5.539000e+00 -1.500000e+01
      vertex   1.000000e+01 -5.539000e+00 -1.300000e+01
      vertex   1.079724e+01 -5.539000e+00 -1.293603e+01
    endloop
  endfacet
  facet normal -7.945142e-15 1.000000e+00 -8.641537e-14
    outer loop
      vertex   1.100000e+01 -5.539000e+00 -1.500000e+01
      vertex   1.079724e+01 -5.539000e+00 -1.293603e+01
      vertex   1.125882e+01 -5.539000e+00 -1.503407e+01
    endloop
  endfacet
  facet normal 2.293142e-14 1.000000e+00 -7.962232e-14
    outer loop
      vertex   1.125882e+01 -5.539000e+00 -1.503407e+01
      vertex   1.079724e+01 -5.539000e+00 -1.293603e+01
      vertex   1.157407e+01 -5.539000e+00 -1.274577e+01
    endloop
  endfacet
  facet normal -3.344609e-14 1.000000e+00 -7.185536e-14
    outer loop
      vertex   1.125882e+01 -5.539000e+00 -1.503407e+01
      vertex   1.157407e+01 -5.539000e+00 -1.274577e+01
      vertex   1.150000e+01 -5.539000e+00 -1.513397e+01
    endloop
  endfacet
  facet normal 3.614438e-14 1.000000e+00 -7.401377e-14
    outer loop
      vertex   1.150000e+01 -5.539000e+00 -1.513397e+01
      vertex   1.157407e+01 -5.539000e+00 -1.274577e+01
      vertex   1.231063e+01 -5.539000e+00 -1.243407e+01
    endloop
  endfacet
  facet normal 2.018587e-16 1.000000e+00 5.084707e-15
    outer loop
      vertex   1.100000e+01 -5.539000e+00 -1.900000e+01
      vertex   -4.557362e+00 -5.539000e+00 -2.606815e+01
      vertex   -1.100000e+01 -5.539000e+00 -1.900000e+01
    endloop
  endfacet
  facet normal 7.331729e-16 1.000000e+00 5.569001e-15
    outer loop
      vertex   -1.100000e+01 -5.539000e+00 -1.900000e+01
      vertex   -4.557362e+00 -5.539000e+00 -2.606815e+01
      vertex   -5.075000e+00 -5.539000e+00 -2.600000e+01
    endloop
  endfacet
  facet normal -5.861544e-16 1.000000e+00 4.452285e-15
    outer loop
      vertex   -1.100000e+01 -5.539000e+00 -1.900000e+01
      vertex   -5.075000e+00 -5.539000e+00 -2.600000e+01
      vertex   -5.592638e+00 -5.539000e+00 -2.606815e+01
    endloop
  endfacet
  facet normal -8.125648e-16 1.000000e+00 6.172042e-15
    outer loop
      vertex   1.125882e+01 -5.539000e+00 -1.896593e+01
      vertex   6.075000e+00 -5.539000e+00 -2.626795e+01
      vertex   1.100000e+01 -5.539000e+00 -1.900000e+01
    endloop
  endfacet
  facet normal -1.057367e-15 1.000000e+00 6.337928e-15
    outer loop
      vertex   1.100000e+01 -5.539000e+00 -1.900000e+01
      vertex   6.075000e+00 -5.539000e+00 -2.626795e+01
      vertex   5.592638e+00 -5.539000e+00 -2.606815e+01
    endloop
  endfacet
  facet normal 6.613024e-16 1.000000e+00 5.023090e-15
    outer loop
      vertex   1.100000e+01 -5.539000e+00 -1.900000e+01
      vertex   5.592638e+00 -5.539000e+00 -2.606815e+01
      vertex   5.075000e+00 -5.539000e+00 -2.600000e+01
    endloop
  endfacet
  facet normal -8.271694e-16 1.000000e+00 6.282976e-15
    outer loop
      vertex   5.075000e+00 -5.539000e+00 -2.600000e+01
      vertex   4.557362e+00 -5.539000e+00 -2.606815e+01
      vertex   1.100000e+01 -5.539000e+00 -1.900000e+01
    endloop
  endfacet
  facet normal -3.213032e-29 1.000000e+00 5.529008e-15
    outer loop
      vertex   1.100000e+01 -5.539000e+00 -1.900000e+01
      vertex   4.557362e+00 -5.539000e+00 -2.606815e+01
      vertex   -4.557362e+00 -5.539000e+00 -2.606815e+01
    endloop
  endfacet
  facet normal -5.198055e-29 1.000000e+00 8.890637e-15
    outer loop
      vertex   -4.557362e+00 -5.539000e+00 -2.606815e+01
      vertex   4.557362e+00 -5.539000e+00 -2.606815e+01
      vertex   -4.075000e+00 -5.539000e+00 -2.626795e+01
    endloop
  endfacet
  facet normal -6.200911e-29 1.000000e+00 8.890637e-15
    outer loop
      vertex   -4.075000e+00 -5.539000e+00 -2.626795e+01
      vertex   4.557362e+00 -5.539000e+00 -2.606815e+01
      vertex   4.075000e+00 -5.539000e+00 -2.626795e+01
    endloop
  endfacet
  facet normal -3.898055e-29 1.000000e+00 5.588888e-15
    outer loop
      vertex   -4.075000e+00 -5.539000e+00 -2.626795e+01
      vertex   4.075000e+00 -5.539000e+00 -2.626795e+01
      vertex   -3.660786e+00 -5.539000e+00 -2.658579e+01
    endloop
  endfacet
  facet normal -4.067921e-29 1.000000e+00 5.588888e-15
    outer loop
      vertex   -3.660786e+00 -5.539000e+00 -2.658579e+01
      vertex   4.075000e+00 -5.539000e+00 -2.626795e+01
      vertex   3.660786e+00 -5.539000e+00 -2.658579e+01
    endloop
  endfacet
  facet normal -4.682138e-29 1.000000e+00 6.432757e-15
    outer loop
      vertex   -3.660786e+00 -5.539000e+00 -2.658579e+01
      vertex   3.660786e+00 -5.539000e+00 -2.658579e+01
      vertex   -3.342949e+00 -5.539000e+00 -2.700000e+01
    endloop
  endfacet
  facet normal -5.127301e-29 1.000000e+00 6.432757e-15
    outer loop
      vertex   -3.342949e+00 -5.539000e+00 -2.700000e+01
      vertex   3.660786e+00 -5.539000e+00 -2.658579e+01
      vertex   3.342949e+00 -5.539000e+00 -2.700000e+01
    endloop
  endfacet
  facet normal -4.402914e-29 1.000000e+00 5.523934e-15
    outer loop
      vertex   -3.342949e+00 -5.539000e+00 -2.700000e+01
      vertex   3.342949e+00 -5.539000e+00 -2.700000e+01
      vertex   -3.143148e+00 -5.539000e+00 -2.748236e+01
    endloop
  endfacet
  facet normal -4.994980e-29 1.000000e+00 5.523934e-15
    outer loop
      vertex   -3.143148e+00 -5.539000e+00 -2.748236e+01
      vertex   3.342949e+00 -5.539000e+00 -2.700000e+01
      vertex   3.143148e+00 -5.539000e+00 -2.748236e+01
    endloop
  endfacet
  facet normal -2.389351e-27 1.000000e+00 2.642377e-13
    outer loop
      vertex   -3.143148e+00 -5.539000e+00 -2.748236e+01
      vertex   3.143148e+00 -5.539000e+00 -2.748236e+01
      vertex   -3.075000e+00 -5.539000e+00 -2.800000e+01
    endloop
  endfacet
  facet normal 2.166289e-14 1.000000e+00 4.011342e-15
    outer loop
      vertex   -3.075000e+00 -5.539000e+00 -2.800000e+01
      vertex   3.143148e+00 -5.539000e+00 -2.748236e+01
      vertex   3.075000e+00 -5.539000e+00 -2.800000e+01
    endloop
  endfacet
  facet normal 2.166289e-14 1.000000e+00 -2.550788e-13
    outer loop
      vertex   -3.075000e+00 -5.539000e+00 -2.800000e+01
      vertex   3.075000e+00 -5.539000e+00 -2.800000e+01
      vertex   -3.143148e+00 -5.539000e+00 -2.851764e+01
    endloop
  endfacet
  facet normal -4.072758e-29 1.000000e+00 5.147487e-15
    outer loop
      vertex   -3.143148e+00 -5.539000e+00 -2.851764e+01
      vertex   3.075000e+00 -5.539000e+00 -2.800000e+01
      vertex   3.143148e+00 -5.539000e+00 -2.851764e+01
    endloop
  endfacet
  facet normal -4.370608e-29 1.000000e+00 5.523934e-15
    outer loop
      vertex   -3.143148e+00 -5.539000e+00 -2.851764e+01
      vertex   3.143148e+00 -5.539000e+00 -2.851764e+01
      vertex   -3.342949e+00 -5.539000e+00 -2.900000e+01
    endloop
  endfacet
  facet normal -4.402914e-29 1.000000e+00 5.523934e-15
    outer loop
      vertex   -3.342949e+00 -5.539000e+00 -2.900000e+01
      vertex   3.143148e+00 -5.539000e+00 -2.851764e+01
      vertex   3.342949e+00 -5.539000e+00 -2.900000e+01
    endloop
  endfacet
  facet normal -6.836402e-29 1.000000e+00 8.577010e-15
    outer loop
      vertex   -3.342949e+00 -5.539000e+00 -2.900000e+01
      vertex   3.342949e+00 -5.539000e+00 -2.900000e+01
      vertex   -3.660786e+00 -5.539000e+00 -2.941421e+01
    endloop
  endfacet
  facet normal -6.242851e-29 1.000000e+00 8.577010e-15
    outer loop
      vertex   -3.660786e+00 -5.539000e+00 -2.941421e+01
      vertex   3.342949e+00 -5.539000e+00 -2.900000e+01
      vertex   3.660786e+00 -5.539000e+00 -2.941421e+01
    endloop
  endfacet
  facet normal -2.033960e-29 1.000000e+00 2.794444e-15
    outer loop
      vertex   -3.660786e+00 -5.539000e+00 -2.941421e+01
      vertex   3.660786e+00 -5.539000e+00 -2.941421e+01
      vertex   -4.075000e+00 -5.539000e+00 -2.973205e+01
    endloop
  endfacet
  facet normal -1.705399e-29 1.000000e+00 2.794444e-15
    outer loop
      vertex   -4.075000e+00 -5.539000e+00 -2.973205e+01
      vertex   3.660786e+00 -5.539000e+00 -2.941421e+01
      vertex   4.075000e+00 -5.539000e+00 -2.973205e+01
    endloop
  endfacet
  facet normal -5.425797e-29 1.000000e+00 8.890637e-15
    outer loop
      vertex   -4.075000e+00 -5.539000e+00 -2.973205e+01
      vertex   4.075000e+00 -5.539000e+00 -2.973205e+01
      vertex   -4.557362e+00 -5.539000e+00 -2.993185e+01
    endloop
  endfacet
  facet normal -5.198055e-29 1.000000e+00 8.890637e-15
    outer loop
      vertex   -4.557362e+00 -5.539000e+00 -2.993185e+01
      vertex   4.075000e+00 -5.539000e+00 -2.973205e+01
      vertex   4.557362e+00 -5.539000e+00 -2.993185e+01
    endloop
  endfacet
  facet normal -0.000000e+00 1.000000e+00 0.000000e+00
    outer loop
      vertex   -4.557362e+00 -5.539000e+00 -2.993185e+01
      vertex   4.557362e+00 -5.539000e+00 -2.993185e+01
      vertex   -5.075000e+00 -5.539000e+00 -3.000000e+01
    endloop
  endfacet
  facet normal 0.000000e+00 1.000000e+00 0.000000e+00
    outer loop
      vertex   -5.075000e+00 -5.539000e+00 -3.000000e+01
      vertex   4.557362e+00 -5.539000e+00 -2.993185e+01
      vertex   5.075000e+00 -5.539000e+00 -3.000000e+01
    endloop
  endfacet
  facet normal 6.862595e-16 1.000000e+00 7.233860e-15
    outer loop
      vertex   5.592638e+00 -5.539000e+00 -2.993185e+01
      vertex   6.075000e+00 -5.539000e+00 -2.973205e+01
      vertex   3.000000e+01 -5.539000e+00 -4.268368e+01
    endloop
  endfacet
  facet normal 1.254991e-15 1.000000e+00 5.860821e-15
    outer loop
      vertex   -5.592638e+00 -5.539000e+00 -2.606815e+01
      vertex   -6.075000e+00 -5.539000e+00 -2.626795e+01
      vertex   -1.100000e+01 -5.539000e+00 -1.900000e+01
    endloop
  endfacet
  facet normal 7.324149e-16 1.000000e+00 5.563243e-15
    outer loop
      vertex   -5.592638e+00 -5.539000e+00 -2.993185e+01
      vertex   -5.075000e+00 -5.539000e+00 -3.000000e+01
      vertex   -3.000000e+01 -5.539000e+00 -4.268368e+01
    endloop
  endfacet
  facet normal -1.000000e+00 0.000000e+00 0.000000e+00
    outer loop
      vertex   -2.851400e+01 -5.539000e+00 -1.614362e+01
      vertex   -2.851400e+01 -7.039000e+00 -1.614362e+01
      vertex   -2.851400e+01 -5.539000e+00 -2.683681e+00
    endloop
  endfacet
  facet normal -1.000000e+00 0.000000e+00 0.000000e+00
    outer loop
      vertex   -2.851400e+01 -5.539000e+00 -2.683681e+00
      vertex   -2.851400e+01 -7.039000e+00 -1.614362e+01
      vertex   -2.851400e+01 -7.039000e+00 -2.683681e+00
    endloop
  endfacet
  facet normal 1.277544e-01 3.025831e-16 9.918058e-01
    outer loop
      vertex   -1.670820e+01 -5.539000e+00 -8.000000e+00
      vertex   -1.670820e+01 -7.039000e+00 -8.000000e+00
      vertex   -1.620137e+01 -5.539000e+00 -8.065285e+00
    endloop
  endfacet
  facet normal 1.277544e-01 3.025831e-16 9.918058e-01
    outer loop
      vertex   -1.620137e+01 -5.539000e+00 -8.065285e+00
      vertex   -1.670820e+01 -7.039000e+00 -8.000000e+00
      vertex   -1.620137e+01 -7.039000e+00 -8.065285e+00
    endloop
  endfacet
  facet normal 3.749227e-01 8.879953e-16 9.270561e-01
    outer loop
      vertex   -1.620137e+01 -5.539000e+00 -8.065285e+00
      vertex   -1.620137e+01 -7.039000e+00 -8.065285e+00
      vertex   -1.572763e+01 -5.539000e+00 -8.256877e+00
    endloop
  endfacet
  facet normal 3.749227e-01 0.000000e+00 9.270561e-01
    outer loop
      vertex   -1.572763e+01 -5.539000e+00 -8.256877e+00
      vertex   -1.620137e+01 -7.039000e+00 -8.065285e+00
      vertex   -1.572763e+01 -7.039000e+00 -8.256877e+00
    endloop
  endfacet
  facet normal 5.976143e-01 0.000000e+00 8.017837e-01
    outer loop
      vertex   -1.572763e+01 -5.539000e+00 -8.256877e+00
      vertex   -1.572763e+01 -7.039000e+00 -8.256877e+00
      vertex   -1.531791e+01 -5.539000e+00 -8.562268e+00
    endloop
  endfacet
  facet normal 5.976143e-01 -9.495027e-16 8.017837e-01
    outer loop
      vertex   -1.531791e+01 -5.539000e+00 -8.562268e+00
      vertex   -1.572763e+01 -7.039000e+00 -8.256877e+00
      vertex   -1.531791e+01 -7.039000e+00 -8.562268e+00
    endloop
  endfacet
  facet normal 7.812908e-01 -7.391624e-16 6.241672e-01
    outer loop
      vertex   -1.531791e+01 -5.539000e+00 -8.562268e+00
      vertex   -1.531791e+01 -7.039000e+00 -8.562268e+00
      vertex   -1.499895e+01 -5.539000e+00 -8.961522e+00
    endloop
  endfacet
  facet normal 7.812908e-01 0.000000e+00 6.241672e-01
    outer loop
      vertex   -1.499895e+01 -5.539000e+00 -8.961522e+00
      vertex   -1.531791e+01 -7.039000e+00 -8.562268e+00
      vertex   -1.499895e+01 -7.039000e+00 -8.961522e+00
    endloop
  endfacet
  facet normal 9.139610e-01 0.000000e+00 4.058020e-01
    outer loop
      vertex   -1.499895e+01 -5.539000e+00 -8.961522e+00
      vertex   -1.499895e+01 -7.039000e+00 -8.961522e+00
      vertex   -1.479157e+01 -5.539000e+00 -9.428572e+00
    endloop
  endfacet
  facet normal 9.139610e-01 4.805661e-16 4.058020e-01
    outer loop
      vertex   -1.479157e+01 -5.539000e+00 -9.428572e+00
      vertex   -1.499895e+01 -7.039000e+00 -8.961522e+00
      vertex   -1.479157e+01 -7.039000e+00 -9.428572e+00
    endloop
  endfacet
  facet normal 0.000000e+00 0.000000e+00 1.000000e+00
    outer loop
      vertex   -1.670820e+01 -7.039000e+00 -8.000000e+00
      vertex   -1.670820e+01 -5.539000e+00 -8.000000e+00
      vertex   -1.700000e+01 -7.039000e+00 -8.000000e+00
    endloop
  endfacet
  facet normal 0.000000e+00 0.000000e+00 1.000000e+00
    outer loop
      vertex   -1.700000e+01 -7.039000e+00 -8.000000e+00
      vertex   -1.670820e+01 -5.539000e+00 -8.000000e+00
      vertex   -1.700000e+01 -5.539000e+00 -8.000000e+00
    endloop
  endfacet
  facet normal -1.277544e-01 -3.025831e-16 9.918058e-01
    outer loop
      vertex   1.670820e+01 -7.039000e+00 -8.000000e+00
      vertex   1.670820e+01 -5.539000e+00 -8.000000e+00
      vertex   1.620137e+01 -7.039000e+00 -8.065285e+00
    endloop
  endfacet
  facet normal -1.277544e-01 -3.025831e-16 9.918058e-01
    outer loop
      vertex   1.620137e+01 -7.039000e+00 -8.065285e+00
      vertex   1.670820e+01 -5.539000e+00 -8.000000e+00
      vertex   1.620137e+01 -5.539000e+00 -8.065285e+00
    endloop
  endfacet
  facet normal -3.749227e-01 -8.879953e-16 9.270561e-01
    outer loop
      vertex   1.620137e+01 -7.039000e+00 -8.065285e+00
      vertex   1.620137e+01 -5.539000e+00 -8.065285e+00
      vertex   1.572763e+01 -7.039000e+00 -8.256877e+00
    endloop
  endfacet
  facet normal -3.749227e-01 0.000000e+00 9.270561e-01
    outer loop
      vertex   1.572763e+01 -7.039000e+00 -8.256877e+00
      vertex   1.620137e+01 -5.539000e+00 -8.065285e+00
      vertex   1.572763e+01 -5.539000e+00 -8.256877e+00
    endloop
  endfacet
  facet normal -5.976143e-01 0.000000e+00 8.017837e-01
    outer loop
      vertex   1.572763e+01 -7.039000e+00 -8.256877e+00
      vertex   1.572763e+01 -5.539000e+00 -8.256877e+00
      vertex   1.531791e+01 -7.039000e+00 -8.562268e+00
    endloop
  endfacet
  facet normal -5.976143e-01 2.417852e-16 8.017837e-01
    outer loop
      vertex   1.531791e+01 -7.039000e+00 -8.562268e+00
      vertex   1.572763e+01 -5.539000e+00 -8.256877e+00
      vertex   1.531791e+01 -5.539000e+00 -8.562268e+00
    endloop
  endfacet
  facet normal -7.812908e-01 -1.860718e-16 6.241672e-01
    outer loop
      vertex   1.531791e+01 -7.039000e+00 -8.562268e+00
      vertex   1.531791e+01 -5.539000e+00 -8.562268e+00
      vertex   1.499895e+01 -7.039000e+00 -8.961522e+00
    endloop
  endfacet
  facet normal -7.812908e-01 7.391624e-16 6.241672e-01
    outer loop
      vertex   1.499895e+01 -7.039000e+00 -8.961522e+00
      vertex   1.531791e+01 -5.539000e+00 -8.562268e+00
      vertex   1.499895e+01 -5.539000e+00 -8.961522e+00
    endloop
  endfacet
  facet normal -9.139610e-01 4.805661e-16 4.058020e-01
    outer loop
      vertex   1.499895e+01 -7.039000e+00 -8.961522e+00
      vertex   1.499895e+01 -5.539000e+00 -8.961522e+00
      vertex   1.479157e+01 -7.039000e+00 -9.428572e+00
    endloop
  endfacet
  facet normal -9.139610e-01 4.805661e-16 4.058020e-01
    outer loop
      vertex   1.479157e+01 -7.039000e+00 -9.428572e+00
      vertex   1.499895e+01 -5.539000e+00 -8.961522e+00
      vertex   1.479157e+01 -5.539000e+00 -9.428572e+00
    endloop
  endfacet
  facet normal -0.000000e+00 0.000000e+00 1.000000e+00
    outer loop
      vertex   1.670820e+01 -5.539000e+00 -8.000000e+00
      vertex   1.670820e+01 -7.039000e+00 -8.000000e+00
      vertex   1.700000e+01 -5.539000e+00 -8.000000e+00
    endloop
  endfacet
  facet normal 0.000000e+00 0.000000e+00 1.000000e+00
    outer loop
      vertex   1.700000e+01 -5.539000e+00 -8.000000e+00
      vertex   1.670820e+01 -7.039000e+00 -8.000000e+00
      vertex   1.700000e+01 -7.039000e+00 -8.000000e+00
    endloop
  endfacet
  facet normal -1.000000e+00 0.000000e+00 6.682657e-16
    outer loop
      vertex   1.700000e+01 -7.039000e+00 -8.000000e+00
      vertex   1.700000e+01 -7.039000e+00 -2.683681e+00
      vertex   1.700000e+01 -5.539000e+00 -8.000000e+00
    endloop
  endfacet
  facet normal -1.000000e+00 0.000000e+00 6.682657e-16
    outer loop
      vertex   1.700000e+01 -5.539000e+00 -8.000000e+00
      vertex   1.700000e+01 -7.039000e+00 -2.683681e+00
      vertex   1.700000e+01 -5.539000e+00 -2.683681e+00
    endloop
  endfacet
  facet normal 1.000000e+00 0.000000e+00 6.682657e-16
    outer loop
      vertex   -1.700000e+01 -5.539000e+00 -8.000000e+00
      vertex   -1.700000e+01 -5.539000e+00 -2.683681e+00
      vertex   -1.700000e+01 -7.039000e+00 -8.000000e+00
    endloop
  endfacet
  facet normal 1.000000e+00 0.000000e+00 6.682657e-16
    outer loop
      vertex   -1.700000e+01 -7.039000e+00 -8.000000e+00
      vertex   -1.700000e+01 -5.539000e+00 -2.683681e+00
      vertex   -1.700000e+01 -7.039000e+00 -2.683681e+00
    endloop
  endfacet
  facet normal 9.233614e-01 6.129260e-03 3.838829e-01
    outer loop
      vertex   2.933120e+01 2.168952e+01 -1.225958e+01
      vertex   2.911669e+01 2.172542e+01 -1.174419e+01
      vertex   2.911669e+01 2.007034e+01 -1.171776e+01
    endloop
  endfacet
  facet normal 8.866093e-01 7.383845e-03 4.624603e-01
    outer loop
      vertex   2.911669e+01 2.007034e+01 -1.171776e+01
      vertex   2.911669e+01 2.172542e+01 -1.174419e+01
      vertex   2.858632e+01 2.174165e+01 -1.072765e+01
    endloop
  endfacet
  facet normal 8.866093e-01 7.383845e-03 4.624603e-01
    outer loop
      vertex   2.911669e+01 2.007034e+01 -1.171776e+01
      vertex   2.858632e+01 2.174165e+01 -1.072765e+01
      vertex   2.858632e+01 2.008657e+01 -1.070122e+01
    endloop
  endfacet
  facet normal 8.278304e-01 8.955667e-03 5.609070e-01
    outer loop
      vertex   2.858632e+01 2.008657e+01 -1.070122e+01
      vertex   2.858632e+01 2.174165e+01 -1.072765e+01
      vertex   2.794305e+01 2.175681e+01 -9.778494e+00
    endloop
  endfacet
  facet normal 8.278304e-01 8.955667e-03 5.609070e-01
    outer loop
      vertex   2.858632e+01 2.008657e+01 -1.070122e+01
      vertex   2.794305e+01 2.175681e+01 -9.778494e+00
      vertex   2.794305e+01 2.010172e+01 -9.752069e+00
    endloop
  endfacet
  facet normal 7.581662e-01 1.040973e-02 6.519783e-01
    outer loop
      vertex   2.794305e+01 2.010172e+01 -9.752069e+00
      vertex   2.794305e+01 2.175681e+01 -9.778494e+00
      vertex   2.719533e+01 2.177069e+01 -8.909217e+00
    endloop
  endfacet
  facet normal 7.581662e-01 1.040973e-02 6.519783e-01
    outer loop
      vertex   2.794305e+01 2.010172e+01 -9.752069e+00
      vertex   2.719533e+01 2.177069e+01 -8.909217e+00
      vertex   2.719533e+01 2.011560e+01 -8.882791e+00
    endloop
  endfacet
  facet normal 6.785327e-01 1.172691e-02 7.344765e-01
    outer loop
      vertex   2.719533e+01 2.011560e+01 -8.882791e+00
      vertex   2.719533e+01 2.177069e+01 -8.909217e+00
      vertex   2.635300e+01 2.178311e+01 -8.131243e+00
    endloop
  endfacet
  facet normal 6.785327e-01 1.172691e-02 7.344765e-01
    outer loop
      vertex   2.719533e+01 2.011560e+01 -8.882791e+00
      vertex   2.635300e+01 2.178311e+01 -8.131243e+00
      vertex   2.635300e+01 2.012802e+01 -8.104817e+00
    endloop
  endfacet
  facet normal 5.899771e-01 1.288990e-02 8.073171e-01
    outer loop
      vertex   2.635300e+01 2.012802e+01 -8.104817e+00
      vertex   2.635300e+01 2.178311e+01 -8.131243e+00
      vertex   2.542713e+01 2.179391e+01 -7.454803e+00
    endloop
  endfacet
  facet normal 5.899771e-01 1.288990e-02 8.073171e-01
    outer loop
      vertex   2.635300e+01 2.012802e+01 -8.104817e+00
      vertex   2.542713e+01 2.179391e+01 -7.454803e+00
      vertex   2.542713e+01 2.013882e+01 -7.428377e+00
    endloop
  endfacet
  facet normal 4.936638e-01 1.388339e-02 8.695420e-01
    outer loop
      vertex   2.542713e+01 2.013882e+01 -7.428377e+00
      vertex   2.542713e+01 2.179391e+01 -7.454803e+00
      vertex   2.442990e+01 2.180295e+01 -6.888791e+00
    endloop
  endfacet
  facet normal 4.936638e-01 1.388339e-02 8.695420e-01
    outer loop
      vertex   2.542713e+01 2.013882e+01 -7.428377e+00
      vertex   2.442990e+01 2.180295e+01 -6.888791e+00
      vertex   2.442990e+01 2.014786e+01 -6.862366e+00
    endloop
  endfacet
  facet normal 3.908592e-01 1.469432e-02 9.203332e-01
    outer loop
      vertex   2.442990e+01 2.014786e+01 -6.862366e+00
      vertex   2.442990e+01 2.180295e+01 -6.888791e+00
      vertex   2.337442e+01 2.181010e+01 -6.440651e+00
    endloop
  endfacet
  facet normal 3.908592e-01 1.469432e-02 9.203332e-01
    outer loop
      vertex   2.442990e+01 2.014786e+01 -6.862366e+00
      vertex   2.337442e+01 2.181010e+01 -6.440651e+00
      vertex   2.337442e+01 2.015502e+01 -6.414225e+00
    endloop
  endfacet
  facet normal 2.829151e-01 1.531204e-02 9.590227e-01
    outer loop
      vertex   2.337442e+01 2.015502e+01 -6.414225e+00
      vertex   2.337442e+01 2.181010e+01 -6.440651e+00
      vertex   2.227457e+01 2.181528e+01 -6.116273e+00
    endloop
  endfacet
  facet normal 2.829151e-01 1.531204e-02 9.590227e-01
    outer loop
      vertex   2.337442e+01 2.015502e+01 -6.414225e+00
      vertex   2.227457e+01 2.181528e+01 -6.116273e+00
      vertex   2.227457e+01 2.016020e+01 -6.089848e+00
    endloop
  endfacet
  facet normal 1.712509e-01 1.572842e-02 9.851019e-01
    outer loop
      vertex   2.227457e+01 2.016020e+01 -6.089848e+00
      vertex   2.227457e+01 2.181528e+01 -6.116273e+00
      vertex   2.114481e+01 2.181841e+01 -5.919925e+00
    endloop
  endfacet
  facet normal 1.712509e-01 1.572842e-02 9.851019e-01
    outer loop
      vertex   2.227457e+01 2.016020e+01 -6.089848e+00
      vertex   2.114481e+01 2.181841e+01 -5.919925e+00
      vertex   2.114481e+01 2.016333e+01 -5.893500e+00
    endloop
  endfacet
  facet normal 5.733495e-02 1.593798e-02 9.982278e-01
    outer loop
      vertex   2.114481e+01 2.016333e+01 -5.893500e+00
      vertex   2.114481e+01 2.181841e+01 -5.919925e+00
      vertex   2.000000e+01 2.016438e+01 -5.827762e+00
    endloop
  endfacet
  facet normal 5.733495e-02 1.593798e-02 9.982278e-01
    outer loop
      vertex   2.000000e+01 2.016438e+01 -5.827762e+00
      vertex   2.114481e+01 2.181841e+01 -5.919925e+00
      vertex   2.000000e+01 2.181946e+01 -5.854188e+00
    endloop
  endfacet
  facet normal 9.233614e-01 6.129260e-03 3.838829e-01
    outer loop
      vertex   2.911669e+01 2.007034e+01 -1.171776e+01
      vertex   2.933120e+01 2.003444e+01 -1.223316e+01
      vertex   2.933120e+01 2.168952e+01 -1.225958e+01
    endloop
  endfacet
  facet normal 9.432230e-01 5.302768e-03 3.321179e-01
    outer loop
      vertex   2.933120e+01 2.168952e+01 -1.225958e+01
      vertex   2.933120e+01 2.003444e+01 -1.223316e+01
      vertex   2.951923e+01 2.159576e+01 -1.279209e+01
    endloop
  endfacet
  facet normal 9.432230e-01 5.302768e-03 3.321179e-01
    outer loop
      vertex   2.951923e+01 2.159576e+01 -1.279209e+01
      vertex   2.933120e+01 2.003444e+01 -1.223316e+01
      vertex   2.951923e+01 1.994068e+01 -1.276567e+01
    endloop
  endfacet
  facet normal 9.597955e-01 4.481249e-03 2.806644e-01
    outer loop
      vertex   2.951923e+01 2.159576e+01 -1.279209e+01
      vertex   2.951923e+01 1.994068e+01 -1.276567e+01
      vertex   2.967646e+01 2.144102e+01 -1.332729e+01
    endloop
  endfacet
  facet normal 9.597955e-01 4.481249e-03 2.806644e-01
    outer loop
      vertex   2.967646e+01 2.144102e+01 -1.332729e+01
      vertex   2.951923e+01 1.994068e+01 -1.276567e+01
      vertex   2.967646e+01 1.978594e+01 -1.330087e+01
    endloop
  endfacet
  facet normal 9.740073e-01 3.616252e-03 2.264878e-01
    outer loop
      vertex   2.967646e+01 2.144102e+01 -1.332729e+01
      vertex   2.967646e+01 1.978594e+01 -1.330087e+01
      vertex   2.979901e+01 2.122264e+01 -1.385086e+01
    endloop
  endfacet
  facet normal 9.740073e-01 3.616252e-03 2.264878e-01
    outer loop
      vertex   2.979901e+01 2.122264e+01 -1.385086e+01
      vertex   2.967646e+01 1.978594e+01 -1.330087e+01
      vertex   2.979901e+01 1.956756e+01 -1.382443e+01
    endloop
  endfacet
  facet normal 9.860284e-01 2.659370e-03 1.665563e-01
    outer loop
      vertex   2.979901e+01 2.122264e+01 -1.385086e+01
      vertex   2.979901e+01 1.956756e+01 -1.382443e+01
      vertex   2.991050e+01 2.090417e+01 -1.450581e+01
    endloop
  endfacet
  facet normal 9.860284e-01 2.659370e-03 1.665563e-01
    outer loop
      vertex   2.991050e+01 2.090417e+01 -1.450581e+01
      vertex   2.979901e+01 1.956756e+01 -1.382443e+01
      vertex   2.991050e+01 1.924908e+01 -1.447939e+01
    endloop
  endfacet
  facet normal 9.949627e-01 1.600438e-03 1.002332e-01
    outer loop
      vertex   2.991050e+01 2.090417e+01 -1.450581e+01
      vertex   2.991050e+01 1.924908e+01 -1.447939e+01
      vertex   2.997760e+01 2.058281e+01 -1.516670e+01
    endloop
  endfacet
  facet normal 9.949627e-01 1.600438e-03 1.002332e-01
    outer loop
      vertex   2.997760e+01 2.058281e+01 -1.516670e+01
      vertex   2.991050e+01 1.924908e+01 -1.447939e+01
      vertex   2.997760e+01 1.892772e+01 -1.514028e+01
    endloop
  endfacet
  facet normal 9.994399e-01 5.343358e-04 3.346102e-02
    outer loop
      vertex   2.997760e+01 2.058281e+01 -1.516670e+01
      vertex   2.997760e+01 1.892772e+01 -1.514028e+01
      vertex   3.000000e+01 2.026000e+01 -1.583056e+01
    endloop
  endfacet
  facet normal 9.994399e-01 5.343358e-04 3.346102e-02
    outer loop
      vertex   3.000000e+01 2.026000e+01 -1.583056e+01
      vertex   2.997760e+01 1.892772e+01 -1.514028e+01
      vertex   3.000000e+01 1.860492e+01 -1.580414e+01
    endloop
  endfacet
  facet normal -4.142084e-09 1.596424e-02 9.998726e-01
    outer loop
      vertex   2.000000e+01 2.181946e+01 -5.854188e+00
      vertex   -2.000000e+01 2.181946e+01 -5.854188e+00
      vertex   2.000000e+01 2.016438e+01 -5.827762e+00
    endloop
  endfacet
  facet normal -4.142084e-09 1.596424e-02 9.998726e-01
    outer loop
      vertex   2.000000e+01 2.016438e+01 -5.827762e+00
      vertex   -2.000000e+01 2.181946e+01 -5.854188e+00
      vertex   -2.000000e+01 2.016438e+01 -5.827762e+00
    endloop
  endfacet
  facet normal -8.805247e-08 9.998726e-01 -1.596424e-02
    outer loop
      vertex   2.114481e+01 2.181841e+01 -5.919925e+00
      vertex   2.227457e+01 2.181528e+01 -6.116273e+00
      vertex   2.000000e+01 2.181946e+01 -5.854188e+00
    endloop
  endfacet
  facet normal -8.805246e-08 9.998726e-01 -1.596424e-02
    outer loop
      vertex   2.000000e+01 2.181946e+01 -5.854188e+00
      vertex   2.227457e+01 2.181528e+01 -6.116273e+00
      vertex   2.337442e+01 2.181010e+01 -6.440651e+00
    endloop
  endfacet
  facet normal -8.805247e-08 9.998726e-01 -1.596424e-02
    outer loop
      vertex   2.000000e+01 2.181946e+01 -5.854188e+00
      vertex   2.337442e+01 2.181010e+01 -6.440651e+00
      vertex   2.442990e+01 2.180295e+01 -6.888791e+00
    endloop
  endfacet
  facet normal -8.805246e-08 9.998726e-01 -1.596424e-02
    outer loop
      vertex   2.542713e+01 2.179391e+01 -7.454803e+00
      vertex   -2.542713e+01 2.179390e+01 -7.454803e+00
      vertex   2.442990e+01 2.180295e+01 -6.888791e+00
    endloop
  endfacet
  facet normal -8.805246e-08 9.998726e-01 -1.596424e-02
    outer loop
      vertex   2.442990e+01 2.180295e+01 -6.888791e+00
      vertex   -2.542713e+01 2.179390e+01 -7.454803e+00
      vertex   -2.442990e+01 2.180294e+01 -6.888791e+00
    endloop
  endfacet
  facet normal -8.805246e-08 9.998726e-01 -1.596424e-02
    outer loop
      vertex   2.442990e+01 2.180295e+01 -6.888791e+00
      vertex   -2.442990e+01 2.180294e+01 -6.888791e+00
      vertex   2.000000e+01 2.181946e+01 -5.854188e+00
    endloop
  endfacet
  facet normal -8.805246e-08 9.998726e-01 -1.596424e-02
    outer loop
      vertex   2.000000e+01 2.181946e+01 -5.854188e+00
      vertex   -2.442990e+01 2.180294e+01 -6.888791e+00
      vertex   -2.000000e+01 2.181946e+01 -5.854188e+00
    endloop
  endfacet
  facet normal -8.805246e-08 9.998726e-01 -1.596424e-02
    outer loop
      vertex   -2.000000e+01 2.181946e+01 -5.854188e+00
      vertex   -2.442990e+01 2.180294e+01 -6.888791e+00
      vertex   -2.337442e+01 2.181010e+01 -6.440651e+00
    endloop
  endfacet
  facet normal -8.805246e-08 9.998726e-01 -1.596424e-02
    outer loop
      vertex   -2.000000e+01 2.181946e+01 -5.854188e+00
      vertex   -2.337442e+01 2.181010e+01 -6.440651e+00
      vertex   -2.227457e+01 2.181528e+01 -6.116273e+00
    endloop
  endfacet
  facet normal -8.805246e-08 9.998726e-01 -1.596424e-02
    outer loop
      vertex   -2.542713e+01 2.179390e+01 -7.454803e+00
      vertex   2.542713e+01 2.179391e+01 -7.454803e+00
      vertex   -2.635300e+01 2.178310e+01 -8.131243e+00
    endloop
  endfacet
  facet normal -8.805246e-08 9.998726e-01 -1.596424e-02
    outer loop
      vertex   -2.635300e+01 2.178310e+01 -8.131243e+00
      vertex   2.542713e+01 2.179391e+01 -7.454803e+00
      vertex   2.635300e+01 2.178311e+01 -8.131243e+00
    endloop
  endfacet
  facet normal -8.805246e-08 9.998726e-01 -1.596424e-02
    outer loop
      vertex   -2.635300e+01 2.178310e+01 -8.131243e+00
      vertex   2.635300e+01 2.178311e+01 -8.131243e+00
      vertex   -2.719533e+01 2.177068e+01 -8.909217e+00
    endloop
  endfacet
  facet normal -8.805246e-08 9.998726e-01 -1.596424e-02
    outer loop
      vertex   -2.719533e+01 2.177068e+01 -8.909217e+00
      vertex   2.635300e+01 2.178311e+01 -8.131243e+00
      vertex   2.719533e+01 2.177069e+01 -8.909217e+00
    endloop
  endfacet
  facet normal -8.805246e-08 9.998726e-01 -1.596424e-02
    outer loop
      vertex   -2.719533e+01 2.177068e+01 -8.909217e+00
      vertex   2.719533e+01 2.177069e+01 -8.909217e+00
      vertex   -2.794305e+01 2.175680e+01 -9.778495e+00
    endloop
  endfacet
  facet normal -8.805246e-08 9.998726e-01 -1.596424e-02
    outer loop
      vertex   -2.794305e+01 2.175680e+01 -9.778495e+00
      vertex   2.719533e+01 2.177069e+01 -8.909217e+00
      vertex   2.794305e+01 2.175681e+01 -9.778494e+00
    endloop
  endfacet
  facet normal -8.805246e-08 9.998726e-01 -1.596424e-02
    outer loop
      vertex   -2.794305e+01 2.175680e+01 -9.778495e+00
      vertex   2.794305e+01 2.175681e+01 -9.778494e+00
      vertex   -2.858632e+01 2.174165e+01 -1.072765e+01
    endloop
  endfacet
  facet normal -8.805246e-08 9.998726e-01 -1.596424e-02
    outer loop
      vertex   -2.858632e+01 2.174165e+01 -1.072765e+01
      vertex   2.794305e+01 2.175681e+01 -9.778494e+00
      vertex   2.858632e+01 2.174165e+01 -1.072765e+01
    endloop
  endfacet
  facet normal -8.805246e-08 9.998726e-01 -1.596424e-02
    outer loop
      vertex   -2.858632e+01 2.174165e+01 -1.072765e+01
      vertex   2.858632e+01 2.174165e+01 -1.072765e+01
      vertex   -2.911669e+01 2.172542e+01 -1.174419e+01
    endloop
  endfacet
  facet normal -8.805246e-08 9.998726e-01 -1.596424e-02
    outer loop
      vertex   -2.911669e+01 2.172542e+01 -1.174419e+01
      vertex   2.858632e+01 2.174165e+01 -1.072765e+01
      vertex   2.911669e+01 2.172542e+01 -1.174419e+01
    endloop
  endfacet
  facet normal -8.805246e-08 9.998726e-01 -1.596424e-02
    outer loop
      vertex   -2.227457e+01 2.181528e+01 -6.116273e+00
      vertex   -2.114481e+01 2.181841e+01 -5.919925e+00
      vertex   -2.000000e+01 2.181946e+01 -5.854188e+00
    endloop
  endfacet
  facet normal -9.610231e-04 9.975544e-01 -6.988773e-02
    outer loop
      vertex   2.933120e+01 2.168952e+01 -1.225958e+01
      vertex   1.489951e+01 2.166099e+01 -1.246840e+01
      vertex   2.911669e+01 2.172542e+01 -1.174419e+01
    endloop
  endfacet
  facet normal -8.751826e-08 9.960655e-01 -8.861970e-02
    outer loop
      vertex   2.911669e+01 2.172542e+01 -1.174419e+01
      vertex   1.489951e+01 2.166099e+01 -1.246840e+01
      vertex   -1.827858e-06 2.166099e+01 -1.246840e+01
    endloop
  endfacet
  facet normal -8.751826e-08 9.960655e-01 -8.861970e-02
    outer loop
      vertex   2.911669e+01 2.172542e+01 -1.174419e+01
      vertex   -1.827858e-06 2.166099e+01 -1.246840e+01
      vertex   -1.489951e+01 2.166099e+01 -1.246840e+01
    endloop
  endfacet
  facet normal -8.506535e-08 9.726821e-01 -2.321413e-01
    outer loop
      vertex   -1.489951e+01 2.166099e+01 -1.246840e+01
      vertex   -1.827858e-06 2.166099e+01 -1.246840e+01
      vertex   -1.489951e+01 2.149220e+01 -1.317561e+01
    endloop
  endfacet
  facet normal 8.013303e-04 9.726818e-01 -2.321412e-01
    outer loop
      vertex   -1.489951e+01 2.166099e+01 -1.246840e+01
      vertex   -1.489951e+01 2.149220e+01 -1.317561e+01
      vertex   -2.951923e+01 2.159580e+01 -1.279202e+01
    endloop
  endfacet
  facet normal -4.768270e-04 9.606915e-01 -2.776178e-01
    outer loop
      vertex   -2.951923e+01 2.159580e+01 -1.279202e+01
      vertex   -1.489951e+01 2.149220e+01 -1.317561e+01
      vertex   -2.967647e+01 2.144104e+01 -1.332727e+01
    endloop
  endfacet
  facet normal 7.575558e-04 9.228626e-01 -3.851287e-01
    outer loop
      vertex   -2.967647e+01 2.144104e+01 -1.332727e+01
      vertex   -1.489951e+01 2.149220e+01 -1.317561e+01
      vertex   -2.979902e+01 2.122264e+01 -1.385086e+01
    endloop
  endfacet
  facet normal -8.081372e-08 9.287311e-01 -3.707541e-01
    outer loop
      vertex   -2.979902e+01 2.122264e+01 -1.385086e+01
      vertex   -1.489951e+01 2.149220e+01 -1.317561e+01
      vertex   -1.811052e-06 2.149221e+01 -1.317561e+01
    endloop
  endfacet
  facet normal -8.081372e-08 9.287311e-01 -3.707541e-01
    outer loop
      vertex   -2.979902e+01 2.122264e+01 -1.385086e+01
      vertex   -1.811052e-06 2.149221e+01 -1.317561e+01
      vertex   1.489951e+01 2.149221e+01 -1.317561e+01
    endloop
  endfacet
  facet normal -8.506535e-08 9.726821e-01 -2.321413e-01
    outer loop
      vertex   1.489951e+01 2.149221e+01 -1.317561e+01
      vertex   -1.811052e-06 2.149221e+01 -1.317561e+01
      vertex   1.489951e+01 2.166099e+01 -1.246840e+01
    endloop
  endfacet
  facet normal -8.002117e-04 9.726818e-01 -2.321412e-01
    outer loop
      vertex   1.489951e+01 2.149221e+01 -1.317561e+01
      vertex   1.489951e+01 2.166099e+01 -1.246840e+01
      vertex   2.951923e+01 2.159576e+01 -1.279209e+01
    endloop
  endfacet
  facet normal 5.590339e-04 9.848848e-01 -1.732095e-01
    outer loop
      vertex   2.951923e+01 2.159576e+01 -1.279209e+01
      vertex   1.489951e+01 2.166099e+01 -1.246840e+01
      vertex   2.933120e+01 2.168952e+01 -1.225958e+01
    endloop
  endfacet
  facet normal 4.780042e-04 9.606883e-01 -2.776289e-01
    outer loop
      vertex   2.951923e+01 2.159576e+01 -1.279209e+01
      vertex   2.967646e+01 2.144102e+01 -1.332729e+01
      vertex   1.489951e+01 2.149221e+01 -1.317561e+01
    endloop
  endfacet
  facet normal -3.534644e-04 9.365665e-01 -3.504898e-01
    outer loop
      vertex   1.489951e+01 2.149221e+01 -1.317561e+01
      vertex   2.967646e+01 2.144102e+01 -1.332729e+01
      vertex   -2.979902e+01 2.122264e+01 -1.385086e+01
    endloop
  endfacet
  facet normal -8.026447e-08 9.229380e-01 -3.849485e-01
    outer loop
      vertex   2.967646e+01 2.144102e+01 -1.332729e+01
      vertex   2.979901e+01 2.122264e+01 -1.385086e+01
      vertex   -2.979902e+01 2.122264e+01 -1.385086e+01
    endloop
  endfacet
  facet normal -5.585487e-04 9.848922e-01 -1.731679e-01
    outer loop
      vertex   -2.951923e+01 2.159580e+01 -1.279202e+01
      vertex   -2.933118e+01 2.168953e+01 -1.225949e+01
      vertex   -1.489951e+01 2.166099e+01 -1.246840e+01
    endloop
  endfacet
  facet normal 3.648447e-04 9.938645e-01 -1.106038e-01
    outer loop
      vertex   -1.489951e+01 2.166099e+01 -1.246840e+01
      vertex   -2.933118e+01 2.168953e+01 -1.225949e+01
      vertex   2.911669e+01 2.172542e+01 -1.174419e+01
    endloop
  endfacet
  facet normal -8.770444e-08 9.975840e-01 -6.947074e-02
    outer loop
      vertex   -2.933118e+01 2.168953e+01 -1.225949e+01
      vertex   -2.911669e+01 2.172542e+01 -1.174419e+01
      vertex   2.911669e+01 2.172542e+01 -1.174419e+01
    endloop
  endfacet
  facet normal -8.506535e-08 9.726821e-01 -2.321413e-01
    outer loop
      vertex   -1.489951e+01 2.149220e+01 -1.317561e+01
      vertex   -1.827858e-06 2.166099e+01 -1.246840e+01
      vertex   -1.811052e-06 2.149221e+01 -1.317561e+01
    endloop
  endfacet
  facet normal -8.506535e-08 9.726821e-01 -2.321413e-01
    outer loop
      vertex   -1.811052e-06 2.149221e+01 -1.317561e+01
      vertex   -1.827858e-06 2.166099e+01 -1.246840e+01
      vertex   1.489951e+01 2.166099e+01 -1.246840e+01
    endloop
  endfacet
  facet normal -8.866093e-01 7.383688e-03 4.624603e-01
    outer loop
      vertex   -2.858632e+01 2.008657e+01 -1.070122e+01
      vertex   -2.911669e+01 2.172542e+01 -1.174419e+01
      vertex   -2.911669e+01 2.007033e+01 -1.171776e+01
    endloop
  endfacet
  facet normal -9.233561e-01 6.129304e-03 3.838958e-01
    outer loop
      vertex   -2.911669e+01 2.007033e+01 -1.171776e+01
      vertex   -2.911669e+01 2.172542e+01 -1.174419e+01
      vertex   -2.933118e+01 2.168953e+01 -1.225949e+01
    endloop
  endfacet
  facet normal -9.233561e-01 6.129304e-03 3.838958e-01
    outer loop
      vertex   -2.911669e+01 2.007033e+01 -1.171776e+01
      vertex   -2.933118e+01 2.168953e+01 -1.225949e+01
      vertex   -2.933118e+01 2.003445e+01 -1.223307e+01
    endloop
  endfacet
  facet normal -9.432130e-01 5.303052e-03 3.321461e-01
    outer loop
      vertex   -2.933118e+01 2.003445e+01 -1.223307e+01
      vertex   -2.933118e+01 2.168953e+01 -1.225949e+01
      vertex   -2.951923e+01 2.159580e+01 -1.279202e+01
    endloop
  endfacet
  facet normal -9.432130e-01 5.303052e-03 3.321461e-01
    outer loop
      vertex   -2.933118e+01 2.003445e+01 -1.223307e+01
      vertex   -2.951923e+01 2.159580e+01 -1.279202e+01
      vertex   -2.951923e+01 1.994071e+01 -1.276560e+01
    endloop
  endfacet
  facet normal -9.597944e-01 4.481141e-03 2.806682e-01
    outer loop
      vertex   -2.951923e+01 1.994071e+01 -1.276560e+01
      vertex   -2.951923e+01 2.159580e+01 -1.279202e+01
      vertex   -2.967647e+01 2.144104e+01 -1.332727e+01
    endloop
  endfacet
  facet normal -9.597944e-01 4.481141e-03 2.806682e-01
    outer loop
      vertex   -2.951923e+01 1.994071e+01 -1.276560e+01
      vertex   -2.967647e+01 2.144104e+01 -1.332727e+01
      vertex   -2.967647e+01 1.978596e+01 -1.330084e+01
    endloop
  endfacet
  facet normal -9.740144e-01 3.615595e-03 2.264574e-01
    outer loop
      vertex   -2.967647e+01 1.978596e+01 -1.330084e+01
      vertex   -2.967647e+01 2.144104e+01 -1.332727e+01
      vertex   -2.979902e+01 2.122264e+01 -1.385086e+01
    endloop
  endfacet
  facet normal -9.740144e-01 3.615595e-03 2.264574e-01
    outer loop
      vertex   -2.967647e+01 1.978596e+01 -1.330084e+01
      vertex   -2.979902e+01 2.122264e+01 -1.385086e+01
      vertex   -2.979902e+01 1.956755e+01 -1.382443e+01
    endloop
  endfacet
  facet normal -9.860284e-01 2.659196e-03 1.665563e-01
    outer loop
      vertex   -2.979902e+01 1.956755e+01 -1.382443e+01
      vertex   -2.979902e+01 2.122264e+01 -1.385086e+01
      vertex   -2.991051e+01 2.090416e+01 -1.450581e+01
    endloop
  endfacet
  facet normal -9.860284e-01 2.659196e-03 1.665563e-01
    outer loop
      vertex   -2.979902e+01 1.956755e+01 -1.382443e+01
      vertex   -2.991051e+01 2.090416e+01 -1.450581e+01
      vertex   -2.991051e+01 1.924908e+01 -1.447939e+01
    endloop
  endfacet
  facet normal -9.949627e-01 1.600262e-03 1.002332e-01
    outer loop
      vertex   -2.991051e+01 1.924908e+01 -1.447939e+01
      vertex   -2.991051e+01 2.090416e+01 -1.450581e+01
      vertex   -2.997760e+01 2.058280e+01 -1.516670e+01
    endloop
  endfacet
  facet normal -9.949627e-01 1.600262e-03 1.002332e-01
    outer loop
      vertex   -2.991051e+01 1.924908e+01 -1.447939e+01
      vertex   -2.997760e+01 2.058280e+01 -1.516670e+01
      vertex   -2.997760e+01 1.892772e+01 -1.514028e+01
    endloop
  endfacet
  facet normal -9.994399e-01 5.341597e-04 3.346102e-02
    outer loop
      vertex   -2.997760e+01 1.892772e+01 -1.514028e+01
      vertex   -2.997760e+01 2.058280e+01 -1.516670e+01
      vertex   -3.000000e+01 2.026000e+01 -1.583056e+01
    endloop
  endfacet
  facet normal -9.994399e-01 5.341597e-04 3.346102e-02
    outer loop
      vertex   -2.997760e+01 1.892772e+01 -1.514028e+01
      vertex   -3.000000e+01 2.026000e+01 -1.583056e+01
      vertex   -3.000000e+01 1.860491e+01 -1.580414e+01
    endloop
  endfacet
  facet normal -8.866093e-01 7.383688e-03 4.624603e-01
    outer loop
      vertex   -2.911669e+01 2.172542e+01 -1.174419e+01
      vertex   -2.858632e+01 2.008657e+01 -1.070122e+01
      vertex   -2.858632e+01 2.174165e+01 -1.072765e+01
    endloop
  endfacet
  facet normal -8.278304e-01 8.955521e-03 5.609070e-01
    outer loop
      vertex   -2.858632e+01 2.174165e+01 -1.072765e+01
      vertex   -2.858632e+01 2.008657e+01 -1.070122e+01
      vertex   -2.794305e+01 2.010172e+01 -9.752069e+00
    endloop
  endfacet
  facet normal -8.278304e-01 8.955521e-03 5.609070e-01
    outer loop
      vertex   -2.858632e+01 2.174165e+01 -1.072765e+01
      vertex   -2.794305e+01 2.010172e+01 -9.752069e+00
      vertex   -2.794305e+01 2.175680e+01 -9.778495e+00
    endloop
  endfacet
  facet normal -7.581662e-01 1.040960e-02 6.519783e-01
    outer loop
      vertex   -2.794305e+01 2.175680e+01 -9.778495e+00
      vertex   -2.794305e+01 2.010172e+01 -9.752069e+00
      vertex   -2.719533e+01 2.011560e+01 -8.882791e+00
    endloop
  endfacet
  facet normal -7.581662e-01 1.040960e-02 6.519783e-01
    outer loop
      vertex   -2.794305e+01 2.175680e+01 -9.778495e+00
      vertex   -2.719533e+01 2.011560e+01 -8.882791e+00
      vertex   -2.719533e+01 2.177068e+01 -8.909217e+00
    endloop
  endfacet
  facet normal -6.785327e-01 1.172679e-02 7.344765e-01
    outer loop
      vertex   -2.719533e+01 2.177068e+01 -8.909217e+00
      vertex   -2.719533e+01 2.011560e+01 -8.882791e+00
      vertex   -2.635300e+01 2.012802e+01 -8.104818e+00
    endloop
  endfacet
  facet normal -6.785327e-01 1.172679e-02 7.344765e-01
    outer loop
      vertex   -2.719533e+01 2.177068e+01 -8.909217e+00
      vertex   -2.635300e+01 2.012802e+01 -8.104818e+00
      vertex   -2.635300e+01 2.178310e+01 -8.131243e+00
    endloop
  endfacet
  facet normal -5.899771e-01 1.288979e-02 8.073171e-01
    outer loop
      vertex   -2.635300e+01 2.178310e+01 -8.131243e+00
      vertex   -2.635300e+01 2.012802e+01 -8.104818e+00
      vertex   -2.542713e+01 2.013882e+01 -7.428378e+00
    endloop
  endfacet
  facet normal -5.899771e-01 1.288979e-02 8.073171e-01
    outer loop
      vertex   -2.635300e+01 2.178310e+01 -8.131243e+00
      vertex   -2.542713e+01 2.013882e+01 -7.428378e+00
      vertex   -2.542713e+01 2.179390e+01 -7.454803e+00
    endloop
  endfacet
  facet normal -4.936638e-01 1.388330e-02 8.695420e-01
    outer loop
      vertex   -2.542713e+01 2.179390e+01 -7.454803e+00
      vertex   -2.542713e+01 2.013882e+01 -7.428378e+00
      vertex   -2.442990e+01 2.014786e+01 -6.862366e+00
    endloop
  endfacet
  facet normal -4.936638e-01 1.388330e-02 8.695420e-01
    outer loop
      vertex   -2.542713e+01 2.179390e+01 -7.454803e+00
      vertex   -2.442990e+01 2.014786e+01 -6.862366e+00
      vertex   -2.442990e+01 2.180294e+01 -6.888791e+00
    endloop
  endfacet
  facet normal -3.908592e-01 1.469426e-02 9.203332e-01
    outer loop
      vertex   -2.442990e+01 2.180294e+01 -6.888791e+00
      vertex   -2.442990e+01 2.014786e+01 -6.862366e+00
      vertex   -2.337442e+01 2.015501e+01 -6.414225e+00
    endloop
  endfacet
  facet normal -3.908592e-01 1.469426e-02 9.203332e-01
    outer loop
      vertex   -2.442990e+01 2.180294e+01 -6.888791e+00
      vertex   -2.337442e+01 2.015501e+01 -6.414225e+00
      vertex   -2.337442e+01 2.181010e+01 -6.440651e+00
    endloop
  endfacet
  facet normal -2.829151e-01 1.531199e-02 9.590227e-01
    outer loop
      vertex   -2.337442e+01 2.181010e+01 -6.440651e+00
      vertex   -2.337442e+01 2.015501e+01 -6.414225e+00
      vertex   -2.227457e+01 2.016019e+01 -6.089848e+00
    endloop
  endfacet
  facet normal -2.829151e-01 1.531199e-02 9.590227e-01
    outer loop
      vertex   -2.337442e+01 2.181010e+01 -6.440651e+00
      vertex   -2.227457e+01 2.016019e+01 -6.089848e+00
      vertex   -2.227457e+01 2.181528e+01 -6.116273e+00
    endloop
  endfacet
  facet normal -1.712510e-01 1.572839e-02 9.851019e-01
    outer loop
      vertex   -2.227457e+01 2.181528e+01 -6.116273e+00
      vertex   -2.227457e+01 2.016019e+01 -6.089848e+00
      vertex   -2.114481e+01 2.016333e+01 -5.893500e+00
    endloop
  endfacet
  facet normal -1.712510e-01 1.572839e-02 9.851019e-01
    outer loop
      vertex   -2.227457e+01 2.181528e+01 -6.116273e+00
      vertex   -2.114481e+01 2.016333e+01 -5.893500e+00
      vertex   -2.114481e+01 2.181841e+01 -5.919925e+00
    endloop
  endfacet
  facet normal -5.733496e-02 1.593797e-02 9.982278e-01
    outer loop
      vertex   -2.114481e+01 2.181841e+01 -5.919925e+00
      vertex   -2.114481e+01 2.016333e+01 -5.893500e+00
      vertex   -2.000000e+01 2.181946e+01 -5.854188e+00
    endloop
  endfacet
  facet normal -5.733496e-02 1.593797e-02 9.982278e-01
    outer loop
      vertex   -2.000000e+01 2.181946e+01 -5.854188e+00
      vertex   -2.114481e+01 2.016333e+01 -5.893500e+00
      vertex   -2.000000e+01 2.016438e+01 -5.827762e+00
    endloop
  endfacet
  facet normal 7.804003e-08 -8.993166e-01 4.372981e-01
    outer loop
      vertex   2.997760e+01 1.892772e+01 -1.514028e+01
      vertex   4.050426e+00 1.647443e+01 -2.018554e+01
      vertex   3.000000e+01 1.860492e+01 -1.580414e+01
    endloop
  endfacet
  facet normal 7.804003e-08 -8.993166e-01 4.372981e-01
    outer loop
      vertex   3.000000e+01 1.860492e+01 -1.580414e+01
      vertex   4.050426e+00 1.647443e+01 -2.018554e+01
      vertex   4.568863e+00 1.638845e+01 -2.036236e+01
    endloop
  endfacet
  facet normal 7.804003e-08 -8.993166e-01 4.372981e-01
    outer loop
      vertex   3.000000e+01 1.860492e+01 -1.580414e+01
      vertex   4.568863e+00 1.638845e+01 -2.036236e+01
      vertex   5.025182e+00 1.625071e+01 -2.064562e+01
    endloop
  endfacet
  facet normal 7.804004e-08 -8.993166e-01 4.372981e-01
    outer loop
      vertex   4.050426e+00 1.647443e+01 -2.018554e+01
      vertex   2.997760e+01 1.892772e+01 -1.514028e+01
      vertex   3.500000e+00 1.650366e+01 -2.012543e+01
    endloop
  endfacet
  facet normal 7.804003e-08 -8.993166e-01 4.372981e-01
    outer loop
      vertex   3.500000e+00 1.650366e+01 -2.012543e+01
      vertex   2.997760e+01 1.892772e+01 -1.514028e+01
      vertex   2.991050e+01 1.924908e+01 -1.447939e+01
    endloop
  endfacet
  facet normal 7.804003e-08 -8.993166e-01 4.372981e-01
    outer loop
      vertex   3.500000e+00 1.650366e+01 -2.012543e+01
      vertex   2.991050e+01 1.924908e+01 -1.447939e+01
      vertex   2.979901e+01 1.956756e+01 -1.382443e+01
    endloop
  endfacet
  facet normal 7.804003e-08 -8.993166e-01 4.372981e-01
    outer loop
      vertex   3.500000e+00 1.650366e+01 -2.012543e+01
      vertex   2.979901e+01 1.956756e+01 -1.382443e+01
      vertex   -3.500000e+00 1.650366e+01 -2.012543e+01
    endloop
  endfacet
  facet normal 7.804003e-08 -8.993166e-01 4.372981e-01
    outer loop
      vertex   -3.500000e+00 1.650366e+01 -2.012543e+01
      vertex   2.979901e+01 1.956756e+01 -1.382443e+01
      vertex   -2.979902e+01 1.956755e+01 -1.382443e+01
    endloop
  endfacet
  facet normal 7.804003e-08 -8.993166e-01 4.372981e-01
    outer loop
      vertex   -3.500000e+00 1.650366e+01 -2.012543e+01
      vertex   -2.979902e+01 1.956755e+01 -1.382443e+01
      vertex   -2.991051e+01 1.924908e+01 -1.447939e+01
    endloop
  endfacet
  facet normal 7.804003e-08 -8.993166e-01 4.372981e-01
    outer loop
      vertex   -2.991051e+01 1.924908e+01 -1.447939e+01
      vertex   -2.997760e+01 1.892772e+01 -1.514028e+01
      vertex   -3.500000e+00 1.650366e+01 -2.012543e+01
    endloop
  endfacet
  facet normal 7.804003e-08 -8.993166e-01 4.372981e-01
    outer loop
      vertex   -3.500000e+00 1.650366e+01 -2.012543e+01
      vertex   -2.997760e+01 1.892772e+01 -1.514028e+01
      vertex   -4.050426e+00 1.647443e+01 -2.018554e+01
    endloop
  endfacet
  facet normal 7.804003e-08 -8.993166e-01 4.372981e-01
    outer loop
      vertex   -4.050426e+00 1.647443e+01 -2.018554e+01
      vertex   -2.997760e+01 1.892772e+01 -1.514028e+01
      vertex   -3.000000e+01 1.860491e+01 -1.580414e+01
    endloop
  endfacet
  facet normal 7.804003e-08 -8.993166e-01 4.372981e-01
    outer loop
      vertex   -4.050426e+00 1.647443e+01 -2.018554e+01
      vertex   -3.000000e+01 1.860491e+01 -1.580414e+01
      vertex   -4.568863e+00 1.638845e+01 -2.036236e+01
    endloop
  endfacet
  facet normal 7.804003e-08 -8.993166e-01 4.372981e-01
    outer loop
      vertex   -4.568863e+00 1.638845e+01 -2.036236e+01
      vertex   -3.000000e+01 1.860491e+01 -1.580414e+01
      vertex   -5.025182e+00 1.625071e+01 -2.064562e+01
    endloop
  endfacet
  facet normal 7.804003e-08 -8.993166e-01 4.372981e-01
    outer loop
      vertex   -5.025182e+00 1.625071e+01 -2.064562e+01
      vertex   -3.000000e+01 1.860491e+01 -1.580414e+01
      vertex   -5.392863e+00 1.606922e+01 -2.101886e+01
    endloop
  endfacet
  facet normal 7.804003e-08 -8.993166e-01 4.372981e-01
    outer loop
      vertex   -5.392863e+00 1.606922e+01 -2.101886e+01
      vertex   -3.000000e+01 1.860491e+01 -1.580414e+01
      vertex   -5.650537e+00 1.585453e+01 -2.146039e+01
    endloop
  endfacet
  facet normal 7.804003e-08 -8.993166e-01 4.372981e-01
    outer loop
      vertex   -5.650537e+00 1.585453e+01 -2.146039e+01
      vertex   -3.000000e+01 1.860491e+01 -1.580414e+01
      vertex   -5.783230e+00 1.561911e+01 -2.194454e+01
    endloop
  endfacet
  facet normal 7.804003e-08 -8.993166e-01 4.372981e-01
    outer loop
      vertex   -5.783230e+00 1.561911e+01 -2.194454e+01
      vertex   -3.000000e+01 1.860491e+01 -1.580414e+01
      vertex   -3.000000e+01 1.251845e+01 -2.832114e+01
    endloop
  endfacet
  facet normal 7.804003e-08 -8.993166e-01 4.372981e-01
    outer loop
      vertex   -5.783230e+00 1.561911e+01 -2.194454e+01
      vertex   -3.000000e+01 1.251845e+01 -2.832114e+01
      vertex   -5.783230e+00 1.537664e+01 -2.244318e+01
    endloop
  endfacet
  facet normal 7.804003e-08 -8.993166e-01 4.372981e-01
    outer loop
      vertex   -5.783230e+00 1.537664e+01 -2.244318e+01
      vertex   -3.000000e+01 1.251845e+01 -2.832114e+01
      vertex   -5.650537e+00 1.514122e+01 -2.292734e+01
    endloop
  endfacet
  facet normal 7.804003e-08 -8.993166e-01 4.372981e-01
    outer loop
      vertex   -5.650537e+00 1.514122e+01 -2.292734e+01
      vertex   -3.000000e+01 1.251845e+01 -2.832114e+01
      vertex   -5.392863e+00 1.492652e+01 -2.336886e+01
    endloop
  endfacet
  facet normal 7.804003e-08 -8.993166e-01 4.372981e-01
    outer loop
      vertex   -5.392863e+00 1.492652e+01 -2.336886e+01
      vertex   -3.000000e+01 1.251845e+01 -2.832114e+01
      vertex   -5.025182e+00 1.474503e+01 -2.374210e+01
    endloop
  endfacet
  facet normal 7.804003e-08 -8.993166e-01 4.372981e-01
    outer loop
      vertex   -5.025182e+00 1.474503e+01 -2.374210e+01
      vertex   -3.000000e+01 1.251845e+01 -2.832114e+01
      vertex   -4.568863e+00 1.460729e+01 -2.402536e+01
    endloop
  endfacet
  facet normal 7.804003e-08 -8.993166e-01 4.372981e-01
    outer loop
      vertex   -4.568863e+00 1.460729e+01 -2.402536e+01
      vertex   -3.000000e+01 1.251845e+01 -2.832114e+01
      vertex   -4.050426e+00 1.452131e+01 -2.420218e+01
    endloop
  endfacet
  facet normal 7.804003e-08 -8.993166e-01 4.372981e-01
    outer loop
      vertex   -4.050426e+00 1.452131e+01 -2.420218e+01
      vertex   -3.000000e+01 1.251845e+01 -2.832114e+01
      vertex   -3.005058e+01 1.220823e+01 -2.895911e+01
    endloop
  endfacet
  facet normal 7.804003e-08 -8.993166e-01 4.372981e-01
    outer loop
      vertex   -4.050426e+00 1.452131e+01 -2.420218e+01
      vertex   -3.005058e+01 1.220823e+01 -2.895911e+01
      vertex   -3.500000e+00 1.449209e+01 -2.426229e+01
    endloop
  endfacet
  facet normal 7.804003e-08 -8.993166e-01 4.372981e-01
    outer loop
      vertex   -3.500000e+00 1.449209e+01 -2.426229e+01
      vertex   -3.005058e+01 1.220823e+01 -2.895911e+01
      vertex   -3.020130e+01 1.190429e+01 -2.958417e+01
    endloop
  endfacet
  facet normal 7.804003e-08 -8.993166e-01 4.372981e-01
    outer loop
      vertex   -3.500000e+00 1.449209e+01 -2.426229e+01
      vertex   -3.020130e+01 1.190429e+01 -2.958417e+01
      vertex   -3.000000e+01 1.161277e+01 -3.018368e+01
    endloop
  endfacet
  facet normal 7.804003e-08 -8.993166e-01 4.372981e-01
    outer loop
      vertex   -3.000000e+01 1.161277e+01 -3.018368e+01
      vertex   -3.020130e+01 1.190429e+01 -2.958417e+01
      vertex   -3.044910e+01 1.161277e+01 -3.018368e+01
    endloop
  endfacet
  facet normal 7.804003e-08 -8.993166e-01 4.372981e-01
    outer loop
      vertex   -3.500000e+00 1.449209e+01 -2.426229e+01
      vertex   -3.000000e+01 1.161277e+01 -3.018368e+01
      vertex   3.500000e+00 1.449209e+01 -2.426229e+01
    endloop
  endfacet
  facet normal 7.804003e-08 -8.993166e-01 4.372981e-01
    outer loop
      vertex   3.500000e+00 1.449209e+01 -2.426229e+01
      vertex   -3.000000e+01 1.161277e+01 -3.018368e+01
      vertex   3.000000e+01 1.161278e+01 -3.018368e+01
    endloop
  endfacet
  facet normal 7.804003e-08 -8.993166e-01 4.372981e-01
    outer loop
      vertex   3.500000e+00 1.449209e+01 -2.426229e+01
      vertex   3.000000e+01 1.161278e+01 -3.018368e+01
      vertex   3.020130e+01 1.190429e+01 -2.958417e+01
    endloop
  endfacet
  facet normal 7.804004e-08 -8.993166e-01 4.372981e-01
    outer loop
      vertex   3.020130e+01 1.190429e+01 -2.958417e+01
      vertex   3.000000e+01 1.161278e+01 -3.018368e+01
      vertex   3.044910e+01 1.161278e+01 -3.018368e+01
    endloop
  endfacet
  facet normal 7.804003e-08 -8.993166e-01 4.372981e-01
    outer loop
      vertex   3.020130e+01 1.190429e+01 -2.958417e+01
      vertex   3.005058e+01 1.220824e+01 -2.895911e+01
      vertex   3.500000e+00 1.449209e+01 -2.426229e+01
    endloop
  endfacet
  facet normal 7.804003e-08 -8.993166e-01 4.372981e-01
    outer loop
      vertex   3.500000e+00 1.449209e+01 -2.426229e+01
      vertex   3.005058e+01 1.220824e+01 -2.895911e+01
      vertex   4.050426e+00 1.452131e+01 -2.420218e+01
    endloop
  endfacet
  facet normal 7.804003e-08 -8.993166e-01 4.372981e-01
    outer loop
      vertex   4.050426e+00 1.452131e+01 -2.420218e+01
      vertex   3.005058e+01 1.220824e+01 -2.895911e+01
      vertex   3.000000e+01 1.251845e+01 -2.832113e+01
    endloop
  endfacet
  facet normal 7.804003e-08 -8.993166e-01 4.372981e-01
    outer loop
      vertex   4.050426e+00 1.452131e+01 -2.420218e+01
      vertex   3.000000e+01 1.251845e+01 -2.832113e+01
      vertex   4.568863e+00 1.460729e+01 -2.402536e+01
    endloop
  endfacet
  facet normal 7.804003e-08 -8.993166e-01 4.372981e-01
    outer loop
      vertex   4.568863e+00 1.460729e+01 -2.402536e+01
      vertex   3.000000e+01 1.251845e+01 -2.832113e+01
      vertex   5.025182e+00 1.474503e+01 -2.374210e+01
    endloop
  endfacet
  facet normal 7.804003e-08 -8.993166e-01 4.372981e-01
    outer loop
      vertex   5.025182e+00 1.474503e+01 -2.374210e+01
      vertex   3.000000e+01 1.251845e+01 -2.832113e+01
      vertex   5.392863e+00 1.492652e+01 -2.336886e+01
    endloop
  endfacet
  facet normal 7.804003e-08 -8.993166e-01 4.372981e-01
    outer loop
      vertex   5.392863e+00 1.492652e+01 -2.336886e+01
      vertex   3.000000e+01 1.251845e+01 -2.832113e+01
      vertex   5.650537e+00 1.514122e+01 -2.292734e+01
    endloop
  endfacet
  facet normal 7.804003e-08 -8.993166e-01 4.372981e-01
    outer loop
      vertex   5.650537e+00 1.514122e+01 -2.292734e+01
      vertex   3.000000e+01 1.251845e+01 -2.832113e+01
      vertex   5.783230e+00 1.537664e+01 -2.244318e+01
    endloop
  endfacet
  facet normal 7.804003e-08 -8.993166e-01 4.372981e-01
    outer loop
      vertex   5.783230e+00 1.537664e+01 -2.244318e+01
      vertex   3.000000e+01 1.251845e+01 -2.832113e+01
      vertex   5.783230e+00 1.561911e+01 -2.194454e+01
    endloop
  endfacet
  facet normal 7.804003e-08 -8.993166e-01 4.372981e-01
    outer loop
      vertex   5.783230e+00 1.561911e+01 -2.194454e+01
      vertex   3.000000e+01 1.251845e+01 -2.832113e+01
      vertex   3.000000e+01 1.860492e+01 -1.580414e+01
    endloop
  endfacet
  facet normal 7.804003e-08 -8.993166e-01 4.372981e-01
    outer loop
      vertex   5.783230e+00 1.561911e+01 -2.194454e+01
      vertex   3.000000e+01 1.860492e+01 -1.580414e+01
      vertex   5.650537e+00 1.585453e+01 -2.146039e+01
    endloop
  endfacet
  facet normal 7.804003e-08 -8.993166e-01 4.372981e-01
    outer loop
      vertex   5.650537e+00 1.585453e+01 -2.146039e+01
      vertex   3.000000e+01 1.860492e+01 -1.580414e+01
      vertex   5.392863e+00 1.606923e+01 -2.101886e+01
    endloop
  endfacet
  facet normal 7.804003e-08 -8.993166e-01 4.372981e-01
    outer loop
      vertex   5.392863e+00 1.606923e+01 -2.101886e+01
      vertex   3.000000e+01 1.860492e+01 -1.580414e+01
      vertex   5.025182e+00 1.625071e+01 -2.064562e+01
    endloop
  endfacet
  facet normal -1.000000e+00 -8.810737e-08 -2.735865e-09
    outer loop
      vertex   -3.000000e+01 2.026000e+01 -1.583056e+01
      vertex   -3.000000e+01 1.386742e+01 -2.897708e+01
      vertex   -3.000000e+01 1.860491e+01 -1.580414e+01
    endloop
  endfacet
  facet normal -1.000000e+00 -8.810737e-08 -2.735865e-09
    outer loop
      vertex   -3.000000e+01 1.860491e+01 -1.580414e+01
      vertex   -3.000000e+01 1.386742e+01 -2.897708e+01
      vertex   -3.000000e+01 1.251845e+01 -2.832114e+01
    endloop
  endfacet
  facet normal -9.373335e-01 1.523692e-01 3.133519e-01
    outer loop
      vertex   -3.020130e+01 1.190429e+01 -2.958417e+01
      vertex   -3.044910e+01 1.296175e+01 -3.083963e+01
      vertex   -3.044910e+01 1.161277e+01 -3.018368e+01
    endloop
  endfacet
  facet normal -8.907084e-01 1.987848e-01 4.088070e-01
    outer loop
      vertex   -3.044910e+01 1.161277e+01 -3.018368e+01
      vertex   -3.044910e+01 1.296175e+01 -3.083963e+01
      vertex   -3.065275e+01 1.278403e+01 -3.119692e+01
    endloop
  endfacet
  facet normal -8.906952e-01 1.988040e-01 4.088265e-01
    outer loop
      vertex   -3.044910e+01 1.161277e+01 -3.018368e+01
      vertex   -3.065275e+01 1.278403e+01 -3.119692e+01
      vertex   -3.065290e+01 1.143492e+01 -3.054121e+01
    endloop
  endfacet
  facet normal -8.464838e-01 2.328154e-01 4.788133e-01
    outer loop
      vertex   -3.065290e+01 1.143492e+01 -3.054121e+01
      vertex   -3.065275e+01 1.278403e+01 -3.119692e+01
      vertex   -3.089088e+01 1.261502e+01 -3.153572e+01
    endloop
  endfacet
  facet normal -8.464397e-01 2.328683e-01 4.788655e-01
    outer loop
      vertex   -3.065290e+01 1.143492e+01 -3.054121e+01
      vertex   -3.089088e+01 1.261502e+01 -3.153572e+01
      vertex   -3.089118e+01 1.126582e+01 -3.088015e+01
    endloop
  endfacet
  facet normal -7.955130e-01 2.649604e-01 5.449358e-01
    outer loop
      vertex   -3.089118e+01 1.126582e+01 -3.088015e+01
      vertex   -3.089088e+01 1.261502e+01 -3.153572e+01
      vertex   -3.116197e+01 1.245578e+01 -3.185405e+01
    endloop
  endfacet
  facet normal -7.954562e-01 2.650182e-01 5.449906e-01
    outer loop
      vertex   -3.089118e+01 1.126582e+01 -3.088015e+01
      vertex   -3.116197e+01 1.245578e+01 -3.185405e+01
      vertex   -3.116223e+01 1.110662e+01 -3.119835e+01
    endloop
  endfacet
  facet normal -7.380990e-01 2.950309e-01 6.067673e-01
    outer loop
      vertex   -3.116223e+01 1.110662e+01 -3.119835e+01
      vertex   -3.116197e+01 1.245578e+01 -3.185405e+01
      vertex   -3.146447e+01 1.230741e+01 -3.214987e+01
    endloop
  endfacet
  facet normal -7.380721e-01 2.950545e-01 6.067886e-01
    outer loop
      vertex   -3.116223e+01 1.110662e+01 -3.119835e+01
      vertex   -3.146447e+01 1.230741e+01 -3.214987e+01
      vertex   -3.146447e+01 1.095837e+01 -3.149390e+01
    endloop
  endfacet
  facet normal -9.373336e-01 1.523692e-01 3.133519e-01
    outer loop
      vertex   -3.044910e+01 1.296175e+01 -3.083963e+01
      vertex   -3.020130e+01 1.190429e+01 -2.958417e+01
      vertex   -3.020130e+01 1.325326e+01 -3.024012e+01
    endloop
  endfacet
  facet normal -9.772869e-01 9.267230e-02 1.905835e-01
    outer loop
      vertex   -3.020130e+01 1.325326e+01 -3.024012e+01
      vertex   -3.020130e+01 1.190429e+01 -2.958417e+01
      vertex   -3.005058e+01 1.220823e+01 -2.895911e+01
    endloop
  endfacet
  facet normal -9.772869e-01 9.267230e-02 1.905835e-01
    outer loop
      vertex   -3.020130e+01 1.325326e+01 -3.024012e+01
      vertex   -3.005058e+01 1.220823e+01 -2.895911e+01
      vertex   -3.005058e+01 1.355720e+01 -2.961505e+01
    endloop
  endfacet
  facet normal -9.974678e-01 3.110045e-02 6.395918e-02
    outer loop
      vertex   -3.005058e+01 1.355720e+01 -2.961505e+01
      vertex   -3.005058e+01 1.220823e+01 -2.895911e+01
      vertex   -3.000000e+01 1.386742e+01 -2.897708e+01
    endloop
  endfacet
  facet normal -9.974678e-01 3.110045e-02 6.395918e-02
    outer loop
      vertex   -3.000000e+01 1.386742e+01 -2.897708e+01
      vertex   -3.005058e+01 1.220823e+01 -2.895911e+01
      vertex   -3.000000e+01 1.251845e+01 -2.832114e+01
    endloop
  endfacet
  facet normal -7.071068e-01 3.092164e-01 6.359129e-01
    outer loop
      vertex   -3.146447e+01 1.095837e+01 -3.149390e+01
      vertex   -3.146447e+01 1.230741e+01 -3.214987e+01
      vertex   -3.236870e+01 1.055135e+01 -3.230144e+01
    endloop
  endfacet
  facet normal -7.071068e-01 3.092164e-01 6.359129e-01
    outer loop
      vertex   -3.236870e+01 1.055135e+01 -3.230144e+01
      vertex   -3.146447e+01 1.230741e+01 -3.214987e+01
      vertex   -3.335948e+01 1.010259e+01 -3.318494e+01
    endloop
  endfacet
  facet normal -7.071068e-01 3.092164e-01 6.359129e-01
    outer loop
      vertex   -3.335948e+01 1.010259e+01 -3.318494e+01
      vertex   -3.146447e+01 1.230741e+01 -3.214987e+01
      vertex   -3.600112e+01 1.023957e+01 -3.618893e+01
    endloop
  endfacet
  facet normal -7.071068e-01 3.092164e-01 6.359129e-01
    outer loop
      vertex   -3.335948e+01 1.010259e+01 -3.318494e+01
      vertex   -3.600112e+01 1.023957e+01 -3.618893e+01
      vertex   -3.442635e+01 9.615874e+00 -3.413458e+01
    endloop
  endfacet
  facet normal -7.071068e-01 3.092164e-01 6.359129e-01
    outer loop
      vertex   -3.442635e+01 9.615874e+00 -3.413458e+01
      vertex   -3.600112e+01 1.023957e+01 -3.618893e+01
      vertex   -3.555883e+01 9.094975e+00 -3.514055e+01
    endloop
  endfacet
  facet normal -7.071068e-01 3.092164e-01 6.359129e-01
    outer loop
      vertex   -3.555883e+01 9.094975e+00 -3.514055e+01
      vertex   -3.600112e+01 1.023957e+01 -3.618893e+01
      vertex   -3.674645e+01 8.543666e+00 -3.619307e+01
    endloop
  endfacet
  facet normal -7.071068e-01 3.092164e-01 6.359129e-01
    outer loop
      vertex   -3.674645e+01 8.543666e+00 -3.619307e+01
      vertex   -3.600112e+01 1.023957e+01 -3.618893e+01
      vertex   -3.825466e+01 9.185317e+00 -3.818213e+01
    endloop
  endfacet
  facet normal -7.071068e-01 3.092164e-01 6.359129e-01
    outer loop
      vertex   -3.674645e+01 8.543666e+00 -3.619307e+01
      vertex   -3.825466e+01 9.185317e+00 -3.818213e+01
      vertex   -3.797876e+01 7.965720e+00 -3.728230e+01
    endloop
  endfacet
  facet normal -7.071068e-01 3.092164e-01 6.359129e-01
    outer loop
      vertex   -3.797876e+01 7.965720e+00 -3.728230e+01
      vertex   -3.825466e+01 9.185317e+00 -3.818213e+01
      vertex   -4.053553e+01 8.095721e+00 -4.018854e+01
    endloop
  endfacet
  facet normal -7.071068e-01 3.092164e-01 6.359129e-01
    outer loop
      vertex   -3.797876e+01 7.965720e+00 -3.728230e+01
      vertex   -4.053553e+01 8.095721e+00 -4.018854e+01
      vertex   -4.053553e+01 6.745013e+00 -3.953175e+01
    endloop
  endfacet
  facet normal -9.987948e-01 2.146275e-02 4.413897e-02
    outer loop
      vertex   -4.200000e+01 4.997214e+00 -4.261323e+01
      vertex   -4.197591e+01 5.244542e+00 -4.218839e+01
      vertex   -4.200000e+01 6.350067e+00 -4.327106e+01
    endloop
  endfacet
  facet normal -9.987947e-01 2.146403e-02 4.414027e-02
    outer loop
      vertex   -4.200000e+01 6.350067e+00 -4.327106e+01
      vertex   -4.197591e+01 5.244542e+00 -4.218839e+01
      vertex   -4.197591e+01 6.596998e+00 -4.284602e+01
    endloop
  endfacet
  facet normal -9.891707e-01 6.418171e-02 1.319929e-01
    outer loop
      vertex   -4.197591e+01 6.596998e+00 -4.284602e+01
      vertex   -4.197591e+01 5.244542e+00 -4.218839e+01
      vertex   -4.190387e+01 5.487758e+00 -4.176680e+01
    endloop
  endfacet
  facet normal -9.891687e-01 6.419147e-02 1.320028e-01
    outer loop
      vertex   -4.197591e+01 6.596998e+00 -4.284602e+01
      vertex   -4.190387e+01 5.487758e+00 -4.176680e+01
      vertex   -4.190385e+01 6.839904e+00 -4.242416e+01
    endloop
  endfacet
  facet normal -9.700075e-01 1.062927e-01 2.186032e-01
    outer loop
      vertex   -4.190385e+01 6.839904e+00 -4.242416e+01
      vertex   -4.190387e+01 5.487758e+00 -4.176680e+01
      vertex   -4.178450e+01 5.724820e+00 -4.135236e+01
    endloop
  endfacet
  facet normal -9.700046e-01 1.063013e-01 2.186118e-01
    outer loop
      vertex   -4.190385e+01 6.839904e+00 -4.242416e+01
      vertex   -4.178450e+01 5.724820e+00 -4.135236e+01
      vertex   -4.178450e+01 7.076592e+00 -4.200967e+01
    endloop
  endfacet
  facet normal -9.414977e-01 1.473779e-01 3.030873e-01
    outer loop
      vertex   -4.178450e+01 7.076592e+00 -4.200967e+01
      vertex   -4.178450e+01 5.724820e+00 -4.135236e+01
      vertex   -4.161914e+01 5.953269e+00 -4.094979e+01
    endloop
  endfacet
  facet normal -9.415007e-01 1.473716e-01 3.030811e-01
    outer loop
      vertex   -4.178450e+01 7.076592e+00 -4.200967e+01
      vertex   -4.161914e+01 5.953269e+00 -4.094979e+01
      vertex   -4.161918e+01 7.304718e+00 -4.160704e+01
    endloop
  endfacet
  facet normal -9.039317e-01 1.870252e-01 3.846156e-01
    outer loop
      vertex   -4.161918e+01 7.304718e+00 -4.160704e+01
      vertex   -4.161914e+01 5.953269e+00 -4.094979e+01
      vertex   -4.140929e+01 6.171369e+00 -4.056264e+01
    endloop
  endfacet
  facet normal -9.039707e-01 1.869618e-01 3.845546e-01
    outer loop
      vertex   -4.161918e+01 7.304718e+00 -4.160704e+01
      vertex   -4.140929e+01 6.171369e+00 -4.056264e+01
      vertex   -4.140968e+01 7.522258e+00 -4.122033e+01
    endloop
  endfacet
  facet normal -8.577532e-01 2.248228e-01 4.622923e-01
    outer loop
      vertex   -4.140968e+01 7.522258e+00 -4.122033e+01
      vertex   -4.140929e+01 6.171369e+00 -4.056264e+01
      vertex   -4.115752e+01 7.727853e+00 -4.085245e+01
    endloop
  endfacet
  facet normal -8.576227e-01 2.248448e-01 4.625236e-01
    outer loop
      vertex   -4.115752e+01 7.727853e+00 -4.085245e+01
      vertex   -4.140929e+01 6.171369e+00 -4.056264e+01
      vertex   -4.115660e+01 6.377484e+00 -4.019429e+01
    endloop
  endfacet
  facet normal -8.030758e-01 2.606246e-01 5.358582e-01
    outer loop
      vertex   -4.115752e+01 7.727853e+00 -4.085245e+01
      vertex   -4.115660e+01 6.377484e+00 -4.019429e+01
      vertex   -4.086450e+01 6.569120e+00 -3.984974e+01
    endloop
  endfacet
  facet normal -7.408926e-01 2.936996e-01 6.040022e-01
    outer loop
      vertex   -4.053553e+01 6.745013e+00 -3.953175e+01
      vertex   -4.053553e+01 8.095721e+00 -4.018854e+01
      vertex   -4.086450e+01 6.569120e+00 -3.984974e+01
    endloop
  endfacet
  facet normal -7.409321e-01 2.936976e-01 6.039548e-01
    outer loop
      vertex   -4.086450e+01 6.569120e+00 -3.984974e+01
      vertex   -4.053553e+01 8.095721e+00 -4.018854e+01
      vertex   -4.086487e+01 7.919761e+00 -4.050700e+01
    endloop
  endfacet
  facet normal -8.032079e-01 2.604805e-01 5.357303e-01
    outer loop
      vertex   -4.086450e+01 6.569120e+00 -3.984974e+01
      vertex   -4.086487e+01 7.919761e+00 -4.050700e+01
      vertex   -4.115752e+01 7.727853e+00 -4.085245e+01
    endloop
  endfacet
  facet normal 8.700865e-05 -8.750898e-01 4.839606e-01
    outer loop
      vertex   -4.086450e+01 6.569120e+00 -3.984974e+01
      vertex   -3.000000e+01 6.863768e+00 -3.931891e+01
      vertex   -4.053553e+01 6.745013e+00 -3.953175e+01
    endloop
  endfacet
  facet normal 2.629347e-04 -8.787450e-01 4.772915e-01
    outer loop
      vertex   -4.053553e+01 6.745013e+00 -3.953175e+01
      vertex   -3.000000e+01 6.863768e+00 -3.931891e+01
      vertex   -3.000000e+01 7.765498e+00 -3.765873e+01
    endloop
  endfacet
  facet normal 4.237704e-04 -8.791238e-01 4.765933e-01
    outer loop
      vertex   -4.053553e+01 6.745013e+00 -3.953175e+01
      vertex   -3.000000e+01 7.765498e+00 -3.765873e+01
      vertex   -3.797876e+01 7.965720e+00 -3.728230e+01
    endloop
  endfacet
  facet normal -5.182738e-05 -8.833308e-01 4.687501e-01
    outer loop
      vertex   -3.797876e+01 7.965720e+00 -3.728230e+01
      vertex   -3.000000e+01 7.765498e+00 -3.765873e+01
      vertex   -3.674645e+01 8.543666e+00 -3.619307e+01
    endloop
  endfacet
  facet normal -4.455528e-05 -8.833170e-01 4.687762e-01
    outer loop
      vertex   -3.674645e+01 8.543666e+00 -3.619307e+01
      vertex   -3.000000e+01 7.765498e+00 -3.765873e+01
      vertex   -3.000000e+01 8.691774e+00 -3.591334e+01
    endloop
  endfacet
  facet normal 2.188800e-04 -8.859352e-01 4.638089e-01
    outer loop
      vertex   -3.674645e+01 8.543666e+00 -3.619307e+01
      vertex   -3.000000e+01 8.691774e+00 -3.591334e+01
      vertex   -3.555883e+01 9.094975e+00 -3.514055e+01
    endloop
  endfacet
  facet normal -2.610153e-04 -8.873505e-01 4.610954e-01
    outer loop
      vertex   -3.555883e+01 9.094975e+00 -3.514055e+01
      vertex   -3.000000e+01 8.691774e+00 -3.591334e+01
      vertex   -3.000000e+01 9.642086e+00 -3.408453e+01
    endloop
  endfacet
  facet normal 6.006948e-05 -8.880415e-01 4.597632e-01
    outer loop
      vertex   -3.555883e+01 9.094975e+00 -3.514055e+01
      vertex   -3.000000e+01 9.642086e+00 -3.408453e+01
      vertex   -3.442635e+01 9.615874e+00 -3.413458e+01
    endloop
  endfacet
  facet normal 1.139903e-04 -8.899759e-01 4.560076e-01
    outer loop
      vertex   -3.442635e+01 9.615874e+00 -3.413458e+01
      vertex   -3.000000e+01 9.642086e+00 -3.408453e+01
      vertex   -3.335948e+01 1.010259e+01 -3.318494e+01
    endloop
  endfacet
  facet normal -5.175209e-04 -8.909311e-01 4.541382e-01
    outer loop
      vertex   -3.335948e+01 1.010259e+01 -3.318494e+01
      vertex   -3.000000e+01 9.642086e+00 -3.408453e+01
      vertex   -3.000000e+01 1.061592e+01 -3.217405e+01
    endloop
  endfacet
  facet normal -5.252118e-05 -8.915561e-01 4.529103e-01
    outer loop
      vertex   -3.335948e+01 1.010259e+01 -3.318494e+01
      vertex   -3.000000e+01 1.061592e+01 -3.217405e+01
      vertex   -3.236870e+01 1.055135e+01 -3.230144e+01
    endloop
  endfacet
  facet normal 1.470154e-04 -8.930500e-01 4.499574e-01
    outer loop
      vertex   -3.236870e+01 1.055135e+01 -3.230144e+01
      vertex   -3.000000e+01 1.061592e+01 -3.217405e+01
      vertex   -3.146447e+01 1.095837e+01 -3.149390e+01
    endloop
  endfacet
  facet normal -5.238409e-04 -8.936296e-01 4.488048e-01
    outer loop
      vertex   -3.146447e+01 1.095837e+01 -3.149390e+01
      vertex   -3.000000e+01 1.061592e+01 -3.217405e+01
      vertex   -3.116223e+01 1.110662e+01 -3.119835e+01
    endloop
  endfacet
  facet normal -1.149585e-03 -8.939278e-01 4.482094e-01
    outer loop
      vertex   -3.116223e+01 1.110662e+01 -3.119835e+01
      vertex   -3.000000e+01 1.061592e+01 -3.217405e+01
      vertex   -3.089118e+01 1.126582e+01 -3.088015e+01
    endloop
  endfacet
  facet normal -1.871052e-03 -8.941258e-01 4.478120e-01
    outer loop
      vertex   -3.089118e+01 1.126582e+01 -3.088015e+01
      vertex   -3.000000e+01 1.061592e+01 -3.217405e+01
      vertex   -3.000000e+01 1.161277e+01 -3.018368e+01
    endloop
  endfacet
  facet normal -1.160703e-03 -8.944908e-01 4.470849e-01
    outer loop
      vertex   -3.089118e+01 1.126582e+01 -3.088015e+01
      vertex   -3.000000e+01 1.161277e+01 -3.018368e+01
      vertex   -3.065290e+01 1.143492e+01 -3.054121e+01
    endloop
  endfacet
  facet normal 3.095956e-08 -8.953383e-01 4.453867e-01
    outer loop
      vertex   -3.065290e+01 1.143492e+01 -3.054121e+01
      vertex   -3.000000e+01 1.161277e+01 -3.018368e+01
      vertex   -3.044910e+01 1.161277e+01 -3.018368e+01
    endloop
  endfacet
  facet normal -4.904553e-05 -8.739089e-01 4.860897e-01
    outer loop
      vertex   -4.086450e+01 6.569120e+00 -3.984974e+01
      vertex   -4.115660e+01 6.377484e+00 -4.019429e+01
      vertex   -3.000000e+01 6.863768e+00 -3.931891e+01
    endloop
  endfacet
  facet normal -1.194822e-04 -8.735272e-01 4.867754e-01
    outer loop
      vertex   -3.000000e+01 6.863768e+00 -3.931891e+01
      vertex   -4.115660e+01 6.377484e+00 -4.019429e+01
      vertex   -3.000000e+01 5.987093e+00 -4.089212e+01
    endloop
  endfacet
  facet normal 7.086200e-06 -8.726662e-01 4.883172e-01
    outer loop
      vertex   -3.000000e+01 5.987093e+00 -4.089212e+01
      vertex   -4.115660e+01 6.377484e+00 -4.019429e+01
      vertex   -4.140929e+01 6.171369e+00 -4.056264e+01
    endloop
  endfacet
  facet normal 1.004697e-04 -8.712846e-01 4.907782e-01
    outer loop
      vertex   -3.000000e+01 5.987093e+00 -4.089212e+01
      vertex   -4.140929e+01 6.171369e+00 -4.056264e+01
      vertex   -4.161914e+01 5.953269e+00 -4.094979e+01
    endloop
  endfacet
  facet normal 8.235223e-05 -8.697347e-01 4.935195e-01
    outer loop
      vertex   -4.161914e+01 5.953269e+00 -4.094979e+01
      vertex   -4.178450e+01 5.724820e+00 -4.135236e+01
      vertex   -3.000000e+01 5.987093e+00 -4.089212e+01
    endloop
  endfacet
  facet normal -7.340697e-05 -8.680194e-01 4.965302e-01
    outer loop
      vertex   -3.000000e+01 5.987093e+00 -4.089212e+01
      vertex   -4.178450e+01 5.724820e+00 -4.135236e+01
      vertex   -4.190387e+01 5.487758e+00 -4.176680e+01
    endloop
  endfacet
  facet normal -1.573643e-04 -8.675263e-01 4.973913e-01
    outer loop
      vertex   -3.000000e+01 5.987093e+00 -4.089212e+01
      vertex   -4.190387e+01 5.487758e+00 -4.176680e+01
      vertex   -3.000000e+01 5.135984e+00 -4.237659e+01
    endloop
  endfacet
  facet normal 6.490358e-07 -8.661942e-01 4.997075e-01
    outer loop
      vertex   -3.000000e+01 5.135984e+00 -4.237659e+01
      vertex   -4.190387e+01 5.487758e+00 -4.176680e+01
      vertex   -4.197591e+01 5.244542e+00 -4.218839e+01
    endloop
  endfacet
  facet normal 7.227074e-05 -8.642146e-01 5.031234e-01
    outer loop
      vertex   -3.000000e+01 5.135984e+00 -4.237659e+01
      vertex   -4.197591e+01 5.244542e+00 -4.218839e+01
      vertex   -4.200000e+01 4.997214e+00 -4.261323e+01
    endloop
  endfacet
  facet normal -8.764883e-05 -8.606739e-01 5.091565e-01
    outer loop
      vertex   -4.200000e+01 4.997214e+00 -4.261323e+01
      vertex   -4.200000e+01 4.436033e+00 -4.356184e+01
      vertex   -3.000000e+01 5.135984e+00 -4.237659e+01
    endloop
  endfacet
  facet normal -1.122060e-04 -8.605649e-01 5.093408e-01
    outer loop
      vertex   -3.000000e+01 5.135984e+00 -4.237659e+01
      vertex   -4.200000e+01 4.436033e+00 -4.356184e+01
      vertex   -3.000000e+01 4.310951e+00 -4.377053e+01
    endloop
  endfacet
  facet normal 9.891828e-05 -8.552147e-01 5.182739e-01
    outer loop
      vertex   -3.000000e+01 4.310951e+00 -4.377053e+01
      vertex   -4.200000e+01 4.436033e+00 -4.356184e+01
      vertex   -4.200000e+01 3.887329e+00 -4.446727e+01
    endloop
  endfacet
  facet normal -2.681951e-04 -8.524021e-01 5.228867e-01
    outer loop
      vertex   -3.000000e+01 4.310951e+00 -4.377053e+01
      vertex   -4.200000e+01 3.887329e+00 -4.446727e+01
      vertex   -3.000000e+01 3.512529e+00 -4.507211e+01
    endloop
  endfacet
  facet normal 1.116162e-04 -8.490354e-01 5.283359e-01
    outer loop
      vertex   -3.000000e+01 3.512529e+00 -4.507211e+01
      vertex   -4.200000e+01 3.887329e+00 -4.446727e+01
      vertex   -4.200000e+01 3.351290e+00 -4.532868e+01
    endloop
  endfacet
  facet normal -1.987876e-04 -8.424771e-01 5.387321e-01
    outer loop
      vertex   -3.000000e+01 3.512529e+00 -4.507211e+01
      vertex   -4.200000e+01 3.351290e+00 -4.532868e+01
      vertex   -3.000000e+01 2.741889e+00 -4.627725e+01
    endloop
  endfacet
  facet normal -1.114128e-04 -8.419758e-01 5.395153e-01
    outer loop
      vertex   -3.000000e+01 2.741889e+00 -4.627725e+01
      vertex   -4.200000e+01 3.351290e+00 -4.532868e+01
      vertex   -4.200000e+01 2.828260e+00 -4.614493e+01
    endloop
  endfacet
  facet normal 8.486106e-05 -8.338405e-01 5.520054e-01
    outer loop
      vertex   -3.000000e+01 2.741889e+00 -4.627725e+01
      vertex   -4.200000e+01 2.828260e+00 -4.614493e+01
      vertex   -4.200000e+01 2.318582e+00 -4.691483e+01
    endloop
  endfacet
  facet normal -3.344152e-04 -8.301935e-01 5.574753e-01
    outer loop
      vertex   -3.000000e+01 2.741889e+00 -4.627725e+01
      vertex   -4.200000e+01 2.318582e+00 -4.691483e+01
      vertex   -3.000000e+01 2.000259e+00 -4.738168e+01
    endloop
  endfacet
  facet normal 1.521745e-04 -8.243884e-01 5.660244e-01
    outer loop
      vertex   -3.000000e+01 2.000259e+00 -4.738168e+01
      vertex   -4.200000e+01 2.318582e+00 -4.691483e+01
      vertex   -4.200000e+01 1.822593e+00 -4.763722e+01
    endloop
  endfacet
  facet normal -2.823482e-04 -8.147899e-01 5.797562e-01
    outer loop
      vertex   -3.000000e+01 2.000259e+00 -4.738168e+01
      vertex   -4.200000e+01 1.822593e+00 -4.763722e+01
      vertex   -3.000000e+01 1.288714e+00 -4.838169e+01
    endloop
  endfacet
  facet normal -8.709315e-05 -8.133045e-01 5.818383e-01
    outer loop
      vertex   -3.000000e+01 1.288714e+00 -4.838169e+01
      vertex   -4.200000e+01 1.822593e+00 -4.763722e+01
      vertex   -4.200000e+01 1.340630e+00 -4.831092e+01
    endloop
  endfacet
  facet normal 7.549213e-05 -8.001714e-01 5.997714e-01
    outer loop
      vertex   -3.000000e+01 1.288714e+00 -4.838169e+01
      vertex   -4.200000e+01 1.340630e+00 -4.831092e+01
      vertex   -4.200000e+01 8.730312e-01 -4.893475e+01
    endloop
  endfacet
  facet normal -4.138956e-04 -7.950516e-01 6.065417e-01
    outer loop
      vertex   -3.000000e+01 1.288714e+00 -4.838169e+01
      vertex   -4.200000e+01 8.730312e-01 -4.893475e+01
      vertex   -3.000000e+01 6.083274e-01 -4.927354e+01
    endloop
  endfacet
  facet normal 2.066397e-04 -7.844274e-01 6.202206e-01
    outer loop
      vertex   -3.000000e+01 6.083274e-01 -4.927354e+01
      vertex   -4.200000e+01 8.730312e-01 -4.893475e+01
      vertex   -4.200000e+01 4.201335e-01 -4.950756e+01
    endloop
  endfacet
  facet normal -4.025071e-04 -7.690991e-01 6.391294e-01
    outer loop
      vertex   -3.000000e+01 6.083274e-01 -4.927354e+01
      vertex   -4.200000e+01 4.201335e-01 -4.950756e+01
      vertex   -3.000000e+01 -3.982548e-02 -5.005349e+01
    endloop
  endfacet
  facet normal -5.050190e-05 -7.653039e-01 6.436691e-01
    outer loop
      vertex   -3.000000e+01 -3.982548e-02 -5.005349e+01
      vertex   -4.200000e+01 4.201335e-01 -4.950756e+01
      vertex   -4.200000e+01 -1.772525e-02 -5.002816e+01
    endloop
  endfacet
  facet normal 4.997933e-05 -7.417301e-01 6.706985e-01
    outer loop
      vertex   -3.000000e+01 -3.982548e-02 -5.005349e+01
      vertex   -4.200000e+01 -1.772525e-02 -5.002816e+01
      vertex   -4.200000e+01 -4.402075e-01 -5.049538e+01
    endloop
  endfacet
  facet normal -5.252090e-04 -7.339169e-01 6.792391e-01
    outer loop
      vertex   -3.000000e+01 -3.982548e-02 -5.005349e+01
      vertex   -4.200000e+01 -4.402075e-01 -5.049538e+01
      vertex   -3.000000e+01 -6.546708e-01 -5.071783e+01
    endloop
  endfacet
  facet normal 2.848201e-04 -7.121888e-01 7.019879e-01
    outer loop
      vertex   -3.000000e+01 -6.546708e-01 -5.071783e+01
      vertex   -4.200000e+01 -4.402075e-01 -5.049538e+01
      vertex   -4.200000e+01 -8.469757e-01 -5.090806e+01
    endloop
  endfacet
  facet normal -5.879036e-04 -6.844809e-01 7.290305e-01
    outer loop
      vertex   -3.000000e+01 -6.546708e-01 -5.071783e+01
      vertex   -4.200000e+01 -8.469757e-01 -5.090806e+01
      vertex   -3.000000e+01 -1.235134e+00 -5.126283e+01
    endloop
  endfacet
  facet normal 8.522569e-06 -6.744952e-01 7.382792e-01
    outer loop
      vertex   -3.000000e+01 -1.235134e+00 -5.126283e+01
      vertex   -4.200000e+01 -8.469757e-01 -5.090806e+01
      vertex   -4.200000e+01 -1.237692e+00 -5.126502e+01
    endloop
  endfacet
  facet normal -9.617502e-06 -6.254677e-01 7.802501e-01
    outer loop
      vertex   -3.000000e+01 -1.235134e+00 -5.126283e+01
      vertex   -4.200000e+01 -1.237692e+00 -5.126502e+01
      vertex   -4.200000e+01 -1.612020e+00 -5.156509e+01
    endloop
  endfacet
  facet normal -6.921283e-04 -6.121505e-01 7.907410e-01
    outer loop
      vertex   -3.000000e+01 -1.235134e+00 -5.126283e+01
      vertex   -4.200000e+01 -1.612020e+00 -5.156509e+01
      vertex   -3.000000e+01 -1.780142e+00 -5.168474e+01
    endloop
  endfacet
  facet normal 4.051425e-04 -5.604709e-01 8.281740e-01
    outer loop
      vertex   -3.000000e+01 -1.780142e+00 -5.168474e+01
      vertex   -4.200000e+01 -1.612020e+00 -5.156509e+01
      vertex   -4.200000e+01 -1.969621e+00 -5.180710e+01
    endloop
  endfacet
  facet normal -8.939699e-04 -5.019211e-01 8.649130e-01
    outer loop
      vertex   -3.000000e+01 -1.780142e+00 -5.168474e+01
      vertex   -4.200000e+01 -1.969621e+00 -5.180710e+01
      vertex   -3.000000e+01 -2.288607e+00 -5.197981e+01
    endloop
  endfacet
  facet normal 1.132525e-04 -4.728249e-01 8.811564e-01
    outer loop
      vertex   -3.000000e+01 -2.288607e+00 -5.197981e+01
      vertex   -4.200000e+01 -1.969621e+00 -5.180710e+01
      vertex   -4.200000e+01 -2.310142e+00 -5.198983e+01
    endloop
  endfacet
  facet normal -1.446546e-04 -3.542256e-01 9.351600e-01
    outer loop
      vertex   -3.000000e+01 -2.288607e+00 -5.197981e+01
      vertex   -4.200000e+01 -2.310142e+00 -5.198983e+01
      vertex   -4.200000e+01 -2.633287e+00 -5.211223e+01
    endloop
  endfacet
  facet normal -9.235235e-04 -3.304390e-01 9.438269e-01
    outer loop
      vertex   -3.000000e+01 -2.288607e+00 -5.197981e+01
      vertex   -4.200000e+01 -2.633287e+00 -5.211223e+01
      vertex   -3.000000e+01 -2.759568e+00 -5.214470e+01
    endloop
  endfacet
  facet normal 5.597809e-04 -1.987978e-01 9.800404e-01
    outer loop
      vertex   -3.000000e+01 -2.759568e+00 -5.214470e+01
      vertex   -4.200000e+01 -2.633287e+00 -5.211223e+01
      vertex   -4.200000e+01 -2.939036e+00 -5.217425e+01
    endloop
  endfacet
  facet normal -2.000176e-04 -1.494322e-01 9.887720e-01
    outer loop
      vertex   -3.000000e+01 -2.759568e+00 -5.214470e+01
      vertex   -4.200000e+01 -2.939036e+00 -5.217425e+01
      vertex   -3.000000e+01 -2.980936e+00 -5.217815e+01
    endloop
  endfacet
  facet normal 3.050595e-04 -5.824576e-03 9.999830e-01
    outer loop
      vertex   -3.000000e+01 -2.980936e+00 -5.217815e+01
      vertex   -4.200000e+01 -2.939036e+00 -5.217425e+01
      vertex   -4.200000e+01 -3.227403e+00 -5.217593e+01
    endloop
  endfacet
  facet normal 2.647658e-04 -3.862663e-03 9.999925e-01
    outer loop
      vertex   -3.000000e+01 -2.980936e+00 -5.217815e+01
      vertex   -4.200000e+01 -3.227403e+00 -5.217593e+01
      vertex   -3.000000e+01 -3.192903e+00 -5.217897e+01
    endloop
  endfacet
  facet normal -1.952910e-04 1.550890e-01 9.879005e-01
    outer loop
      vertex   -3.000000e+01 -3.192903e+00 -5.217897e+01
      vertex   -4.200000e+01 -3.227403e+00 -5.217593e+01
      vertex   -3.000000e+01 -3.395471e+00 -5.214717e+01
    endloop
  endfacet
  facet normal 6.188494e-04 2.114206e-01 9.773950e-01
    outer loop
      vertex   -3.000000e+01 -3.395471e+00 -5.214717e+01
      vertex   -4.200000e+01 -3.227403e+00 -5.217593e+01
      vertex   -4.200000e+01 -3.498398e+00 -5.211731e+01
    endloop
  endfacet
  facet normal -3.520481e-04 3.162803e-01 9.486657e-01
    outer loop
      vertex   -3.000000e+01 -3.395471e+00 -5.214717e+01
      vertex   -4.200000e+01 -3.498398e+00 -5.211731e+01
      vertex   -3.000000e+01 -3.588648e+00 -5.208277e+01
    endloop
  endfacet
  facet normal 5.853084e-04 4.243865e-01 9.054809e-01
    outer loop
      vertex   -3.000000e+01 -3.588648e+00 -5.208277e+01
      vertex   -4.200000e+01 -3.498398e+00 -5.211731e+01
      vertex   -4.200000e+01 -3.752035e+00 -5.199843e+01
    endloop
  endfacet
  facet normal -1.392677e-04 4.667238e-01 8.844031e-01
    outer loop
      vertex   -3.000000e+01 -3.588648e+00 -5.208277e+01
      vertex   -4.200000e+01 -3.752035e+00 -5.199843e+01
      vertex   -3.000000e+01 -3.772437e+00 -5.198578e+01
    endloop
  endfacet
  facet normal 1.672181e-04 5.963281e-01 8.027408e-01
    outer loop
      vertex   -3.000000e+01 -3.772437e+00 -5.198578e+01
      vertex   -4.200000e+01 -3.752035e+00 -5.199843e+01
      vertex   -3.000000e+01 -3.946843e+00 -5.185622e+01
    endloop
  endfacet
  facet normal 3.609197e-04 6.040369e-01 7.969562e-01
    outer loop
      vertex   -3.000000e+01 -3.946843e+00 -5.185622e+01
      vertex   -4.200000e+01 -3.752035e+00 -5.199843e+01
      vertex   -4.200000e+01 -3.988324e+00 -5.181934e+01
    endloop
  endfacet
  facet normal -4.756295e-04 7.377230e-01 6.751034e-01
    outer loop
      vertex   -3.000000e+01 -3.946843e+00 -5.185622e+01
      vertex   -4.200000e+01 -3.988324e+00 -5.181934e+01
      vertex   -4.200000e+01 -4.207279e+00 -5.158008e+01
    endloop
  endfacet
  facet normal -7.575762e-04 7.437122e-01 6.684995e-01
    outer loop
      vertex   -3.000000e+01 -3.946843e+00 -5.185622e+01
      vertex   -4.200000e+01 -4.207279e+00 -5.158008e+01
      vertex   -3.000000e+01 -4.267527e+00 -5.149945e+01
    endloop
  endfacet
  facet normal 4.112364e-04 8.294389e-01 5.585973e-01
    outer loop
      vertex   -3.000000e+01 -4.267527e+00 -5.149945e+01
      vertex   -4.200000e+01 -4.207279e+00 -5.158008e+01
      vertex   -4.200000e+01 -4.408911e+00 -5.128068e+01
    endloop
  endfacet
  facet normal -1.015337e-03 8.643420e-01 5.029035e-01
    outer loop
      vertex   -3.000000e+01 -4.267527e+00 -5.149945e+01
      vertex   -4.200000e+01 -4.408911e+00 -5.128068e+01
      vertex   -3.000000e+01 -4.550753e+00 -5.101267e+01
    endloop
  endfacet
  facet normal 3.208734e-04 8.897198e-01 4.565070e-01
    outer loop
      vertex   -3.000000e+01 -4.550753e+00 -5.101267e+01
      vertex   -4.200000e+01 -4.408911e+00 -5.128068e+01
      vertex   -4.200000e+01 -4.593275e+00 -5.092136e+01
    endloop
  endfacet
  facet normal -4.550500e-04 9.280748e-01 3.723935e-01
    outer loop
      vertex   -3.000000e+01 -4.550753e+00 -5.101267e+01
      vertex   -4.200000e+01 -4.593275e+00 -5.092136e+01
      vertex   -3.000000e+01 -4.797244e+00 -5.039837e+01
    endloop
  endfacet
  facet normal -4.196127e-04 9.283567e-01 3.716903e-01
    outer loop
      vertex   -3.000000e+01 -4.797244e+00 -5.039837e+01
      vertex   -4.200000e+01 -4.593275e+00 -5.092136e+01
      vertex   -4.200000e+01 -4.760678e+00 -5.050325e+01
    endloop
  endfacet
  facet normal 2.693034e-04 9.534319e-01 3.016083e-01
    outer loop
      vertex   -3.000000e+01 -4.797244e+00 -5.039837e+01
      vertex   -4.200000e+01 -4.760678e+00 -5.050325e+01
      vertex   -4.200000e+01 -4.911327e+00 -5.002702e+01
    endloop
  endfacet
  facet normal -6.723911e-04 9.618010e-01 2.737488e-01
    outer loop
      vertex   -3.000000e+01 -4.797244e+00 -5.039837e+01
      vertex   -4.200000e+01 -4.911327e+00 -5.002702e+01
      vertex   -3.000000e+01 -5.007695e+00 -4.965896e+01
    endloop
  endfacet
  facet normal 3.165105e-04 9.698707e-01 2.436199e-01
    outer loop
      vertex   -3.000000e+01 -5.007695e+00 -4.965896e+01
      vertex   -4.200000e+01 -4.911327e+00 -5.002702e+01
      vertex   -4.200000e+01 -5.045401e+00 -4.949326e+01
    endloop
  endfacet
  facet normal -3.371877e-04 9.800799e-01 1.986033e-01
    outer loop
      vertex   -3.000000e+01 -5.007695e+00 -4.965896e+01
      vertex   -4.200000e+01 -5.045401e+00 -4.949326e+01
      vertex   -3.000000e+01 -5.182559e+00 -4.879603e+01
    endloop
  endfacet
  facet normal -1.420883e-04 9.807290e-01 1.953731e-01
    outer loop
      vertex   -3.000000e+01 -5.182559e+00 -4.879603e+01
      vertex   -4.200000e+01 -5.045401e+00 -4.949326e+01
      vertex   -4.200000e+01 -5.163080e+00 -4.890254e+01
    endloop
  endfacet
  facet normal 2.288094e-04 9.879299e-01 1.549015e-01
    outer loop
      vertex   -3.000000e+01 -5.182559e+00 -4.879603e+01
      vertex   -4.200000e+01 -5.163080e+00 -4.890254e+01
      vertex   -4.200000e+01 -5.264543e+00 -4.825543e+01
    endloop
  endfacet
  facet normal -4.359938e-04 9.900847e-01 1.404713e-01
    outer loop
      vertex   -3.000000e+01 -5.182559e+00 -4.879603e+01
      vertex   -4.200000e+01 -5.264543e+00 -4.825543e+01
      vertex   -3.000000e+01 -5.322292e+00 -4.781115e+01
    endloop
  endfacet
  facet normal 3.107221e-04 9.926960e-01 1.206420e-01
    outer loop
      vertex   -3.000000e+01 -5.322292e+00 -4.781115e+01
      vertex   -4.200000e+01 -5.264543e+00 -4.825543e+01
      vertex   -4.200000e+01 -5.349969e+00 -4.755251e+01
    endloop
  endfacet
  facet normal -2.565212e-04 9.955129e-01 9.462516e-02
    outer loop
      vertex   -3.000000e+01 -5.322292e+00 -4.781115e+01
      vertex   -4.200000e+01 -5.349969e+00 -4.755251e+01
      vertex   -3.000000e+01 -5.427349e+00 -4.670589e+01
    endloop
  endfacet
  facet normal -2.526188e-05 9.958166e-01 9.137501e-02
    outer loop
      vertex   -3.000000e+01 -5.427349e+00 -4.670589e+01
      vertex   -4.200000e+01 -5.349969e+00 -4.755251e+01
      vertex   -4.200000e+01 -5.419536e+00 -4.679435e+01
    endloop
  endfacet
  facet normal 1.399260e-04 9.976080e-01 6.912438e-02
    outer loop
      vertex   -3.000000e+01 -5.427349e+00 -4.670589e+01
      vertex   -4.200000e+01 -5.419536e+00 -4.679435e+01
      vertex   -4.203628e+01 -5.461188e+00 -4.619315e+01
    endloop
  endfacet
  facet normal -3.457240e-04 9.983298e-01 5.777176e-02
    outer loop
      vertex   -3.000000e+01 -5.427349e+00 -4.670589e+01
      vertex   -4.203628e+01 -5.461188e+00 -4.619315e+01
      vertex   -3.000000e+01 -5.498182e+00 -4.548185e+01
    endloop
  endfacet
  facet normal -3.664585e-05 9.986179e-01 5.255669e-02
    outer loop
      vertex   -3.000000e+01 -5.498182e+00 -4.548185e+01
      vertex   -4.203628e+01 -5.461188e+00 -4.619315e+01
      vertex   -4.214476e+01 -5.492414e+00 -4.559992e+01
    endloop
  endfacet
  facet normal 1.004725e-04 9.992592e-01 3.848489e-02
    outer loop
      vertex   -3.000000e+01 -5.498182e+00 -4.548185e+01
      vertex   -4.214476e+01 -5.492414e+00 -4.559992e+01
      vertex   -4.232388e+01 -5.514573e+00 -4.502408e+01
    endloop
  endfacet
  facet normal -3.034139e-04 9.996183e-01 2.762433e-02
    outer loop
      vertex   -3.000000e+01 -5.498182e+00 -4.548185e+01
      vertex   -4.232388e+01 -5.514573e+00 -4.502408e+01
      vertex   -3.000000e+01 -5.535248e+00 -4.414058e+01
    endloop
  endfacet
  facet normal -2.088398e-04 9.996539e-01 2.630596e-02
    outer loop
      vertex   -3.000000e+01 -5.535248e+00 -4.414058e+01
      vertex   -4.232388e+01 -5.514573e+00 -4.502408e+01
      vertex   -4.257126e+01 -5.529113e+00 -4.447352e+01
    endloop
  endfacet
  facet normal 5.695674e-05 9.998676e-01 1.627379e-02
    outer loop
      vertex   -3.000000e+01 -5.535248e+00 -4.414058e+01
      vertex   -4.257126e+01 -5.529113e+00 -4.447352e+01
      vertex   -4.288266e+01 -5.537493e+00 -4.395754e+01
    endloop
  endfacet
  facet normal -6.817013e-05 9.999721e-01 7.468500e-03
    outer loop
      vertex   -4.288266e+01 -5.537493e+00 -4.395754e+01
      vertex   -4.325322e+01 -5.541059e+00 -4.348353e+01
      vertex   -3.000000e+01 -5.535248e+00 -4.414058e+01
    endloop
  endfacet
  facet normal -3.107674e-04 9.999966e-01 2.575395e-03
    outer loop
      vertex   -3.000000e+01 -5.535248e+00 -4.414058e+01
      vertex   -4.325322e+01 -5.541059e+00 -4.348353e+01
      vertex   -3.000000e+01 -5.539000e+00 -4.268368e+01
    endloop
  endfacet
  facet normal -1.574693e-04 1.000000e+00 3.527841e-05
    outer loop
      vertex   -3.000000e+01 -5.539000e+00 -4.268368e+01
      vertex   -4.325322e+01 -5.541059e+00 -4.348353e+01
      vertex   -4.367888e+01 -5.541141e+00 -4.305669e+01
    endloop
  endfacet
  facet normal -1.034559e-15 9.999835e-01 -5.739318e-03
    outer loop
      vertex   -3.000000e+01 -5.539000e+00 -4.268368e+01
      vertex   -4.367888e+01 -5.541141e+00 -4.305669e+01
      vertex   -4.287742e+01 -5.539000e+00 -4.268368e+01
    endloop
  endfacet
  facet normal -4.843404e-07 9.999835e-01 -5.738278e-03
    outer loop
      vertex   -4.287742e+01 -5.539000e+00 -4.268368e+01
      vertex   -4.367888e+01 -5.541141e+00 -4.305669e+01
      vertex   -4.415353e+01 -5.539001e+00 -4.268368e+01
    endloop
  endfacet
  facet normal -4.839885e-07 9.999645e-01 -8.422302e-03
    outer loop
      vertex   -4.287742e+01 -5.539000e+00 -4.268368e+01
      vertex   -4.415353e+01 -5.539001e+00 -4.268368e+01
      vertex   -4.415364e+01 -5.539000e+00 -4.268361e+01
    endloop
  endfacet
  facet normal -1.000000e+00 -8.140050e-08 1.077023e-08
    outer loop
      vertex   -4.200000e+01 4.997214e+00 -4.261323e+01
      vertex   -4.200000e+01 6.350067e+00 -4.327106e+01
      vertex   -4.200000e+01 4.436033e+00 -4.356184e+01
    endloop
  endfacet
  facet normal -1.000000e+00 -8.139162e-08 1.071173e-08
    outer loop
      vertex   -4.200000e+01 4.436033e+00 -4.356184e+01
      vertex   -4.200000e+01 6.350067e+00 -4.327106e+01
      vertex   -4.200000e+01 5.776068e+00 -4.424367e+01
    endloop
  endfacet
  facet normal -1.000000e+00 -8.115953e-08 1.116788e-08
    outer loop
      vertex   -4.200000e+01 4.436033e+00 -4.356184e+01
      vertex   -4.200000e+01 5.776068e+00 -4.424367e+01
      vertex   -4.200000e+01 3.887329e+00 -4.446727e+01
    endloop
  endfacet
  facet normal -1.000000e+00 -8.115205e-08 1.110477e-08
    outer loop
      vertex   -4.200000e+01 3.887329e+00 -4.446727e+01
      vertex   -4.200000e+01 5.776068e+00 -4.424367e+01
      vertex   -4.200000e+01 5.213743e+00 -4.517397e+01
    endloop
  endfacet
  facet normal -1.000000e+00 -8.088520e-08 1.160564e-08
    outer loop
      vertex   -4.200000e+01 3.887329e+00 -4.446727e+01
      vertex   -4.200000e+01 5.213743e+00 -4.517397e+01
      vertex   -4.200000e+01 3.351290e+00 -4.532868e+01
    endloop
  endfacet
  facet normal -1.000000e+00 -8.088004e-08 1.154353e-08
    outer loop
      vertex   -4.200000e+01 3.351290e+00 -4.532868e+01
      vertex   -4.200000e+01 5.213743e+00 -4.517397e+01
      vertex   -4.200000e+01 4.663065e+00 -4.606117e+01
    endloop
  endfacet
  facet normal -1.000000e+00 -8.057336e-08 1.209273e-08
    outer loop
      vertex   -4.200000e+01 3.351290e+00 -4.532868e+01
      vertex   -4.200000e+01 4.663065e+00 -4.606117e+01
      vertex   -4.200000e+01 2.828260e+00 -4.614493e+01
    endloop
  endfacet
  facet normal -1.000000e+00 -8.057071e-08 1.203458e-08
    outer loop
      vertex   -4.200000e+01 2.828260e+00 -4.614493e+01
      vertex   -4.200000e+01 4.663065e+00 -4.606117e+01
      vertex   -4.200000e+01 4.124008e+00 -4.690445e+01
    endloop
  endfacet
  facet normal -1.000000e+00 -8.021668e-08 1.263856e-08
    outer loop
      vertex   -4.200000e+01 2.828260e+00 -4.614493e+01
      vertex   -4.200000e+01 4.124008e+00 -4.690445e+01
      vertex   -4.200000e+01 2.318582e+00 -4.691483e+01
    endloop
  endfacet
  facet normal -1.000000e+00 -8.021637e-08 1.258453e-08
    outer loop
      vertex   -4.200000e+01 2.318582e+00 -4.691483e+01
      vertex   -4.200000e+01 4.124008e+00 -4.690445e+01
      vertex   -4.200000e+01 3.596545e+00 -4.770300e+01
    endloop
  endfacet
  facet normal -1.000000e+00 -7.980439e-08 1.325252e-08
    outer loop
      vertex   -4.200000e+01 2.318582e+00 -4.691483e+01
      vertex   -4.200000e+01 3.596545e+00 -4.770300e+01
      vertex   -4.200000e+01 1.822593e+00 -4.763722e+01
    endloop
  endfacet
  facet normal -1.000000e+00 -7.980633e-08 1.320028e-08
    outer loop
      vertex   -4.200000e+01 1.822593e+00 -4.763722e+01
      vertex   -4.200000e+01 3.596545e+00 -4.770300e+01
      vertex   -4.200000e+01 3.080648e+00 -4.845601e+01
    endloop
  endfacet
  facet normal -1.000000e+00 -7.932129e-08 1.394554e-08
    outer loop
      vertex   -4.200000e+01 1.822593e+00 -4.763722e+01
      vertex   -4.200000e+01 3.080648e+00 -4.845601e+01
      vertex   -4.200000e+01 1.340630e+00 -4.831092e+01
    endloop
  endfacet
  facet normal -1.000000e+00 -7.932599e-08 1.388912e-08
    outer loop
      vertex   -4.200000e+01 1.340630e+00 -4.831092e+01
      vertex   -4.200000e+01 3.080648e+00 -4.845601e+01
      vertex   -4.200000e+01 2.576291e+00 -4.916267e+01
    endloop
  endfacet
  facet normal -1.000000e+00 -7.874650e-08 1.472980e-08
    outer loop
      vertex   -4.200000e+01 1.340630e+00 -4.831092e+01
      vertex   -4.200000e+01 2.576291e+00 -4.916267e+01
      vertex   -4.200000e+01 8.730312e-01 -4.893475e+01
    endloop
  endfacet
  facet normal -1.000000e+00 -7.875898e-08 1.463653e-08
    outer loop
      vertex   -4.200000e+01 8.730312e-01 -4.893475e+01
      vertex   -4.200000e+01 2.576291e+00 -4.916267e+01
      vertex   -4.200000e+01 2.083913e+00 -4.982215e+01
    endloop
  endfacet
  facet normal -1.000000e+00 -7.804339e-08 1.561299e-08
    outer loop
      vertex   -4.200000e+01 8.730312e-01 -4.893475e+01
      vertex   -4.200000e+01 2.083913e+00 -4.982215e+01
      vertex   -4.200000e+01 4.201335e-01 -4.950756e+01
    endloop
  endfacet
  facet normal -1.000000e+00 -7.806706e-08 1.548781e-08
    outer loop
      vertex   -4.200000e+01 4.201335e-01 -4.950756e+01
      vertex   -4.200000e+01 2.083913e+00 -4.982215e+01
      vertex   -4.200000e+01 1.602747e+00 -5.043395e+01
    endloop
  endfacet
  facet normal -1.000000e+00 -7.718224e-08 1.661735e-08
    outer loop
      vertex   -4.200000e+01 4.201335e-01 -4.950756e+01
      vertex   -4.200000e+01 1.602747e+00 -5.043395e+01
      vertex   -4.200000e+01 -1.772525e-02 -5.002816e+01
    endloop
  endfacet
  facet normal -1.000000e+00 -7.720691e-08 1.651882e-08
    outer loop
      vertex   -4.200000e+01 -1.772525e-02 -5.002816e+01
      vertex   -4.200000e+01 1.602747e+00 -5.043395e+01
      vertex   -4.200000e+01 1.130479e+00 -5.099785e+01
    endloop
  endfacet
  facet normal -1.000000e+00 -7.613752e-08 1.778508e-08
    outer loop
      vertex   -4.200000e+01 -1.772525e-02 -5.002816e+01
      vertex   -4.200000e+01 1.130479e+00 -5.099785e+01
      vertex   -4.200000e+01 -4.402075e-01 -5.049538e+01
    endloop
  endfacet
  facet normal -1.000000e+00 -7.614833e-08 1.775128e-08
    outer loop
      vertex   -4.200000e+01 -4.402075e-01 -5.049538e+01
      vertex   -4.200000e+01 1.130479e+00 -5.099785e+01
      vertex   -4.200000e+01 6.647892e-01 -5.151363e+01
    endloop
  endfacet
  facet normal -1.000000e+00 -7.485288e-08 1.915710e-08
    outer loop
      vertex   -4.200000e+01 -4.402075e-01 -5.049538e+01
      vertex   -4.200000e+01 6.647892e-01 -5.151363e+01
      vertex   -4.200000e+01 -8.469757e-01 -5.090806e+01
    endloop
  endfacet
  facet normal -1.000000e+00 -7.483947e-08 1.919057e-08
    outer loop
      vertex   -4.200000e+01 -8.469757e-01 -5.090806e+01
      vertex   -4.200000e+01 6.647892e-01 -5.151363e+01
      vertex   -4.200000e+01 2.033544e-01 -5.198106e+01
    endloop
  endfacet
  facet normal -1.000000e+00 -7.322887e-08 2.076715e-08
    outer loop
      vertex   -4.200000e+01 -8.469757e-01 -5.090806e+01
      vertex   -4.200000e+01 2.033544e-01 -5.198106e+01
      vertex   -4.200000e+01 -1.237692e+00 -5.126502e+01
    endloop
  endfacet
  facet normal -1.000000e+00 -7.320543e-08 2.081433e-08
    outer loop
      vertex   -4.200000e+01 -1.237692e+00 -5.126502e+01
      vertex   -4.200000e+01 2.033544e-01 -5.198106e+01
      vertex   -4.200000e+01 -2.561466e-01 -5.239992e+01
    endloop
  endfacet
  facet normal -1.000000e+00 -7.110727e-08 2.262898e-08
    outer loop
      vertex   -4.200000e+01 -1.237692e+00 -5.126502e+01
      vertex   -4.200000e+01 -2.561466e-01 -5.239992e+01
      vertex   -4.200000e+01 -1.612020e+00 -5.156509e+01
    endloop
  endfacet
  facet normal -1.000000e+00 -7.114546e-08 2.256696e-08
    outer loop
      vertex   -4.200000e+01 -1.612020e+00 -5.156509e+01
      vertex   -4.200000e+01 -2.561466e-01 -5.239992e+01
      vertex   -4.200000e+01 -7.176034e-01 -5.277103e+01
    endloop
  endfacet
  facet normal -1.000000e+00 -6.825401e-08 2.471149e-08
    outer loop
      vertex   -4.200000e+01 -1.612020e+00 -5.156509e+01
      vertex   -4.200000e+01 -7.176034e-01 -5.277103e+01
      vertex   -4.200000e+01 -1.969621e+00 -5.180710e+01
    endloop
  endfacet
  facet normal -1.000000e+00 -6.827011e-08 2.469058e-08
    outer loop
      vertex   -4.200000e+01 -1.969621e+00 -5.180710e+01
      vertex   -4.200000e+01 -7.176034e-01 -5.277103e+01
      vertex   -4.200000e+01 -1.190977e+00 -5.309179e+01
    endloop
  endfacet
  facet normal -1.000000e+00 -6.441886e-08 2.702480e-08
    outer loop
      vertex   -4.200000e+01 -1.969621e+00 -5.180710e+01
      vertex   -4.200000e+01 -1.190977e+00 -5.309179e+01
      vertex   -4.200000e+01 -2.310142e+00 -5.198983e+01
    endloop
  endfacet
  facet normal -1.000000e+00 -6.427930e-08 2.716655e-08
    outer loop
      vertex   -4.200000e+01 -2.310142e+00 -5.198983e+01
      vertex   -4.200000e+01 -1.190977e+00 -5.309179e+01
      vertex   -4.200000e+01 -1.687478e+00 -5.335545e+01
    endloop
  endfacet
  facet normal -1.000000e+00 -5.925879e-08 2.945567e-08
    outer loop
      vertex   -4.200000e+01 -2.310142e+00 -5.198983e+01
      vertex   -4.200000e+01 -1.687478e+00 -5.335545e+01
      vertex   -4.200000e+01 -2.633287e+00 -5.211223e+01
    endloop
  endfacet
  facet normal -1.000000e+00 -5.913345e-08 2.955103e-08
    outer loop
      vertex   -4.200000e+01 -2.633287e+00 -5.211223e+01
      vertex   -4.200000e+01 -1.687478e+00 -5.335545e+01
      vertex   -4.200000e+01 -2.218667e+00 -5.355459e+01
    endloop
  endfacet
  facet normal -1.000000e+00 -5.246003e-08 3.146937e-08
    outer loop
      vertex   -4.200000e+01 -2.633287e+00 -5.211223e+01
      vertex   -4.200000e+01 -2.218667e+00 -5.355459e+01
      vertex   -4.200000e+01 -2.939036e+00 -5.217425e+01
    endloop
  endfacet
  facet normal -1.000000e+00 -5.231661e-08 3.154422e-08
    outer loop
      vertex   -4.200000e+01 -2.939036e+00 -5.217425e+01
      vertex   -4.200000e+01 -2.218667e+00 -5.355459e+01
      vertex   -4.200000e+01 -2.792372e+00 -5.366887e+01
    endloop
  endfacet
  facet normal -1.000000e+00 -4.399762e-08 3.236055e-08
    outer loop
      vertex   -4.200000e+01 -2.939036e+00 -5.217425e+01
      vertex   -4.200000e+01 -2.792372e+00 -5.366887e+01
      vertex   -4.200000e+01 -3.227403e+00 -5.217593e+01
    endloop
  endfacet
  facet normal -1.000000e+00 -4.366231e-08 3.245825e-08
    outer loop
      vertex   -4.200000e+01 -3.227403e+00 -5.217593e+01
      vertex   -4.200000e+01 -2.792372e+00 -5.366887e+01
      vertex   -4.200000e+01 -3.399731e+00 -5.366779e+01
    endloop
  endfacet
  facet normal -1.000000e+00 -3.406637e-08 3.134981e-08
    outer loop
      vertex   -4.200000e+01 -3.227403e+00 -5.217593e+01
      vertex   -4.200000e+01 -3.399731e+00 -5.366779e+01
      vertex   -4.200000e+01 -4.006034e+00 -5.353094e+01
    endloop
  endfacet
  facet normal -1.000000e+00 -3.442645e-08 3.155672e-08
    outer loop
      vertex   -4.200000e+01 -3.227403e+00 -5.217593e+01
      vertex   -4.200000e+01 -4.006034e+00 -5.353094e+01
      vertex   -4.200000e+01 -3.498398e+00 -5.211731e+01
    endloop
  endfacet
  facet normal -1.000000e+00 -2.473362e-08 2.807603e-08
    outer loop
      vertex   -4.200000e+01 -3.498398e+00 -5.211731e+01
      vertex   -4.200000e+01 -4.006034e+00 -5.353094e+01
      vertex   -4.200000e+01 -4.560386e+00 -5.326478e+01
    endloop
  endfacet
  facet normal -1.000000e+00 -2.505112e-08 2.836988e-08
    outer loop
      vertex   -4.200000e+01 -3.498398e+00 -5.211731e+01
      vertex   -4.200000e+01 -4.560386e+00 -5.326478e+01
      vertex   -4.200000e+01 -3.752035e+00 -5.199843e+01
    endloop
  endfacet
  facet normal -1.000000e+00 -1.686304e-08 2.314316e-08
    outer loop
      vertex   -4.200000e+01 -3.752035e+00 -5.199843e+01
      vertex   -4.200000e+01 -4.560386e+00 -5.326478e+01
      vertex   -4.200000e+01 -5.030332e+00 -5.290028e+01
    endloop
  endfacet
  facet normal -1.000000e+00 -1.715941e-08 2.356323e-08
    outer loop
      vertex   -4.200000e+01 -3.752035e+00 -5.199843e+01
      vertex   -4.200000e+01 -5.030332e+00 -5.290028e+01
      vertex   -4.200000e+01 -3.988324e+00 -5.181934e+01
    endloop
  endfacet
  facet normal -1.000000e+00 -1.112960e-08 1.775059e-08
    outer loop
      vertex   -4.200000e+01 -3.988324e+00 -5.181934e+01
      vertex   -4.200000e+01 -5.030332e+00 -5.290028e+01
      vertex   -4.200000e+01 -5.414138e+00 -5.247253e+01
    endloop
  endfacet
  facet normal -1.000000e+00 -1.131813e-08 1.816212e-08
    outer loop
      vertex   -4.200000e+01 -3.988324e+00 -5.181934e+01
      vertex   -4.200000e+01 -5.414138e+00 -5.247253e+01
      vertex   -4.200000e+01 -4.207279e+00 -5.158008e+01
    endloop
  endfacet
  facet normal -1.000000e+00 -7.230722e-09 1.263472e-08
    outer loop
      vertex   -4.200000e+01 -4.207279e+00 -5.158008e+01
      vertex   -4.200000e+01 -5.414138e+00 -5.247253e+01
      vertex   -4.200000e+01 -5.724423e+00 -5.200333e+01
    endloop
  endfacet
  facet normal -1.000000e+00 -7.335141e-09 1.300902e-08
    outer loop
      vertex   -4.200000e+01 -4.207279e+00 -5.158008e+01
      vertex   -4.200000e+01 -5.724423e+00 -5.200333e+01
      vertex   -4.200000e+01 -4.408911e+00 -5.128068e+01
    endloop
  endfacet
  facet normal -1.000000e+00 -4.659570e-09 8.138386e-09
    outer loop
      vertex   -4.200000e+01 -4.408911e+00 -5.128068e+01
      vertex   -4.200000e+01 -5.724423e+00 -5.200333e+01
      vertex   -4.200000e+01 -5.978777e+00 -5.149741e+01
    endloop
  endfacet
  facet normal -1.000000e+00 -4.711731e-09 8.516219e-09
    outer loop
      vertex   -4.200000e+01 -4.408911e+00 -5.128068e+01
      vertex   -4.200000e+01 -5.978777e+00 -5.149741e+01
      vertex   -4.200000e+01 -4.593275e+00 -5.092136e+01
    endloop
  endfacet
  facet normal -1.000000e+00 -3.067442e-09 4.561377e-09
    outer loop
      vertex   -4.200000e+01 -4.593275e+00 -5.092136e+01
      vertex   -4.200000e+01 -5.978777e+00 -5.149741e+01
      vertex   -4.200000e+01 -6.192917e+00 -5.095546e+01
    endloop
  endfacet
  facet normal -1.000000e+00 -3.071955e-09 4.773131e-09
    outer loop
      vertex   -4.200000e+01 -4.593275e+00 -5.092136e+01
      vertex   -4.200000e+01 -6.192917e+00 -5.095546e+01
      vertex   -4.200000e+01 -4.760678e+00 -5.050325e+01
    endloop
  endfacet
  facet normal -1.000000e+00 -2.042384e-09 1.512300e-09
    outer loop
      vertex   -4.200000e+01 -4.760678e+00 -5.050325e+01
      vertex   -4.200000e+01 -6.192917e+00 -5.095546e+01
      vertex   -4.200000e+01 -6.374453e+00 -5.037417e+01
    endloop
  endfacet
  facet normal -1.000000e+00 -2.028546e-09 1.685317e-09
    outer loop
      vertex   -4.200000e+01 -4.760678e+00 -5.050325e+01
      vertex   -4.200000e+01 -6.374453e+00 -5.037417e+01
      vertex   -4.200000e+01 -4.911327e+00 -5.002702e+01
    endloop
  endfacet
  facet normal -1.000000e+00 -1.364436e-09 -1.113664e-09
    outer loop
      vertex   -4.200000e+01 -4.911327e+00 -5.002702e+01
      vertex   -4.200000e+01 -6.374453e+00 -5.037417e+01
      vertex   -4.200000e+01 -6.527322e+00 -4.975108e+01
    endloop
  endfacet
  facet normal -1.000000e+00 -1.320208e-09 -8.546485e-10
    outer loop
      vertex   -4.200000e+01 -4.911327e+00 -5.002702e+01
      vertex   -4.200000e+01 -6.527322e+00 -4.975108e+01
      vertex   -4.200000e+01 -5.045401e+00 -4.949326e+01
    endloop
  endfacet
  facet normal -1.000000e+00 -8.975379e-10 -3.284097e-09
    outer loop
      vertex   -4.200000e+01 -5.045401e+00 -4.949326e+01
      vertex   -4.200000e+01 -6.527322e+00 -4.975108e+01
      vertex   -4.200000e+01 -6.655464e+00 -4.908371e+01
    endloop
  endfacet
  facet normal -1.000000e+00 -8.148623e-10 -2.959072e-09
    outer loop
      vertex   -4.200000e+01 -5.045401e+00 -4.949326e+01
      vertex   -4.200000e+01 -6.655464e+00 -4.908371e+01
      vertex   -4.200000e+01 -5.163080e+00 -4.890254e+01
    endloop
  endfacet
  facet normal -1.000000e+00 -5.979074e-10 -4.746180e-09
    outer loop
      vertex   -4.200000e+01 -5.163080e+00 -4.890254e+01
      vertex   -4.200000e+01 -6.655464e+00 -4.908371e+01
      vertex   -4.200000e+01 -5.264543e+00 -4.825543e+01
    endloop
  endfacet
  facet normal -1.000000e+00 -4.455314e-10 -5.002062e-09
    outer loop
      vertex   -4.200000e+01 -5.264543e+00 -4.825543e+01
      vertex   -4.200000e+01 -6.655464e+00 -4.908371e+01
      vertex   -4.200000e+01 -6.762818e+00 -4.836960e+01
    endloop
  endfacet
  facet normal -1.000000e+00 -3.513603e-10 -6.237848e-09
    outer loop
      vertex   -4.200000e+01 -5.264543e+00 -4.825543e+01
      vertex   -4.200000e+01 -6.762818e+00 -4.836960e+01
      vertex   -4.200000e+01 -5.349969e+00 -4.755251e+01
    endloop
  endfacet
  facet normal -1.000000e+00 -2.536329e-10 -6.406830e-09
    outer loop
      vertex   -4.200000e+01 -5.349969e+00 -4.755251e+01
      vertex   -4.200000e+01 -6.762818e+00 -4.836960e+01
      vertex   -4.200000e+01 -6.852358e+00 -4.760671e+01
    endloop
  endfacet
  facet normal -1.000000e+00 -2.135752e-10 -7.517158e-09
    outer loop
      vertex   -4.200000e+01 -5.349969e+00 -4.755251e+01
      vertex   -4.200000e+01 -6.852358e+00 -4.760671e+01
      vertex   -4.200000e+01 -5.419536e+00 -4.679435e+01
    endloop
  endfacet
  facet normal -1.000000e+00 -1.272674e-10 -7.669386e-09
    outer loop
      vertex   -4.200000e+01 -5.419536e+00 -4.679435e+01
      vertex   -4.200000e+01 -6.852358e+00 -4.760671e+01
      vertex   -4.200000e+01 -6.923893e+00 -4.679435e+01
    endloop
  endfacet
  facet normal 9.987939e-01 2.147071e-02 4.415499e-02
    outer loop
      vertex   4.200000e+01 4.997220e+00 -4.261323e+01
      vertex   4.200000e+01 6.350073e+00 -4.327106e+01
      vertex   4.197589e+01 5.244637e+00 -4.218824e+01
    endloop
  endfacet
  facet normal 9.987939e-01 2.147193e-02 4.415623e-02
    outer loop
      vertex   4.197589e+01 5.244637e+00 -4.218824e+01
      vertex   4.200000e+01 6.350073e+00 -4.327106e+01
      vertex   4.197589e+01 6.597094e+00 -4.284586e+01
    endloop
  endfacet
  facet normal 9.891611e-01 6.420982e-02 1.320507e-01
    outer loop
      vertex   4.197589e+01 5.244637e+00 -4.218824e+01
      vertex   4.197589e+01 6.597094e+00 -4.284586e+01
      vertex   4.190378e+01 5.487995e+00 -4.176640e+01
    endloop
  endfacet
  facet normal 9.891607e-01 6.421179e-02 1.320527e-01
    outer loop
      vertex   4.190378e+01 5.487995e+00 -4.176640e+01
      vertex   4.197589e+01 6.597094e+00 -4.284586e+01
      vertex   4.190378e+01 6.840087e+00 -4.242385e+01
    endloop
  endfacet
  facet normal 9.699887e-01 1.063288e-01 2.186690e-01
    outer loop
      vertex   4.190378e+01 5.487995e+00 -4.176640e+01
      vertex   4.190378e+01 6.840087e+00 -4.242385e+01
      vertex   4.178441e+01 5.724971e+00 -4.135210e+01
    endloop
  endfacet
  facet normal 9.699842e-01 1.063422e-01 2.186824e-01
    outer loop
      vertex   4.178441e+01 5.724971e+00 -4.135210e+01
      vertex   4.190378e+01 6.840087e+00 -4.242385e+01
      vertex   4.178436e+01 7.076827e+00 -4.200926e+01
    endloop
  endfacet
  facet normal 9.414623e-01 1.474161e-01 3.031786e-01
    outer loop
      vertex   4.178441e+01 5.724971e+00 -4.135210e+01
      vertex   4.178436e+01 7.076827e+00 -4.200926e+01
      vertex   4.161893e+01 7.305020e+00 -4.160652e+01
    endloop
  endfacet
  facet normal 9.414571e-01 1.474180e-01 3.031938e-01
    outer loop
      vertex   4.178441e+01 5.724971e+00 -4.135210e+01
      vertex   4.161893e+01 7.305020e+00 -4.160652e+01
      vertex   4.161880e+01 5.953683e+00 -4.094907e+01
    endloop
  endfacet
  facet normal 9.039280e-01 1.870359e-01 3.846189e-01
    outer loop
      vertex   4.161880e+01 5.953683e+00 -4.094907e+01
      vertex   4.161893e+01 7.305020e+00 -4.160652e+01
      vertex   4.140951e+01 7.522417e+00 -4.122006e+01
    endloop
  endfacet
  facet normal 9.038567e-01 1.870538e-01 3.847777e-01
    outer loop
      vertex   4.161880e+01 5.953683e+00 -4.094907e+01
      vertex   4.140951e+01 7.522417e+00 -4.122006e+01
      vertex   4.140890e+01 6.171728e+00 -4.056201e+01
    endloop
  endfacet
  facet normal 8.577571e-01 2.248333e-01 4.622799e-01
    outer loop
      vertex   4.140890e+01 6.171728e+00 -4.056201e+01
      vertex   4.140951e+01 7.522417e+00 -4.122006e+01
      vertex   4.115775e+01 7.727692e+00 -4.085275e+01
    endloop
  endfacet
  facet normal 8.576274e-01 2.248553e-01 4.625098e-01
    outer loop
      vertex   4.140890e+01 6.171728e+00 -4.056201e+01
      vertex   4.115775e+01 7.727692e+00 -4.085275e+01
      vertex   4.115710e+01 6.377120e+00 -4.019496e+01
    endloop
  endfacet
  facet normal 8.032727e-01 2.604927e-01 5.356272e-01
    outer loop
      vertex   4.115710e+01 6.377120e+00 -4.019496e+01
      vertex   4.115775e+01 7.727692e+00 -4.085275e+01
      vertex   4.086528e+01 7.919523e+00 -4.050744e+01
    endloop
  endfacet
  facet normal 8.032101e-01 2.604992e-01 5.357180e-01
    outer loop
      vertex   4.115710e+01 6.377120e+00 -4.019496e+01
      vertex   4.086528e+01 7.919523e+00 -4.050744e+01
      vertex   4.086534e+01 6.568627e+00 -3.985064e+01
    endloop
  endfacet
  facet normal 7.409819e-01 2.936537e-01 6.039150e-01
    outer loop
      vertex   4.086534e+01 6.568627e+00 -3.985064e+01
      vertex   4.086528e+01 7.919523e+00 -4.050744e+01
      vertex   4.053553e+01 6.745019e+00 -3.953175e+01
    endloop
  endfacet
  facet normal 7.409752e-01 2.936599e-01 6.039202e-01
    outer loop
      vertex   4.053553e+01 6.745019e+00 -3.953175e+01
      vertex   4.086528e+01 7.919523e+00 -4.050744e+01
      vertex   4.053553e+01 8.095727e+00 -4.018854e+01
    endloop
  endfacet
  facet normal -2.009449e-05 8.752672e-01 -4.836397e-01
    outer loop
      vertex   4.086528e+01 7.919523e+00 -4.050744e+01
      vertex   3.000000e+01 8.185841e+00 -4.002502e+01
      vertex   4.053553e+01 8.095727e+00 -4.018854e+01
    endloop
  endfacet
  facet normal 1.082331e-04 8.787464e-01 -4.772890e-01
    outer loop
      vertex   4.053553e+01 8.095727e+00 -4.018854e+01
      vertex   3.000000e+01 8.185841e+00 -4.002502e+01
      vertex   3.000000e+01 9.094598e+00 -3.835188e+01
    endloop
  endfacet
  facet normal 1.601429e-04 8.788712e-01 -4.770591e-01
    outer loop
      vertex   4.053553e+01 8.095727e+00 -4.018854e+01
      vertex   3.000000e+01 9.094598e+00 -3.835188e+01
      vertex   3.824211e+01 9.191252e+00 -3.817106e+01
    endloop
  endfacet
  facet normal -7.142882e-05 8.832739e-01 -4.688574e-01
    outer loop
      vertex   3.824211e+01 9.191252e+00 -3.817106e+01
      vertex   3.000000e+01 9.094598e+00 -3.835188e+01
      vertex   3.000000e+01 1.002677e+01 -3.659579e+01
    endloop
  endfacet
  facet normal 3.292103e-04 8.841406e-01 -4.672208e-01
    outer loop
      vertex   3.824211e+01 9.191252e+00 -3.817106e+01
      vertex   3.000000e+01 1.002677e+01 -3.659579e+01
      vertex   3.599378e+01 1.024297e+01 -3.618243e+01
    endloop
  endfacet
  facet normal -2.003336e-04 8.872991e-01 -4.611944e-01
    outer loop
      vertex   3.599378e+01 1.024297e+01 -3.618243e+01
      vertex   3.000000e+01 1.002677e+01 -3.659579e+01
      vertex   3.000000e+01 1.098215e+01 -3.475771e+01
    endloop
  endfacet
  facet normal 1.903916e-03 8.908941e-01 -4.542070e-01
    outer loop
      vertex   3.599378e+01 1.024297e+01 -3.618243e+01
      vertex   3.000000e+01 1.098215e+01 -3.475771e+01
      vertex   3.000000e+01 1.196054e+01 -3.283866e+01
    endloop
  endfacet
  facet normal -1.404398e-04 8.741171e-01 -4.857153e-01
    outer loop
      vertex   4.086528e+01 7.919523e+00 -4.050744e+01
      vertex   4.115775e+01 7.727692e+00 -4.085275e+01
      vertex   3.000000e+01 8.185841e+00 -4.002502e+01
    endloop
  endfacet
  facet normal -2.260986e-04 8.736259e-01 -4.865981e-01
    outer loop
      vertex   3.000000e+01 8.185841e+00 -4.002502e+01
      vertex   4.115775e+01 7.727692e+00 -4.085275e+01
      vertex   3.000000e+01 7.300695e+00 -4.161419e+01
    endloop
  endfacet
  facet normal -1.091183e-04 8.728974e-01 -4.879038e-01
    outer loop
      vertex   3.000000e+01 7.300695e+00 -4.161419e+01
      vertex   4.115775e+01 7.727692e+00 -4.085275e+01
      vertex   4.140951e+01 7.522417e+00 -4.122006e+01
    endloop
  endfacet
  facet normal -7.908886e-07 8.715607e-01 -4.902877e-01
    outer loop
      vertex   3.000000e+01 7.300695e+00 -4.161419e+01
      vertex   4.140951e+01 7.522417e+00 -4.122006e+01
      vertex   4.161893e+01 7.305020e+00 -4.160652e+01
    endloop
  endfacet
  facet normal 1.536258e-06 8.700511e-01 -4.929616e-01
    outer loop
      vertex   4.161893e+01 7.305020e+00 -4.160652e+01
      vertex   4.178436e+01 7.076827e+00 -4.200926e+01
      vertex   3.000000e+01 7.300695e+00 -4.161419e+01
    endloop
  endfacet
  facet normal -1.287009e-04 8.683800e-01 -4.958994e-01
    outer loop
      vertex   3.000000e+01 7.300695e+00 -4.161419e+01
      vertex   4.178436e+01 7.076827e+00 -4.200926e+01
      vertex   4.190378e+01 6.840087e+00 -4.242385e+01
    endloop
  endfacet
  facet normal -2.216637e-04 8.677902e-01 -4.969306e-01
    outer loop
      vertex   3.000000e+01 7.300695e+00 -4.161419e+01
      vertex   4.190378e+01 6.840087e+00 -4.242385e+01
      vertex   3.000000e+01 6.439765e+00 -4.311763e+01
    endloop
  endfacet
  facet normal -6.078624e-05 8.665997e-01 -4.990040e-01
    outer loop
      vertex   3.000000e+01 6.439765e+00 -4.311763e+01
      vertex   4.190378e+01 6.840087e+00 -4.242385e+01
      vertex   4.197589e+01 6.597094e+00 -4.284586e+01
    endloop
  endfacet
  facet normal 4.006920e-05 8.646739e-01 -5.023335e-01
    outer loop
      vertex   3.000000e+01 6.439765e+00 -4.311763e+01
      vertex   4.197589e+01 6.597094e+00 -4.284586e+01
      vertex   4.200000e+01 6.350073e+00 -4.327106e+01
    endloop
  endfacet
  facet normal -5.900473e-05 8.612942e-01 -5.081065e-01
    outer loop
      vertex   4.200000e+01 6.350073e+00 -4.327106e+01
      vertex   4.200000e+01 5.795577e+00 -4.421099e+01
      vertex   3.000000e+01 6.439765e+00 -4.311763e+01
    endloop
  endfacet
  facet normal -1.433469e-04 8.608887e-01 -5.087933e-01
    outer loop
      vertex   3.000000e+01 6.439765e+00 -4.311763e+01
      vertex   4.200000e+01 5.795577e+00 -4.421099e+01
      vertex   3.000000e+01 5.603416e+00 -4.453275e+01
    endloop
  endfacet
  facet normal 1.480330e-04 8.561044e-01 -5.168030e-01
    outer loop
      vertex   3.000000e+01 5.603416e+00 -4.453275e+01
      vertex   4.200000e+01 5.795577e+00 -4.421099e+01
      vertex   4.200000e+01 5.251969e+00 -4.511150e+01
    endloop
  endfacet
  facet normal -2.337677e-04 8.525878e-01 -5.225839e-01
    outer loop
      vertex   3.000000e+01 5.603416e+00 -4.453275e+01
      vertex   4.200000e+01 5.251969e+00 -4.511150e+01
      vertex   3.000000e+01 4.791679e+00 -4.585708e+01
    endloop
  endfacet
  facet normal 9.832146e-05 8.502023e-01 -5.264561e-01
    outer loop
      vertex   3.000000e+01 4.791679e+00 -4.585708e+01
      vertex   4.200000e+01 5.251969e+00 -4.511150e+01
      vertex   4.200000e+01 4.719224e+00 -4.597185e+01
    endloop
  endfacet
  facet normal -4.494053e-05 8.434661e-01 -5.371824e-01
    outer loop
      vertex   3.000000e+01 4.791679e+00 -4.585708e+01
      vertex   4.200000e+01 4.719224e+00 -4.597185e+01
      vertex   4.200000e+01 4.197318e+00 -4.679133e+01
    endloop
  endfacet
  facet normal -2.069381e-04 8.425217e-01 -5.386624e-01
    outer loop
      vertex   3.000000e+01 4.791679e+00 -4.585708e+01
      vertex   4.200000e+01 4.197318e+00 -4.679133e+01
      vertex   3.000000e+01 4.004585e+00 -4.708818e+01
    endloop
  endfacet
  facet normal 1.605087e-04 8.357455e-01 -5.491170e-01
    outer loop
      vertex   3.000000e+01 4.004585e+00 -4.708818e+01
      vertex   4.200000e+01 4.197318e+00 -4.679133e+01
      vertex   4.200000e+01 3.686227e+00 -4.756920e+01
    endloop
  endfacet
  facet normal -3.219845e-04 8.301917e-01 -5.574779e-01
    outer loop
      vertex   3.000000e+01 4.004585e+00 -4.708818e+01
      vertex   4.200000e+01 3.686227e+00 -4.756920e+01
      vertex   3.000000e+01 3.242165e+00 -4.822357e+01
    endloop
  endfacet
  facet normal 7.080066e-05 8.268543e-01 -5.624161e-01
    outer loop
      vertex   3.000000e+01 3.242165e+00 -4.822357e+01
      vertex   4.200000e+01 3.686227e+00 -4.756920e+01
      vertex   4.200000e+01 3.185927e+00 -4.830474e+01
    endloop
  endfacet
  facet normal -7.785889e-05 8.165595e-01 -5.772613e-01
    outer loop
      vertex   3.000000e+01 3.242165e+00 -4.822357e+01
      vertex   4.200000e+01 3.185927e+00 -4.830474e+01
      vertex   4.200000e+01 2.696394e+00 -4.899720e+01
    endloop
  endfacet
  facet normal -3.032337e-04 8.149071e-01 -5.795915e-01
    outer loop
      vertex   3.000000e+01 3.242165e+00 -4.822357e+01
      vertex   4.200000e+01 2.696394e+00 -4.899720e+01
      vertex   3.000000e+01 2.504452e+00 -4.926079e+01
    endloop
  endfacet
  facet normal 1.688014e-04 8.047161e-01 -5.936599e-01
    outer loop
      vertex   3.000000e+01 2.504452e+00 -4.926079e+01
      vertex   4.200000e+01 2.696394e+00 -4.899720e+01
      vertex   4.200000e+01 2.217872e+00 -4.964585e+01
    endloop
  endfacet
  facet normal -4.165994e-04 7.959416e-01 -6.053732e-01
    outer loop
      vertex   3.000000e+01 2.504452e+00 -4.926079e+01
      vertex   4.200000e+01 2.217872e+00 -4.964585e+01
      vertex   3.000000e+01 1.792095e+00 -5.019740e+01
    endloop
  endfacet
  facet normal 6.688540e-05 7.908734e-01 -6.119798e-01
    outer loop
      vertex   3.000000e+01 1.792095e+00 -5.019740e+01
      vertex   4.200000e+01 2.217872e+00 -4.964585e+01
      vertex   4.200000e+01 1.750295e+00 -5.025010e+01
    endloop
  endfacet
  facet normal -8.966832e-05 7.734761e-01 -6.338255e-01
    outer loop
      vertex   3.000000e+01 1.792095e+00 -5.019740e+01
      vertex   4.200000e+01 1.750295e+00 -5.025010e+01
      vertex   4.200000e+01 1.291685e+00 -5.080976e+01
    endloop
  endfacet
  facet normal -4.382555e-04 7.701126e-01 -6.379079e-01
    outer loop
      vertex   3.000000e+01 1.792095e+00 -5.019740e+01
      vertex   4.200000e+01 1.291685e+00 -5.080976e+01
      vertex   3.000000e+01 1.100657e+00 -5.103213e+01
    endloop
  endfacet
  facet normal 2.558634e-04 7.516787e-01 -6.595294e-01
    outer loop
      vertex   3.000000e+01 1.100657e+00 -5.103213e+01
      vertex   4.200000e+01 1.291685e+00 -5.080976e+01
      vertex   4.200000e+01 8.399508e-01 -5.132461e+01
    endloop
  endfacet
  facet normal -6.131744e-04 7.338593e-01 -6.793013e-01
    outer loop
      vertex   3.000000e+01 1.100657e+00 -5.103213e+01
      vertex   4.200000e+01 8.399508e-01 -5.132461e+01
      vertex   3.000000e+01 4.229181e-01 -5.176431e+01
    endloop
  endfacet
  facet normal 7.469985e-05 7.245386e-01 -6.892342e-01
    outer loop
      vertex   3.000000e+01 4.229181e-01 -5.176431e+01
      vertex   4.200000e+01 8.399508e-01 -5.132461e+01
      vertex   4.200000e+01 3.930025e-01 -5.179445e+01
    endloop
  endfacet
  facet normal -9.355795e-05 6.909626e-01 -7.228905e-01
    outer loop
      vertex   3.000000e+01 4.229181e-01 -5.176431e+01
      vertex   4.200000e+01 3.930025e-01 -5.179445e+01
      vertex   4.200000e+01 -5.125096e-02 -5.221908e+01
    endloop
  endfacet
  facet normal -6.401948e-04 6.837106e-01 -7.297530e-01
    outer loop
      vertex   3.000000e+01 4.229181e-01 -5.176431e+01
      vertex   4.200000e+01 -5.125096e-02 -5.221908e+01
      vertex   3.000000e+01 -2.483434e-01 -5.239321e+01
    endloop
  endfacet
  facet normal 3.547744e-04 6.498841e-01 -7.600332e-01
    outer loop
      vertex   3.000000e+01 -2.483434e-01 -5.239321e+01
      vertex   4.200000e+01 -5.125096e-02 -5.221908e+01
      vertex   4.200000e+01 -4.951149e-01 -5.259862e+01
    endloop
  endfacet
  facet normal -8.833478e-04 6.140256e-01 -7.892856e-01
    outer loop
      vertex   3.000000e+01 -2.483434e-01 -5.239321e+01
      vertex   4.200000e+01 -4.951149e-01 -5.259862e+01
      vertex   3.000000e+01 -9.250220e-01 -5.291964e+01
    endloop
  endfacet
  facet normal 8.073351e-05 5.968646e-01 -8.023420e-01
    outer loop
      vertex   3.000000e+01 -9.250220e-01 -5.291964e+01
      vertex   4.200000e+01 -4.951149e-01 -5.259862e+01
      vertex   4.200000e+01 -9.451336e-01 -5.293339e+01
    endloop
  endfacet
  facet normal -1.044505e-04 5.212784e-01 -8.533867e-01
    outer loop
      vertex   3.000000e+01 -9.250220e-01 -5.291964e+01
      vertex   4.200000e+01 -9.451336e-01 -5.293339e+01
      vertex   4.200000e+01 -1.411341e+00 -5.321817e+01
    endloop
  endfacet
  facet normal -1.214571e-03 5.012132e-01 -8.653230e-01
    outer loop
      vertex   3.000000e+01 -9.250220e-01 -5.291964e+01
      vertex   4.200000e+01 -1.411341e+00 -5.321817e+01
      vertex   3.000000e+01 -1.637665e+00 -5.333242e+01
    endloop
  endfacet
  facet normal 6.921696e-04 4.211491e-01 -9.069912e-01
    outer loop
      vertex   3.000000e+01 -1.637665e+00 -5.333242e+01
      vertex   4.200000e+01 -1.411341e+00 -5.321817e+01
      vertex   4.200000e+01 -1.903828e+00 -5.344685e+01
    endloop
  endfacet
  facet normal -3.488830e-04 3.816565e-01 -9.243042e-01
    outer loop
      vertex   3.000000e+01 -1.637665e+00 -5.333242e+01
      vertex   4.200000e+01 -1.903828e+00 -5.344685e+01
      vertex   3.000000e+01 -2.018368e+00 -5.348961e+01
    endloop
  endfacet
  facet normal 5.959941e-04 2.943825e-01 -9.556875e-01
    outer loop
      vertex   3.000000e+01 -2.018368e+00 -5.348961e+01
      vertex   4.200000e+01 -1.903828e+00 -5.344685e+01
      vertex   4.200000e+01 -2.433251e+00 -5.360993e+01
    endloop
  endfacet
  facet normal 6.172462e-05 2.801660e-01 -9.599516e-01
    outer loop
      vertex   3.000000e+01 -2.018368e+00 -5.348961e+01
      vertex   4.200000e+01 -2.433251e+00 -5.360993e+01
      vertex   3.000000e+01 -2.421703e+00 -5.360733e+01
    endloop
  endfacet
  facet normal -6.474402e-05 1.550395e-01 -9.879083e-01
    outer loop
      vertex   3.000000e+01 -2.421703e+00 -5.360733e+01
      vertex   4.200000e+01 -2.433251e+00 -5.360993e+01
      vertex   3.000000e+01 -2.846985e+00 -5.367407e+01
    endloop
  endfacet
  facet normal 8.823578e-04 1.281656e-01 -9.917524e-01
    outer loop
      vertex   3.000000e+01 -2.846985e+00 -5.367407e+01
      vertex   4.200000e+01 -2.433251e+00 -5.360993e+01
      vertex   4.200000e+01 -3.000780e+00 -5.368327e+01
    endloop
  endfacet
  facet normal -6.561591e-04 8.612648e-03 -9.999627e-01
    outer loop
      vertex   3.000000e+01 -2.846985e+00 -5.367407e+01
      vertex   4.200000e+01 -3.000780e+00 -5.368327e+01
      vertex   3.000000e+01 -3.290060e+00 -5.367789e+01
    endloop
  endfacet
  facet normal 1.334718e-03 -7.392323e-02 -9.972630e-01
    outer loop
      vertex   3.000000e+01 -3.290060e+00 -5.367789e+01
      vertex   4.200000e+01 -3.000780e+00 -5.368327e+01
      vertex   4.200000e+01 -3.592431e+00 -5.363941e+01
    endloop
  endfacet
  facet normal -6.670570e-04 -1.522316e-01 -9.883446e-01
    outer loop
      vertex   3.000000e+01 -3.290060e+00 -5.367789e+01
      vertex   4.200000e+01 -3.592431e+00 -5.363941e+01
      vertex   3.000000e+01 -3.737505e+00 -5.360897e+01
    endloop
  endfacet
  facet normal 9.990022e-04 -2.838556e-01 -9.588665e-01
    outer loop
      vertex   3.000000e+01 -3.737505e+00 -5.360897e+01
      vertex   4.200000e+01 -3.592431e+00 -5.363941e+01
      vertex   4.200000e+01 -4.168331e+00 -5.346893e+01
    endloop
  endfacet
  facet normal -8.498599e-06 -3.093448e-01 -9.509500e-01
    outer loop
      vertex   3.000000e+01 -3.737505e+00 -5.360897e+01
      vertex   4.200000e+01 -4.168331e+00 -5.346893e+01
      vertex   3.000000e+01 -4.169468e+00 -5.346845e+01
    endloop
  endfacet
  facet normal 8.644022e-06 -4.631383e-01 -8.862860e-01
    outer loop
      vertex   3.000000e+01 -4.169468e+00 -5.346845e+01
      vertex   4.200000e+01 -4.168331e+00 -5.346893e+01
      vertex   3.000000e+01 -4.566132e+00 -5.326117e+01
    endloop
  endfacet
  facet normal 9.403910e-04 -4.850751e-01 -8.744720e-01
    outer loop
      vertex   3.000000e+01 -4.566132e+00 -5.326117e+01
      vertex   4.200000e+01 -4.168331e+00 -5.346893e+01
      vertex   4.200000e+01 -4.683576e+00 -5.318312e+01
    endloop
  endfacet
  facet normal -5.819609e-04 -5.940660e-01 -8.044161e-01
    outer loop
      vertex   3.000000e+01 -4.566132e+00 -5.326117e+01
      vertex   4.200000e+01 -4.683576e+00 -5.318312e+01
      vertex   3.000000e+01 -4.916954e+00 -5.300208e+01
    endloop
  endfacet
  facet normal 1.078156e-03 -6.469422e-01 -7.625383e-01
    outer loop
      vertex   3.000000e+01 -4.916954e+00 -5.300208e+01
      vertex   4.200000e+01 -4.683576e+00 -5.318312e+01
      vertex   4.200000e+01 -5.118315e+00 -5.281428e+01
    endloop
  endfacet
  facet normal -5.203654e-04 -6.984668e-01 -7.156423e-01
    outer loop
      vertex   3.000000e+01 -4.916954e+00 -5.300208e+01
      vertex   4.200000e+01 -5.118315e+00 -5.281428e+01
      vertex   3.000000e+01 -5.221600e+00 -5.270475e+01
    endloop
  endfacet
  facet normal 7.004738e-04 -7.647186e-01 -6.443640e-01
    outer loop
      vertex   3.000000e+01 -5.221600e+00 -5.270475e+01
      vertex   4.200000e+01 -5.118315e+00 -5.281428e+01
      vertex   4.200000e+01 -5.473664e+00 -5.239256e+01
    endloop
  endfacet
  facet normal -5.902108e-05 -7.791574e-01 -6.268284e-01
    outer loop
      vertex   3.000000e+01 -5.221600e+00 -5.270475e+01
      vertex   4.200000e+01 -5.473664e+00 -5.239256e+01
      vertex   3.000000e+01 -5.481682e+00 -5.238146e+01
    endloop
  endfacet
  facet normal 7.103830e-05 -8.454371e-01 -5.340750e-01
    outer loop
      vertex   3.000000e+01 -5.481682e+00 -5.238146e+01
      vertex   4.200000e+01 -5.473664e+00 -5.239256e+01
      vertex   4.200000e+01 -5.763606e+00 -5.193358e+01
    endloop
  endfacet
  facet normal -1.358147e-03 -8.622993e-01 -5.063971e-01
    outer loop
      vertex   3.000000e+01 -5.481682e+00 -5.238146e+01
      vertex   4.200000e+01 -5.763606e+00 -5.193358e+01
      vertex   3.000000e+01 -5.897660e+00 -5.167313e+01
    endloop
  endfacet
  facet normal 5.421839e-04 -8.990845e-01 -4.377747e-01
    outer loop
      vertex   3.000000e+01 -5.897660e+00 -5.167313e+01
      vertex   4.200000e+01 -5.763606e+00 -5.193358e+01
      vertex   4.200000e+01 -6.003551e+00 -5.144080e+01
    endloop
  endfacet
  facet normal -8.962139e-04 -9.266082e-01 -3.760272e-01
    outer loop
      vertex   3.000000e+01 -5.897660e+00 -5.167313e+01
      vertex   4.200000e+01 -6.003551e+00 -5.144080e+01
      vertex   3.000000e+01 -6.216356e+00 -5.088780e+01
    endloop
  endfacet
  facet normal -8.881031e-05 -9.326335e-01 -3.608252e-01
    outer loop
      vertex   3.000000e+01 -6.216356e+00 -5.088780e+01
      vertex   4.200000e+01 -6.003551e+00 -5.144080e+01
      vertex   4.200000e+01 -6.207321e+00 -5.091411e+01
    endloop
  endfacet
  facet normal 7.402933e-05 -9.556663e-01 -2.944519e-01
    outer loop
      vertex   3.000000e+01 -6.216356e+00 -5.088780e+01
      vertex   4.200000e+01 -6.207321e+00 -5.091411e+01
      vertex   4.200000e+01 -6.380956e+00 -5.035056e+01
    endloop
  endfacet
  facet normal -8.149572e-04 -9.610840e-01 -2.762550e-01
    outer loop
      vertex   3.000000e+01 -6.216356e+00 -5.088780e+01
      vertex   4.200000e+01 -6.380956e+00 -5.035056e+01
      vertex   3.000000e+01 -6.466314e+00 -5.001820e+01
    endloop
  endfacet
  facet normal 3.448048e-04 -9.714961e-01 -2.370553e-01
    outer loop
      vertex   3.000000e+01 -6.466314e+00 -5.001820e+01
      vertex   4.200000e+01 -6.380956e+00 -5.035056e+01
      vertex   4.200000e+01 -6.528002e+00 -4.974794e+01
    endloop
  endfacet
  facet normal -5.915586e-04 -9.803047e-01 -1.974901e-01
    outer loop
      vertex   3.000000e+01 -6.466314e+00 -5.001820e+01
      vertex   4.200000e+01 -6.528002e+00 -4.974794e+01
      vertex   3.000000e+01 -6.660061e+00 -4.905648e+01
    endloop
  endfacet
  facet normal -9.007471e-05 -9.819573e-01 -1.891027e-01
    outer loop
      vertex   3.000000e+01 -6.660061e+00 -4.905648e+01
      vertex   4.200000e+01 -6.528002e+00 -4.974794e+01
      vertex   4.200000e+01 -6.652006e+00 -4.910402e+01
    endloop
  endfacet
  facet normal 6.813083e-05 -9.886404e-01 -1.503004e-01
    outer loop
      vertex   3.000000e+01 -6.660061e+00 -4.905648e+01
      vertex   4.200000e+01 -6.652006e+00 -4.910402e+01
      vertex   4.200000e+01 -6.756517e+00 -4.841658e+01
    endloop
  endfacet
  facet normal -5.116236e-04 -9.901989e-01 -1.396633e-01
    outer loop
      vertex   3.000000e+01 -6.660061e+00 -4.905648e+01
      vertex   4.200000e+01 -6.756517e+00 -4.841658e+01
      vertex   3.000000e+01 -6.809780e+00 -4.799498e+01
    endloop
  endfacet
  facet normal 2.252880e-04 -9.928908e-01 -1.190284e-01
    outer loop
      vertex   3.000000e+01 -6.809780e+00 -4.799498e+01
      vertex   4.200000e+01 -6.756517e+00 -4.841658e+01
      vertex   4.200000e+01 -6.844376e+00 -4.768368e+01
    endloop
  endfacet
  facet normal -3.928563e-04 -9.954310e-01 -9.548243e-02
    outer loop
      vertex   3.000000e+01 -6.809780e+00 -4.799498e+01
      vertex   4.200000e+01 -6.844376e+00 -4.768368e+01
      vertex   3.000000e+01 -6.921662e+00 -4.682858e+01
    endloop
  endfacet
  facet normal -3.876988e-05 -9.958915e-01 -9.055498e-02
    outer loop
      vertex   3.000000e+01 -6.921662e+00 -4.682858e+01
      vertex   4.200000e+01 -6.844376e+00 -4.768368e+01
      vertex   4.206401e+01 -6.916899e+00 -4.688613e+01
    endloop
  endfacet
  facet normal 7.608324e-05 -9.977774e-01 -6.663455e-02
    outer loop
      vertex   3.000000e+01 -6.921662e+00 -4.682858e+01
      vertex   4.206401e+01 -6.916899e+00 -4.688613e+01
      vertex   4.224793e+01 -6.967467e+00 -4.612872e+01
    endloop
  endfacet
  facet normal -3.906981e-04 -9.982874e-01 -5.849904e-02
    outer loop
      vertex   3.000000e+01 -6.921662e+00 -4.682858e+01
      vertex   4.224793e+01 -6.967467e+00 -4.612872e+01
      vertex   3.000000e+01 -6.996256e+00 -4.555564e+01
    endloop
  endfacet
  facet normal 1.098959e-04 -9.988555e-01 -4.782876e-02
    outer loop
      vertex   3.000000e+01 -6.996256e+00 -4.555564e+01
      vertex   4.224793e+01 -6.967467e+00 -4.612872e+01
      vertex   4.253870e+01 -7.001081e+00 -4.542605e+01
    endloop
  endfacet
  facet normal -4.487591e-05 -9.994594e-01 -3.287615e-02
    outer loop
      vertex   3.000000e+01 -6.996256e+00 -4.555564e+01
      vertex   4.253870e+01 -7.001081e+00 -4.542605e+01
      vertex   4.292352e+01 -7.022073e+00 -4.478842e+01
    endloop
  endfacet
  facet normal -3.357284e-04 -9.996084e-01 -2.798188e-02
    outer loop
      vertex   3.000000e+01 -6.996256e+00 -4.555564e+01
      vertex   4.292352e+01 -7.022073e+00 -4.478842e+01
      vertex   3.000000e+01 -7.034916e+00 -4.417455e+01
    endloop
  endfacet
  facet normal -8.589358e-06 -9.997774e-01 -2.109834e-02
    outer loop
      vertex   3.000000e+01 -7.034916e+00 -4.417455e+01
      vertex   4.292352e+01 -7.022073e+00 -4.478842e+01
      vertex   4.338918e+01 -7.033966e+00 -4.422504e+01
    endloop
  endfacet
  facet normal 2.736757e-05 -9.999331e-01 -1.156642e-02
    outer loop
      vertex   3.000000e+01 -7.034916e+00 -4.417455e+01
      vertex   4.338918e+01 -7.033966e+00 -4.422504e+01
      vertex   4.392428e+01 -7.039543e+00 -4.374160e+01
    endloop
  endfacet
  facet normal -2.471196e-04 -9.999962e-01 -2.739076e-03
    outer loop
      vertex   3.000000e+01 -7.034916e+00 -4.417455e+01
      vertex   4.392428e+01 -7.039543e+00 -4.374160e+01
      vertex   3.000000e+01 -7.039000e+00 -4.268368e+01
    endloop
  endfacet
  facet normal -3.440432e-04 -9.999919e-01 -4.014778e-03
    outer loop
      vertex   3.000000e+01 -7.039000e+00 -4.268368e+01
      vertex   4.392428e+01 -7.039543e+00 -4.374160e+01
      vertex   4.451444e+01 -7.041338e+00 -4.334523e+01
    endloop
  endfacet
  facet normal -1.072716e-04 -9.999993e-01 1.180044e-03
    outer loop
      vertex   3.000000e+01 -7.039000e+00 -4.268368e+01
      vertex   4.451444e+01 -7.041338e+00 -4.334523e+01
      vertex   4.514324e+01 -7.041046e+00 -4.304122e+01
    endloop
  endfacet
  facet normal 0.000000e+00 -9.999836e-01 5.723320e-03
    outer loop
      vertex   4.514324e+01 -7.041046e+00 -4.304122e+01
      vertex   4.586319e+01 -7.039000e+00 -4.268368e+01
      vertex   3.000000e+01 -7.039000e+00 -4.268368e+01
    endloop
  endfacet
  facet normal -1.916203e-03 8.941225e-01 -4.478185e-01
    outer loop
      vertex   3.000000e+01 1.296175e+01 -3.083963e+01
      vertex   3.089138e+01 1.261470e+01 -3.153637e+01
      vertex   3.000000e+01 1.196054e+01 -3.283866e+01
    endloop
  endfacet
  facet normal -1.208717e-03 8.939296e-01 -4.482058e-01
    outer loop
      vertex   3.000000e+01 1.196054e+01 -3.283866e+01
      vertex   3.089138e+01 1.261470e+01 -3.153637e+01
      vertex   3.116245e+01 1.245553e+01 -3.185456e+01
    endloop
  endfacet
  facet normal -5.789305e-04 8.936320e-01 -4.488001e-01
    outer loop
      vertex   3.000000e+01 1.196054e+01 -3.283866e+01
      vertex   3.116245e+01 1.245553e+01 -3.185456e+01
      vertex   3.146447e+01 1.230742e+01 -3.214987e+01
    endloop
  endfacet
  facet normal -3.117676e-08 8.953568e-01 -4.453495e-01
    outer loop
      vertex   3.044910e+01 1.296175e+01 -3.083963e+01
      vertex   3.065292e+01 1.278390e+01 -3.119719e+01
      vertex   3.000000e+01 1.296175e+01 -3.083963e+01
    endloop
  endfacet
  facet normal -1.155641e-03 8.945132e-01 -4.470401e-01
    outer loop
      vertex   3.000000e+01 1.296175e+01 -3.083963e+01
      vertex   3.065292e+01 1.278390e+01 -3.119719e+01
      vertex   3.089138e+01 1.261470e+01 -3.153637e+01
    endloop
  endfacet
  facet normal 2.289159e-03 8.911723e-01 -4.536593e-01
    outer loop
      vertex   3.146447e+01 1.230742e+01 -3.214987e+01
      vertex   3.599378e+01 1.024297e+01 -3.618243e+01
      vertex   3.000000e+01 1.196054e+01 -3.283866e+01
    endloop
  endfacet
  facet normal 1.000000e+00 8.140409e-08 -1.076288e-08
    outer loop
      vertex   4.200000e+01 4.997220e+00 -4.261323e+01
      vertex   4.200000e+01 4.456535e+00 -4.352759e+01
      vertex   4.200000e+01 6.350073e+00 -4.327106e+01
    endloop
  endfacet
  facet normal 1.000000e+00 8.139636e-08 -1.070583e-08
    outer loop
      vertex   4.200000e+01 6.350073e+00 -4.327106e+01
      vertex   4.200000e+01 4.456535e+00 -4.352759e+01
      vertex   4.200000e+01 5.795577e+00 -4.421099e+01
    endloop
  endfacet
  facet normal 1.000000e+00 8.117264e-08 -1.114418e-08
    outer loop
      vertex   4.200000e+01 5.795577e+00 -4.421099e+01
      vertex   4.200000e+01 4.456535e+00 -4.352759e+01
      vertex   4.200000e+01 3.927415e+00 -4.440192e+01
    endloop
  endfacet
  facet normal 1.000000e+00 8.116651e-08 -1.108423e-08
    outer loop
      vertex   4.200000e+01 5.795577e+00 -4.421099e+01
      vertex   4.200000e+01 3.927415e+00 -4.440192e+01
      vertex   4.200000e+01 5.251969e+00 -4.511150e+01
    endloop
  endfacet
  facet normal 1.000000e+00 8.091041e-08 -1.156229e-08
    outer loop
      vertex   4.200000e+01 5.251969e+00 -4.511150e+01
      vertex   4.200000e+01 3.927415e+00 -4.440192e+01
      vertex   4.200000e+01 3.410025e+00 -4.523549e+01
    endloop
  endfacet
  facet normal 1.000000e+00 8.090655e-08 -1.150500e-08
    outer loop
      vertex   4.200000e+01 5.251969e+00 -4.511150e+01
      vertex   4.200000e+01 3.410025e+00 -4.523549e+01
      vertex   4.200000e+01 4.719224e+00 -4.597185e+01
    endloop
  endfacet
  facet normal 1.000000e+00 8.061391e-08 -1.202529e-08
    outer loop
      vertex   4.200000e+01 4.719224e+00 -4.597185e+01
      vertex   4.200000e+01 3.410025e+00 -4.523549e+01
      vertex   4.200000e+01 2.904665e+00 -4.602729e+01
    endloop
  endfacet
  facet normal 1.000000e+00 8.061234e-08 -1.197402e-08
    outer loop
      vertex   4.200000e+01 4.719224e+00 -4.597185e+01
      vertex   4.200000e+01 2.904665e+00 -4.602729e+01
      vertex   4.200000e+01 4.197318e+00 -4.679133e+01
    endloop
  endfacet
  facet normal 1.000000e+00 8.027683e-08 -1.254165e-08
    outer loop
      vertex   4.200000e+01 4.197318e+00 -4.679133e+01
      vertex   4.200000e+01 2.904665e+00 -4.602729e+01
      vertex   4.200000e+01 2.411642e+00 -4.677627e+01
    endloop
  endfacet
  facet normal 1.000000e+00 8.027721e-08 -1.249725e-08
    outer loop
      vertex   4.200000e+01 4.197318e+00 -4.679133e+01
      vertex   4.200000e+01 2.411642e+00 -4.677627e+01
      vertex   4.200000e+01 3.686227e+00 -4.756920e+01
    endloop
  endfacet
  facet normal 1.000000e+00 7.989003e-08 -1.311961e-08
    outer loop
      vertex   4.200000e+01 3.686227e+00 -4.756920e+01
      vertex   4.200000e+01 2.411642e+00 -4.677627e+01
      vertex   4.200000e+01 1.931258e+00 -4.748138e+01
    endloop
  endfacet
  facet normal 1.000000e+00 7.989197e-08 -1.308090e-08
    outer loop
      vertex   4.200000e+01 3.686227e+00 -4.756920e+01
      vertex   4.200000e+01 1.931258e+00 -4.748138e+01
      vertex   4.200000e+01 3.185927e+00 -4.830474e+01
    endloop
  endfacet
  facet normal 1.000000e+00 7.944073e-08 -1.376852e-08
    outer loop
      vertex   4.200000e+01 3.185927e+00 -4.830474e+01
      vertex   4.200000e+01 1.931258e+00 -4.748138e+01
      vertex   4.200000e+01 1.463815e+00 -4.814156e+01
    endloop
  endfacet
  facet normal 1.000000e+00 7.944423e-08 -1.373158e-08
    outer loop
      vertex   4.200000e+01 3.185927e+00 -4.830474e+01
      vertex   4.200000e+01 1.463815e+00 -4.814156e+01
      vertex   4.200000e+01 2.696394e+00 -4.899720e+01
    endloop
  endfacet
  facet normal 1.000000e+00 7.891144e-08 -1.449908e-08
    outer loop
      vertex   4.200000e+01 2.696394e+00 -4.899720e+01
      vertex   4.200000e+01 1.463815e+00 -4.814156e+01
      vertex   4.200000e+01 1.009613e+00 -4.875578e+01
    endloop
  endfacet
  facet normal 1.000000e+00 7.891941e-08 -1.444339e-08
    outer loop
      vertex   4.200000e+01 2.696394e+00 -4.899720e+01
      vertex   4.200000e+01 1.009613e+00 -4.875578e+01
      vertex   4.200000e+01 2.217872e+00 -4.964585e+01
    endloop
  endfacet
  facet normal 1.000000e+00 7.827395e-08 -1.531960e-08
    outer loop
      vertex   4.200000e+01 2.217872e+00 -4.964585e+01
      vertex   4.200000e+01 1.009613e+00 -4.875578e+01
      vertex   4.200000e+01 5.689557e-01 -4.932299e+01
    endloop
  endfacet
  facet normal 1.000000e+00 7.829208e-08 -1.522702e-08
    outer loop
      vertex   4.200000e+01 2.217872e+00 -4.964585e+01
      vertex   4.200000e+01 5.689557e-01 -4.932299e+01
      vertex   4.200000e+01 1.750295e+00 -5.025010e+01
    endloop
  endfacet
  facet normal 1.000000e+00 7.749542e-08 -1.624213e-08
    outer loop
      vertex   4.200000e+01 1.750295e+00 -5.025010e+01
      vertex   4.200000e+01 5.689557e-01 -4.932299e+01
      vertex   4.200000e+01 1.421430e-01 -4.984213e+01
    endloop
  endfacet
  facet normal 1.000000e+00 7.751449e-08 -1.616693e-08
    outer loop
      vertex   4.200000e+01 1.750295e+00 -5.025010e+01
      vertex   4.200000e+01 1.421430e-01 -4.984213e+01
      vertex   4.200000e+01 1.291685e+00 -5.080976e+01
    endloop
  endfacet
  facet normal 1.000000e+00 7.655846e-08 -1.730271e-08
    outer loop
      vertex   4.200000e+01 1.291685e+00 -5.080976e+01
      vertex   4.200000e+01 1.421430e-01 -4.984213e+01
      vertex   4.200000e+01 -2.705230e-01 -5.031217e+01
    endloop
  endfacet
  facet normal 1.000000e+00 7.656275e-08 -1.728922e-08
    outer loop
      vertex   4.200000e+01 1.291685e+00 -5.080976e+01
      vertex   4.200000e+01 -2.705230e-01 -5.031217e+01
      vertex   4.200000e+01 8.399508e-01 -5.132461e+01
    endloop
  endfacet
  facet normal 1.000000e+00 7.542372e-08 -1.853855e-08
    outer loop
      vertex   4.200000e+01 8.399508e-01 -5.132461e+01
      vertex   4.200000e+01 -2.705230e-01 -5.031217e+01
      vertex   4.200000e+01 -6.687409e-01 -5.073206e+01
    endloop
  endfacet
  facet normal 1.000000e+00 7.539758e-08 -1.860510e-08
    outer loop
      vertex   4.200000e+01 8.399508e-01 -5.132461e+01
      vertex   4.200000e+01 -6.687409e-01 -5.073206e+01
      vertex   4.200000e+01 3.930025e-01 -5.179445e+01
    endloop
  endfacet
  facet normal 1.000000e+00 7.401916e-08 -1.998268e-08
    outer loop
      vertex   4.200000e+01 3.930025e-01 -5.179445e+01
      vertex   4.200000e+01 -6.687409e-01 -5.073206e+01
      vertex   4.200000e+01 -1.052209e+00 -5.110075e+01
    endloop
  endfacet
  facet normal 1.000000e+00 7.395986e-08 -2.010621e-08
    outer loop
      vertex   4.200000e+01 3.930025e-01 -5.179445e+01
      vertex   4.200000e+01 -1.052209e+00 -5.110075e+01
      vertex   4.200000e+01 -5.125096e-02 -5.221908e+01
    endloop
  endfacet
  facet normal 1.000000e+00 7.222790e-08 -2.165639e-08
    outer loop
      vertex   4.200000e+01 -5.125096e-02 -5.221908e+01
      vertex   4.200000e+01 -1.052209e+00 -5.110075e+01
      vertex   4.200000e+01 -1.420626e+00 -5.141719e+01
    endloop
  endfacet
  facet normal 1.000000e+00 7.217588e-08 -2.174522e-08
    outer loop
      vertex   4.200000e+01 -5.125096e-02 -5.221908e+01
      vertex   4.200000e+01 -1.420626e+00 -5.141719e+01
      vertex   4.200000e+01 -4.951149e-01 -5.259862e+01
    endloop
  endfacet
  facet normal 1.000000e+00 6.987207e-08 -2.354999e-08
    outer loop
      vertex   4.200000e+01 -4.951149e-01 -5.259862e+01
      vertex   4.200000e+01 -1.420626e+00 -5.141719e+01
      vertex   4.200000e+01 -1.773690e+00 -5.168034e+01
    endloop
  endfacet
  facet normal 1.000000e+00 6.984728e-08 -2.358451e-08
    outer loop
      vertex   4.200000e+01 -4.951149e-01 -5.259862e+01
      vertex   4.200000e+01 -1.773690e+00 -5.168034e+01
      vertex   4.200000e+01 -9.451336e-01 -5.293339e+01
    endloop
  endfacet
  facet normal 1.000000e+00 6.673379e-08 -2.564324e-08
    outer loop
      vertex   4.200000e+01 -9.451336e-01 -5.293339e+01
      vertex   4.200000e+01 -1.773690e+00 -5.168034e+01
      vertex   4.200000e+01 -2.111101e+00 -5.188915e+01
    endloop
  endfacet
  facet normal 1.000000e+00 6.655609e-08 -2.584167e-08
    outer loop
      vertex   4.200000e+01 -9.451336e-01 -5.293339e+01
      vertex   4.200000e+01 -2.111101e+00 -5.188915e+01
      vertex   4.200000e+01 -1.411341e+00 -5.321817e+01
    endloop
  endfacet
  facet normal 1.000000e+00 6.256160e-08 -2.794487e-08
    outer loop
      vertex   4.200000e+01 -1.411341e+00 -5.321817e+01
      vertex   4.200000e+01 -2.111101e+00 -5.188915e+01
      vertex   4.200000e+01 -2.432526e+00 -5.204247e+01
    endloop
  endfacet
  facet normal 1.000000e+00 6.220468e-08 -2.825487e-08
    outer loop
      vertex   4.200000e+01 -1.411341e+00 -5.321817e+01
      vertex   4.200000e+01 -2.432526e+00 -5.204247e+01
      vertex   4.200000e+01 -1.903828e+00 -5.344685e+01
    endloop
  endfacet
  facet normal 1.000000e+00 5.703497e-08 -3.020109e-08
    outer loop
      vertex   4.200000e+01 -1.903828e+00 -5.344685e+01
      vertex   4.200000e+01 -2.432526e+00 -5.204247e+01
      vertex   4.200000e+01 -2.737810e+00 -5.213977e+01
    endloop
  endfacet
  facet normal 1.000000e+00 5.666199e-08 -3.043907e-08
    outer loop
      vertex   4.200000e+01 -1.903828e+00 -5.344685e+01
      vertex   4.200000e+01 -2.737810e+00 -5.213977e+01
      vertex   4.200000e+01 -2.433251e+00 -5.360993e+01
    endloop
  endfacet
  facet normal 1.000000e+00 4.993262e-08 -3.183313e-08
    outer loop
      vertex   4.200000e+01 -2.433251e+00 -5.360993e+01
      vertex   4.200000e+01 -2.737810e+00 -5.213977e+01
      vertex   4.200000e+01 -3.026964e+00 -5.218107e+01
    endloop
  endfacet
  facet normal 1.000000e+00 4.937165e-08 -3.206623e-08
    outer loop
      vertex   4.200000e+01 -2.433251e+00 -5.360993e+01
      vertex   4.200000e+01 -3.026964e+00 -5.218107e+01
      vertex   4.200000e+01 -3.000780e+00 -5.368327e+01
    endloop
  endfacet
  facet normal 1.000000e+00 4.049859e-08 -3.222089e-08
    outer loop
      vertex   4.200000e+01 -3.000780e+00 -5.368327e+01
      vertex   4.200000e+01 -3.026964e+00 -5.218107e+01
      vertex   4.200000e+01 -3.592431e+00 -5.363941e+01
    endloop
  endfacet
  facet normal 1.000000e+00 4.137629e-08 -3.256121e-08
    outer loop
      vertex   4.200000e+01 -3.592431e+00 -5.363941e+01
      vertex   4.200000e+01 -3.026964e+00 -5.218107e+01
      vertex   4.200000e+01 -3.299997e+00 -5.216641e+01
    endloop
  endfacet
  facet normal 1.000000e+00 3.128666e-08 -3.055812e-08
    outer loop
      vertex   4.200000e+01 -3.592431e+00 -5.363941e+01
      vertex   4.200000e+01 -3.299997e+00 -5.216641e+01
      vertex   4.200000e+01 -4.168331e+00 -5.346893e+01
    endloop
  endfacet
  facet normal 1.000000e+00 3.204719e-08 -3.106514e-08
    outer loop
      vertex   4.200000e+01 -4.168331e+00 -5.346893e+01
      vertex   4.200000e+01 -3.299997e+00 -5.216641e+01
      vertex   4.200000e+01 -3.556922e+00 -5.209584e+01
    endloop
  endfacet
  facet normal 1.000000e+00 2.248542e-08 -2.680747e-08
    outer loop
      vertex   4.200000e+01 -4.168331e+00 -5.346893e+01
      vertex   4.200000e+01 -3.556922e+00 -5.209584e+01
      vertex   4.200000e+01 -4.683576e+00 -5.318312e+01
    endloop
  endfacet
  facet normal 1.000000e+00 2.322155e-08 -2.757026e-08
    outer loop
      vertex   4.200000e+01 -4.683576e+00 -5.318312e+01
      vertex   4.200000e+01 -3.556922e+00 -5.209584e+01
      vertex   4.200000e+01 -3.797748e+00 -5.196938e+01
    endloop
  endfacet
  facet normal 1.000000e+00 1.541712e-08 -2.187431e-08
    outer loop
      vertex   4.200000e+01 -4.683576e+00 -5.318312e+01
      vertex   4.200000e+01 -3.797748e+00 -5.196938e+01
      vertex   4.200000e+01 -5.118315e+00 -5.281428e+01
    endloop
  endfacet
  facet normal 1.000000e+00 1.596608e-08 -2.273233e-08
    outer loop
      vertex   4.200000e+01 -5.118315e+00 -5.281428e+01
      vertex   4.200000e+01 -3.797748e+00 -5.196938e+01
      vertex   4.200000e+01 -4.022486e+00 -5.178708e+01
    endloop
  endfacet
  facet normal 1.000000e+00 1.028958e-08 -1.667658e-08
    outer loop
      vertex   4.200000e+01 -5.118315e+00 -5.281428e+01
      vertex   4.200000e+01 -4.022486e+00 -5.178708e+01
      vertex   4.200000e+01 -5.473664e+00 -5.239256e+01
    endloop
  endfacet
  facet normal 1.000000e+00 1.063459e-08 -1.750350e-08
    outer loop
      vertex   4.200000e+01 -5.473664e+00 -5.239256e+01
      vertex   4.200000e+01 -4.022486e+00 -5.178708e+01
      vertex   4.200000e+01 -4.231147e+00 -5.154897e+01
    endloop
  endfacet
  facet normal 1.000000e+00 6.786077e-09 -1.183504e-08
    outer loop
      vertex   4.200000e+01 -5.473664e+00 -5.239256e+01
      vertex   4.200000e+01 -4.231147e+00 -5.154897e+01
      vertex   4.200000e+01 -5.763606e+00 -5.193358e+01
    endloop
  endfacet
  facet normal 1.000000e+00 6.974566e-09 -1.258606e-08
    outer loop
      vertex   4.200000e+01 -5.763606e+00 -5.193358e+01
      vertex   4.200000e+01 -4.231147e+00 -5.154897e+01
      vertex   4.200000e+01 -4.423742e+00 -5.125509e+01
    endloop
  endfacet
  facet normal 1.000000e+00 4.458408e-09 -7.617213e-09
    outer loop
      vertex   4.200000e+01 -5.763606e+00 -5.193358e+01
      vertex   4.200000e+01 -4.423742e+00 -5.125509e+01
      vertex   4.200000e+01 -6.003551e+00 -5.144080e+01
    endloop
  endfacet
  facet normal 1.000000e+00 4.538833e-09 -8.301413e-09
    outer loop
      vertex   4.200000e+01 -6.003551e+00 -5.144080e+01
      vertex   4.200000e+01 -4.423742e+00 -5.125509e+01
      vertex   4.200000e+01 -4.600331e+00 -5.090566e+01
    endloop
  endfacet
  facet normal 1.000000e+00 2.995308e-09 -4.254049e-09
    outer loop
      vertex   4.200000e+01 -6.003551e+00 -5.144080e+01
      vertex   4.200000e+01 -4.600331e+00 -5.090566e+01
      vertex   4.200000e+01 -6.207321e+00 -5.091411e+01
    endloop
  endfacet
  facet normal 1.000000e+00 2.997722e-09 -4.713103e-09
    outer loop
      vertex   4.200000e+01 -6.207321e+00 -5.091411e+01
      vertex   4.200000e+01 -4.600331e+00 -5.090566e+01
      vertex   4.200000e+01 -4.761199e+00 -5.050164e+01
    endloop
  endfacet
  facet normal 1.000000e+00 2.035573e-09 -1.339798e-09
    outer loop
      vertex   4.200000e+01 -6.207321e+00 -5.091411e+01
      vertex   4.200000e+01 -4.761199e+00 -5.050164e+01
      vertex   4.200000e+01 -6.380956e+00 -5.035056e+01
    endloop
  endfacet
  facet normal 1.000000e+00 1.998579e-09 -1.736426e-09
    outer loop
      vertex   4.200000e+01 -6.380956e+00 -5.035056e+01
      vertex   4.200000e+01 -4.761199e+00 -5.050164e+01
      vertex   4.200000e+01 -4.906528e+00 -5.004367e+01
    endloop
  endfacet
  facet normal 1.000000e+00 1.392220e-09 1.176784e-09
    outer loop
      vertex   4.200000e+01 -6.380956e+00 -5.035056e+01
      vertex   4.200000e+01 -4.906528e+00 -5.004367e+01
      vertex   4.200000e+01 -6.528002e+00 -4.974794e+01
    endloop
  endfacet
  facet normal 1.000000e+00 1.310204e-09 7.271019e-10
    outer loop
      vertex   4.200000e+01 -6.528002e+00 -4.974794e+01
      vertex   4.200000e+01 -4.906528e+00 -5.004367e+01
      vertex   4.200000e+01 -5.036478e+00 -4.953233e+01
    endloop
  endfacet
  facet normal 1.000000e+00 1.007686e-09 2.819805e-09
    outer loop
      vertex   4.200000e+01 -6.528002e+00 -4.974794e+01
      vertex   4.200000e+01 -5.036478e+00 -4.953233e+01
      vertex   4.200000e+01 -5.151211e+00 -4.896817e+01
    endloop
  endfacet
  facet normal 1.000000e+00 7.721491e-10 3.235679e-09
    outer loop
      vertex   4.200000e+01 -6.528002e+00 -4.974794e+01
      vertex   4.200000e+01 -5.151211e+00 -4.896817e+01
      vertex   4.200000e+01 -6.652006e+00 -4.910402e+01
    endloop
  endfacet
  facet normal 1.000000e+00 6.537903e-10 4.543253e-09
    outer loop
      vertex   4.200000e+01 -6.652006e+00 -4.910402e+01
      vertex   4.200000e+01 -5.151211e+00 -4.896817e+01
      vertex   4.200000e+01 -5.250887e+00 -4.835176e+01
    endloop
  endfacet
  facet normal 1.000000e+00 4.467732e-10 4.928835e-09
    outer loop
      vertex   4.200000e+01 -6.652006e+00 -4.910402e+01
      vertex   4.200000e+01 -5.250887e+00 -4.835176e+01
      vertex   4.200000e+01 -6.756517e+00 -4.841658e+01
    endloop
  endfacet
  facet normal 1.000000e+00 4.001935e-10 6.010936e-09
    outer loop
      vertex   4.200000e+01 -6.756517e+00 -4.841658e+01
      vertex   4.200000e+01 -5.250887e+00 -4.835176e+01
      vertex   4.200000e+01 -5.335667e+00 -4.768368e+01
    endloop
  endfacet
  facet normal 1.000000e+00 2.523926e-10 6.297475e-09
    outer loop
      vertex   4.200000e+01 -6.756517e+00 -4.841658e+01
      vertex   4.200000e+01 -5.335667e+00 -4.768368e+01
      vertex   4.200000e+01 -6.844376e+00 -4.768368e+01
    endloop
  endfacet
  facet normal 8.906934e-01 1.987977e-01 4.088333e-01
    outer loop
      vertex   3.065292e+01 1.278390e+01 -3.119719e+01
      vertex   3.044910e+01 1.296175e+01 -3.083963e+01
      vertex   3.044910e+01 1.161278e+01 -3.018368e+01
    endloop
  endfacet
  facet normal 9.373338e-01 1.523690e-01 3.133512e-01
    outer loop
      vertex   3.044910e+01 1.161278e+01 -3.018368e+01
      vertex   3.044910e+01 1.296175e+01 -3.083963e+01
      vertex   3.020130e+01 1.325327e+01 -3.024012e+01
    endloop
  endfacet
  facet normal 9.373338e-01 1.523690e-01 3.133512e-01
    outer loop
      vertex   3.044910e+01 1.161278e+01 -3.018368e+01
      vertex   3.020130e+01 1.325327e+01 -3.024012e+01
      vertex   3.020130e+01 1.190429e+01 -2.958417e+01
    endloop
  endfacet
  facet normal 9.772870e-01 9.267223e-02 1.905831e-01
    outer loop
      vertex   3.020130e+01 1.190429e+01 -2.958417e+01
      vertex   3.020130e+01 1.325327e+01 -3.024012e+01
      vertex   3.005058e+01 1.355721e+01 -2.961505e+01
    endloop
  endfacet
  facet normal 9.772870e-01 9.267223e-02 1.905831e-01
    outer loop
      vertex   3.020130e+01 1.190429e+01 -2.958417e+01
      vertex   3.005058e+01 1.355721e+01 -2.961505e+01
      vertex   3.005058e+01 1.220824e+01 -2.895911e+01
    endloop
  endfacet
  facet normal 9.974678e-01 3.110054e-02 6.395903e-02
    outer loop
      vertex   3.005058e+01 1.220824e+01 -2.895911e+01
      vertex   3.005058e+01 1.355721e+01 -2.961505e+01
      vertex   3.000000e+01 1.251845e+01 -2.832113e+01
    endloop
  endfacet
  facet normal 9.974678e-01 3.110055e-02 6.395903e-02
    outer loop
      vertex   3.000000e+01 1.251845e+01 -2.832113e+01
      vertex   3.005058e+01 1.355721e+01 -2.961505e+01
      vertex   3.000000e+01 1.386743e+01 -2.897708e+01
    endloop
  endfacet
  facet normal 8.906884e-01 1.988050e-01 4.088407e-01
    outer loop
      vertex   3.044910e+01 1.161278e+01 -3.018368e+01
      vertex   3.065298e+01 1.143487e+01 -3.054133e+01
      vertex   3.065292e+01 1.278390e+01 -3.119719e+01
    endloop
  endfacet
  facet normal 8.464183e-01 2.328664e-01 4.789042e-01
    outer loop
      vertex   3.065292e+01 1.278390e+01 -3.119719e+01
      vertex   3.065298e+01 1.143487e+01 -3.054133e+01
      vertex   3.089138e+01 1.261470e+01 -3.153637e+01
    endloop
  endfacet
  facet normal 8.463877e-01 2.329031e-01 4.789404e-01
    outer loop
      vertex   3.089138e+01 1.261470e+01 -3.153637e+01
      vertex   3.065298e+01 1.143487e+01 -3.054133e+01
      vertex   3.089164e+01 1.126553e+01 -3.088075e+01
    endloop
  endfacet
  facet normal 7.954130e-01 2.650202e-01 5.450526e-01
    outer loop
      vertex   3.089138e+01 1.261470e+01 -3.153637e+01
      vertex   3.089164e+01 1.126553e+01 -3.088075e+01
      vertex   3.116245e+01 1.245553e+01 -3.185456e+01
    endloop
  endfacet
  facet normal 7.953587e-01 2.650755e-01 5.451050e-01
    outer loop
      vertex   3.116245e+01 1.245553e+01 -3.185456e+01
      vertex   3.089164e+01 1.126553e+01 -3.088075e+01
      vertex   3.116272e+01 1.110636e+01 -3.119888e+01
    endloop
  endfacet
  facet normal 7.380489e-01 2.950552e-01 6.068165e-01
    outer loop
      vertex   3.116245e+01 1.245553e+01 -3.185456e+01
      vertex   3.116272e+01 1.110636e+01 -3.119888e+01
      vertex   3.146447e+01 1.230742e+01 -3.214987e+01
    endloop
  endfacet
  facet normal 7.380224e-01 2.950784e-01 6.068374e-01
    outer loop
      vertex   3.146447e+01 1.230742e+01 -3.214987e+01
      vertex   3.116272e+01 1.110636e+01 -3.119888e+01
      vertex   3.146447e+01 1.095838e+01 -3.149389e+01
    endloop
  endfacet
  facet normal 7.071068e-01 3.092165e-01 6.359129e-01
    outer loop
      vertex   4.053553e+01 8.095727e+00 -4.018854e+01
      vertex   3.824211e+01 9.191252e+00 -3.817106e+01
      vertex   4.053553e+01 6.745019e+00 -3.953175e+01
    endloop
  endfacet
  facet normal 7.071068e-01 3.092165e-01 6.359129e-01
    outer loop
      vertex   4.053553e+01 6.745019e+00 -3.953175e+01
      vertex   3.824211e+01 9.191252e+00 -3.817106e+01
      vertex   3.601734e+01 8.882556e+00 -3.554711e+01
    endloop
  endfacet
  facet normal 7.071068e-01 3.092165e-01 6.359129e-01
    outer loop
      vertex   3.601734e+01 8.882556e+00 -3.554711e+01
      vertex   3.824211e+01 9.191252e+00 -3.817106e+01
      vertex   3.599378e+01 1.024297e+01 -3.618243e+01
    endloop
  endfacet
  facet normal 7.071068e-01 3.092165e-01 6.359129e-01
    outer loop
      vertex   3.601734e+01 8.882556e+00 -3.554711e+01
      vertex   3.599378e+01 1.024297e+01 -3.618243e+01
      vertex   3.146447e+01 1.095838e+01 -3.149389e+01
    endloop
  endfacet
  facet normal 7.071068e-01 3.092165e-01 6.359129e-01
    outer loop
      vertex   3.146447e+01 1.095838e+01 -3.149389e+01
      vertex   3.599378e+01 1.024297e+01 -3.618243e+01
      vertex   3.146447e+01 1.230742e+01 -3.214987e+01
    endloop
  endfacet
  facet normal 6.148101e-05 8.612071e-01 -5.082542e-01
    outer loop
      vertex   -4.200000e+01 5.776068e+00 -4.424367e+01
      vertex   -4.200000e+01 6.350067e+00 -4.327106e+01
      vertex   -3.000000e+01 6.439760e+00 -4.311763e+01
    endloop
  endfacet
  facet normal -4.012225e-05 8.646736e-01 -5.023342e-01
    outer loop
      vertex   -3.000000e+01 6.439760e+00 -4.311763e+01
      vertex   -4.200000e+01 6.350067e+00 -4.327106e+01
      vertex   -4.197591e+01 6.596998e+00 -4.284602e+01
    endloop
  endfacet
  facet normal 6.064365e-05 8.665987e-01 -4.990057e-01
    outer loop
      vertex   -3.000000e+01 6.439760e+00 -4.311763e+01
      vertex   -4.197591e+01 6.596998e+00 -4.284602e+01
      vertex   -4.190385e+01 6.839904e+00 -4.242416e+01
    endloop
  endfacet
  facet normal 2.215803e-04 8.677902e-01 -4.969306e-01
    outer loop
      vertex   -3.000000e+01 6.439760e+00 -4.311763e+01
      vertex   -4.190385e+01 6.839904e+00 -4.242416e+01
      vertex   -3.000000e+01 7.300690e+00 -4.161419e+01
    endloop
  endfacet
  facet normal 1.288210e-04 8.683785e-01 -4.959020e-01
    outer loop
      vertex   -3.000000e+01 7.300690e+00 -4.161419e+01
      vertex   -4.190385e+01 6.839904e+00 -4.242416e+01
      vertex   -4.178450e+01 7.076592e+00 -4.200967e+01
    endloop
  endfacet
  facet normal -1.530568e-06 8.700494e-01 -4.929646e-01
    outer loop
      vertex   -3.000000e+01 7.300690e+00 -4.161419e+01
      vertex   -4.178450e+01 7.076592e+00 -4.200967e+01
      vertex   -4.161918e+01 7.304718e+00 -4.160704e+01
    endloop
  endfacet
  facet normal 6.360603e-07 8.715580e-01 -4.902925e-01
    outer loop
      vertex   -4.161918e+01 7.304718e+00 -4.160704e+01
      vertex   -4.140968e+01 7.522258e+00 -4.122033e+01
      vertex   -3.000000e+01 7.300690e+00 -4.161419e+01
    endloop
  endfacet
  facet normal 1.090715e-04 8.728970e-01 -4.879045e-01
    outer loop
      vertex   -3.000000e+01 7.300690e+00 -4.161419e+01
      vertex   -4.140968e+01 7.522258e+00 -4.122033e+01
      vertex   -4.115752e+01 7.727853e+00 -4.085245e+01
    endloop
  endfacet
  facet normal 2.261632e-04 8.736259e-01 -4.865981e-01
    outer loop
      vertex   -3.000000e+01 7.300690e+00 -4.161419e+01
      vertex   -4.115752e+01 7.727853e+00 -4.085245e+01
      vertex   -3.000000e+01 8.185835e+00 -4.002502e+01
    endloop
  endfacet
  facet normal 1.400576e-04 8.741198e-01 -4.857104e-01
    outer loop
      vertex   -3.000000e+01 8.185835e+00 -4.002502e+01
      vertex   -4.115752e+01 7.727853e+00 -4.085245e+01
      vertex   -4.086487e+01 7.919761e+00 -4.050700e+01
    endloop
  endfacet
  facet normal 1.998975e-05 8.752682e-01 -4.836378e-01
    outer loop
      vertex   -3.000000e+01 8.185835e+00 -4.002502e+01
      vertex   -4.086487e+01 7.919761e+00 -4.050700e+01
      vertex   -4.053553e+01 8.095721e+00 -4.018854e+01
    endloop
  endfacet
  facet normal -1.115025e-04 8.788327e-01 -4.771301e-01
    outer loop
      vertex   -4.053553e+01 8.095721e+00 -4.018854e+01
      vertex   -3.825466e+01 9.185317e+00 -3.818213e+01
      vertex   -3.000000e+01 8.185835e+00 -4.002502e+01
    endloop
  endfacet
  facet normal -1.574121e-04 8.787464e-01 -4.772890e-01
    outer loop
      vertex   -3.000000e+01 8.185835e+00 -4.002502e+01
      vertex   -3.825466e+01 9.185317e+00 -3.818213e+01
      vertex   -3.000000e+01 9.094593e+00 -3.835188e+01
    endloop
  endfacet
  facet normal 6.574273e-05 8.832739e-01 -4.688574e-01
    outer loop
      vertex   -3.000000e+01 9.094593e+00 -3.835188e+01
      vertex   -3.825466e+01 9.185317e+00 -3.818213e+01
      vertex   -3.000000e+01 1.002676e+01 -3.659579e+01
    endloop
  endfacet
  facet normal -3.270523e-04 8.841190e-01 -4.672617e-01
    outer loop
      vertex   -3.000000e+01 1.002676e+01 -3.659579e+01
      vertex   -3.825466e+01 9.185317e+00 -3.818213e+01
      vertex   -3.600112e+01 1.023957e+01 -3.618893e+01
    endloop
  endfacet
  facet normal 1.970648e-04 8.872991e-01 -4.611944e-01
    outer loop
      vertex   -3.000000e+01 1.002676e+01 -3.659579e+01
      vertex   -3.600112e+01 1.023957e+01 -3.618893e+01
      vertex   -3.000000e+01 1.098214e+01 -3.475771e+01
    endloop
  endfacet
  facet normal -1.997029e-03 8.910339e-01 -4.539323e-01
    outer loop
      vertex   -3.000000e+01 1.098214e+01 -3.475771e+01
      vertex   -3.600112e+01 1.023957e+01 -3.618893e+01
      vertex   -3.146447e+01 1.230741e+01 -3.214987e+01
    endloop
  endfacet
  facet normal -2.612698e-03 8.908927e-01 -4.542063e-01
    outer loop
      vertex   -3.000000e+01 1.098214e+01 -3.475771e+01
      vertex   -3.146447e+01 1.230741e+01 -3.214987e+01
      vertex   -3.000000e+01 1.196054e+01 -3.283866e+01
    endloop
  endfacet
  facet normal 5.797536e-04 8.936328e-01 -4.487986e-01
    outer loop
      vertex   -3.000000e+01 1.196054e+01 -3.283866e+01
      vertex   -3.146447e+01 1.230741e+01 -3.214987e+01
      vertex   -3.116197e+01 1.245578e+01 -3.185405e+01
    endloop
  endfacet
  facet normal 1.213163e-03 8.939318e-01 -4.482014e-01
    outer loop
      vertex   -3.000000e+01 1.196054e+01 -3.283866e+01
      vertex   -3.116197e+01 1.245578e+01 -3.185405e+01
      vertex   -3.089088e+01 1.261502e+01 -3.153572e+01
    endloop
  endfacet
  facet normal 1.913394e-03 8.941225e-01 -4.478185e-01
    outer loop
      vertex   -3.000000e+01 1.196054e+01 -3.283866e+01
      vertex   -3.089088e+01 1.261502e+01 -3.153572e+01
      vertex   -3.000000e+01 1.296175e+01 -3.083963e+01
    endloop
  endfacet
  facet normal 1.147300e-03 8.945162e-01 -4.470341e-01
    outer loop
      vertex   -3.000000e+01 1.296175e+01 -3.083963e+01
      vertex   -3.089088e+01 1.261502e+01 -3.153572e+01
      vertex   -3.065275e+01 1.278403e+01 -3.119692e+01
    endloop
  endfacet
  facet normal -3.109619e-08 8.953542e-01 -4.453548e-01
    outer loop
      vertex   -3.000000e+01 1.296175e+01 -3.083963e+01
      vertex   -3.065275e+01 1.278403e+01 -3.119692e+01
      vertex   -3.044910e+01 1.296175e+01 -3.083963e+01
    endloop
  endfacet
  facet normal 1.296731e-04 8.608887e-01 -5.087933e-01
    outer loop
      vertex   -3.000000e+01 6.439760e+00 -4.311763e+01
      vertex   -3.000000e+01 5.603411e+00 -4.453275e+01
      vertex   -4.200000e+01 5.776068e+00 -4.424367e+01
    endloop
  endfacet
  facet normal -1.481943e-04 8.558081e-01 -5.172934e-01
    outer loop
      vertex   -4.200000e+01 5.776068e+00 -4.424367e+01
      vertex   -3.000000e+01 5.603411e+00 -4.453275e+01
      vertex   -4.200000e+01 5.213743e+00 -4.517397e+01
    endloop
  endfacet
  facet normal 2.390811e-04 8.525878e-01 -5.225839e-01
    outer loop
      vertex   -4.200000e+01 5.213743e+00 -4.517397e+01
      vertex   -3.000000e+01 5.603411e+00 -4.453275e+01
      vertex   -3.000000e+01 4.791674e+00 -4.585708e+01
    endloop
  endfacet
  facet normal -1.367869e-04 8.496390e-01 -5.273647e-01
    outer loop
      vertex   -4.200000e+01 5.213743e+00 -4.517397e+01
      vertex   -3.000000e+01 4.791674e+00 -4.585708e+01
      vertex   -4.200000e+01 4.663065e+00 -4.606117e+01
    endloop
  endfacet
  facet normal 1.316365e-04 8.425217e-01 -5.386624e-01
    outer loop
      vertex   -4.200000e+01 4.663065e+00 -4.606117e+01
      vertex   -3.000000e+01 4.791674e+00 -4.585708e+01
      vertex   -3.000000e+01 4.004580e+00 -4.708818e+01
    endloop
  endfacet
  facet normal 1.392813e-04 8.425622e-01 -5.385991e-01
    outer loop
      vertex   -4.200000e+01 4.663065e+00 -4.606117e+01
      vertex   -3.000000e+01 4.004580e+00 -4.708818e+01
      vertex   -4.200000e+01 4.124008e+00 -4.690445e+01
    endloop
  endfacet
  facet normal -1.340218e-04 8.344071e-01 -5.511486e-01
    outer loop
      vertex   -4.200000e+01 4.124008e+00 -4.690445e+01
      vertex   -3.000000e+01 4.004580e+00 -4.708818e+01
      vertex   -4.200000e+01 3.596545e+00 -4.770300e+01
    endloop
  endfacet
  facet normal 3.335931e-04 8.301917e-01 -5.574779e-01
    outer loop
      vertex   -4.200000e+01 3.596545e+00 -4.770300e+01
      vertex   -3.000000e+01 4.004580e+00 -4.708818e+01
      vertex   -3.000000e+01 3.242159e+00 -4.822357e+01
    endloop
  endfacet
  facet normal -1.555061e-04 8.249601e-01 -5.651910e-01
    outer loop
      vertex   -4.200000e+01 3.596545e+00 -4.770300e+01
      vertex   -3.000000e+01 3.242159e+00 -4.822357e+01
      vertex   -4.200000e+01 3.080648e+00 -4.845601e+01
    endloop
  endfacet
  facet normal 2.587412e-04 8.149071e-01 -5.795915e-01
    outer loop
      vertex   -4.200000e+01 3.080648e+00 -4.845601e+01
      vertex   -3.000000e+01 3.242159e+00 -4.822357e+01
      vertex   -3.000000e+01 2.504447e+00 -4.926079e+01
    endloop
  endfacet
  facet normal 1.229036e-04 8.139515e-01 -5.809328e-01
    outer loop
      vertex   -4.200000e+01 3.080648e+00 -4.845601e+01
      vertex   -3.000000e+01 2.504447e+00 -4.926079e+01
      vertex   -4.200000e+01 2.576291e+00 -4.916267e+01
    endloop
  endfacet
  facet normal -9.458970e-05 8.012975e-01 -5.982660e-01
    outer loop
      vertex   -4.200000e+01 2.576291e+00 -4.916267e+01
      vertex   -3.000000e+01 2.504447e+00 -4.926079e+01
      vertex   -4.200000e+01 2.083913e+00 -4.982215e+01
    endloop
  endfacet
  facet normal 4.255756e-04 7.959416e-01 -6.053732e-01
    outer loop
      vertex   -4.200000e+01 2.083913e+00 -4.982215e+01
      vertex   -3.000000e+01 2.504447e+00 -4.926079e+01
      vertex   -3.000000e+01 1.792090e+00 -5.019740e+01
    endloop
  endfacet
  facet normal -2.163114e-04 7.860283e-01 -6.181905e-01
    outer loop
      vertex   -4.200000e+01 2.083913e+00 -4.982215e+01
      vertex   -3.000000e+01 1.792090e+00 -5.019740e+01
      vertex   -4.200000e+01 1.602747e+00 -5.043395e+01
    endloop
  endfacet
  facet normal 4.234968e-04 7.701126e-01 -6.379079e-01
    outer loop
      vertex   -4.200000e+01 1.602747e+00 -5.043395e+01
      vertex   -3.000000e+01 1.792090e+00 -5.019740e+01
      vertex   -3.000000e+01 1.100652e+00 -5.103213e+01
    endloop
  endfacet
  facet normal 7.125501e-05 7.666488e-01 -6.420667e-01
    outer loop
      vertex   -4.200000e+01 1.602747e+00 -5.043395e+01
      vertex   -3.000000e+01 1.100652e+00 -5.103213e+01
      vertex   -4.200000e+01 1.130479e+00 -5.099785e+01
    endloop
  endfacet
  facet normal -6.966956e-05 7.422277e-01 -6.701478e-01
    outer loop
      vertex   -4.200000e+01 1.130479e+00 -5.099785e+01
      vertex   -3.000000e+01 1.100652e+00 -5.103213e+01
      vertex   -4.200000e+01 6.647892e-01 -5.151363e+01
    endloop
  endfacet
  facet normal 6.015724e-04 7.338592e-01 -6.793013e-01
    outer loop
      vertex   -4.200000e+01 6.647892e-01 -5.151363e+01
      vertex   -3.000000e+01 1.100652e+00 -5.103213e+01
      vertex   -3.000000e+01 4.229132e-01 -5.176430e+01
    endloop
  endfacet
  facet normal -3.311377e-04 7.116565e-01 -7.025275e-01
    outer loop
      vertex   -4.200000e+01 6.647892e-01 -5.151363e+01
      vertex   -3.000000e+01 4.229132e-01 -5.176430e+01
      vertex   -4.200000e+01 2.033544e-01 -5.198106e+01
    endloop
  endfacet
  facet normal 6.719534e-04 6.837105e-01 -7.297530e-01
    outer loop
      vertex   -4.200000e+01 2.033544e-01 -5.198106e+01
      vertex   -3.000000e+01 4.229132e-01 -5.176430e+01
      vertex   -3.000000e+01 -2.483482e-01 -5.239321e+01
    endloop
  endfacet
  facet normal -2.487235e-05 6.736674e-01 -7.390346e-01
    outer loop
      vertex   -4.200000e+01 2.033544e-01 -5.198106e+01
      vertex   -3.000000e+01 -2.483482e-01 -5.239321e+01
      vertex   -4.200000e+01 -2.561466e-01 -5.239992e+01
    endloop
  endfacet
  facet normal 2.813104e-05 6.266950e-01 -7.792646e-01
    outer loop
      vertex   -4.200000e+01 -2.561466e-01 -5.239992e+01
      vertex   -3.000000e+01 -2.483482e-01 -5.239321e+01
      vertex   -4.200000e+01 -7.176034e-01 -5.277103e+01
    endloop
  endfacet
  facet normal 8.390738e-04 6.140256e-01 -7.892857e-01
    outer loop
      vertex   -4.200000e+01 -7.176034e-01 -5.277103e+01
      vertex   -3.000000e+01 -2.483482e-01 -5.239321e+01
      vertex   -3.000000e+01 -9.250267e-01 -5.291964e+01
    endloop
  endfacet
  facet normal -5.558171e-04 5.609543e-01 -8.278466e-01
    outer loop
      vertex   -4.200000e+01 -7.176034e-01 -5.277103e+01
      vertex   -3.000000e+01 -9.250267e-01 -5.291964e+01
      vertex   -4.200000e+01 -1.190977e+00 -5.309179e+01
    endloop
  endfacet
  facet normal 1.305841e-03 5.012130e-01 -8.653230e-01
    outer loop
      vertex   -4.200000e+01 -1.190977e+00 -5.309179e+01
      vertex   -3.000000e+01 -9.250267e-01 -5.291964e+01
      vertex   -3.000000e+01 -1.637669e+00 -5.333241e+01
    endloop
  endfacet
  facet normal -2.511156e-04 4.690122e-01 -8.831917e-01
    outer loop
      vertex   -4.200000e+01 -1.190977e+00 -5.309179e+01
      vertex   -3.000000e+01 -1.637669e+00 -5.333241e+01
      vertex   -4.200000e+01 -1.687478e+00 -5.335545e+01
    endloop
  endfacet
  facet normal 1.904082e-04 3.816564e-01 -9.243043e-01
    outer loop
      vertex   -4.200000e+01 -1.687478e+00 -5.335545e+01
      vertex   -3.000000e+01 -1.637669e+00 -5.333241e+01
      vertex   -3.000000e+01 -2.018373e+00 -5.348961e+01
    endloop
  endfacet
  facet normal -7.890054e-04 3.510275e-01 -9.363648e-01
    outer loop
      vertex   -4.200000e+01 -1.687478e+00 -5.335545e+01
      vertex   -3.000000e+01 -2.018373e+00 -5.348961e+01
      vertex   -4.200000e+01 -2.218667e+00 -5.355459e+01
    endloop
  endfacet
  facet normal 5.214723e-04 2.801658e-01 -9.599515e-01
    outer loop
      vertex   -4.200000e+01 -2.218667e+00 -5.355459e+01
      vertex   -3.000000e+01 -2.018373e+00 -5.348961e+01
      vertex   -3.000000e+01 -2.421707e+00 -5.360733e+01
    endloop
  endfacet
  facet normal -1.004772e-03 1.953597e-01 -9.807311e-01
    outer loop
      vertex   -4.200000e+01 -2.218667e+00 -5.355459e+01
      vertex   -3.000000e+01 -2.421707e+00 -5.360733e+01
      vertex   -4.200000e+01 -2.792372e+00 -5.366887e+01
    endloop
  endfacet
  facet normal 2.774848e-04 1.550393e-01 -9.879083e-01
    outer loop
      vertex   -4.200000e+01 -2.792372e+00 -5.366887e+01
      vertex   -3.000000e+01 -2.421707e+00 -5.360733e+01
      vertex   -3.000000e+01 -2.846988e+00 -5.367407e+01
    endloop
  endfacet
  facet normal -3.941806e-04 8.612407e-03 -9.999628e-01
    outer loop
      vertex   -4.200000e+01 -2.792372e+00 -5.366887e+01
      vertex   -3.000000e+01 -2.846988e+00 -5.367407e+01
      vertex   -3.000000e+01 -3.290063e+00 -5.367788e+01
    endloop
  endfacet
  facet normal -8.248494e-04 -1.770949e-03 -9.999981e-01
    outer loop
      vertex   -4.200000e+01 -2.792372e+00 -5.366887e+01
      vertex   -3.000000e+01 -3.290063e+00 -5.367788e+01
      vertex   -4.200000e+01 -3.399731e+00 -5.366779e+01
    endloop
  endfacet
  facet normal 5.600052e-04 -1.522318e-01 -9.883447e-01
    outer loop
      vertex   -4.200000e+01 -3.399731e+00 -5.366779e+01
      vertex   -3.000000e+01 -3.290063e+00 -5.367788e+01
      vertex   -3.000000e+01 -3.737508e+00 -5.360897e+01
    endloop
  endfacet
  facet normal -1.415491e-03 -2.201701e-01 -9.754605e-01
    outer loop
      vertex   -4.200000e+01 -3.399731e+00 -5.366779e+01
      vertex   -3.000000e+01 -3.737508e+00 -5.360897e+01
      vertex   -4.200000e+01 -4.006034e+00 -5.353094e+01
    endloop
  endfacet
  facet normal 7.393485e-04 -3.093449e-01 -9.509496e-01
    outer loop
      vertex   -4.200000e+01 -4.006034e+00 -5.353094e+01
      vertex   -3.000000e+01 -3.737508e+00 -5.360897e+01
      vertex   -3.000000e+01 -4.169470e+00 -5.346845e+01
    endloop
  endfacet
  facet normal -1.200160e-03 -4.328307e-01 -9.014744e-01
    outer loop
      vertex   -4.200000e+01 -4.006034e+00 -5.353094e+01
      vertex   -3.000000e+01 -4.169470e+00 -5.346845e+01
      vertex   -4.200000e+01 -4.560386e+00 -5.326478e+01
    endloop
  endfacet
  facet normal 4.494151e-05 -4.631385e-01 -8.862859e-01
    outer loop
      vertex   -4.200000e+01 -4.560386e+00 -5.326478e+01
      vertex   -3.000000e+01 -4.169470e+00 -5.346845e+01
      vertex   -3.000000e+01 -4.566134e+00 -5.326117e+01
    endloop
  endfacet
  facet normal -4.241931e-05 -5.940663e-01 -8.044161e-01
    outer loop
      vertex   -4.200000e+01 -4.560386e+00 -5.326478e+01
      vertex   -3.000000e+01 -4.566134e+00 -5.326117e+01
      vertex   -3.000000e+01 -4.916955e+00 -5.300208e+01
    endloop
  endfacet
  facet normal -9.129463e-04 -6.128746e-01 -7.901796e-01
    outer loop
      vertex   -4.200000e+01 -4.560386e+00 -5.326478e+01
      vertex   -3.000000e+01 -4.916955e+00 -5.300208e+01
      vertex   -4.200000e+01 -5.030332e+00 -5.290028e+01
    endloop
  endfacet
  facet normal 5.280708e-04 -6.984670e-01 -7.156421e-01
    outer loop
      vertex   -4.200000e+01 -5.030332e+00 -5.290028e+01
      vertex   -3.000000e+01 -4.916955e+00 -5.300208e+01
      vertex   -3.000000e+01 -5.221601e+00 -5.270475e+01
    endloop
  endfacet
  facet normal -9.815832e-04 -7.443083e-01 -6.678354e-01
    outer loop
      vertex   -4.200000e+01 -5.030332e+00 -5.290028e+01
      vertex   -3.000000e+01 -5.221601e+00 -5.270475e+01
      vertex   -4.200000e+01 -5.414138e+00 -5.247253e+01
    endloop
  endfacet
  facet normal 3.711210e-04 -7.791574e-01 -6.268282e-01
    outer loop
      vertex   -4.200000e+01 -5.414138e+00 -5.247253e+01
      vertex   -3.000000e+01 -5.221601e+00 -5.270475e+01
      vertex   -3.000000e+01 -5.481683e+00 -5.238146e+01
    endloop
  endfacet
  facet normal -5.090276e-04 -8.341059e-01 -5.516040e-01
    outer loop
      vertex   -4.200000e+01 -5.414138e+00 -5.247253e+01
      vertex   -3.000000e+01 -5.481683e+00 -5.238146e+01
      vertex   -4.200000e+01 -5.724423e+00 -5.200333e+01
    endloop
  endfacet
  facet normal 1.485801e-03 -8.622992e-01 -5.063969e-01
    outer loop
      vertex   -4.200000e+01 -5.724423e+00 -5.200333e+01
      vertex   -3.000000e+01 -5.481683e+00 -5.238146e+01
      vertex   -3.000000e+01 -5.897660e+00 -5.167313e+01
    endloop
  endfacet
  facet normal -5.382011e-04 -8.934413e-01 -4.491796e-01
    outer loop
      vertex   -4.200000e+01 -5.724423e+00 -5.200333e+01
      vertex   -3.000000e+01 -5.897660e+00 -5.167313e+01
      vertex   -4.200000e+01 -5.978777e+00 -5.149741e+01
    endloop
  endfacet
  facet normal 7.572198e-04 -9.266083e-01 -3.760272e-01
    outer loop
      vertex   -4.200000e+01 -5.978777e+00 -5.149741e+01
      vertex   -3.000000e+01 -5.897660e+00 -5.167313e+01
      vertex   -3.000000e+01 -6.216356e+00 -5.088780e+01
    endloop
  endfacet
  facet normal 2.554751e-04 -9.300299e-01 -3.674839e-01
    outer loop
      vertex   -4.200000e+01 -5.978777e+00 -5.149741e+01
      vertex   -3.000000e+01 -6.216356e+00 -5.088780e+01
      vertex   -4.200000e+01 -6.192917e+00 -5.095546e+01
    endloop
  endfacet
  facet normal -1.835995e-04 -9.545345e-01 -2.981004e-01
    outer loop
      vertex   -4.200000e+01 -6.192917e+00 -5.095546e+01
      vertex   -3.000000e+01 -6.216356e+00 -5.088780e+01
      vertex   -4.200000e+01 -6.374453e+00 -5.037417e+01
    endloop
  endfacet
  facet normal 8.377255e-04 -9.610840e-01 -2.762549e-01
    outer loop
      vertex   -4.200000e+01 -6.374453e+00 -5.037417e+01
      vertex   -3.000000e+01 -6.216356e+00 -5.088780e+01
      vertex   -3.000000e+01 -6.466314e+00 -5.001820e+01
    endloop
  endfacet
  facet normal -3.664065e-04 -9.711981e-01 -2.382731e-01
    outer loop
      vertex   -4.200000e+01 -6.374453e+00 -5.037417e+01
      vertex   -3.000000e+01 -6.466314e+00 -5.001820e+01
      vertex   -4.200000e+01 -6.527322e+00 -4.975108e+01
    endloop
  endfacet
  facet normal 5.877241e-04 -9.803047e-01 -1.974901e-01
    outer loop
      vertex   -4.200000e+01 -6.527322e+00 -4.975108e+01
      vertex   -3.000000e+01 -6.466314e+00 -5.001820e+01
      vertex   -3.000000e+01 -6.660061e+00 -4.905648e+01
    endloop
  endfacet
  facet normal 5.177698e-05 -9.820604e-01 -1.885665e-01
    outer loop
      vertex   -4.200000e+01 -6.527322e+00 -4.975108e+01
      vertex   -3.000000e+01 -6.660061e+00 -4.905648e+01
      vertex   -4.200000e+01 -6.655464e+00 -4.908371e+01
    endloop
  endfacet
  facet normal -4.140204e-05 -9.888882e-01 -1.486614e-01
    outer loop
      vertex   -4.200000e+01 -6.655464e+00 -4.908371e+01
      vertex   -3.000000e+01 -6.660061e+00 -4.905648e+01
      vertex   -4.200000e+01 -6.762818e+00 -4.836960e+01
    endloop
  endfacet
  facet normal 4.848732e-04 -9.901989e-01 -1.396632e-01
    outer loop
      vertex   -4.200000e+01 -6.762818e+00 -4.836960e+01
      vertex   -3.000000e+01 -6.660061e+00 -4.905648e+01
      vertex   -3.000000e+01 -6.809781e+00 -4.799498e+01
    endloop
  endfacet
  facet normal -2.477384e-04 -9.931824e-01 -1.165700e-01
    outer loop
      vertex   -4.200000e+01 -6.762818e+00 -4.836960e+01
      vertex   -3.000000e+01 -6.809781e+00 -4.799498e+01
      vertex   -4.200000e+01 -6.852358e+00 -4.760671e+01
    endloop
  endfacet
  facet normal 4.425449e-04 -9.954310e-01 -9.548241e-02
    outer loop
      vertex   -4.200000e+01 -6.852358e+00 -4.760671e+01
      vertex   -3.000000e+01 -6.809781e+00 -4.799498e+01
      vertex   -3.000000e+01 -6.921662e+00 -4.682858e+01
    endloop
  endfacet
  facet normal -6.505910e-05 -9.961453e-01 -8.771795e-02
    outer loop
      vertex   -4.200000e+01 -6.852358e+00 -4.760671e+01
      vertex   -3.000000e+01 -6.921662e+00 -4.682858e+01
      vertex   -4.200000e+01 -6.923893e+00 -4.679435e+01
    endloop
  endfacet
  facet normal -3.308635e-06 -9.978078e-01 -6.617829e-02
    outer loop
      vertex   -4.200000e+01 -6.923893e+00 -4.679435e+01
      vertex   -3.000000e+01 -6.921662e+00 -4.682858e+01
      vertex   -4.203631e+01 -6.963784e+00 -4.619289e+01
    endloop
  endfacet
  facet normal 4.039493e-04 -9.982874e-01 -5.849902e-02
    outer loop
      vertex   -4.203631e+01 -6.963784e+00 -4.619289e+01
      vertex   -3.000000e+01 -6.921662e+00 -4.682858e+01
      vertex   -3.000000e+01 -6.996256e+00 -4.555564e+01
    endloop
  endfacet
  facet normal -1.460784e-05 -9.987182e-01 -5.061523e-02
    outer loop
      vertex   -4.203631e+01 -6.963784e+00 -4.619289e+01
      vertex   -3.000000e+01 -6.996256e+00 -4.555564e+01
      vertex   -4.214487e+01 -6.993856e+00 -4.559948e+01
    endloop
  endfacet
  facet normal -6.315930e-05 -9.993080e-01 -3.719545e-02
    outer loop
      vertex   -4.214487e+01 -6.993856e+00 -4.559948e+01
      vertex   -3.000000e+01 -6.996256e+00 -4.555564e+01
      vertex   -4.232407e+01 -7.015281e+00 -4.502357e+01
    endloop
  endfacet
  facet normal 3.350860e-04 -9.996084e-01 -2.798187e-02
    outer loop
      vertex   -4.232407e+01 -7.015281e+00 -4.502357e+01
      vertex   -3.000000e+01 -6.996256e+00 -4.555564e+01
      vertex   -3.000000e+01 -7.034916e+00 -4.417455e+01
    endloop
  endfacet
  facet normal 1.682932e-04 -9.996732e-01 -2.556228e-02
    outer loop
      vertex   -4.232407e+01 -7.015281e+00 -4.502357e+01
      vertex   -3.000000e+01 -7.034916e+00 -4.417455e+01
      vertex   -4.257151e+01 -7.029400e+00 -4.447305e+01
    endloop
  endfacet
  facet normal -6.374890e-05 -9.998753e-01 -1.579339e-02
    outer loop
      vertex   -4.257151e+01 -7.029400e+00 -4.447305e+01
      vertex   -3.000000e+01 -7.034916e+00 -4.417455e+01
      vertex   -4.288274e+01 -7.037525e+00 -4.395743e+01
    endloop
  endfacet
  facet normal 8.061070e-05 -9.999739e-01 -7.229041e-03
    outer loop
      vertex   -4.288274e+01 -7.037525e+00 -4.395743e+01
      vertex   -3.000000e+01 -7.034916e+00 -4.417455e+01
      vertex   -4.325401e+01 -7.040987e+00 -4.348262e+01
    endloop
  endfacet
  facet normal 3.150216e-04 -9.999962e-01 -2.739065e-03
    outer loop
      vertex   -4.325401e+01 -7.040987e+00 -4.348262e+01
      vertex   -3.000000e+01 -7.034916e+00 -4.417455e+01
      vertex   -3.000000e+01 -7.039000e+00 -4.268368e+01
    endloop
  endfacet
  facet normal 1.558133e-04 -1.000000e+00 -9.785633e-05
    outer loop
      vertex   -4.325401e+01 -7.040987e+00 -4.348262e+01
      vertex   -3.000000e+01 -7.039000e+00 -4.268368e+01
      vertex   -4.368029e+01 -7.041095e+00 -4.305543e+01
    endloop
  endfacet
  facet normal 0.000000e+00 -9.999841e-01 5.635888e-03
    outer loop
      vertex   -4.368029e+01 -7.041095e+00 -4.305543e+01
      vertex   -3.000000e+01 -7.039000e+00 -4.268368e+01
      vertex   -4.287742e+01 -7.039000e+00 -4.268368e+01
    endloop
  endfacet
  facet normal 4.843835e-07 -9.999841e-01 5.634842e-03
    outer loop
      vertex   -4.368029e+01 -7.041095e+00 -4.305543e+01
      vertex   -4.287742e+01 -7.039000e+00 -4.268368e+01
      vertex   -4.415353e+01 -7.039001e+00 -4.268368e+01
    endloop
  endfacet
  facet normal 8.344206e-05 -8.607690e-01 5.089958e-01
    outer loop
      vertex   4.200000e+01 4.456535e+00 -4.352759e+01
      vertex   4.200000e+01 4.997220e+00 -4.261323e+01
      vertex   3.000000e+01 5.135989e+00 -4.237659e+01
    endloop
  endfacet
  facet normal -7.223318e-05 -8.642152e-01 5.031224e-01
    outer loop
      vertex   3.000000e+01 5.135989e+00 -4.237659e+01
      vertex   4.200000e+01 4.997220e+00 -4.261323e+01
      vertex   4.197589e+01 5.244637e+00 -4.218824e+01
    endloop
  endfacet
  facet normal -5.636272e-07 -8.661945e-01 4.997070e-01
    outer loop
      vertex   3.000000e+01 5.135989e+00 -4.237659e+01
      vertex   4.197589e+01 5.244637e+00 -4.218824e+01
      vertex   4.190378e+01 5.487995e+00 -4.176640e+01
    endloop
  endfacet
  facet normal 1.575220e-04 -8.675263e-01 4.973913e-01
    outer loop
      vertex   3.000000e+01 5.135989e+00 -4.237659e+01
      vertex   4.190378e+01 5.487995e+00 -4.176640e+01
      vertex   3.000000e+01 5.987098e+00 -4.089212e+01
    endloop
  endfacet
  facet normal 7.309901e-05 -8.680224e-01 4.965251e-01
    outer loop
      vertex   3.000000e+01 5.987098e+00 -4.089212e+01
      vertex   4.190378e+01 5.487995e+00 -4.176640e+01
      vertex   4.178441e+01 5.724971e+00 -4.135210e+01
    endloop
  endfacet
  facet normal -8.223577e-05 -8.697339e-01 4.935209e-01
    outer loop
      vertex   3.000000e+01 5.987098e+00 -4.089212e+01
      vertex   4.178441e+01 5.724971e+00 -4.135210e+01
      vertex   4.161880e+01 5.953683e+00 -4.094907e+01
    endloop
  endfacet
  facet normal -1.001789e-04 -8.712880e-01 4.907721e-01
    outer loop
      vertex   4.161880e+01 5.953683e+00 -4.094907e+01
      vertex   4.140890e+01 6.171728e+00 -4.056201e+01
      vertex   3.000000e+01 5.987098e+00 -4.089212e+01
    endloop
  endfacet
  facet normal -6.836624e-06 -8.726663e-01 4.883170e-01
    outer loop
      vertex   3.000000e+01 5.987098e+00 -4.089212e+01
      vertex   4.140890e+01 6.171728e+00 -4.056201e+01
      vertex   4.115710e+01 6.377120e+00 -4.019496e+01
    endloop
  endfacet
  facet normal 1.195844e-04 -8.735272e-01 4.867754e-01
    outer loop
      vertex   3.000000e+01 5.987098e+00 -4.089212e+01
      vertex   4.115710e+01 6.377120e+00 -4.019496e+01
      vertex   3.000000e+01 6.863773e+00 -3.931891e+01
    endloop
  endfacet
  facet normal 4.942686e-05 -8.739071e-01 4.860929e-01
    outer loop
      vertex   3.000000e+01 6.863773e+00 -3.931891e+01
      vertex   4.115710e+01 6.377120e+00 -4.019496e+01
      vertex   4.086534e+01 6.568627e+00 -3.985064e+01
    endloop
  endfacet
  facet normal -8.686629e-05 -8.750882e-01 4.839635e-01
    outer loop
      vertex   3.000000e+01 6.863773e+00 -3.931891e+01
      vertex   4.086534e+01 6.568627e+00 -3.985064e+01
      vertex   4.053553e+01 6.745019e+00 -3.953175e+01
    endloop
  endfacet
  facet normal -2.628687e-04 -8.787450e-01 4.772915e-01
    outer loop
      vertex   3.000000e+01 6.863773e+00 -3.931891e+01
      vertex   4.053553e+01 6.745019e+00 -3.953175e+01
      vertex   3.000000e+01 7.765503e+00 -3.765873e+01
    endloop
  endfacet
  facet normal -1.647616e-03 -8.819878e-01 4.712693e-01
    outer loop
      vertex   3.000000e+01 7.765503e+00 -3.765873e+01
      vertex   4.053553e+01 6.745019e+00 -3.953175e+01
      vertex   3.601734e+01 8.882556e+00 -3.554711e+01
    endloop
  endfacet
  facet normal -5.260112e-04 -8.833168e-01 4.687762e-01
    outer loop
      vertex   3.000000e+01 7.765503e+00 -3.765873e+01
      vertex   3.601734e+01 8.882556e+00 -3.554711e+01
      vertex   3.000000e+01 8.691780e+00 -3.591334e+01
    endloop
  endfacet
  facet normal 6.935189e-05 -8.873506e-01 4.610954e-01
    outer loop
      vertex   3.000000e+01 8.691780e+00 -3.591334e+01
      vertex   3.601734e+01 8.882556e+00 -3.554711e+01
      vertex   3.000000e+01 9.642091e+00 -3.408453e+01
    endloop
  endfacet
  facet normal -2.135530e-03 -8.910318e-01 4.539358e-01
    outer loop
      vertex   3.000000e+01 9.642091e+00 -3.408453e+01
      vertex   3.601734e+01 8.882556e+00 -3.554711e+01
      vertex   3.146447e+01 1.095838e+01 -3.149389e+01
    endloop
  endfacet
  facet normal -2.584131e-03 -8.909282e-01 4.541368e-01
    outer loop
      vertex   3.000000e+01 9.642091e+00 -3.408453e+01
      vertex   3.146447e+01 1.095838e+01 -3.149389e+01
      vertex   3.000000e+01 1.061593e+01 -3.217405e+01
    endloop
  endfacet
  facet normal 5.259093e-04 -8.936314e-01 4.488014e-01
    outer loop
      vertex   3.000000e+01 1.061593e+01 -3.217405e+01
      vertex   3.146447e+01 1.095838e+01 -3.149389e+01
      vertex   3.116272e+01 1.110636e+01 -3.119888e+01
    endloop
  endfacet
  facet normal 1.143178e-03 -8.939258e-01 4.482135e-01
    outer loop
      vertex   3.000000e+01 1.061593e+01 -3.217405e+01
      vertex   3.116272e+01 1.110636e+01 -3.119888e+01
      vertex   3.089164e+01 1.126553e+01 -3.088075e+01
    endloop
  endfacet
  facet normal 1.871305e-03 -8.941258e-01 4.478120e-01
    outer loop
      vertex   3.000000e+01 1.061593e+01 -3.217405e+01
      vertex   3.089164e+01 1.126553e+01 -3.088075e+01
      vertex   3.000000e+01 1.161278e+01 -3.018368e+01
    endloop
  endfacet
  facet normal 1.165244e-03 -8.944885e-01 4.470895e-01
    outer loop
      vertex   3.000000e+01 1.161278e+01 -3.018368e+01
      vertex   3.089164e+01 1.126553e+01 -3.088075e+01
      vertex   3.065298e+01 1.143487e+01 -3.054133e+01
    endloop
  endfacet
  facet normal 3.096855e-08 -8.953391e-01 4.453852e-01
    outer loop
      vertex   3.000000e+01 1.161278e+01 -3.018368e+01
      vertex   3.065298e+01 1.143487e+01 -3.054133e+01
      vertex   3.044910e+01 1.161278e+01 -3.018368e+01
    endloop
  endfacet
  facet normal 1.280929e-04 -8.605649e-01 5.093408e-01
    outer loop
      vertex   3.000000e+01 5.135989e+00 -4.237659e+01
      vertex   3.000000e+01 4.310956e+00 -4.377053e+01
      vertex   4.200000e+01 4.456535e+00 -4.352759e+01
    endloop
  endfacet
  facet normal -1.030747e-04 -8.555350e-01 5.177450e-01
    outer loop
      vertex   4.200000e+01 4.456535e+00 -4.352759e+01
      vertex   3.000000e+01 4.310956e+00 -4.377053e+01
      vertex   4.200000e+01 3.927415e+00 -4.440192e+01
    endloop
  endfacet
  facet normal 2.675928e-04 -8.524021e-01 5.228867e-01
    outer loop
      vertex   4.200000e+01 3.927415e+00 -4.440192e+01
      vertex   3.000000e+01 4.310956e+00 -4.377053e+01
      vertex   3.000000e+01 3.512534e+00 -4.507211e+01
    endloop
  endfacet
  facet normal -7.788109e-05 -8.496402e-01 5.273628e-01
    outer loop
      vertex   4.200000e+01 3.927415e+00 -4.440192e+01
      vertex   3.000000e+01 3.512534e+00 -4.507211e+01
      vertex   4.200000e+01 3.410025e+00 -4.523549e+01
    endloop
  endfacet
  facet normal 1.241484e-04 -8.429446e-01 5.380004e-01
    outer loop
      vertex   4.200000e+01 3.410025e+00 -4.523549e+01
      vertex   3.000000e+01 3.512534e+00 -4.507211e+01
      vertex   4.200000e+01 2.904665e+00 -4.602729e+01
    endloop
  endfacet
  facet normal 2.060618e-04 -8.424771e-01 5.387321e-01
    outer loop
      vertex   4.200000e+01 2.904665e+00 -4.602729e+01
      vertex   3.000000e+01 3.512534e+00 -4.507211e+01
      vertex   3.000000e+01 2.741894e+00 -4.627725e+01
    endloop
  endfacet
  facet normal -1.227761e-04 -8.352765e-01 5.498301e-01
    outer loop
      vertex   4.200000e+01 2.904665e+00 -4.602729e+01
      vertex   3.000000e+01 2.741894e+00 -4.627725e+01
      vertex   4.200000e+01 2.411642e+00 -4.677627e+01
    endloop
  endfacet
  facet normal 3.350379e-04 -8.301935e-01 5.574752e-01
    outer loop
      vertex   4.200000e+01 2.411642e+00 -4.677627e+01
      vertex   3.000000e+01 2.741894e+00 -4.627725e+01
      vertex   3.000000e+01 2.000264e+00 -4.738168e+01
    endloop
  endfacet
  facet normal -7.483381e-05 -8.264288e-01 5.630412e-01
    outer loop
      vertex   4.200000e+01 2.411642e+00 -4.677627e+01
      vertex   3.000000e+01 2.000264e+00 -4.738168e+01
      vertex   4.200000e+01 1.931258e+00 -4.748138e+01
    endloop
  endfacet
  facet normal 1.074970e-04 -8.161340e-01 5.778627e-01
    outer loop
      vertex   4.200000e+01 1.931258e+00 -4.748138e+01
      vertex   3.000000e+01 2.000264e+00 -4.738168e+01
      vertex   4.200000e+01 1.463815e+00 -4.814156e+01
    endloop
  endfacet
  facet normal 2.874853e-04 -8.147900e-01 5.797562e-01
    outer loop
      vertex   4.200000e+01 1.463815e+00 -4.814156e+01
      vertex   3.000000e+01 2.000264e+00 -4.738168e+01
      vertex   3.000000e+01 1.288719e+00 -4.838169e+01
    endloop
  endfacet
  facet normal -1.657993e-04 -8.040427e-01 5.945716e-01
    outer loop
      vertex   4.200000e+01 1.463815e+00 -4.814156e+01
      vertex   3.000000e+01 1.288719e+00 -4.838169e+01
      vertex   4.200000e+01 1.009613e+00 -4.875578e+01
    endloop
  endfacet
  facet normal 4.164809e-04 -7.950516e-01 6.065417e-01
    outer loop
      vertex   4.200000e+01 1.009613e+00 -4.875578e+01
      vertex   3.000000e+01 1.288719e+00 -4.838169e+01
      vertex   3.000000e+01 6.083327e-01 -4.927354e+01
    endloop
  endfacet
  facet normal -6.318329e-05 -7.896913e-01 6.135044e-01
    outer loop
      vertex   4.200000e+01 1.009613e+00 -4.875578e+01
      vertex   3.000000e+01 6.083327e-01 -4.927354e+01
      vertex   4.200000e+01 5.689557e-01 -4.932299e+01
    endloop
  endfacet
  facet normal 8.223526e-05 -7.724557e-01 6.350686e-01
    outer loop
      vertex   4.200000e+01 5.689557e-01 -4.932299e+01
      vertex   3.000000e+01 6.083327e-01 -4.927354e+01
      vertex   4.200000e+01 1.421430e-01 -4.984213e+01
    endloop
  endfacet
  facet normal 4.050480e-04 -7.690991e-01 6.391294e-01
    outer loop
      vertex   4.200000e+01 1.421430e-01 -4.984213e+01
      vertex   3.000000e+01 6.083327e-01 -4.927354e+01
      vertex   3.000000e+01 -3.982030e-02 -5.005349e+01
    endloop
  endfacet
  facet normal -2.253560e-04 -7.514820e-01 6.597536e-01
    outer loop
      vertex   4.200000e+01 1.421430e-01 -4.984213e+01
      vertex   3.000000e+01 -3.982030e-02 -5.005349e+01
      vertex   4.200000e+01 -2.705230e-01 -5.031217e+01
    endloop
  endfacet
  facet normal 5.323751e-04 -7.339169e-01 6.792390e-01
    outer loop
      vertex   4.200000e+01 -2.705230e-01 -5.031217e+01
      vertex   3.000000e+01 -3.982030e-02 -5.005349e+01
      vertex   3.000000e+01 -6.546658e-01 -5.071783e+01
    endloop
  endfacet
  facet normal -3.518159e-05 -7.255822e-01 6.881355e-01
    outer loop
      vertex   4.200000e+01 -2.705230e-01 -5.031217e+01
      vertex   3.000000e+01 -6.546658e-01 -5.071783e+01
      vertex   4.200000e+01 -6.687409e-01 -5.073206e+01
    endloop
  endfacet
  facet normal 4.174434e-05 -6.930785e-01 7.208621e-01
    outer loop
      vertex   4.200000e+01 -6.687409e-01 -5.073206e+01
      vertex   3.000000e+01 -6.546658e-01 -5.071783e+01
      vertex   4.200000e+01 -1.052209e+00 -5.110075e+01
    endloop
  endfacet
  facet normal 5.872200e-04 -6.844809e-01 7.290305e-01
    outer loop
      vertex   4.200000e+01 -1.052209e+00 -5.110075e+01
      vertex   3.000000e+01 -6.546658e-01 -5.071783e+01
      vertex   3.000000e+01 -1.235129e+00 -5.126283e+01
    endloop
  endfacet
  facet normal -3.136719e-04 -6.515701e-01 7.585884e-01
    outer loop
      vertex   4.200000e+01 -1.052209e+00 -5.110075e+01
      vertex   3.000000e+01 -1.235129e+00 -5.126283e+01
      vertex   4.200000e+01 -1.420626e+00 -5.141719e+01
    endloop
  endfacet
  facet normal 7.092823e-04 -6.121505e-01 7.907409e-01
    outer loop
      vertex   4.200000e+01 -1.420626e+00 -5.141719e+01
      vertex   3.000000e+01 -1.235129e+00 -5.126283e+01
      vertex   3.000000e+01 -1.780137e+00 -5.168474e+01
    endloop
  endfacet
  facet normal 2.696828e-05 -5.976012e-01 8.017935e-01
    outer loop
      vertex   4.200000e+01 -1.420626e+00 -5.141719e+01
      vertex   3.000000e+01 -1.780137e+00 -5.168474e+01
      vertex   4.200000e+01 -1.773690e+00 -5.168034e+01
    endloop
  endfacet
  facet normal -2.917156e-05 -5.262404e-01 8.503358e-01
    outer loop
      vertex   4.200000e+01 -1.773690e+00 -5.168034e+01
      vertex   3.000000e+01 -1.780137e+00 -5.168474e+01
      vertex   4.200000e+01 -2.111101e+00 -5.188915e+01
    endloop
  endfacet
  facet normal 8.898649e-04 -5.019212e-01 8.649129e-01
    outer loop
      vertex   4.200000e+01 -2.111101e+00 -5.188915e+01
      vertex   3.000000e+01 -1.780137e+00 -5.168474e+01
      vertex   3.000000e+01 -2.288602e+00 -5.197981e+01
    endloop
  endfacet
  facet normal -4.506089e-04 -4.305343e-01 9.025741e-01
    outer loop
      vertex   4.200000e+01 -2.111101e+00 -5.188915e+01
      vertex   3.000000e+01 -2.288602e+00 -5.197981e+01
      vertex   4.200000e+01 -2.432526e+00 -5.204247e+01
    endloop
  endfacet
  facet normal 9.653079e-04 -3.304390e-01 9.438268e-01
    outer loop
      vertex   4.200000e+01 -2.432526e+00 -5.204247e+01
      vertex   3.000000e+01 -2.288602e+00 -5.197981e+01
      vertex   3.000000e+01 -2.759564e+00 -5.214470e+01
    endloop
  endfacet
  facet normal 1.589488e-04 -3.036510e-01 9.527833e-01
    outer loop
      vertex   4.200000e+01 -2.432526e+00 -5.204247e+01
      vertex   3.000000e+01 -2.759564e+00 -5.214470e+01
      vertex   4.200000e+01 -2.737810e+00 -5.213977e+01
    endloop
  endfacet
  facet normal -1.354170e-04 -1.494323e-01 9.887720e-01
    outer loop
      vertex   4.200000e+01 -2.737810e+00 -5.213977e+01
      vertex   3.000000e+01 -2.759564e+00 -5.214470e+01
      vertex   3.000000e+01 -2.980933e+00 -5.217815e+01
    endloop
  endfacet
  facet normal -3.020174e-04 -1.413957e-01 9.899531e-01
    outer loop
      vertex   4.200000e+01 -2.737810e+00 -5.213977e+01
      vertex   3.000000e+01 -2.980933e+00 -5.217815e+01
      vertex   4.200000e+01 -3.026964e+00 -5.218107e+01
    endloop
  endfacet
  facet normal 2.279828e-04 -3.862826e-03 9.999925e-01
    outer loop
      vertex   4.200000e+01 -3.026964e+00 -5.218107e+01
      vertex   3.000000e+01 -2.980933e+00 -5.217815e+01
      vertex   3.000000e+01 -3.192899e+00 -5.217897e+01
    endloop
  endfacet
  facet normal -5.668942e-04 5.360236e-02 9.985622e-01
    outer loop
      vertex   4.200000e+01 -3.026964e+00 -5.218107e+01
      vertex   3.000000e+01 -3.192899e+00 -5.217897e+01
      vertex   4.200000e+01 -3.299997e+00 -5.216641e+01
    endloop
  endfacet
  facet normal 3.500134e-04 1.550886e-01 9.879005e-01
    outer loop
      vertex   4.200000e+01 -3.299997e+00 -5.216641e+01
      vertex   3.000000e+01 -3.192899e+00 -5.217897e+01
      vertex   3.000000e+01 -3.395469e+00 -5.214717e+01
    endloop
  endfacet
  facet normal -5.613586e-04 2.648810e-01 9.642810e-01
    outer loop
      vertex   4.200000e+01 -3.299997e+00 -5.216641e+01
      vertex   3.000000e+01 -3.395469e+00 -5.214717e+01
      vertex   4.200000e+01 -3.556922e+00 -5.209584e+01
    endloop
  endfacet
  facet normal 1.969826e-04 3.162798e-01 9.486659e-01
    outer loop
      vertex   4.200000e+01 -3.556922e+00 -5.209584e+01
      vertex   3.000000e+01 -3.395469e+00 -5.214717e+01
      vertex   3.000000e+01 -3.588646e+00 -5.208277e+01
    endloop
  endfacet
  facet normal -2.648615e-04 4.649007e-01 8.853628e-01
    outer loop
      vertex   4.200000e+01 -3.556922e+00 -5.209584e+01
      vertex   3.000000e+01 -3.588646e+00 -5.208277e+01
      vertex   4.200000e+01 -3.797748e+00 -5.196938e+01
    endloop
  endfacet
  facet normal -2.240399e-04 4.667232e-01 8.844034e-01
    outer loop
      vertex   4.200000e+01 -3.797748e+00 -5.196938e+01
      vertex   3.000000e+01 -3.588646e+00 -5.208277e+01
      vertex   3.000000e+01 -3.772435e+00 -5.198578e+01
    endloop
  endfacet
  facet normal 1.609339e-04 5.963275e-01 8.027413e-01
    outer loop
      vertex   4.200000e+01 -3.797748e+00 -5.196938e+01
      vertex   3.000000e+01 -3.772435e+00 -5.198578e+01
      vertex   3.000000e+01 -3.946842e+00 -5.185622e+01
    endloop
  endfacet
  facet normal -5.034003e-04 6.299703e-01 7.766190e-01
    outer loop
      vertex   4.200000e+01 -3.797748e+00 -5.196938e+01
      vertex   3.000000e+01 -3.946842e+00 -5.185622e+01
      vertex   4.200000e+01 -4.022486e+00 -5.178708e+01
    endloop
  endfacet
  facet normal 8.365190e-04 7.437117e-01 6.685000e-01
    outer loop
      vertex   4.200000e+01 -4.022486e+00 -5.178708e+01
      vertex   3.000000e+01 -3.946842e+00 -5.185622e+01
      vertex   3.000000e+01 -4.267526e+00 -5.149945e+01
    endloop
  endfacet
  facet normal 4.396403e-04 7.520803e-01 6.590714e-01
    outer loop
      vertex   4.200000e+01 -4.022486e+00 -5.178708e+01
      vertex   3.000000e+01 -4.267526e+00 -5.149945e+01
      vertex   4.200000e+01 -4.231147e+00 -5.154897e+01
    endloop
  endfacet
  facet normal -2.737203e-04 8.363896e-01 5.481354e-01
    outer loop
      vertex   4.200000e+01 -4.231147e+00 -5.154897e+01
      vertex   3.000000e+01 -4.267526e+00 -5.149945e+01
      vertex   4.200000e+01 -4.423742e+00 -5.125509e+01
    endloop
  endfacet
  facet normal 1.011227e-03 8.643418e-01 5.029037e-01
    outer loop
      vertex   4.200000e+01 -4.423742e+00 -5.125509e+01
      vertex   3.000000e+01 -4.267526e+00 -5.149945e+01
      vertex   3.000000e+01 -4.550753e+00 -5.101267e+01
    endloop
  endfacet
  facet normal -3.348711e-04 8.925091e-01 4.510292e-01
    outer loop
      vertex   4.200000e+01 -4.423742e+00 -5.125509e+01
      vertex   3.000000e+01 -4.550753e+00 -5.101267e+01
      vertex   4.200000e+01 -4.600331e+00 -5.090566e+01
    endloop
  endfacet
  facet normal 5.133362e-04 9.280747e-01 3.723937e-01
    outer loop
      vertex   4.200000e+01 -4.600331e+00 -5.090566e+01
      vertex   3.000000e+01 -4.550753e+00 -5.101267e+01
      vertex   3.000000e+01 -4.797244e+00 -5.039837e+01
    endloop
  endfacet
  facet normal 3.927932e-04 9.290615e-01 3.699252e-01
    outer loop
      vertex   4.200000e+01 -4.600331e+00 -5.090566e+01
      vertex   3.000000e+01 -4.797244e+00 -5.039837e+01
      vertex   4.200000e+01 -4.761199e+00 -5.050164e+01
    endloop
  endfacet
  facet normal -2.600683e-04 9.531584e-01 3.024716e-01
    outer loop
      vertex   4.200000e+01 -4.761199e+00 -5.050164e+01
      vertex   3.000000e+01 -4.797244e+00 -5.039837e+01
      vertex   4.200000e+01 -4.906528e+00 -5.004367e+01
    endloop
  endfacet
  facet normal 6.676285e-04 9.618010e-01 2.737489e-01
    outer loop
      vertex   4.200000e+01 -4.906528e+00 -5.004367e+01
      vertex   3.000000e+01 -4.797244e+00 -5.039837e+01
      vertex   3.000000e+01 -5.007695e+00 -4.965896e+01
    endloop
  endfacet
  facet normal -2.745101e-04 9.691923e-01 2.463050e-01
    outer loop
      vertex   4.200000e+01 -4.906528e+00 -5.004367e+01
      vertex   3.000000e+01 -5.007695e+00 -4.965896e+01
      vertex   4.200000e+01 -5.036478e+00 -4.953233e+01
    endloop
  endfacet
  facet normal 2.550010e-04 9.800799e-01 1.986033e-01
    outer loop
      vertex   4.200000e+01 -5.036478e+00 -4.953233e+01
      vertex   3.000000e+01 -5.007695e+00 -4.965896e+01
      vertex   3.000000e+01 -5.182559e+00 -4.879603e+01
    endloop
  endfacet
  facet normal 2.988462e-04 9.799405e-01 1.992903e-01
    outer loop
      vertex   4.200000e+01 -5.036478e+00 -4.953233e+01
      vertex   3.000000e+01 -5.182559e+00 -4.879603e+01
      vertex   4.200000e+01 -5.151211e+00 -4.896817e+01
    endloop
  endfacet
  facet normal -2.889508e-04 9.871765e-01 1.596321e-01
    outer loop
      vertex   4.200000e+01 -5.151211e+00 -4.896817e+01
      vertex   3.000000e+01 -5.182559e+00 -4.879603e+01
      vertex   4.200000e+01 -5.250887e+00 -4.835176e+01
    endloop
  endfacet
  facet normal 4.369783e-04 9.900846e-01 1.404713e-01
    outer loop
      vertex   4.200000e+01 -5.250887e+00 -4.835176e+01
      vertex   3.000000e+01 -5.182559e+00 -4.879603e+01
      vertex   3.000000e+01 -5.322292e+00 -4.781115e+01
    endloop
  endfacet
  facet normal -2.315266e-04 9.920440e-01 1.258914e-01
    outer loop
      vertex   4.200000e+01 -5.250887e+00 -4.835176e+01
      vertex   3.000000e+01 -5.322292e+00 -4.781115e+01
      vertex   4.200000e+01 -5.335667e+00 -4.768368e+01
    endloop
  endfacet
  facet normal 8.566952e-05 9.953450e-01 9.637632e-02
    outer loop
      vertex   4.200000e+01 -5.335667e+00 -4.768368e+01
      vertex   3.000000e+01 -5.322292e+00 -4.781115e+01
      vertex   4.205636e+01 -5.408157e+00 -4.693508e+01
    endloop
  endfacet
  facet normal 2.141121e-04 9.955129e-01 9.462517e-02
    outer loop
      vertex   4.205636e+01 -5.408157e+00 -4.693508e+01
      vertex   3.000000e+01 -5.322292e+00 -4.781115e+01
      vertex   3.000000e+01 -5.427349e+00 -4.670589e+01
    endloop
  endfacet
  facet normal -2.279551e-04 9.974383e-01 7.153133e-02
    outer loop
      vertex   4.205636e+01 -5.408157e+00 -4.693508e+01
      vertex   3.000000e+01 -5.427349e+00 -4.670589e+01
      vertex   4.222375e+01 -5.460499e+00 -4.620469e+01
    endloop
  endfacet
  facet normal 3.386354e-04 9.983298e-01 5.777176e-02
    outer loop
      vertex   4.222375e+01 -5.460499e+00 -4.620469e+01
      vertex   3.000000e+01 -5.427349e+00 -4.670589e+01
      vertex   3.000000e+01 -5.498182e+00 -4.548185e+01
    endloop
  endfacet
  facet normal -2.795604e-05 9.986683e-01 5.159014e-02
    outer loop
      vertex   4.222375e+01 -5.460499e+00 -4.620469e+01
      vertex   3.000000e+01 -5.498182e+00 -4.548185e+01
      vertex   4.249761e+01 -5.496421e+00 -4.550916e+01
    endloop
  endfacet
  facet normal -6.271121e-05 9.993613e-01 3.573392e-02
    outer loop
      vertex   4.249761e+01 -5.496421e+00 -4.550916e+01
      vertex   3.000000e+01 -5.498182e+00 -4.548185e+01
      vertex   4.287011e+01 -5.519425e+00 -4.486518e+01
    endloop
  endfacet
  facet normal 3.262815e-04 9.996183e-01 2.762433e-02
    outer loop
      vertex   4.287011e+01 -5.519425e+00 -4.486518e+01
      vertex   3.000000e+01 -5.498182e+00 -4.548185e+01
      vertex   3.000000e+01 -5.535248e+00 -4.414058e+01
    endloop
  endfacet
  facet normal 5.902410e-05 9.997382e-01 2.287999e-02
    outer loop
      vertex   4.287011e+01 -5.519425e+00 -4.486518e+01
      vertex   3.000000e+01 -5.535248e+00 -4.414058e+01
      vertex   4.333314e+01 -5.532740e+00 -4.428454e+01
    endloop
  endfacet
  facet normal -4.698544e-05 9.999147e-01 1.306448e-02
    outer loop
      vertex   4.333314e+01 -5.532740e+00 -4.428454e+01
      vertex   3.000000e+01 -5.535248e+00 -4.414058e+01
      vertex   4.387420e+01 -5.539291e+00 -4.378120e+01
    endloop
  endfacet
  facet normal 1.692685e-04 9.999889e-01 4.716654e-03
    outer loop
      vertex   4.387420e+01 -5.539291e+00 -4.378120e+01
      vertex   3.000000e+01 -5.535248e+00 -4.414058e+01
      vertex   4.448148e+01 -5.541361e+00 -4.336430e+01
    endloop
  endfacet
  facet normal 2.840539e-04 9.999966e-01 2.575399e-03
    outer loop
      vertex   4.448148e+01 -5.541361e+00 -4.336430e+01
      vertex   3.000000e+01 -5.535248e+00 -4.414058e+01
      vertex   3.000000e+01 -5.539000e+00 -4.268368e+01
    endloop
  endfacet
  facet normal 1.128804e-04 9.999994e-01 -1.066637e-03
    outer loop
      vertex   4.448148e+01 -5.541361e+00 -4.336430e+01
      vertex   3.000000e+01 -5.539000e+00 -4.268368e+01
      vertex   4.514324e+01 -5.541091e+00 -4.304122e+01
    endloop
  endfacet
  facet normal 0.000000e+00 9.999829e-01 -5.847464e-03
    outer loop
      vertex   4.514324e+01 -5.541091e+00 -4.304122e+01
      vertex   3.000000e+01 -5.539000e+00 -4.268368e+01
      vertex   4.586319e+01 -5.539000e+00 -4.268368e+01
    endloop
  endfacet
  facet normal 4.447875e-01 1.409679e-08 -8.956361e-01
    outer loop
      vertex   4.514324e+01 -5.541091e+00 -4.304122e+01
      vertex   4.586319e+01 -5.539000e+00 -4.268368e+01
      vertex   4.586319e+01 -7.039000e+00 -4.268368e+01
    endloop
  endfacet
  facet normal 5.554980e-01 1.760557e-08 -8.315178e-01
    outer loop
      vertex   4.586319e+01 -7.039000e+00 -4.268368e+01
      vertex   4.586319e+01 -5.539000e+00 -4.268368e+01
      vertex   4.625846e+01 -5.539000e+00 -4.241962e+01
    endloop
  endfacet
  facet normal 5.556373e-01 -5.304351e-05 -8.314248e-01
    outer loop
      vertex   4.586319e+01 -7.039000e+00 -4.268368e+01
      vertex   4.625846e+01 -5.539000e+00 -4.241962e+01
      vertex   4.625980e+01 -7.039000e+00 -4.241863e+01
    endloop
  endfacet
  facet normal 6.320042e-01 5.296950e-05 -7.749649e-01
    outer loop
      vertex   4.625980e+01 -7.039000e+00 -4.241863e+01
      vertex   4.625846e+01 -5.539000e+00 -4.241962e+01
      vertex   4.662737e+01 -5.539000e+00 -4.211876e+01
    endloop
  endfacet
  facet normal 6.323443e-01 -8.581796e-05 -7.746875e-01
    outer loop
      vertex   4.625980e+01 -7.039000e+00 -4.241863e+01
      vertex   4.662737e+01 -5.539000e+00 -4.211876e+01
      vertex   4.662938e+01 -7.039000e+00 -4.211695e+01
    endloop
  endfacet
  facet normal 7.029087e-01 8.551172e-05 -7.112801e-01
    outer loop
      vertex   4.662938e+01 -7.039000e+00 -4.211695e+01
      vertex   4.662737e+01 -5.539000e+00 -4.211876e+01
      vertex   4.696666e+01 -5.539000e+00 -4.178347e+01
    endloop
  endfacet
  facet normal 7.032685e-01 -7.447108e-05 -7.109243e-01
    outer loop
      vertex   4.662938e+01 -7.039000e+00 -4.211695e+01
      vertex   4.696666e+01 -5.539000e+00 -4.178347e+01
      vertex   4.696825e+01 -7.039000e+00 -4.178173e+01
    endloop
  endfacet
  facet normal 7.674152e-01 7.461152e-05 -6.411505e-01
    outer loop
      vertex   4.696825e+01 -7.039000e+00 -4.178173e+01
      vertex   4.696666e+01 -5.539000e+00 -4.178347e+01
      vertex   4.727172e+01 -5.539000e+00 -4.141832e+01
    endloop
  endfacet
  facet normal 7.678045e-01 -1.171258e-04 -6.406842e-01
    outer loop
      vertex   4.696825e+01 -7.039000e+00 -4.178173e+01
      vertex   4.727172e+01 -5.539000e+00 -4.141832e+01
      vertex   4.727399e+01 -7.039000e+00 -4.141533e+01
    endloop
  endfacet
  facet normal 8.248563e-01 1.191141e-04 -5.653424e-01
    outer loop
      vertex   4.727399e+01 -7.039000e+00 -4.141533e+01
      vertex   4.727172e+01 -5.539000e+00 -4.141832e+01
      vertex   4.754046e+01 -5.539000e+00 -4.102623e+01
    endloop
  endfacet
  facet normal 8.253345e-01 -1.469895e-04 -5.646441e-01
    outer loop
      vertex   4.727399e+01 -7.039000e+00 -4.141533e+01
      vertex   4.754046e+01 -5.539000e+00 -4.102623e+01
      vertex   4.754292e+01 -7.039000e+00 -4.102225e+01
    endloop
  endfacet
  facet normal 8.748417e-01 1.473931e-04 -4.844089e-01
    outer loop
      vertex   4.754292e+01 -7.039000e+00 -4.102225e+01
      vertex   4.754046e+01 -5.539000e+00 -4.102623e+01
      vertex   4.777100e+01 -5.539000e+00 -4.060986e+01
    endloop
  endfacet
  facet normal 8.752739e-01 -1.331870e-04 -4.836274e-01
    outer loop
      vertex   4.754292e+01 -7.039000e+00 -4.102225e+01
      vertex   4.777100e+01 -5.539000e+00 -4.060986e+01
      vertex   4.777286e+01 -7.039000e+00 -4.060610e+01
    endloop
  endfacet
  facet normal 9.169805e-01 1.311212e-04 -3.989320e-01
    outer loop
      vertex   4.777286e+01 -7.039000e+00 -4.060610e+01
      vertex   4.777100e+01 -5.539000e+00 -4.060986e+01
      vertex   4.796131e+01 -5.539000e+00 -4.017244e+01
    endloop
  endfacet
  facet normal 9.172603e-01 -9.018427e-05 -3.982882e-01
    outer loop
      vertex   4.777286e+01 -7.039000e+00 -4.060610e+01
      vertex   4.796131e+01 -5.539000e+00 -4.017244e+01
      vertex   4.796232e+01 -7.039000e+00 -4.016977e+01
    endloop
  endfacet
  facet normal 9.507904e-01 8.973200e-05 -3.098347e-01
    outer loop
      vertex   4.796232e+01 -7.039000e+00 -4.016977e+01
      vertex   4.796131e+01 -5.539000e+00 -4.017244e+01
      vertex   4.810876e+01 -5.539000e+00 -3.971995e+01
    endloop
  endfacet
  facet normal 9.509971e-01 -1.207819e-04 -3.091999e-01
    outer loop
      vertex   4.796232e+01 -7.039000e+00 -4.016977e+01
      vertex   4.810876e+01 -5.539000e+00 -3.971995e+01
      vertex   4.810978e+01 -7.039000e+00 -3.971622e+01
    endloop
  endfacet
  facet normal 9.759277e-01 1.226903e-04 -2.180942e-01
    outer loop
      vertex   4.810978e+01 -7.039000e+00 -3.971622e+01
      vertex   4.810876e+01 -5.539000e+00 -3.971995e+01
      vertex   4.821243e+01 -5.539000e+00 -3.925605e+01
    endloop
  endfacet
  facet normal 9.761196e-01 -1.544080e-04 -2.172337e-01
    outer loop
      vertex   4.810978e+01 -7.039000e+00 -3.971622e+01
      vertex   4.821243e+01 -5.539000e+00 -3.925605e+01
      vertex   4.821327e+01 -7.039000e+00 -3.925120e+01
    endloop
  endfacet
  facet normal 9.922337e-01 1.550952e-04 -1.243875e-01
    outer loop
      vertex   4.821327e+01 -7.039000e+00 -3.925120e+01
      vertex   4.821243e+01 -5.539000e+00 -3.925605e+01
      vertex   4.827162e+01 -5.539000e+00 -3.878391e+01
    endloop
  endfacet
  facet normal 9.923520e-01 -1.446390e-04 -1.234402e-01
    outer loop
      vertex   4.821327e+01 -7.039000e+00 -3.925120e+01
      vertex   4.827162e+01 -5.539000e+00 -3.878391e+01
      vertex   4.827196e+01 -7.039000e+00 -3.877935e+01
    endloop
  endfacet
  facet normal 9.995685e-01 1.426615e-04 -2.937502e-02
    outer loop
      vertex   4.827196e+01 -7.039000e+00 -3.877935e+01
      vertex   4.827162e+01 -5.539000e+00 -3.878391e+01
      vertex   4.828563e+01 -5.539000e+00 -3.830703e+01
    endloop
  endfacet
  facet normal 9.995906e-01 -9.813609e-05 -2.861094e-02
    outer loop
      vertex   4.827196e+01 -7.039000e+00 -3.877935e+01
      vertex   4.828563e+01 -5.539000e+00 -3.830703e+01
      vertex   4.828557e+01 -7.039000e+00 -3.830393e+01
    endloop
  endfacet
  facet normal 9.978205e-01 9.745363e-05 6.598717e-02
    outer loop
      vertex   4.828557e+01 -7.039000e+00 -3.830393e+01
      vertex   4.828563e+01 -5.539000e+00 -3.830703e+01
      vertex   4.825418e+01 -5.539000e+00 -3.783138e+01
    endloop
  endfacet
  facet normal 9.977787e-01 -1.016580e-04 6.661643e-02
    outer loop
      vertex   4.828557e+01 -7.039000e+00 -3.830393e+01
      vertex   4.825418e+01 -5.539000e+00 -3.783138e+01
      vertex   4.825381e+01 -7.039000e+00 -3.782818e+01
    endloop
  endfacet
  facet normal 9.870007e-01 1.018962e-04 1.607157e-01
    outer loop
      vertex   4.825381e+01 -7.039000e+00 -3.782818e+01
      vertex   4.825418e+01 -5.539000e+00 -3.783138e+01
      vertex   4.817755e+01 -5.539000e+00 -3.736081e+01
    endloop
  endfacet
  facet normal 9.869002e-01 -9.530521e-05 1.613322e-01
    outer loop
      vertex   4.825381e+01 -7.039000e+00 -3.782818e+01
      vertex   4.817755e+01 -5.539000e+00 -3.736081e+01
      vertex   4.817693e+01 -7.039000e+00 -3.735788e+01
    endloop
  endfacet
  facet normal 9.671960e-01 9.410144e-05 2.540312e-01
    outer loop
      vertex   4.817693e+01 -7.039000e+00 -3.735788e+01
      vertex   4.817755e+01 -5.539000e+00 -3.736081e+01
      vertex   4.805634e+01 -5.539000e+00 -3.689929e+01
    endloop
  endfacet
  facet normal 9.670851e-01 -4.376124e-05 2.544530e-01
    outer loop
      vertex   4.817693e+01 -7.039000e+00 -3.735788e+01
      vertex   4.805634e+01 -5.539000e+00 -3.689929e+01
      vertex   4.805593e+01 -7.039000e+00 -3.689801e+01
    endloop
  endfacet
  facet normal 9.385956e-01 4.113549e-05 3.450194e-01
    outer loop
      vertex   4.805593e+01 -7.039000e+00 -3.689801e+01
      vertex   4.805634e+01 -5.539000e+00 -3.689929e+01
      vertex   4.789190e+01 -5.539000e+00 -3.645196e+01
    endloop
  endfacet
  facet normal 9.385397e-01 -1.014891e-05 3.451713e-01
    outer loop
      vertex   4.805593e+01 -7.039000e+00 -3.689801e+01
      vertex   4.789190e+01 -5.539000e+00 -3.645196e+01
      vertex   4.789178e+01 -7.039000e+00 -3.645168e+01
    endloop
  endfacet
  facet normal 9.014653e-01 9.227510e-06 4.328514e-01
    outer loop
      vertex   4.789178e+01 -7.039000e+00 -3.645168e+01
      vertex   4.789190e+01 -5.539000e+00 -3.645196e+01
      vertex   4.768544e+01 -5.539000e+00 -3.602198e+01
    endloop
  endfacet
  facet normal 9.014527e-01 1.008653e-09 4.328776e-01
    outer loop
      vertex   4.789178e+01 -7.039000e+00 -3.645168e+01
      vertex   4.768544e+01 -5.539000e+00 -3.602198e+01
      vertex   4.768544e+01 -7.039000e+00 -3.602198e+01
    endloop
  endfacet
  facet normal 4.447875e-01 1.789748e-08 -8.956361e-01
    outer loop
      vertex   4.586319e+01 -7.039000e+00 -4.268368e+01
      vertex   4.514324e+01 -7.041046e+00 -4.304122e+01
      vertex   4.514324e+01 -5.541091e+00 -4.304122e+01
    endloop
  endfacet
  facet normal -5.692829e-01 -8.628457e-09 -8.221417e-01
    outer loop
      vertex   -4.415353e+01 -5.539001e+00 -4.268368e+01
      vertex   -4.415353e+01 -7.039001e+00 -4.268368e+01
      vertex   -4.415364e+01 -5.539000e+00 -4.268361e+01
    endloop
  endfacet
  facet normal -5.316281e-01 3.873536e-06 -8.469779e-01
    outer loop
      vertex   -4.415364e+01 -5.539000e+00 -4.268361e+01
      vertex   -4.415353e+01 -7.039001e+00 -4.268368e+01
      vertex   -4.453560e+01 -7.036981e+00 -4.244387e+01
    endloop
  endfacet
  facet normal -5.316107e-01 -2.344703e-06 -8.469889e-01
    outer loop
      vertex   -4.415364e+01 -5.539000e+00 -4.268361e+01
      vertex   -4.453560e+01 -7.036981e+00 -4.244387e+01
      vertex   -4.453567e+01 -5.539000e+00 -4.244383e+01
    endloop
  endfacet
  facet normal -4.530317e-01 2.258183e-06 -8.914944e-01
    outer loop
      vertex   -4.453567e+01 -5.539000e+00 -4.244383e+01
      vertex   -4.453560e+01 -7.036981e+00 -4.244387e+01
      vertex   -4.493871e+01 -7.035256e+00 -4.223902e+01
    endloop
  endfacet
  facet normal -4.530250e-01 -1.085195e-09 -8.914978e-01
    outer loop
      vertex   -4.453567e+01 -5.539000e+00 -4.244383e+01
      vertex   -4.493871e+01 -7.035256e+00 -4.223902e+01
      vertex   -4.493871e+01 -5.539000e+00 -4.223902e+01
    endloop
  endfacet
  facet normal -6.177371e-01 -9.361502e-09 -7.863847e-01
    outer loop
      vertex   -4.415353e+01 -7.039001e+00 -4.268368e+01
      vertex   -4.415353e+01 -5.539001e+00 -4.268368e+01
      vertex   -4.368029e+01 -7.041095e+00 -4.305543e+01
    endloop
  endfacet
  facet normal -6.178863e-01 -7.600111e-05 -7.862675e-01
    outer loop
      vertex   -4.368029e+01 -7.041095e+00 -4.305543e+01
      vertex   -4.415353e+01 -5.539001e+00 -4.268368e+01
      vertex   -4.367888e+01 -5.541141e+00 -4.305669e+01
    endloop
  endfacet
  facet normal -7.078604e-01 7.550094e-05 -7.063524e-01
    outer loop
      vertex   -4.368029e+01 -7.041095e+00 -4.305543e+01
      vertex   -4.367888e+01 -5.541141e+00 -4.305669e+01
      vertex   -4.325401e+01 -7.040987e+00 -4.348262e+01
    endloop
  endfacet
  facet normal -7.080818e-01 -5.027681e-05 -7.061304e-01
    outer loop
      vertex   -4.325401e+01 -7.040987e+00 -4.348262e+01
      vertex   -4.367888e+01 -5.541141e+00 -4.305669e+01
      vertex   -4.325322e+01 -5.541059e+00 -4.348353e+01
    endloop
  endfacet
  facet normal -7.877590e-01 4.684864e-05 -6.159836e-01
    outer loop
      vertex   -4.325401e+01 -7.040987e+00 -4.348262e+01
      vertex   -4.325322e+01 -5.541059e+00 -4.348353e+01
      vertex   -4.288274e+01 -7.037525e+00 -4.395743e+01
    endloop
  endfacet
  facet normal -7.878402e-01 -6.137524e-06 -6.158797e-01
    outer loop
      vertex   -4.288274e+01 -7.037525e+00 -4.395743e+01
      vertex   -4.325322e+01 -5.541059e+00 -4.348353e+01
      vertex   -4.288266e+01 -5.537493e+00 -4.395754e+01
    endloop
  endfacet
  facet normal -8.561285e-01 4.978431e-06 -5.167630e-01
    outer loop
      vertex   -4.288274e+01 -7.037525e+00 -4.395743e+01
      vertex   -4.288266e+01 -5.537493e+00 -4.395754e+01
      vertex   -4.257151e+01 -7.029400e+00 -4.447305e+01
    endloop
  endfacet
  facet normal -8.561618e-01 -2.102730e-05 -5.167079e-01
    outer loop
      vertex   -4.257151e+01 -7.029400e+00 -4.447305e+01
      vertex   -4.288266e+01 -5.537493e+00 -4.395754e+01
      vertex   -4.257126e+01 -5.529113e+00 -4.447352e+01
    endloop
  endfacet
  facet normal -9.121049e-01 2.206012e-05 -4.099570e-01
    outer loop
      vertex   -4.257151e+01 -7.029400e+00 -4.447305e+01
      vertex   -4.257126e+01 -5.529113e+00 -4.447352e+01
      vertex   -4.232407e+01 -7.015281e+00 -4.502357e+01
    endloop
  endfacet
  facet normal -9.121498e-01 -2.242099e-05 -4.098570e-01
    outer loop
      vertex   -4.232407e+01 -7.015281e+00 -4.502357e+01
      vertex   -4.257126e+01 -5.529113e+00 -4.447352e+01
      vertex   -4.232388e+01 -5.514573e+00 -4.502408e+01
    endloop
  endfacet
  facet normal -9.548445e-01 2.164762e-05 -2.971059e-01
    outer loop
      vertex   -4.232407e+01 -7.015281e+00 -4.502357e+01
      vertex   -4.232388e+01 -5.514573e+00 -4.502408e+01
      vertex   -4.214487e+01 -6.993856e+00 -4.559948e+01
    endloop
  endfacet
  facet normal -9.548738e-01 -1.850458e-05 -2.970118e-01
    outer loop
      vertex   -4.214487e+01 -6.993856e+00 -4.559948e+01
      vertex   -4.232388e+01 -5.514573e+00 -4.502408e+01
      vertex   -4.214476e+01 -5.492414e+00 -4.559992e+01
    endloop
  endfacet
  facet normal -9.836736e-01 1.857582e-05 -1.799616e-01
    outer loop
      vertex   -4.214487e+01 -6.993856e+00 -4.559948e+01
      vertex   -4.214476e+01 -5.492414e+00 -4.559992e+01
      vertex   -4.203631e+01 -6.963784e+00 -4.619289e+01
    endloop
  endfacet
  facet normal -9.836866e-01 -1.100007e-05 -1.798905e-01
    outer loop
      vertex   -4.203631e+01 -6.963784e+00 -4.619289e+01
      vertex   -4.214476e+01 -5.492414e+00 -4.559992e+01
      vertex   -4.203628e+01 -5.461188e+00 -4.619315e+01
    endloop
  endfacet
  facet normal -9.981830e-01 1.024314e-05 -6.025525e-02
    outer loop
      vertex   -4.203631e+01 -6.963784e+00 -4.619289e+01
      vertex   -4.203628e+01 -5.461188e+00 -4.619315e+01
      vertex   -4.200000e+01 -6.923893e+00 -4.679435e+01
    endloop
  endfacet
  facet normal -9.981845e-01 1.065027e-09 -6.023043e-02
    outer loop
      vertex   -4.200000e+01 -6.923893e+00 -4.679435e+01
      vertex   -4.203628e+01 -5.461188e+00 -4.619315e+01
      vertex   -4.200000e+01 -5.419536e+00 -4.679435e+01
    endloop
  endfacet
  facet normal -4.122582e-01 -0.000000e+00 -9.110671e-01
    outer loop
      vertex   -4.493871e+01 -7.035256e+00 -4.223902e+01
      vertex   -4.493871e+01 -7.039000e+00 -4.223902e+01
      vertex   -4.493871e+01 -5.539000e+00 -4.223902e+01
    endloop
  endfacet
  facet normal -4.597681e-01 -1.263727e-09 -8.880390e-01
    outer loop
      vertex   -4.493871e+01 -5.539000e+00 -4.223902e+01
      vertex   -4.493871e+01 -7.039000e+00 -4.223902e+01
      vertex   -4.540741e+01 -7.039000e+00 -4.199636e+01
    endloop
  endfacet
  facet normal -4.876371e-01 1.114494e-02 -8.729753e-01
    outer loop
      vertex   -4.493871e+01 -5.539000e+00 -4.223902e+01
      vertex   -4.540741e+01 -7.039000e+00 -4.199636e+01
      vertex   -4.567541e+01 -5.539000e+00 -4.182750e+01
    endloop
  endfacet
  facet normal -5.508094e-01 -4.459948e-03 -8.346191e-01
    outer loop
      vertex   -4.567541e+01 -5.539000e+00 -4.182750e+01
      vertex   -4.540741e+01 -7.039000e+00 -4.199636e+01
      vertex   -4.584791e+01 -7.039000e+00 -4.170565e+01
    endloop
  endfacet
  facet normal -6.275122e-01 8.915155e-03 -7.785557e-01
    outer loop
      vertex   -4.567541e+01 -5.539000e+00 -4.182750e+01
      vertex   -4.584791e+01 -7.039000e+00 -4.170565e+01
      vertex   -4.633242e+01 -5.539000e+00 -4.129796e+01
    endloop
  endfacet
  facet normal -6.357180e-01 4.457961e-03 -7.719085e-01
    outer loop
      vertex   -4.633242e+01 -5.539000e+00 -4.129796e+01
      vertex   -4.584791e+01 -7.039000e+00 -4.170565e+01
      vertex   -4.625532e+01 -7.039000e+00 -4.137012e+01
    endloop
  endfacet
  facet normal -7.135472e-01 -2.973095e-03 -7.006009e-01
    outer loop
      vertex   -4.633242e+01 -5.539000e+00 -4.129796e+01
      vertex   -4.625532e+01 -7.039000e+00 -4.137012e+01
      vertex   -4.662508e+01 -7.039000e+00 -4.099352e+01
    endloop
  endfacet
  facet normal -3.633486e-01 -0.000000e+00 -9.316533e-01
    outer loop
      vertex   -4.493871e+01 -7.035256e+00 -4.223902e+01
      vertex   -4.444450e+01 -7.036879e+00 -4.243176e+01
      vertex   -4.493871e+01 -7.039000e+00 -4.223902e+01
    endloop
  endfacet
  facet normal -3.632836e-01 -1.126213e-02 -9.316105e-01
    outer loop
      vertex   -4.493871e+01 -7.039000e+00 -4.223902e+01
      vertex   -4.444450e+01 -7.036879e+00 -4.243176e+01
      vertex   -4.444407e+01 -7.039000e+00 -4.243190e+01
    endloop
  endfacet
  facet normal -2.624575e-01 1.123801e-02 -9.648781e-01
    outer loop
      vertex   -4.444407e+01 -7.039000e+00 -4.243190e+01
      vertex   -4.444450e+01 -7.036879e+00 -4.243176e+01
      vertex   -4.393161e+01 -7.038054e+00 -4.257129e+01
    endloop
  endfacet
  facet normal -2.624594e-01 9.317642e-03 -9.648981e-01
    outer loop
      vertex   -4.444407e+01 -7.039000e+00 -4.243190e+01
      vertex   -4.393161e+01 -7.038054e+00 -4.257129e+01
      vertex   -4.393177e+01 -7.039000e+00 -4.257125e+01
    endloop
  endfacet
  facet normal -1.586687e-01 -9.312064e-03 -9.872880e-01
    outer loop
      vertex   -4.393177e+01 -7.039000e+00 -4.257125e+01
      vertex   -4.393161e+01 -7.038054e+00 -4.257129e+01
      vertex   -4.340759e+01 -7.039000e+00 -4.265549e+01
    endloop
  endfacet
  facet normal -1.566229e-01 1.491146e-01 -9.763371e-01
    outer loop
      vertex   -4.340759e+01 -7.039000e+00 -4.265549e+01
      vertex   -4.393161e+01 -7.038054e+00 -4.257129e+01
      vertex   -4.340691e+01 -7.038764e+00 -4.265557e+01
    endloop
  endfacet
  facet normal -5.248772e-02 -1.503721e-01 -9.872352e-01
    outer loop
      vertex   -4.340759e+01 -7.039000e+00 -4.265549e+01
      vertex   -4.340691e+01 -7.038764e+00 -4.265557e+01
      vertex   -4.287742e+01 -7.039000e+00 -4.268368e+01
    endloop
  endfacet
  facet normal -7.494797e-01 1.188827e-02 -6.619205e-01
    outer loop
      vertex   -4.633242e+01 -5.539000e+00 -4.129796e+01
      vertex   -4.662508e+01 -7.039000e+00 -4.099352e+01
      vertex   -4.689102e+01 -5.539000e+00 -4.066547e+01
    endloop
  endfacet
  facet normal -7.834223e-01 -2.973094e-03 -6.214827e-01
    outer loop
      vertex   -4.689102e+01 -5.539000e+00 -4.066547e+01
      vertex   -4.662508e+01 -7.039000e+00 -4.099352e+01
      vertex   -4.695310e+01 -7.039000e+00 -4.058004e+01
    endloop
  endfacet
  facet normal -8.445636e-01 4.457958e-03 -5.354368e-01
    outer loop
      vertex   -4.689102e+01 -5.539000e+00 -4.066547e+01
      vertex   -4.695310e+01 -7.039000e+00 -4.058004e+01
      vertex   -4.723569e+01 -7.039000e+00 -4.013428e+01
    endloop
  endfacet
  facet normal -8.501456e-01 8.915156e-03 -5.264722e-01
    outer loop
      vertex   -4.689102e+01 -5.539000e+00 -4.066547e+01
      vertex   -4.723569e+01 -7.039000e+00 -4.013428e+01
      vertex   -4.733530e+01 -5.539000e+00 -3.994805e+01
    endloop
  endfacet
  facet normal -8.962988e-01 -4.459949e-03 -4.434283e-01
    outer loop
      vertex   -4.733530e+01 -5.539000e+00 -3.994805e+01
      vertex   -4.723569e+01 -7.039000e+00 -4.013428e+01
      vertex   -4.746973e+01 -7.039000e+00 -3.966122e+01
    endloop
  endfacet
  facet normal -9.265528e-01 1.114494e-02 -3.759996e-01
    outer loop
      vertex   -4.733530e+01 -5.539000e+00 -3.994805e+01
      vertex   -4.746973e+01 -7.039000e+00 -3.966122e+01
      vertex   -4.765260e+01 -5.539000e+00 -3.916613e+01
    endloop
  endfacet
  facet normal -9.380565e-01 6.318767e-10 -3.464824e-01
    outer loop
      vertex   -4.765260e+01 -5.539000e+00 -3.916613e+01
      vertex   -4.746973e+01 -7.039000e+00 -3.966122e+01
      vertex   -4.765260e+01 -7.039000e+00 -3.916613e+01
    endloop
  endfacet
  facet normal -9.693531e-01 -6.318591e-10 -2.456715e-01
    outer loop
      vertex   -4.765260e+01 -5.539000e+00 -3.916613e+01
      vertex   -4.765260e+01 -7.039000e+00 -3.916613e+01
      vertex   -4.778226e+01 -7.039000e+00 -3.865452e+01
    endloop
  endfacet
  facet normal -9.765881e-01 1.114494e-02 -2.148291e-01
    outer loop
      vertex   -4.765260e+01 -5.539000e+00 -3.916613e+01
      vertex   -4.778226e+01 -7.039000e+00 -3.865452e+01
      vertex   -4.783389e+01 -5.539000e+00 -3.834199e+01
    endloop
  endfacet
  facet normal -9.898391e-01 -4.459949e-03 -1.421219e-01
    outer loop
      vertex   -4.783389e+01 -5.539000e+00 -3.834199e+01
      vertex   -4.778226e+01 -7.039000e+00 -3.865452e+01
      vertex   -4.785727e+01 -7.039000e+00 -3.813209e+01
    endloop
  endfacet
  facet normal -9.988295e-01 8.915155e-03 -4.754070e-02
    outer loop
      vertex   -4.783389e+01 -5.539000e+00 -3.834199e+01
      vertex   -4.785727e+01 -7.039000e+00 -3.813209e+01
      vertex   -4.787401e+01 -5.539000e+00 -3.749910e+01
    endloop
  endfacet
  facet normal -9.993057e-01 4.457960e-03 -3.699109e-02
    outer loop
      vertex   -4.787401e+01 -5.539000e+00 -3.749910e+01
      vertex   -4.785727e+01 -7.039000e+00 -3.813209e+01
      vertex   -4.787680e+01 -7.039000e+00 -3.760467e+01
    endloop
  endfacet
  facet normal -9.976431e-01 -2.973095e-03 6.855223e-02
    outer loop
      vertex   -4.787401e+01 -5.539000e+00 -3.749910e+01
      vertex   -4.787680e+01 -7.039000e+00 -3.760467e+01
      vertex   -4.784062e+01 -7.039000e+00 -3.707812e+01
    endloop
  endfacet
  facet normal -9.925688e-01 1.188827e-02 1.211029e-01
    outer loop
      vertex   -4.787401e+01 -5.539000e+00 -3.749910e+01
      vertex   -4.784062e+01 -7.039000e+00 -3.707812e+01
      vertex   -4.777181e+01 -5.539000e+00 -3.666147e+01
    endloop
  endfacet
  facet normal -9.848590e-01 -2.973094e-03 1.733319e-01
    outer loop
      vertex   -4.777181e+01 -5.539000e+00 -3.666147e+01
      vertex   -4.784062e+01 -7.039000e+00 -3.707812e+01
      vertex   -4.774913e+01 -7.039000e+00 -3.655833e+01
    endloop
  endfacet
  facet normal -9.610959e-01 4.457959e-03 2.761788e-01
    outer loop
      vertex   -4.777181e+01 -5.539000e+00 -3.666147e+01
      vertex   -4.774913e+01 -7.039000e+00 -3.655833e+01
      vertex   -4.760337e+01 -7.039000e+00 -3.605107e+01
    endloop
  endfacet
  facet normal -9.580972e-01 8.915156e-03 2.863044e-01
    outer loop
      vertex   -4.777181e+01 -5.539000e+00 -3.666147e+01
      vertex   -4.760337e+01 -7.039000e+00 -3.605107e+01
      vertex   -4.753021e+01 -5.539000e+00 -3.585295e+01
    endloop
  endfacet
  facet normal -9.266295e-01 -4.459949e-03 3.759493e-01
    outer loop
      vertex   -4.753021e+01 -5.539000e+00 -3.585295e+01
      vertex   -4.760337e+01 -7.039000e+00 -3.605107e+01
      vertex   -4.740495e+01 -7.039000e+00 -3.556200e+01
    endloop
  endfacet
  facet normal -8.962855e-01 1.114494e-02 4.433375e-01
    outer loop
      vertex   -4.753021e+01 -5.539000e+00 -3.585295e+01
      vertex   -4.740495e+01 -7.039000e+00 -3.556200e+01
      vertex   -4.715608e+01 -5.539000e+00 -3.509658e+01
    endloop
  endfacet
  facet normal -8.818470e-01 2.233641e-15 4.715356e-01
    outer loop
      vertex   -4.715608e+01 -5.539000e+00 -3.509658e+01
      vertex   -4.740495e+01 -7.039000e+00 -3.556200e+01
      vertex   -4.715608e+01 -7.039000e+00 -3.509658e+01
    endloop
  endfacet
  facet normal 4.352751e-01 1.768602e-08 -9.002975e-01
    outer loop
      vertex   4.514324e+01 -7.041046e+00 -4.304122e+01
      vertex   4.451444e+01 -7.041338e+00 -4.334523e+01
      vertex   4.514324e+01 -5.541091e+00 -4.304122e+01
    endloop
  endfacet
  facet normal 4.387217e-01 -1.784174e-03 -8.986212e-01
    outer loop
      vertex   4.514324e+01 -5.541091e+00 -4.304122e+01
      vertex   4.451444e+01 -7.041338e+00 -4.334523e+01
      vertex   4.448148e+01 -5.541361e+00 -4.336430e+01
    endloop
  endfacet
  facet normal 5.575570e-01 1.698594e-03 -8.301369e-01
    outer loop
      vertex   4.448148e+01 -5.541361e+00 -4.336430e+01
      vertex   4.451444e+01 -7.041338e+00 -4.334523e+01
      vertex   4.392428e+01 -7.039543e+00 -4.374160e+01
    endloop
  endfacet
  facet normal 5.659620e-01 -2.865501e-03 -8.244263e-01
    outer loop
      vertex   4.448148e+01 -5.541361e+00 -4.336430e+01
      vertex   4.392428e+01 -7.039543e+00 -4.374160e+01
      vertex   4.387420e+01 -5.539291e+00 -4.378120e+01
    endloop
  endfacet
  facet normal 6.703906e-01 2.796469e-03 -7.420031e-01
    outer loop
      vertex   4.387420e+01 -5.539291e+00 -4.378120e+01
      vertex   4.392428e+01 -7.039543e+00 -4.374160e+01
      vertex   4.338918e+01 -7.033966e+00 -4.422504e+01
    endloop
  endfacet
  facet normal 6.810983e-01 -3.594112e-03 -7.321831e-01
    outer loop
      vertex   4.387420e+01 -5.539291e+00 -4.378120e+01
      vertex   4.338918e+01 -7.033966e+00 -4.422504e+01
      vertex   4.333314e+01 -5.532740e+00 -4.428454e+01
    endloop
  endfacet
  facet normal 7.708198e-01 3.525951e-03 -6.370435e-01
    outer loop
      vertex   4.333314e+01 -5.532740e+00 -4.428454e+01
      vertex   4.338918e+01 -7.033966e+00 -4.422504e+01
      vertex   4.292352e+01 -7.022073e+00 -4.478842e+01
    endloop
  endfacet
  facet normal 7.817848e-01 -4.060046e-03 -6.235351e-01
    outer loop
      vertex   4.333314e+01 -5.532740e+00 -4.428454e+01
      vertex   4.292352e+01 -7.022073e+00 -4.478842e+01
      vertex   4.287011e+01 -5.519425e+00 -4.486518e+01
    endloop
  endfacet
  facet normal 8.562149e-01 4.048398e-03 -5.166040e-01
    outer loop
      vertex   4.287011e+01 -5.519425e+00 -4.486518e+01
      vertex   4.292352e+01 -7.022073e+00 -4.478842e+01
      vertex   4.253870e+01 -7.001081e+00 -4.542605e+01
    endloop
  endfacet
  facet normal 8.655563e-01 -4.025174e-03 -5.007955e-01
    outer loop
      vertex   4.287011e+01 -5.519425e+00 -4.486518e+01
      vertex   4.253870e+01 -7.001081e+00 -4.542605e+01
      vertex   4.249761e+01 -5.496421e+00 -4.550916e+01
    endloop
  endfacet
  facet normal 9.240723e-01 4.123786e-03 -3.821954e-01
    outer loop
      vertex   4.249761e+01 -5.496421e+00 -4.550916e+01
      vertex   4.253870e+01 -7.001081e+00 -4.542605e+01
      vertex   4.224793e+01 -6.967467e+00 -4.612872e+01
    endloop
  endfacet
  facet normal 9.303995e-01 -3.547887e-03 -3.665300e-01
    outer loop
      vertex   4.249761e+01 -5.496421e+00 -4.550916e+01
      vertex   4.224793e+01 -6.967467e+00 -4.612872e+01
      vertex   4.222375e+01 -5.460499e+00 -4.620469e+01
    endloop
  endfacet
  facet normal 9.718102e-01 3.710692e-03 -2.357354e-01
    outer loop
      vertex   4.222375e+01 -5.460499e+00 -4.620469e+01
      vertex   4.224793e+01 -6.967467e+00 -4.612872e+01
      vertex   4.206401e+01 -6.916899e+00 -4.688613e+01
    endloop
  endfacet
  facet normal 9.746907e-01 -2.308735e-03 -2.235457e-01
    outer loop
      vertex   4.222375e+01 -5.460499e+00 -4.620469e+01
      vertex   4.206401e+01 -6.916899e+00 -4.688613e+01
      vertex   4.205636e+01 -5.408157e+00 -4.693508e+01
    endloop
  endfacet
  facet normal 9.968096e-01 2.467649e-03 -7.977851e-02
    outer loop
      vertex   4.205636e+01 -5.408157e+00 -4.693508e+01
      vertex   4.206401e+01 -6.916899e+00 -4.688613e+01
      vertex   4.200000e+01 -6.844376e+00 -4.768368e+01
    endloop
  endfacet
  facet normal 9.971781e-01 2.740791e-10 -7.507198e-02
    outer loop
      vertex   4.205636e+01 -5.408157e+00 -4.693508e+01
      vertex   4.200000e+01 -6.844376e+00 -4.768368e+01
      vertex   4.200000e+01 -5.335667e+00 -4.768368e+01
    endloop
  endfacet
  facet normal 4.840184e-07 -9.999645e-01 8.420464e-03
    outer loop
      vertex   -4.287742e+01 -7.039000e+00 -4.268368e+01
      vertex   -4.340691e+01 -7.038764e+00 -4.265557e+01
      vertex   -4.415353e+01 -7.039001e+00 -4.268368e+01
    endloop
  endfacet
  facet normal 4.526745e-07 -9.999645e-01 8.421297e-03
    outer loop
      vertex   -4.415353e+01 -7.039001e+00 -4.268368e+01
      vertex   -4.340691e+01 -7.038764e+00 -4.265557e+01
      vertex   -4.393161e+01 -7.038054e+00 -4.257129e+01
    endloop
  endfacet
  facet normal 4.370887e-08 -9.999645e-01 8.422104e-03
    outer loop
      vertex   -4.415353e+01 -7.039001e+00 -4.268368e+01
      vertex   -4.393161e+01 -7.038054e+00 -4.257129e+01
      vertex   -4.453560e+01 -7.036981e+00 -4.244387e+01
    endloop
  endfacet
  facet normal 4.365771e-08 -9.999645e-01 8.422104e-03
    outer loop
      vertex   -4.453560e+01 -7.036981e+00 -4.244387e+01
      vertex   -4.393161e+01 -7.038054e+00 -4.257129e+01
      vertex   -4.444450e+01 -7.036879e+00 -4.243176e+01
    endloop
  endfacet
  facet normal 4.364006e-08 -9.999645e-01 8.422104e-03
    outer loop
      vertex   -4.453560e+01 -7.036981e+00 -4.244387e+01
      vertex   -4.444450e+01 -7.036879e+00 -4.243176e+01
      vertex   -4.493871e+01 -7.035256e+00 -4.223902e+01
    endloop
  endfacet
  facet normal -9.323935e-01 4.280366e-16 3.614448e-01
    outer loop
      vertex   1.479157e+01 -7.039000e+00 -9.428572e+00
      vertex   1.479157e+01 -5.539000e+00 -9.428572e+00
      vertex   1.450249e+01 -7.039000e+00 -1.017430e+01
    endloop
  endfacet
  facet normal -9.323935e-01 -6.761391e-16 3.614448e-01
    outer loop
      vertex   1.450249e+01 -7.039000e+00 -1.017430e+01
      vertex   1.479157e+01 -5.539000e+00 -9.428572e+00
      vertex   1.450249e+01 -5.539000e+00 -1.017430e+01
    endloop
  endfacet
  facet normal -8.628336e-01 -4.231820e-16 5.054881e-01
    outer loop
      vertex   1.450249e+01 -7.039000e+00 -1.017430e+01
      vertex   1.450249e+01 -5.539000e+00 -1.017430e+01
      vertex   1.409820e+01 -7.039000e+00 -1.086439e+01
    endloop
  endfacet
  facet normal -8.628336e-01 0.000000e+00 5.054881e-01
    outer loop
      vertex   1.409820e+01 -7.039000e+00 -1.086439e+01
      vertex   1.450249e+01 -5.539000e+00 -1.017430e+01
      vertex   1.409820e+01 -5.539000e+00 -1.086439e+01
    endloop
  endfacet
  facet normal -7.711963e-01 0.000000e+00 6.365975e-01
    outer loop
      vertex   1.409820e+01 -7.039000e+00 -1.086439e+01
      vertex   1.409820e+01 -5.539000e+00 -1.086439e+01
      vertex   1.358905e+01 -7.039000e+00 -1.148119e+01
    endloop
  endfacet
  facet normal -7.711963e-01 0.000000e+00 6.365975e-01
    outer loop
      vertex   1.358905e+01 -7.039000e+00 -1.148119e+01
      vertex   1.409820e+01 -5.539000e+00 -1.086439e+01
      vertex   1.358905e+01 -5.539000e+00 -1.148119e+01
    endloop
  endfacet
  facet normal -6.598263e-01 0.000000e+00 7.514181e-01
    outer loop
      vertex   1.358905e+01 -7.039000e+00 -1.148119e+01
      vertex   1.358905e+01 -5.539000e+00 -1.148119e+01
      vertex   1.298807e+01 -7.039000e+00 -1.200892e+01
    endloop
  endfacet
  facet normal -6.598263e-01 0.000000e+00 7.514181e-01
    outer loop
      vertex   1.298807e+01 -7.039000e+00 -1.200892e+01
      vertex   1.358905e+01 -5.539000e+00 -1.148119e+01
      vertex   1.298807e+01 -5.539000e+00 -1.200892e+01
    endloop
  endfacet
  facet normal -5.315734e-01 0.000000e+00 8.470123e-01
    outer loop
      vertex   1.298807e+01 -7.039000e+00 -1.200892e+01
      vertex   1.298807e+01 -5.539000e+00 -1.200892e+01
      vertex   1.231063e+01 -7.039000e+00 -1.243407e+01
    endloop
  endfacet
  facet normal -5.315734e-01 0.000000e+00 8.470123e-01
    outer loop
      vertex   1.231063e+01 -7.039000e+00 -1.243407e+01
      vertex   1.298807e+01 -5.539000e+00 -1.200892e+01
      vertex   1.231063e+01 -5.539000e+00 -1.243407e+01
    endloop
  endfacet
  facet normal -3.897190e-01 0.000000e+00 9.209338e-01
    outer loop
      vertex   1.231063e+01 -7.039000e+00 -1.243407e+01
      vertex   1.231063e+01 -5.539000e+00 -1.243407e+01
      vertex   1.157407e+01 -7.039000e+00 -1.274577e+01
    endloop
  endfacet
  facet normal -3.897190e-01 0.000000e+00 9.209338e-01
    outer loop
      vertex   1.157407e+01 -7.039000e+00 -1.274577e+01
      vertex   1.231063e+01 -5.539000e+00 -1.243407e+01
      vertex   1.157407e+01 -5.539000e+00 -1.274577e+01
    endloop
  endfacet
  facet normal -2.378929e-01 0.000000e+00 9.712914e-01
    outer loop
      vertex   1.157407e+01 -7.039000e+00 -1.274577e+01
      vertex   1.157407e+01 -5.539000e+00 -1.274577e+01
      vertex   1.079724e+01 -7.039000e+00 -1.293603e+01
    endloop
  endfacet
  facet normal -2.378929e-01 0.000000e+00 9.712914e-01
    outer loop
      vertex   1.079724e+01 -7.039000e+00 -1.293603e+01
      vertex   1.157407e+01 -5.539000e+00 -1.274577e+01
      vertex   1.079724e+01 -5.539000e+00 -1.293603e+01
    endloop
  endfacet
  facet normal -7.997977e-02 0.000000e+00 9.967965e-01
    outer loop
      vertex   1.079724e+01 -7.039000e+00 -1.293603e+01
      vertex   1.079724e+01 -5.539000e+00 -1.293603e+01
      vertex   1.000000e+01 -7.039000e+00 -1.300000e+01
    endloop
  endfacet
  facet normal -7.997977e-02 0.000000e+00 9.967965e-01
    outer loop
      vertex   1.000000e+01 -7.039000e+00 -1.300000e+01
      vertex   1.079724e+01 -5.539000e+00 -1.293603e+01
      vertex   1.000000e+01 -5.539000e+00 -1.300000e+01
    endloop
  endfacet
  facet normal 9.323935e-01 4.280366e-16 3.614448e-01
    outer loop
      vertex   -1.479157e+01 -5.539000e+00 -9.428572e+00
      vertex   -1.479157e+01 -7.039000e+00 -9.428572e+00
      vertex   -1.450249e+01 -5.539000e+00 -1.017430e+01
    endloop
  endfacet
  facet normal 9.323935e-01 -6.761391e-16 3.614448e-01
    outer loop
      vertex   -1.450249e+01 -5.539000e+00 -1.017430e+01
      vertex   -1.479157e+01 -7.039000e+00 -9.428572e+00
      vertex   -1.450249e+01 -7.039000e+00 -1.017430e+01
    endloop
  endfacet
  facet normal 8.628336e-01 -4.231820e-16 5.054881e-01
    outer loop
      vertex   -1.450249e+01 -5.539000e+00 -1.017430e+01
      vertex   -1.450249e+01 -7.039000e+00 -1.017430e+01
      vertex   -1.409820e+01 -5.539000e+00 -1.086439e+01
    endloop
  endfacet
  facet normal 8.628336e-01 0.000000e+00 5.054881e-01
    outer loop
      vertex   -1.409820e+01 -5.539000e+00 -1.086439e+01
      vertex   -1.450249e+01 -7.039000e+00 -1.017430e+01
      vertex   -1.409820e+01 -7.039000e+00 -1.086439e+01
    endloop
  endfacet
  facet normal 7.711963e-01 0.000000e+00 6.365975e-01
    outer loop
      vertex   -1.409820e+01 -5.539000e+00 -1.086439e+01
      vertex   -1.409820e+01 -7.039000e+00 -1.086439e+01
      vertex   -1.358905e+01 -5.539000e+00 -1.148119e+01
    endloop
  endfacet
  facet normal 7.711963e-01 0.000000e+00 6.365975e-01
    outer loop
      vertex   -1.358905e+01 -5.539000e+00 -1.148119e+01
      vertex   -1.409820e+01 -7.039000e+00 -1.086439e+01
      vertex   -1.358905e+01 -7.039000e+00 -1.148119e+01
    endloop
  endfacet
  facet normal 6.598263e-01 0.000000e+00 7.514181e-01
    outer loop
      vertex   -1.358905e+01 -5.539000e+00 -1.148119e+01
      vertex   -1.358905e+01 -7.039000e+00 -1.148119e+01
      vertex   -1.298807e+01 -5.539000e+00 -1.200892e+01
    endloop
  endfacet
  facet normal 6.598263e-01 0.000000e+00 7.514181e-01
    outer loop
      vertex   -1.298807e+01 -5.539000e+00 -1.200892e+01
      vertex   -1.358905e+01 -7.039000e+00 -1.148119e+01
      vertex   -1.298807e+01 -7.039000e+00 -1.200892e+01
    endloop
  endfacet
  facet normal 5.315734e-01 0.000000e+00 8.470123e-01
    outer loop
      vertex   -1.298807e+01 -5.539000e+00 -1.200892e+01
      vertex   -1.298807e+01 -7.039000e+00 -1.200892e+01
      vertex   -1.231063e+01 -5.539000e+00 -1.243407e+01
    endloop
  endfacet
  facet normal 5.315734e-01 0.000000e+00 8.470123e-01
    outer loop
      vertex   -1.231063e+01 -5.539000e+00 -1.243407e+01
      vertex   -1.298807e+01 -7.039000e+00 -1.200892e+01
      vertex   -1.231063e+01 -7.039000e+00 -1.243407e+01
    endloop
  endfacet
  facet normal 3.897190e-01 0.000000e+00 9.209338e-01
    outer loop
      vertex   -1.231063e+01 -5.539000e+00 -1.243407e+01
      vertex   -1.231063e+01 -7.039000e+00 -1.243407e+01
      vertex   -1.157407e+01 -5.539000e+00 -1.274577e+01
    endloop
  endfacet
  facet normal 3.897190e-01 0.000000e+00 9.209338e-01
    outer loop
      vertex   -1.157407e+01 -5.539000e+00 -1.274577e+01
      vertex   -1.231063e+01 -7.039000e+00 -1.243407e+01
      vertex   -1.157407e+01 -7.039000e+00 -1.274577e+01
    endloop
  endfacet
  facet normal 2.378929e-01 0.000000e+00 9.712914e-01
    outer loop
      vertex   -1.157407e+01 -5.539000e+00 -1.274577e+01
      vertex   -1.157407e+01 -7.039000e+00 -1.274577e+01
      vertex   -1.079724e+01 -5.539000e+00 -1.293603e+01
    endloop
  endfacet
  facet normal 2.378929e-01 0.000000e+00 9.712914e-01
    outer loop
      vertex   -1.079724e+01 -5.539000e+00 -1.293603e+01
      vertex   -1.157407e+01 -7.039000e+00 -1.274577e+01
      vertex   -1.079724e+01 -7.039000e+00 -1.293603e+01
    endloop
  endfacet
  facet normal 7.997977e-02 0.000000e+00 9.967965e-01
    outer loop
      vertex   -1.079724e+01 -5.539000e+00 -1.293603e+01
      vertex   -1.079724e+01 -7.039000e+00 -1.293603e+01
      vertex   -1.000000e+01 -5.539000e+00 -1.300000e+01
    endloop
  endfacet
  facet normal 7.997977e-02 0.000000e+00 9.967965e-01
    outer loop
      vertex   -1.000000e+01 -5.539000e+00 -1.300000e+01
      vertex   -1.079724e+01 -7.039000e+00 -1.293603e+01
      vertex   -1.000000e+01 -7.039000e+00 -1.300000e+01
    endloop
  endfacet
  facet normal 0.000000e+00 0.000000e+00 1.000000e+00
    outer loop
      vertex   1.000000e+01 -5.539000e+00 -1.300000e+01
      vertex   -1.000000e+01 -5.539000e+00 -1.300000e+01
      vertex   1.000000e+01 -7.039000e+00 -1.300000e+01
    endloop
  endfacet
  facet normal 0.000000e+00 0.000000e+00 1.000000e+00
    outer loop
      vertex   1.000000e+01 -7.039000e+00 -1.300000e+01
      vertex   -1.000000e+01 -5.539000e+00 -1.300000e+01
      vertex   -1.000000e+01 -7.039000e+00 -1.300000e+01
    endloop
  endfacet
  facet normal 1.159906e-15 -0.000000e+00 1.000000e+00
    outer loop
      vertex   1.700000e+01 -7.039000e+00 -2.683681e+00
      vertex   2.848600e+01 -7.039000e+00 -2.683681e+00
      vertex   1.700000e+01 -5.539000e+00 -2.683681e+00
    endloop
  endfacet
  facet normal 3.866352e-16 -5.921189e-15 1.000000e+00
    outer loop
      vertex   1.700000e+01 -5.539000e+00 -2.683681e+00
      vertex   2.848600e+01 -7.039000e+00 -2.683681e+00
      vertex   2.848600e+01 -5.539000e+00 -2.683681e+00
    endloop
  endfacet
  facet normal -1.986384e-16 4.372981e-01 8.993166e-01
    outer loop
      vertex   3.500000e+00 1.584106e+01 -2.491824e+01
      vertex   -3.500000e+00 1.584106e+01 -2.491824e+01
      vertex   3.500000e+00 1.449209e+01 -2.426229e+01
    endloop
  endfacet
  facet normal -3.096094e-16 4.372981e-01 8.993166e-01
    outer loop
      vertex   3.500000e+00 1.449209e+01 -2.426229e+01
      vertex   -3.500000e+00 1.584106e+01 -2.491824e+01
      vertex   -3.500000e+00 1.449209e+01 -2.426229e+01
    endloop
  endfacet
  facet normal 1.205367e-01 4.341097e-01 8.927596e-01
    outer loop
      vertex   -3.500000e+00 1.584106e+01 -2.491824e+01
      vertex   -4.050426e+00 1.587029e+01 -2.485813e+01
      vertex   -3.500000e+00 1.449209e+01 -2.426229e+01
    endloop
  endfacet
  facet normal 1.205367e-01 4.341097e-01 8.927596e-01
    outer loop
      vertex   -3.500000e+00 1.449209e+01 -2.426229e+01
      vertex   -4.050426e+00 1.587029e+01 -2.485813e+01
      vertex   -4.050426e+00 1.452131e+01 -2.420218e+01
    endloop
  endfacet
  facet normal 3.546049e-01 4.088808e-01 8.408756e-01
    outer loop
      vertex   -4.050426e+00 1.452131e+01 -2.420218e+01
      vertex   -4.050426e+00 1.587029e+01 -2.485813e+01
      vertex   -4.568863e+00 1.595627e+01 -2.468131e+01
    endloop
  endfacet
  facet normal 3.546049e-01 4.088808e-01 8.408756e-01
    outer loop
      vertex   -4.050426e+00 1.452131e+01 -2.420218e+01
      vertex   -4.568863e+00 1.595627e+01 -2.468131e+01
      vertex   -4.568863e+00 1.460729e+01 -2.402536e+01
    endloop
  endfacet
  facet normal 5.680647e-01 3.598893e-01 7.401231e-01
    outer loop
      vertex   -4.568863e+00 1.460729e+01 -2.402536e+01
      vertex   -4.568863e+00 1.595627e+01 -2.468131e+01
      vertex   -5.025182e+00 1.609401e+01 -2.439805e+01
    endloop
  endfacet
  facet normal 5.680647e-01 3.598893e-01 7.401231e-01
    outer loop
      vertex   -4.568863e+00 1.460729e+01 -2.402536e+01
      vertex   -5.025182e+00 1.609401e+01 -2.439805e+01
      vertex   -5.025182e+00 1.474503e+01 -2.374210e+01
    endloop
  endfacet
  facet normal 7.485107e-01 2.899823e-01 5.963572e-01
    outer loop
      vertex   -5.025182e+00 1.474503e+01 -2.374210e+01
      vertex   -5.025182e+00 1.609401e+01 -2.439805e+01
      vertex   -5.392863e+00 1.627550e+01 -2.402481e+01
    endloop
  endfacet
  facet normal 7.485107e-01 2.899823e-01 5.963572e-01
    outer loop
      vertex   -5.025182e+00 1.474503e+01 -2.374210e+01
      vertex   -5.392863e+00 1.627550e+01 -2.402481e+01
      vertex   -5.392863e+00 1.492652e+01 -2.336886e+01
    endloop
  endfacet
  facet normal 8.854560e-01 2.032226e-01 4.179333e-01
    outer loop
      vertex   -5.392863e+00 1.492652e+01 -2.336886e+01
      vertex   -5.392863e+00 1.627550e+01 -2.402481e+01
      vertex   -5.650537e+00 1.649019e+01 -2.358328e+01
    endloop
  endfacet
  facet normal 8.854560e-01 2.032226e-01 4.179333e-01
    outer loop
      vertex   -5.392863e+00 1.492652e+01 -2.336886e+01
      vertex   -5.650537e+00 1.649019e+01 -2.358328e+01
      vertex   -5.650537e+00 1.514122e+01 -2.292734e+01
    endloop
  endfacet
  facet normal 9.709418e-01 1.046523e-01 2.152206e-01
    outer loop
      vertex   -5.650537e+00 1.514122e+01 -2.292734e+01
      vertex   -5.650537e+00 1.649019e+01 -2.358328e+01
      vertex   -5.783230e+00 1.672561e+01 -2.309913e+01
    endloop
  endfacet
  facet normal 9.709418e-01 1.046523e-01 2.152206e-01
    outer loop
      vertex   -5.650537e+00 1.514122e+01 -2.292734e+01
      vertex   -5.783230e+00 1.672561e+01 -2.309913e+01
      vertex   -5.783230e+00 1.537664e+01 -2.244318e+01
    endloop
  endfacet
  facet normal 1.000000e+00 -0.000000e+00 0.000000e+00
    outer loop
      vertex   -5.783230e+00 1.537664e+01 -2.244318e+01
      vertex   -5.783230e+00 1.672561e+01 -2.309913e+01
      vertex   -5.783230e+00 1.561911e+01 -2.194454e+01
    endloop
  endfacet
  facet normal 1.000000e+00 1.232990e-15 1.181642e-15
    outer loop
      vertex   -5.783230e+00 1.561911e+01 -2.194454e+01
      vertex   -5.783230e+00 1.672561e+01 -2.309913e+01
      vertex   -5.783230e+00 1.696808e+01 -2.260049e+01
    endloop
  endfacet
  facet normal 9.709418e-01 -1.046523e-01 -2.152206e-01
    outer loop
      vertex   -5.783230e+00 1.561911e+01 -2.194454e+01
      vertex   -5.783230e+00 1.696808e+01 -2.260049e+01
      vertex   -5.650537e+00 1.585453e+01 -2.146039e+01
    endloop
  endfacet
  facet normal 9.709418e-01 -1.046523e-01 -2.152206e-01
    outer loop
      vertex   -5.650537e+00 1.585453e+01 -2.146039e+01
      vertex   -5.783230e+00 1.696808e+01 -2.260049e+01
      vertex   -5.650537e+00 1.720350e+01 -2.211633e+01
    endloop
  endfacet
  facet normal 8.854560e-01 -2.032226e-01 -4.179333e-01
    outer loop
      vertex   -5.650537e+00 1.585453e+01 -2.146039e+01
      vertex   -5.650537e+00 1.720350e+01 -2.211633e+01
      vertex   -5.392863e+00 1.606922e+01 -2.101886e+01
    endloop
  endfacet
  facet normal 8.854560e-01 -2.032226e-01 -4.179333e-01
    outer loop
      vertex   -5.392863e+00 1.606922e+01 -2.101886e+01
      vertex   -5.650537e+00 1.720350e+01 -2.211633e+01
      vertex   -5.392863e+00 1.741820e+01 -2.167481e+01
    endloop
  endfacet
  facet normal 7.485107e-01 -2.899823e-01 -5.963572e-01
    outer loop
      vertex   -5.392863e+00 1.606922e+01 -2.101886e+01
      vertex   -5.392863e+00 1.741820e+01 -2.167481e+01
      vertex   -5.025182e+00 1.625071e+01 -2.064562e+01
    endloop
  endfacet
  facet normal 7.485107e-01 -2.899823e-01 -5.963572e-01
    outer loop
      vertex   -5.025182e+00 1.625071e+01 -2.064562e+01
      vertex   -5.392863e+00 1.741820e+01 -2.167481e+01
      vertex   -5.025182e+00 1.759969e+01 -2.130157e+01
    endloop
  endfacet
  facet normal 5.680647e-01 -3.598893e-01 -7.401231e-01
    outer loop
      vertex   -5.025182e+00 1.625071e+01 -2.064562e+01
      vertex   -5.025182e+00 1.759969e+01 -2.130157e+01
      vertex   -4.568863e+00 1.638845e+01 -2.036236e+01
    endloop
  endfacet
  facet normal 5.680647e-01 -3.598893e-01 -7.401231e-01
    outer loop
      vertex   -4.568863e+00 1.638845e+01 -2.036236e+01
      vertex   -5.025182e+00 1.759969e+01 -2.130157e+01
      vertex   -4.568863e+00 1.773743e+01 -2.101831e+01
    endloop
  endfacet
  facet normal 3.546049e-01 -4.088808e-01 -8.408756e-01
    outer loop
      vertex   -4.568863e+00 1.638845e+01 -2.036236e+01
      vertex   -4.568863e+00 1.773743e+01 -2.101831e+01
      vertex   -4.050426e+00 1.647443e+01 -2.018554e+01
    endloop
  endfacet
  facet normal 3.546049e-01 -4.088808e-01 -8.408756e-01
    outer loop
      vertex   -4.050426e+00 1.647443e+01 -2.018554e+01
      vertex   -4.568863e+00 1.773743e+01 -2.101831e+01
      vertex   -4.050426e+00 1.782341e+01 -2.084148e+01
    endloop
  endfacet
  facet normal 1.205367e-01 -4.341097e-01 -8.927596e-01
    outer loop
      vertex   -4.050426e+00 1.647443e+01 -2.018554e+01
      vertex   -4.050426e+00 1.782341e+01 -2.084148e+01
      vertex   -3.500000e+00 1.650366e+01 -2.012543e+01
    endloop
  endfacet
  facet normal 1.205367e-01 -4.341097e-01 -8.927596e-01
    outer loop
      vertex   -3.500000e+00 1.650366e+01 -2.012543e+01
      vertex   -4.050426e+00 1.782341e+01 -2.084148e+01
      vertex   -3.500000e+00 1.785263e+01 -2.078138e+01
    endloop
  endfacet
  facet normal 6.550689e-16 -4.372981e-01 -8.993166e-01
    outer loop
      vertex   -3.500000e+00 1.650366e+01 -2.012543e+01
      vertex   -3.500000e+00 1.785263e+01 -2.078138e+01
      vertex   3.500000e+00 1.650366e+01 -2.012543e+01
    endloop
  endfacet
  facet normal 4.335157e-16 -4.372981e-01 -8.993166e-01
    outer loop
      vertex   3.500000e+00 1.650366e+01 -2.012543e+01
      vertex   -3.500000e+00 1.785263e+01 -2.078138e+01
      vertex   3.500000e+00 1.785263e+01 -2.078138e+01
    endloop
  endfacet
  facet normal -1.205367e-01 -4.341097e-01 -8.927596e-01
    outer loop
      vertex   3.500000e+00 1.650366e+01 -2.012543e+01
      vertex   3.500000e+00 1.785263e+01 -2.078138e+01
      vertex   4.050426e+00 1.647443e+01 -2.018554e+01
    endloop
  endfacet
  facet normal -1.205367e-01 -4.341097e-01 -8.927596e-01
    outer loop
      vertex   4.050426e+00 1.647443e+01 -2.018554e+01
      vertex   3.500000e+00 1.785263e+01 -2.078138e+01
      vertex   4.050426e+00 1.782341e+01 -2.084149e+01
    endloop
  endfacet
  facet normal -3.546049e-01 -4.088808e-01 -8.408756e-01
    outer loop
      vertex   4.050426e+00 1.647443e+01 -2.018554e+01
      vertex   4.050426e+00 1.782341e+01 -2.084149e+01
      vertex   4.568863e+00 1.638845e+01 -2.036236e+01
    endloop
  endfacet
  facet normal -3.546049e-01 -4.088808e-01 -8.408756e-01
    outer loop
      vertex   4.568863e+00 1.638845e+01 -2.036236e+01
      vertex   4.050426e+00 1.782341e+01 -2.084149e+01
      vertex   4.568863e+00 1.773743e+01 -2.101831e+01
    endloop
  endfacet
  facet normal -5.680647e-01 -3.598893e-01 -7.401231e-01
    outer loop
      vertex   4.568863e+00 1.638845e+01 -2.036236e+01
      vertex   4.568863e+00 1.773743e+01 -2.101831e+01
      vertex   5.025182e+00 1.625071e+01 -2.064562e+01
    endloop
  endfacet
  facet normal -5.680647e-01 -3.598893e-01 -7.401231e-01
    outer loop
      vertex   5.025182e+00 1.625071e+01 -2.064562e+01
      vertex   4.568863e+00 1.773743e+01 -2.101831e+01
      vertex   5.025182e+00 1.759969e+01 -2.130157e+01
    endloop
  endfacet
  facet normal -7.485107e-01 -2.899823e-01 -5.963572e-01
    outer loop
      vertex   5.025182e+00 1.625071e+01 -2.064562e+01
      vertex   5.025182e+00 1.759969e+01 -2.130157e+01
      vertex   5.392863e+00 1.606923e+01 -2.101886e+01
    endloop
  endfacet
  facet normal -7.485107e-01 -2.899823e-01 -5.963572e-01
    outer loop
      vertex   5.392863e+00 1.606923e+01 -2.101886e+01
      vertex   5.025182e+00 1.759969e+01 -2.130157e+01
      vertex   5.392863e+00 1.741820e+01 -2.167481e+01
    endloop
  endfacet
  facet normal -8.854560e-01 -2.032226e-01 -4.179333e-01
    outer loop
      vertex   5.392863e+00 1.606923e+01 -2.101886e+01
      vertex   5.392863e+00 1.741820e+01 -2.167481e+01
      vertex   5.650537e+00 1.585453e+01 -2.146039e+01
    endloop
  endfacet
  facet normal -8.854560e-01 -2.032226e-01 -4.179333e-01
    outer loop
      vertex   5.650537e+00 1.585453e+01 -2.146039e+01
      vertex   5.392863e+00 1.741820e+01 -2.167481e+01
      vertex   5.650537e+00 1.720351e+01 -2.211633e+01
    endloop
  endfacet
  facet normal -9.709418e-01 -1.046523e-01 -2.152206e-01
    outer loop
      vertex   5.650537e+00 1.585453e+01 -2.146039e+01
      vertex   5.650537e+00 1.720351e+01 -2.211633e+01
      vertex   5.783230e+00 1.561911e+01 -2.194454e+01
    endloop
  endfacet
  facet normal -9.709418e-01 -1.046523e-01 -2.152206e-01
    outer loop
      vertex   5.783230e+00 1.561911e+01 -2.194454e+01
      vertex   5.650537e+00 1.720351e+01 -2.211633e+01
      vertex   5.783230e+00 1.696808e+01 -2.260049e+01
    endloop
  endfacet
  facet normal -1.000000e+00 1.679857e-16 1.699507e-15
    outer loop
      vertex   5.783230e+00 1.561911e+01 -2.194454e+01
      vertex   5.783230e+00 1.696808e+01 -2.260049e+01
      vertex   5.783230e+00 1.537664e+01 -2.244318e+01
    endloop
  endfacet
  facet normal -1.000000e+00 0.000000e+00 0.000000e+00
    outer loop
      vertex   5.783230e+00 1.537664e+01 -2.244318e+01
      vertex   5.783230e+00 1.696808e+01 -2.260049e+01
      vertex   5.783230e+00 1.672561e+01 -2.309913e+01
    endloop
  endfacet
  facet normal -9.709418e-01 1.046523e-01 2.152206e-01
    outer loop
      vertex   5.783230e+00 1.537664e+01 -2.244318e+01
      vertex   5.783230e+00 1.672561e+01 -2.309913e+01
      vertex   5.650537e+00 1.649019e+01 -2.358328e+01
    endloop
  endfacet
  facet normal -9.709418e-01 1.046523e-01 2.152206e-01
    outer loop
      vertex   5.783230e+00 1.537664e+01 -2.244318e+01
      vertex   5.650537e+00 1.649019e+01 -2.358328e+01
      vertex   5.650537e+00 1.514122e+01 -2.292734e+01
    endloop
  endfacet
  facet normal -8.854560e-01 2.032226e-01 4.179333e-01
    outer loop
      vertex   5.650537e+00 1.514122e+01 -2.292734e+01
      vertex   5.650537e+00 1.649019e+01 -2.358328e+01
      vertex   5.392863e+00 1.627550e+01 -2.402481e+01
    endloop
  endfacet
  facet normal -8.854560e-01 2.032226e-01 4.179333e-01
    outer loop
      vertex   5.650537e+00 1.514122e+01 -2.292734e+01
      vertex   5.392863e+00 1.627550e+01 -2.402481e+01
      vertex   5.392863e+00 1.492652e+01 -2.336886e+01
    endloop
  endfacet
  facet normal -7.485107e-01 2.899823e-01 5.963572e-01
    outer loop
      vertex   5.392863e+00 1.492652e+01 -2.336886e+01
      vertex   5.392863e+00 1.627550e+01 -2.402481e+01
      vertex   5.025182e+00 1.609401e+01 -2.439805e+01
    endloop
  endfacet
  facet normal -7.485107e-01 2.899823e-01 5.963572e-01
    outer loop
      vertex   5.392863e+00 1.492652e+01 -2.336886e+01
      vertex   5.025182e+00 1.609401e+01 -2.439805e+01
      vertex   5.025182e+00 1.474503e+01 -2.374210e+01
    endloop
  endfacet
  facet normal -5.680647e-01 3.598893e-01 7.401231e-01
    outer loop
      vertex   5.025182e+00 1.474503e+01 -2.374210e+01
      vertex   5.025182e+00 1.609401e+01 -2.439805e+01
      vertex   4.568863e+00 1.595627e+01 -2.468131e+01
    endloop
  endfacet
  facet normal -5.680647e-01 3.598893e-01 7.401231e-01
    outer loop
      vertex   5.025182e+00 1.474503e+01 -2.374210e+01
      vertex   4.568863e+00 1.595627e+01 -2.468131e+01
      vertex   4.568863e+00 1.460729e+01 -2.402536e+01
    endloop
  endfacet
  facet normal -3.546049e-01 4.088808e-01 8.408756e-01
    outer loop
      vertex   4.568863e+00 1.460729e+01 -2.402536e+01
      vertex   4.568863e+00 1.595627e+01 -2.468131e+01
      vertex   4.050426e+00 1.587029e+01 -2.485813e+01
    endloop
  endfacet
  facet normal -3.546049e-01 4.088808e-01 8.408756e-01
    outer loop
      vertex   4.568863e+00 1.460729e+01 -2.402536e+01
      vertex   4.050426e+00 1.587029e+01 -2.485813e+01
      vertex   4.050426e+00 1.452131e+01 -2.420218e+01
    endloop
  endfacet
  facet normal -1.205367e-01 4.341097e-01 8.927596e-01
    outer loop
      vertex   4.050426e+00 1.452131e+01 -2.420218e+01
      vertex   4.050426e+00 1.587029e+01 -2.485813e+01
      vertex   3.500000e+00 1.584106e+01 -2.491824e+01
    endloop
  endfacet
  facet normal -1.205367e-01 4.341097e-01 8.927596e-01
    outer loop
      vertex   4.050426e+00 1.452131e+01 -2.420218e+01
      vertex   3.500000e+00 1.584106e+01 -2.491824e+01
      vertex   3.500000e+00 1.449209e+01 -2.426229e+01
    endloop
  endfacet
  facet normal -9.914449e-01 6.182963e-16 -1.305262e-01
    outer loop
      vertex   -3.143148e+00 -7.039000e+00 -2.748236e+01
      vertex   -3.143148e+00 -5.539000e+00 -2.748236e+01
      vertex   -3.075000e+00 -7.039000e+00 -2.800000e+01
    endloop
  endfacet
  facet normal -9.914449e-01 6.182963e-16 -1.305262e-01
    outer loop
      vertex   -3.075000e+00 -7.039000e+00 -2.800000e+01
      vertex   -3.143148e+00 -5.539000e+00 -2.748236e+01
      vertex   -3.075000e+00 -5.539000e+00 -2.800000e+01
    endloop
  endfacet
  facet normal -9.914449e-01 -6.182963e-16 1.305262e-01
    outer loop
      vertex   -3.075000e+00 -7.039000e+00 -2.800000e+01
      vertex   -3.075000e+00 -5.539000e+00 -2.800000e+01
      vertex   -3.143148e+00 -7.039000e+00 -2.851764e+01
    endloop
  endfacet
  facet normal -9.914449e-01 -9.274444e-16 1.305262e-01
    outer loop
      vertex   -3.143148e+00 -7.039000e+00 -2.851764e+01
      vertex   -3.075000e+00 -5.539000e+00 -2.800000e+01
      vertex   -3.143148e+00 -5.539000e+00 -2.851764e+01
    endloop
  endfacet
  facet normal -9.238795e-01 -2.719129e-15 3.826834e-01
    outer loop
      vertex   -3.143148e+00 -7.039000e+00 -2.851764e+01
      vertex   -3.143148e+00 -5.539000e+00 -2.851764e+01
      vertex   -3.342949e+00 -7.039000e+00 -2.900000e+01
    endloop
  endfacet
  facet normal -9.238795e-01 -2.719129e-15 3.826834e-01
    outer loop
      vertex   -3.342949e+00 -7.039000e+00 -2.900000e+01
      vertex   -3.143148e+00 -5.539000e+00 -2.851764e+01
      vertex   -3.342949e+00 -5.539000e+00 -2.900000e+01
    endloop
  endfacet
  facet normal -7.933533e-01 -4.325510e-15 6.087614e-01
    outer loop
      vertex   -3.342949e+00 -7.039000e+00 -2.900000e+01
      vertex   -3.342949e+00 -5.539000e+00 -2.900000e+01
      vertex   -3.660786e+00 -7.039000e+00 -2.941421e+01
    endloop
  endfacet
  facet normal -7.933533e-01 -4.325510e-15 6.087614e-01
    outer loop
      vertex   -3.660786e+00 -7.039000e+00 -2.941421e+01
      vertex   -3.342949e+00 -5.539000e+00 -2.900000e+01
      vertex   -3.660786e+00 -5.539000e+00 -2.941421e+01
    endloop
  endfacet
  facet normal -6.087614e-01 -5.637115e-15 7.933533e-01
    outer loop
      vertex   -3.660786e+00 -7.039000e+00 -2.941421e+01
      vertex   -3.660786e+00 -5.539000e+00 -2.941421e+01
      vertex   -4.075000e+00 -7.039000e+00 -2.973205e+01
    endloop
  endfacet
  facet normal -6.087614e-01 -6.358033e-15 7.933533e-01
    outer loop
      vertex   -4.075000e+00 -7.039000e+00 -2.973205e+01
      vertex   -3.660786e+00 -5.539000e+00 -2.941421e+01
      vertex   -4.075000e+00 -5.539000e+00 -2.973205e+01
    endloop
  endfacet
  facet normal -3.826834e-01 -7.017747e-15 9.238795e-01
    outer loop
      vertex   -4.075000e+00 -7.039000e+00 -2.973205e+01
      vertex   -4.075000e+00 -5.539000e+00 -2.973205e+01
      vertex   -4.557362e+00 -7.039000e+00 -2.993185e+01
    endloop
  endfacet
  facet normal -3.826834e-01 -4.602967e-15 9.238795e-01
    outer loop
      vertex   -4.557362e+00 -7.039000e+00 -2.993185e+01
      vertex   -4.075000e+00 -5.539000e+00 -2.973205e+01
      vertex   -4.557362e+00 -5.539000e+00 -2.993185e+01
    endloop
  endfacet
  facet normal -1.305262e-01 -4.773713e-15 9.914449e-01
    outer loop
      vertex   -4.557362e+00 -7.039000e+00 -2.993185e+01
      vertex   -4.557362e+00 -5.539000e+00 -2.993185e+01
      vertex   -5.075000e+00 -7.039000e+00 -3.000000e+01
    endloop
  endfacet
  facet normal -1.305262e-01 -7.044639e-15 9.914449e-01
    outer loop
      vertex   -5.075000e+00 -7.039000e+00 -3.000000e+01
      vertex   -4.557362e+00 -5.539000e+00 -2.993185e+01
      vertex   -5.075000e+00 -5.539000e+00 -3.000000e+01
    endloop
  endfacet
  facet normal 1.305262e-01 -7.044639e-15 9.914449e-01
    outer loop
      vertex   -5.075000e+00 -7.039000e+00 -3.000000e+01
      vertex   -5.075000e+00 -5.539000e+00 -3.000000e+01
      vertex   -5.592638e+00 -7.039000e+00 -2.993185e+01
    endloop
  endfacet
  facet normal 1.305262e-01 -9.238279e-15 9.914449e-01
    outer loop
      vertex   -5.592638e+00 -7.039000e+00 -2.993185e+01
      vertex   -5.075000e+00 -5.539000e+00 -3.000000e+01
      vertex   -5.592638e+00 -5.539000e+00 -2.993185e+01
    endloop
  endfacet
  facet normal 3.826834e-01 -8.299557e-15 9.238795e-01
    outer loop
      vertex   -5.592638e+00 -7.039000e+00 -2.993185e+01
      vertex   -5.592638e+00 -5.539000e+00 -2.993185e+01
      vertex   -6.075000e+00 -7.039000e+00 -2.973205e+01
    endloop
  endfacet
  facet normal 3.826834e-01 -6.111371e-15 9.238795e-01
    outer loop
      vertex   -6.075000e+00 -7.039000e+00 -2.973205e+01
      vertex   -5.592638e+00 -5.539000e+00 -2.993185e+01
      vertex   -6.075000e+00 -5.539000e+00 -2.973205e+01
    endloop
  endfacet
  facet normal 6.087614e-01 -4.916196e-15 7.933533e-01
    outer loop
      vertex   -6.075000e+00 -7.039000e+00 -2.973205e+01
      vertex   -6.075000e+00 -5.539000e+00 -2.973205e+01
      vertex   -6.489214e+00 -7.039000e+00 -2.941421e+01
    endloop
  endfacet
  facet normal 6.087614e-01 -7.155694e-15 7.933533e-01
    outer loop
      vertex   -6.489214e+00 -7.039000e+00 -2.941421e+01
      vertex   -6.075000e+00 -5.539000e+00 -2.973205e+01
      vertex   -6.489214e+00 -5.539000e+00 -2.941421e+01
    endloop
  endfacet
  facet normal 7.933533e-01 -5.297587e-15 6.087614e-01
    outer loop
      vertex   -6.489214e+00 -7.039000e+00 -2.941421e+01
      vertex   -6.489214e+00 -5.539000e+00 -2.941421e+01
      vertex   -6.807051e+00 -7.039000e+00 -2.900000e+01
    endloop
  endfacet
  facet normal 7.933533e-01 -4.325510e-15 6.087614e-01
    outer loop
      vertex   -6.807051e+00 -7.039000e+00 -2.900000e+01
      vertex   -6.489214e+00 -5.539000e+00 -2.941421e+01
      vertex   -6.807051e+00 -5.539000e+00 -2.900000e+01
    endloop
  endfacet
  facet normal 9.238795e-01 -2.719129e-15 3.826834e-01
    outer loop
      vertex   -6.807051e+00 -7.039000e+00 -2.900000e+01
      vertex   -6.807051e+00 -5.539000e+00 -2.900000e+01
      vertex   -7.006852e+00 -7.039000e+00 -2.851764e+01
    endloop
  endfacet
  facet normal 9.238795e-01 -2.719129e-15 3.826834e-01
    outer loop
      vertex   -7.006852e+00 -7.039000e+00 -2.851764e+01
      vertex   -6.807051e+00 -5.539000e+00 -2.900000e+01
      vertex   -7.006852e+00 -5.539000e+00 -2.851764e+01
    endloop
  endfacet
  facet normal 9.914449e-01 -9.274444e-16 1.305262e-01
    outer loop
      vertex   -7.006852e+00 -7.039000e+00 -2.851764e+01
      vertex   -7.006852e+00 -5.539000e+00 -2.851764e+01
      vertex   -7.075000e+00 -7.039000e+00 -2.800000e+01
    endloop
  endfacet
  facet normal 9.914449e-01 -6.182963e-16 1.305262e-01
    outer loop
      vertex   -7.075000e+00 -7.039000e+00 -2.800000e+01
      vertex   -7.006852e+00 -5.539000e+00 -2.851764e+01
      vertex   -7.075000e+00 -5.539000e+00 -2.800000e+01
    endloop
  endfacet
  facet normal 9.914449e-01 6.182963e-16 -1.305262e-01
    outer loop
      vertex   -7.075000e+00 -7.039000e+00 -2.800000e+01
      vertex   -7.075000e+00 -5.539000e+00 -2.800000e+01
      vertex   -7.006852e+00 -7.039000e+00 -2.748236e+01
    endloop
  endfacet
  facet normal 9.914449e-01 6.182963e-16 -1.305262e-01
    outer loop
      vertex   -7.006852e+00 -7.039000e+00 -2.748236e+01
      vertex   -7.075000e+00 -5.539000e+00 -2.800000e+01
      vertex   -7.006852e+00 -5.539000e+00 -2.748236e+01
    endloop
  endfacet
  facet normal 9.238795e-01 1.812753e-15 -3.826834e-01
    outer loop
      vertex   -7.006852e+00 -7.039000e+00 -2.748236e+01
      vertex   -7.006852e+00 -5.539000e+00 -2.748236e+01
      vertex   -6.807051e+00 -7.039000e+00 -2.700000e+01
    endloop
  endfacet
  facet normal 9.238795e-01 1.812753e-15 -3.826834e-01
    outer loop
      vertex   -6.807051e+00 -7.039000e+00 -2.700000e+01
      vertex   -7.006852e+00 -5.539000e+00 -2.748236e+01
      vertex   -6.807051e+00 -5.539000e+00 -2.700000e+01
    endloop
  endfacet
  facet normal 7.933533e-01 2.883673e-15 -6.087614e-01
    outer loop
      vertex   -6.807051e+00 -7.039000e+00 -2.700000e+01
      vertex   -6.807051e+00 -5.539000e+00 -2.700000e+01
      vertex   -6.489214e+00 -7.039000e+00 -2.658579e+01
    endloop
  endfacet
  facet normal 7.933533e-01 3.855751e-15 -6.087614e-01
    outer loop
      vertex   -6.489214e+00 -7.039000e+00 -2.658579e+01
      vertex   -6.807051e+00 -5.539000e+00 -2.700000e+01
      vertex   -6.489214e+00 -5.539000e+00 -2.658579e+01
    endloop
  endfacet
  facet normal 6.087614e-01 5.276655e-15 -7.933533e-01
    outer loop
      vertex   -6.489214e+00 -7.039000e+00 -2.658579e+01
      vertex   -6.489214e+00 -5.539000e+00 -2.658579e+01
      vertex   -6.075000e+00 -7.039000e+00 -2.626795e+01
    endloop
  endfacet
  facet normal 6.087614e-01 3.037158e-15 -7.933533e-01
    outer loop
      vertex   -6.075000e+00 -7.039000e+00 -2.626795e+01
      vertex   -6.489214e+00 -5.539000e+00 -2.658579e+01
      vertex   -6.075000e+00 -5.539000e+00 -2.626795e+01
    endloop
  endfacet
  facet normal 3.826834e-01 3.923184e-15 -9.238795e-01
    outer loop
      vertex   -6.075000e+00 -7.039000e+00 -2.626795e+01
      vertex   -6.075000e+00 -5.539000e+00 -2.626795e+01
      vertex   -5.592638e+00 -7.039000e+00 -2.606815e+01
    endloop
  endfacet
  facet normal 3.826834e-01 8.299557e-15 -9.238795e-01
    outer loop
      vertex   -5.592638e+00 -7.039000e+00 -2.606815e+01
      vertex   -6.075000e+00 -5.539000e+00 -2.626795e+01
      vertex   -5.592638e+00 -5.539000e+00 -2.606815e+01
    endloop
  endfacet
  facet normal 1.305262e-01 9.238279e-15 -9.914449e-01
    outer loop
      vertex   -5.592638e+00 -7.039000e+00 -2.606815e+01
      vertex   -5.592638e+00 -5.539000e+00 -2.606815e+01
      vertex   -5.075000e+00 -7.039000e+00 -2.600000e+01
    endloop
  endfacet
  facet normal 1.305262e-01 4.696426e-15 -9.914449e-01
    outer loop
      vertex   -5.075000e+00 -7.039000e+00 -2.600000e+01
      vertex   -5.592638e+00 -5.539000e+00 -2.606815e+01
      vertex   -5.075000e+00 -5.539000e+00 -2.600000e+01
    endloop
  endfacet
  facet normal -1.305262e-01 4.696426e-15 -9.914449e-01
    outer loop
      vertex   -5.075000e+00 -7.039000e+00 -2.600000e+01
      vertex   -5.075000e+00 -5.539000e+00 -2.600000e+01
      vertex   -4.557362e+00 -7.039000e+00 -2.606815e+01
    endloop
  endfacet
  facet normal -1.305262e-01 7.121926e-15 -9.914449e-01
    outer loop
      vertex   -4.557362e+00 -7.039000e+00 -2.606815e+01
      vertex   -5.075000e+00 -5.539000e+00 -2.600000e+01
      vertex   -4.557362e+00 -5.539000e+00 -2.606815e+01
    endloop
  endfacet
  facet normal -3.826834e-01 6.791153e-15 -9.238795e-01
    outer loop
      vertex   -4.557362e+00 -7.039000e+00 -2.606815e+01
      vertex   -4.557362e+00 -5.539000e+00 -2.606815e+01
      vertex   -4.075000e+00 -7.039000e+00 -2.626795e+01
    endloop
  endfacet
  facet normal -3.826834e-01 4.829561e-15 -9.238795e-01
    outer loop
      vertex   -4.075000e+00 -7.039000e+00 -2.626795e+01
      vertex   -4.557362e+00 -5.539000e+00 -2.606815e+01
      vertex   -4.075000e+00 -5.539000e+00 -2.626795e+01
    endloop
  endfacet
  facet normal -6.087614e-01 4.478995e-15 -7.933533e-01
    outer loop
      vertex   -4.075000e+00 -7.039000e+00 -2.626795e+01
      vertex   -4.075000e+00 -5.539000e+00 -2.626795e+01
      vertex   -3.660786e+00 -7.039000e+00 -2.658579e+01
    endloop
  endfacet
  facet normal -6.087614e-01 3.758076e-15 -7.933533e-01
    outer loop
      vertex   -3.660786e+00 -7.039000e+00 -2.658579e+01
      vertex   -4.075000e+00 -5.539000e+00 -2.626795e+01
      vertex   -3.660786e+00 -5.539000e+00 -2.658579e+01
    endloop
  endfacet
  facet normal -7.933533e-01 2.883673e-15 -6.087614e-01
    outer loop
      vertex   -3.660786e+00 -7.039000e+00 -2.658579e+01
      vertex   -3.660786e+00 -5.539000e+00 -2.658579e+01
      vertex   -3.342949e+00 -7.039000e+00 -2.700000e+01
    endloop
  endfacet
  facet normal -7.933533e-01 2.883673e-15 -6.087614e-01
    outer loop
      vertex   -3.342949e+00 -7.039000e+00 -2.700000e+01
      vertex   -3.660786e+00 -5.539000e+00 -2.658579e+01
      vertex   -3.342949e+00 -5.539000e+00 -2.700000e+01
    endloop
  endfacet
  facet normal -9.238795e-01 1.812753e-15 -3.826834e-01
    outer loop
      vertex   -3.342949e+00 -7.039000e+00 -2.700000e+01
      vertex   -3.342949e+00 -5.539000e+00 -2.700000e+01
      vertex   -3.143148e+00 -7.039000e+00 -2.748236e+01
    endloop
  endfacet
  facet normal -9.238795e-01 1.812753e-15 -3.826834e-01
    outer loop
      vertex   -3.143148e+00 -7.039000e+00 -2.748236e+01
      vertex   -3.342949e+00 -5.539000e+00 -2.700000e+01
      vertex   -3.143148e+00 -5.539000e+00 -2.748236e+01
    endloop
  endfacet
  facet normal -9.914449e-01 9.274444e-16 -1.305262e-01
    outer loop
      vertex   7.006852e+00 -7.039000e+00 -2.748236e+01
      vertex   7.006852e+00 -5.539000e+00 -2.748236e+01
      vertex   7.075000e+00 -7.039000e+00 -2.800000e+01
    endloop
  endfacet
  facet normal -9.914449e-01 9.274444e-16 -1.305262e-01
    outer loop
      vertex   7.075000e+00 -7.039000e+00 -2.800000e+01
      vertex   7.006852e+00 -5.539000e+00 -2.748236e+01
      vertex   7.075000e+00 -5.539000e+00 -2.800000e+01
    endloop
  endfacet
  facet normal -9.914449e-01 -9.274444e-16 1.305262e-01
    outer loop
      vertex   7.075000e+00 -7.039000e+00 -2.800000e+01
      vertex   7.075000e+00 -5.539000e+00 -2.800000e+01
      vertex   7.006852e+00 -7.039000e+00 -2.851764e+01
    endloop
  endfacet
  facet normal -9.914449e-01 -6.182963e-16 1.305262e-01
    outer loop
      vertex   7.006852e+00 -7.039000e+00 -2.851764e+01
      vertex   7.075000e+00 -5.539000e+00 -2.800000e+01
      vertex   7.006852e+00 -5.539000e+00 -2.851764e+01
    endloop
  endfacet
  facet normal -9.238795e-01 -1.812753e-15 3.826834e-01
    outer loop
      vertex   7.006852e+00 -7.039000e+00 -2.851764e+01
      vertex   7.006852e+00 -5.539000e+00 -2.851764e+01
      vertex   6.807051e+00 -7.039000e+00 -2.900000e+01
    endloop
  endfacet
  facet normal -9.238795e-01 -2.719129e-15 3.826834e-01
    outer loop
      vertex   6.807051e+00 -7.039000e+00 -2.900000e+01
      vertex   7.006852e+00 -5.539000e+00 -2.851764e+01
      vertex   6.807051e+00 -5.539000e+00 -2.900000e+01
    endloop
  endfacet
  facet normal -7.933533e-01 -4.325510e-15 6.087614e-01
    outer loop
      vertex   6.807051e+00 -7.039000e+00 -2.900000e+01
      vertex   6.807051e+00 -5.539000e+00 -2.900000e+01
      vertex   6.489214e+00 -7.039000e+00 -2.941421e+01
    endloop
  endfacet
  facet normal -7.933533e-01 -4.325510e-15 6.087614e-01
    outer loop
      vertex   6.489214e+00 -7.039000e+00 -2.941421e+01
      vertex   6.807051e+00 -5.539000e+00 -2.900000e+01
      vertex   6.489214e+00 -5.539000e+00 -2.941421e+01
    endloop
  endfacet
  facet normal -6.087614e-01 -5.637115e-15 7.933533e-01
    outer loop
      vertex   6.489214e+00 -7.039000e+00 -2.941421e+01
      vertex   6.489214e+00 -5.539000e+00 -2.941421e+01
      vertex   6.075000e+00 -7.039000e+00 -2.973205e+01
    endloop
  endfacet
  facet normal -6.087614e-01 -2.239497e-15 7.933533e-01
    outer loop
      vertex   6.075000e+00 -7.039000e+00 -2.973205e+01
      vertex   6.489214e+00 -5.539000e+00 -2.941421e+01
      vertex   6.075000e+00 -5.539000e+00 -2.973205e+01
    endloop
  endfacet
  facet normal -3.826834e-01 -2.414780e-15 9.238795e-01
    outer loop
      vertex   6.075000e+00 -7.039000e+00 -2.973205e+01
      vertex   6.075000e+00 -5.539000e+00 -2.973205e+01
      vertex   5.592638e+00 -7.039000e+00 -2.993185e+01
    endloop
  endfacet
  facet normal -3.826834e-01 -4.602967e-15 9.238795e-01
    outer loop
      vertex   5.592638e+00 -7.039000e+00 -2.993185e+01
      vertex   6.075000e+00 -5.539000e+00 -2.973205e+01
      vertex   5.592638e+00 -5.539000e+00 -2.993185e+01
    endloop
  endfacet
  facet normal -1.305262e-01 -4.773713e-15 9.914449e-01
    outer loop
      vertex   5.592638e+00 -7.039000e+00 -2.993185e+01
      vertex   5.592638e+00 -5.539000e+00 -2.993185e+01
      vertex   5.075000e+00 -7.039000e+00 -3.000000e+01
    endloop
  endfacet
  facet normal -1.305262e-01 -4.696426e-15 9.914449e-01
    outer loop
      vertex   5.075000e+00 -7.039000e+00 -3.000000e+01
      vertex   5.592638e+00 -5.539000e+00 -2.993185e+01
      vertex   5.075000e+00 -5.539000e+00 -3.000000e+01
    endloop
  endfacet
  facet normal 1.305262e-01 -4.696426e-15 9.914449e-01
    outer loop
      vertex   5.075000e+00 -7.039000e+00 -3.000000e+01
      vertex   5.075000e+00 -5.539000e+00 -3.000000e+01
      vertex   4.557362e+00 -7.039000e+00 -2.993185e+01
    endloop
  endfacet
  facet normal 1.305262e-01 -4.619139e-15 9.914449e-01
    outer loop
      vertex   4.557362e+00 -7.039000e+00 -2.993185e+01
      vertex   5.075000e+00 -5.539000e+00 -3.000000e+01
      vertex   4.557362e+00 -5.539000e+00 -2.993185e+01
    endloop
  endfacet
  facet normal 3.826834e-01 -4.149778e-15 9.238795e-01
    outer loop
      vertex   4.557362e+00 -7.039000e+00 -2.993185e+01
      vertex   4.557362e+00 -5.539000e+00 -2.993185e+01
      vertex   4.075000e+00 -7.039000e+00 -2.973205e+01
    endloop
  endfacet
  facet normal 3.826834e-01 -4.149778e-15 9.238795e-01
    outer loop
      vertex   4.075000e+00 -7.039000e+00 -2.973205e+01
      vertex   4.557362e+00 -5.539000e+00 -2.993185e+01
      vertex   4.075000e+00 -5.539000e+00 -2.973205e+01
    endloop
  endfacet
  facet normal 6.087614e-01 -3.397617e-15 7.933533e-01
    outer loop
      vertex   4.075000e+00 -7.039000e+00 -2.973205e+01
      vertex   4.075000e+00 -5.539000e+00 -2.973205e+01
      vertex   3.660786e+00 -7.039000e+00 -2.941421e+01
    endloop
  endfacet
  facet normal 6.087614e-01 -5.456885e-15 7.933533e-01
    outer loop
      vertex   3.660786e+00 -7.039000e+00 -2.941421e+01
      vertex   4.075000e+00 -5.539000e+00 -2.973205e+01
      vertex   3.660786e+00 -5.539000e+00 -2.941421e+01
    endloop
  endfacet
  facet normal 7.933533e-01 -4.090630e-15 6.087614e-01
    outer loop
      vertex   3.660786e+00 -7.039000e+00 -2.941421e+01
      vertex   3.660786e+00 -5.539000e+00 -2.941421e+01
      vertex   3.342949e+00 -7.039000e+00 -2.900000e+01
    endloop
  endfacet
  facet normal 7.933533e-01 -4.090630e-15 6.087614e-01
    outer loop
      vertex   3.342949e+00 -7.039000e+00 -2.900000e+01
      vertex   3.660786e+00 -5.539000e+00 -2.941421e+01
      vertex   3.342949e+00 -5.539000e+00 -2.900000e+01
    endloop
  endfacet
  facet normal 9.238795e-01 -2.445606e-15 3.826834e-01
    outer loop
      vertex   3.342949e+00 -7.039000e+00 -2.900000e+01
      vertex   3.342949e+00 -5.539000e+00 -2.900000e+01
      vertex   3.143148e+00 -7.039000e+00 -2.851764e+01
    endloop
  endfacet
  facet normal 9.238795e-01 -1.539230e-15 3.826834e-01
    outer loop
      vertex   3.143148e+00 -7.039000e+00 -2.851764e+01
      vertex   3.342949e+00 -5.539000e+00 -2.900000e+01
      vertex   3.143148e+00 -5.539000e+00 -2.851764e+01
    endloop
  endfacet
  facet normal 9.914449e-01 -3.247696e-16 1.305262e-01
    outer loop
      vertex   3.143148e+00 -7.039000e+00 -2.851764e+01
      vertex   3.143148e+00 -5.539000e+00 -2.851764e+01
      vertex   3.075000e+00 -7.039000e+00 -2.800000e+01
    endloop
  endfacet
  facet normal 9.914449e-01 -9.274444e-16 1.305262e-01
    outer loop
      vertex   3.075000e+00 -7.039000e+00 -2.800000e+01
      vertex   3.143148e+00 -5.539000e+00 -2.851764e+01
      vertex   3.075000e+00 -5.539000e+00 -2.800000e+01
    endloop
  endfacet
  facet normal 9.914449e-01 9.274444e-16 -1.305262e-01
    outer loop
      vertex   3.075000e+00 -7.039000e+00 -2.800000e+01
      vertex   3.075000e+00 -5.539000e+00 -2.800000e+01
      vertex   3.143148e+00 -7.039000e+00 -2.748236e+01
    endloop
  endfacet
  facet normal 9.914449e-01 6.339177e-16 -1.305262e-01
    outer loop
      vertex   3.143148e+00 -7.039000e+00 -2.748236e+01
      vertex   3.075000e+00 -5.539000e+00 -2.800000e+01
      vertex   3.143148e+00 -5.539000e+00 -2.748236e+01
    endloop
  endfacet
  facet normal 9.238795e-01 2.445606e-15 -3.826834e-01
    outer loop
      vertex   3.143148e+00 -7.039000e+00 -2.748236e+01
      vertex   3.143148e+00 -5.539000e+00 -2.748236e+01
      vertex   3.342949e+00 -7.039000e+00 -2.700000e+01
    endloop
  endfacet
  facet normal 9.238795e-01 1.539230e-15 -3.826834e-01
    outer loop
      vertex   3.342949e+00 -7.039000e+00 -2.700000e+01
      vertex   3.143148e+00 -5.539000e+00 -2.748236e+01
      vertex   3.342949e+00 -5.539000e+00 -2.700000e+01
    endloop
  endfacet
  facet normal 7.933533e-01 2.648794e-15 -6.087614e-01
    outer loop
      vertex   3.342949e+00 -7.039000e+00 -2.700000e+01
      vertex   3.342949e+00 -5.539000e+00 -2.700000e+01
      vertex   3.660786e+00 -7.039000e+00 -2.658579e+01
    endloop
  endfacet
  facet normal 7.933533e-01 2.648794e-15 -6.087614e-01
    outer loop
      vertex   3.660786e+00 -7.039000e+00 -2.658579e+01
      vertex   3.342949e+00 -5.539000e+00 -2.700000e+01
      vertex   3.660786e+00 -5.539000e+00 -2.658579e+01
    endloop
  endfacet
  facet normal 6.087614e-01 3.577847e-15 -7.933533e-01
    outer loop
      vertex   3.660786e+00 -7.039000e+00 -2.658579e+01
      vertex   3.660786e+00 -5.539000e+00 -2.658579e+01
      vertex   4.075000e+00 -7.039000e+00 -2.626795e+01
    endloop
  endfacet
  facet normal 6.087614e-01 5.276655e-15 -7.933533e-01
    outer loop
      vertex   4.075000e+00 -7.039000e+00 -2.626795e+01
      vertex   3.660786e+00 -5.539000e+00 -2.658579e+01
      vertex   4.075000e+00 -5.539000e+00 -2.626795e+01
    endloop
  endfacet
  facet normal 3.826834e-01 6.337965e-15 -9.238795e-01
    outer loop
      vertex   4.075000e+00 -7.039000e+00 -2.626795e+01
      vertex   4.075000e+00 -5.539000e+00 -2.626795e+01
      vertex   4.557362e+00 -7.039000e+00 -2.606815e+01
    endloop
  endfacet
  facet normal 3.826834e-01 6.337965e-15 -9.238795e-01
    outer loop
      vertex   4.557362e+00 -7.039000e+00 -2.606815e+01
      vertex   4.075000e+00 -5.539000e+00 -2.626795e+01
      vertex   4.557362e+00 -5.539000e+00 -2.606815e+01
    endloop
  endfacet
  facet normal 1.305262e-01 6.967352e-15 -9.914449e-01
    outer loop
      vertex   4.557362e+00 -7.039000e+00 -2.606815e+01
      vertex   4.557362e+00 -5.539000e+00 -2.606815e+01
      vertex   5.075000e+00 -7.039000e+00 -2.600000e+01
    endloop
  endfacet
  facet normal 1.305262e-01 7.044639e-15 -9.914449e-01
    outer loop
      vertex   5.075000e+00 -7.039000e+00 -2.600000e+01
      vertex   4.557362e+00 -5.539000e+00 -2.606815e+01
      vertex   5.075000e+00 -5.539000e+00 -2.600000e+01
    endloop
  endfacet
  facet normal -1.305262e-01 7.044639e-15 -9.914449e-01
    outer loop
      vertex   5.075000e+00 -7.039000e+00 -2.600000e+01
      vertex   5.075000e+00 -5.539000e+00 -2.600000e+01
      vertex   5.592638e+00 -7.039000e+00 -2.606815e+01
    endloop
  endfacet
  facet normal -1.305262e-01 7.121926e-15 -9.914449e-01
    outer loop
      vertex   5.592638e+00 -7.039000e+00 -2.606815e+01
      vertex   5.075000e+00 -5.539000e+00 -2.600000e+01
      vertex   5.592638e+00 -5.539000e+00 -2.606815e+01
    endloop
  endfacet
  facet normal -3.826834e-01 6.791153e-15 -9.238795e-01
    outer loop
      vertex   5.592638e+00 -7.039000e+00 -2.606815e+01
      vertex   5.592638e+00 -5.539000e+00 -2.606815e+01
      vertex   6.075000e+00 -7.039000e+00 -2.626795e+01
    endloop
  endfacet
  facet normal -3.826834e-01 4.602967e-15 -9.238795e-01
    outer loop
      vertex   6.075000e+00 -7.039000e+00 -2.626795e+01
      vertex   5.592638e+00 -5.539000e+00 -2.606815e+01
      vertex   6.075000e+00 -5.539000e+00 -2.626795e+01
    endloop
  endfacet
  facet normal -6.087614e-01 4.118536e-15 -7.933533e-01
    outer loop
      vertex   6.075000e+00 -7.039000e+00 -2.626795e+01
      vertex   6.075000e+00 -5.539000e+00 -2.626795e+01
      vertex   6.489214e+00 -7.039000e+00 -2.658579e+01
    endloop
  endfacet
  facet normal -6.087614e-01 3.758076e-15 -7.933533e-01
    outer loop
      vertex   6.489214e+00 -7.039000e+00 -2.658579e+01
      vertex   6.075000e+00 -5.539000e+00 -2.626795e+01
      vertex   6.489214e+00 -5.539000e+00 -2.658579e+01
    endloop
  endfacet
  facet normal -7.933533e-01 2.883673e-15 -6.087614e-01
    outer loop
      vertex   6.489214e+00 -7.039000e+00 -2.658579e+01
      vertex   6.489214e+00 -5.539000e+00 -2.658579e+01
      vertex   6.807051e+00 -7.039000e+00 -2.700000e+01
    endloop
  endfacet
  facet normal -7.933533e-01 2.883673e-15 -6.087614e-01
    outer loop
      vertex   6.807051e+00 -7.039000e+00 -2.700000e+01
      vertex   6.489214e+00 -5.539000e+00 -2.658579e+01
      vertex   6.807051e+00 -5.539000e+00 -2.700000e+01
    endloop
  endfacet
  facet normal -9.238795e-01 1.812753e-15 -3.826834e-01
    outer loop
      vertex   6.807051e+00 -7.039000e+00 -2.700000e+01
      vertex   6.807051e+00 -5.539000e+00 -2.700000e+01
      vertex   7.006852e+00 -7.039000e+00 -2.748236e+01
    endloop
  endfacet
  facet normal -9.238795e-01 2.719129e-15 -3.826834e-01
    outer loop
      vertex   7.006852e+00 -7.039000e+00 -2.748236e+01
      vertex   6.807051e+00 -5.539000e+00 -2.700000e+01
      vertex   7.006852e+00 -5.539000e+00 -2.748236e+01
    endloop
  endfacet
  facet normal 9.914449e-01 -9.274444e-16 1.305262e-01
    outer loop
      vertex   -1.200000e+01 -5.539000e+00 -1.800000e+01
      vertex   -1.200000e+01 -7.039000e+00 -1.800000e+01
      vertex   -1.196593e+01 -5.539000e+00 -1.825882e+01
    endloop
  endfacet
  facet normal 9.914449e-01 -9.274444e-16 1.305262e-01
    outer loop
      vertex   -1.196593e+01 -5.539000e+00 -1.825882e+01
      vertex   -1.200000e+01 -7.039000e+00 -1.800000e+01
      vertex   -1.196593e+01 -7.039000e+00 -1.825882e+01
    endloop
  endfacet
  facet normal 9.238795e-01 -2.719129e-15 3.826834e-01
    outer loop
      vertex   -1.196593e+01 -5.539000e+00 -1.825882e+01
      vertex   -1.196593e+01 -7.039000e+00 -1.825882e+01
      vertex   -1.186603e+01 -5.539000e+00 -1.850000e+01
    endloop
  endfacet
  facet normal 9.238795e-01 -1.812753e-15 3.826834e-01
    outer loop
      vertex   -1.186603e+01 -5.539000e+00 -1.850000e+01
      vertex   -1.196593e+01 -7.039000e+00 -1.825882e+01
      vertex   -1.186603e+01 -7.039000e+00 -1.850000e+01
    endloop
  endfacet
  facet normal 7.933533e-01 -2.883673e-15 6.087614e-01
    outer loop
      vertex   -1.186603e+01 -5.539000e+00 -1.850000e+01
      vertex   -1.186603e+01 -7.039000e+00 -1.850000e+01
      vertex   -1.170711e+01 -5.539000e+00 -1.870711e+01
    endloop
  endfacet
  facet normal 7.933533e-01 -2.883673e-15 6.087614e-01
    outer loop
      vertex   -1.170711e+01 -5.539000e+00 -1.870711e+01
      vertex   -1.186603e+01 -7.039000e+00 -1.850000e+01
      vertex   -1.170711e+01 -7.039000e+00 -1.870711e+01
    endloop
  endfacet
  facet normal 6.087614e-01 -3.758076e-15 7.933533e-01
    outer loop
      vertex   -1.170711e+01 -5.539000e+00 -1.870711e+01
      vertex   -1.170711e+01 -7.039000e+00 -1.870711e+01
      vertex   -1.150000e+01 -5.539000e+00 -1.886603e+01
    endloop
  endfacet
  facet normal 6.087614e-01 -3.758076e-15 7.933533e-01
    outer loop
      vertex   -1.150000e+01 -5.539000e+00 -1.886603e+01
      vertex   -1.170711e+01 -7.039000e+00 -1.870711e+01
      vertex   -1.150000e+01 -7.039000e+00 -1.886603e+01
    endloop
  endfacet
  facet normal 3.826834e-01 -4.376373e-15 9.238795e-01
    outer loop
      vertex   -1.150000e+01 -5.539000e+00 -1.886603e+01
      vertex   -1.150000e+01 -7.039000e+00 -1.886603e+01
      vertex   -1.125882e+01 -5.539000e+00 -1.896593e+01
    endloop
  endfacet
  facet normal 3.826834e-01 -6.564559e-15 9.238795e-01
    outer loop
      vertex   -1.125882e+01 -5.539000e+00 -1.896593e+01
      vertex   -1.150000e+01 -7.039000e+00 -1.886603e+01
      vertex   -1.125882e+01 -7.039000e+00 -1.896593e+01
    endloop
  endfacet
  facet normal 1.305262e-01 -7.044639e-15 9.914449e-01
    outer loop
      vertex   -1.125882e+01 -5.539000e+00 -1.896593e+01
      vertex   -1.125882e+01 -7.039000e+00 -1.896593e+01
      vertex   -1.100000e+01 -5.539000e+00 -1.900000e+01
    endloop
  endfacet
  facet normal 1.305262e-01 -7.044639e-15 9.914449e-01
    outer loop
      vertex   -1.100000e+01 -5.539000e+00 -1.900000e+01
      vertex   -1.125882e+01 -7.039000e+00 -1.896593e+01
      vertex   -1.100000e+01 -7.039000e+00 -1.900000e+01
    endloop
  endfacet
  facet normal 0.000000e+00 -7.105427e-15 1.000000e+00
    outer loop
      vertex   -1.100000e+01 -7.039000e+00 -1.900000e+01
      vertex   1.100000e+01 -7.039000e+00 -1.900000e+01
      vertex   -1.100000e+01 -5.539000e+00 -1.900000e+01
    endloop
  endfacet
  facet normal -1.434293e-30 -7.105427e-15 1.000000e+00
    outer loop
      vertex   -1.100000e+01 -5.539000e+00 -1.900000e+01
      vertex   1.100000e+01 -7.039000e+00 -1.900000e+01
      vertex   1.100000e+01 -5.539000e+00 -1.900000e+01
    endloop
  endfacet
  facet normal 1.305262e-01 6.025107e-15 -9.914449e-01
    outer loop
      vertex   -1.100000e+01 -5.539000e+00 -1.500000e+01
      vertex   -1.100000e+01 -7.039000e+00 -1.500000e+01
      vertex   -1.125882e+01 -5.539000e+00 -1.503407e+01
    endloop
  endfacet
  facet normal 1.305262e-01 7.199214e-15 -9.914449e-01
    outer loop
      vertex   -1.125882e+01 -5.539000e+00 -1.503407e+01
      vertex   -1.100000e+01 -7.039000e+00 -1.500000e+01
      vertex   -1.125882e+01 -7.039000e+00 -1.503407e+01
    endloop
  endfacet
  facet normal 3.826834e-01 7.017747e-15 -9.238795e-01
    outer loop
      vertex   -1.125882e+01 -5.539000e+00 -1.503407e+01
      vertex   -1.125882e+01 -7.039000e+00 -1.503407e+01
      vertex   -1.150000e+01 -5.539000e+00 -1.513397e+01
    endloop
  endfacet
  facet normal 3.826834e-01 6.830030e-15 -9.238795e-01
    outer loop
      vertex   -1.150000e+01 -5.539000e+00 -1.513397e+01
      vertex   -1.125882e+01 -7.039000e+00 -1.503407e+01
      vertex   -1.150000e+01 -7.039000e+00 -1.513397e+01
    endloop
  endfacet
  facet normal 6.087614e-01 6.860350e-15 -7.933533e-01
    outer loop
      vertex   -1.150000e+01 -5.539000e+00 -1.513397e+01
      vertex   -1.150000e+01 -7.039000e+00 -1.513397e+01
      vertex   -1.170711e+01 -5.539000e+00 -1.529289e+01
    endloop
  endfacet
  facet normal 6.087614e-01 4.697595e-15 -7.933533e-01
    outer loop
      vertex   -1.170711e+01 -5.539000e+00 -1.529289e+01
      vertex   -1.150000e+01 -7.039000e+00 -1.513397e+01
      vertex   -1.170711e+01 -7.039000e+00 -1.529289e+01
    endloop
  endfacet
  facet normal 7.933533e-01 3.604592e-15 -6.087614e-01
    outer loop
      vertex   -1.170711e+01 -5.539000e+00 -1.529289e+01
      vertex   -1.170711e+01 -7.039000e+00 -1.529289e+01
      vertex   -1.186603e+01 -5.539000e+00 -1.550000e+01
    endloop
  endfacet
  facet normal 7.933533e-01 4.325510e-15 -6.087614e-01
    outer loop
      vertex   -1.186603e+01 -5.539000e+00 -1.550000e+01
      vertex   -1.170711e+01 -7.039000e+00 -1.529289e+01
      vertex   -1.186603e+01 -7.039000e+00 -1.550000e+01
    endloop
  endfacet
  facet normal 9.238795e-01 2.719129e-15 -3.826834e-01
    outer loop
      vertex   -1.186603e+01 -5.539000e+00 -1.550000e+01
      vertex   -1.186603e+01 -7.039000e+00 -1.550000e+01
      vertex   -1.196593e+01 -5.539000e+00 -1.574118e+01
    endloop
  endfacet
  facet normal 9.238795e-01 2.265941e-15 -3.826834e-01
    outer loop
      vertex   -1.196593e+01 -5.539000e+00 -1.574118e+01
      vertex   -1.186603e+01 -7.039000e+00 -1.550000e+01
      vertex   -1.196593e+01 -7.039000e+00 -1.574118e+01
    endloop
  endfacet
  facet normal 9.914449e-01 7.728703e-16 -1.305262e-01
    outer loop
      vertex   -1.196593e+01 -5.539000e+00 -1.574118e+01
      vertex   -1.196593e+01 -7.039000e+00 -1.574118e+01
      vertex   -1.200000e+01 -5.539000e+00 -1.600000e+01
    endloop
  endfacet
  facet normal 9.914449e-01 6.182963e-16 -1.305262e-01
    outer loop
      vertex   -1.200000e+01 -5.539000e+00 -1.600000e+01
      vertex   -1.196593e+01 -7.039000e+00 -1.574118e+01
      vertex   -1.200000e+01 -7.039000e+00 -1.600000e+01
    endloop
  endfacet
  facet normal 1.000000e+00 0.000000e+00 0.000000e+00
    outer loop
      vertex   -1.200000e+01 -5.539000e+00 -1.800000e+01
      vertex   -1.200000e+01 -5.539000e+00 -1.600000e+01
      vertex   -1.200000e+01 -7.039000e+00 -1.800000e+01
    endloop
  endfacet
  facet normal 1.000000e+00 0.000000e+00 -0.000000e+00
    outer loop
      vertex   -1.200000e+01 -7.039000e+00 -1.800000e+01
      vertex   -1.200000e+01 -5.539000e+00 -1.600000e+01
      vertex   -1.200000e+01 -7.039000e+00 -1.600000e+01
    endloop
  endfacet
  facet normal -9.914449e-01 6.182963e-16 -1.305262e-01
    outer loop
      vertex   1.200000e+01 -5.539000e+00 -1.600000e+01
      vertex   1.200000e+01 -7.039000e+00 -1.600000e+01
      vertex   1.196593e+01 -5.539000e+00 -1.574118e+01
    endloop
  endfacet
  facet normal -9.914449e-01 7.728703e-16 -1.305262e-01
    outer loop
      vertex   1.196593e+01 -5.539000e+00 -1.574118e+01
      vertex   1.200000e+01 -7.039000e+00 -1.600000e+01
      vertex   1.196593e+01 -7.039000e+00 -1.574118e+01
    endloop
  endfacet
  facet normal -9.238795e-01 2.265941e-15 -3.826834e-01
    outer loop
      vertex   1.196593e+01 -5.539000e+00 -1.574118e+01
      vertex   1.196593e+01 -7.039000e+00 -1.574118e+01
      vertex   1.186603e+01 -5.539000e+00 -1.550000e+01
    endloop
  endfacet
  facet normal -9.238795e-01 2.719129e-15 -3.826834e-01
    outer loop
      vertex   1.186603e+01 -5.539000e+00 -1.550000e+01
      vertex   1.196593e+01 -7.039000e+00 -1.574118e+01
      vertex   1.186603e+01 -7.039000e+00 -1.550000e+01
    endloop
  endfacet
  facet normal -7.933533e-01 4.325510e-15 -6.087614e-01
    outer loop
      vertex   1.186603e+01 -5.539000e+00 -1.550000e+01
      vertex   1.186603e+01 -7.039000e+00 -1.550000e+01
      vertex   1.170711e+01 -5.539000e+00 -1.529289e+01
    endloop
  endfacet
  facet normal -7.933533e-01 3.604592e-15 -6.087614e-01
    outer loop
      vertex   1.170711e+01 -5.539000e+00 -1.529289e+01
      vertex   1.186603e+01 -7.039000e+00 -1.550000e+01
      vertex   1.170711e+01 -7.039000e+00 -1.529289e+01
    endloop
  endfacet
  facet normal -6.087614e-01 4.697595e-15 -7.933533e-01
    outer loop
      vertex   1.170711e+01 -5.539000e+00 -1.529289e+01
      vertex   1.170711e+01 -7.039000e+00 -1.529289e+01
      vertex   1.150000e+01 -5.539000e+00 -1.513397e+01
    endloop
  endfacet
  facet normal -6.087614e-01 4.697595e-15 -7.933533e-01
    outer loop
      vertex   1.150000e+01 -5.539000e+00 -1.513397e+01
      vertex   1.170711e+01 -7.039000e+00 -1.529289e+01
      vertex   1.150000e+01 -7.039000e+00 -1.513397e+01
    endloop
  endfacet
  facet normal -3.826834e-01 5.470466e-15 -9.238795e-01
    outer loop
      vertex   1.150000e+01 -5.539000e+00 -1.513397e+01
      vertex   1.150000e+01 -7.039000e+00 -1.513397e+01
      vertex   1.125882e+01 -5.539000e+00 -1.503407e+01
    endloop
  endfacet
  facet normal -3.826834e-01 5.470466e-15 -9.238795e-01
    outer loop
      vertex   1.125882e+01 -5.539000e+00 -1.503407e+01
      vertex   1.150000e+01 -7.039000e+00 -1.513397e+01
      vertex   1.125882e+01 -7.039000e+00 -1.503407e+01
    endloop
  endfacet
  facet normal -1.305262e-01 5.870533e-15 -9.914449e-01
    outer loop
      vertex   1.125882e+01 -5.539000e+00 -1.503407e+01
      vertex   1.125882e+01 -7.039000e+00 -1.503407e+01
      vertex   1.100000e+01 -5.539000e+00 -1.500000e+01
    endloop
  endfacet
  facet normal -1.305262e-01 5.870533e-15 -9.914449e-01
    outer loop
      vertex   1.100000e+01 -5.539000e+00 -1.500000e+01
      vertex   1.125882e+01 -7.039000e+00 -1.503407e+01
      vertex   1.100000e+01 -7.039000e+00 -1.500000e+01
    endloop
  endfacet
  facet normal 1.434293e-30 5.921189e-15 -1.000000e+00
    outer loop
      vertex   -1.100000e+01 -5.539000e+00 -1.500000e+01
      vertex   1.100000e+01 -5.539000e+00 -1.500000e+01
      vertex   -1.100000e+01 -7.039000e+00 -1.500000e+01
    endloop
  endfacet
  facet normal 0.000000e+00 5.921189e-15 -1.000000e+00
    outer loop
      vertex   -1.100000e+01 -7.039000e+00 -1.500000e+01
      vertex   1.100000e+01 -5.539000e+00 -1.500000e+01
      vertex   1.100000e+01 -7.039000e+00 -1.500000e+01
    endloop
  endfacet
  facet normal -1.305262e-01 -7.199214e-15 9.914449e-01
    outer loop
      vertex   1.100000e+01 -5.539000e+00 -1.900000e+01
      vertex   1.100000e+01 -7.039000e+00 -1.900000e+01
      vertex   1.125882e+01 -5.539000e+00 -1.896593e+01
    endloop
  endfacet
  facet normal -1.305262e-01 -9.547427e-15 9.914449e-01
    outer loop
      vertex   1.125882e+01 -5.539000e+00 -1.896593e+01
      vertex   1.100000e+01 -7.039000e+00 -1.900000e+01
      vertex   1.125882e+01 -7.039000e+00 -1.896593e+01
    endloop
  endfacet
  facet normal -3.826834e-01 -9.205933e-15 9.238795e-01
    outer loop
      vertex   1.125882e+01 -5.539000e+00 -1.896593e+01
      vertex   1.125882e+01 -7.039000e+00 -1.896593e+01
      vertex   1.150000e+01 -5.539000e+00 -1.886603e+01
    endloop
  endfacet
  facet normal -3.826834e-01 -5.735937e-15 9.238795e-01
    outer loop
      vertex   1.150000e+01 -5.539000e+00 -1.886603e+01
      vertex   1.125882e+01 -7.039000e+00 -1.896593e+01
      vertex   1.150000e+01 -7.039000e+00 -1.886603e+01
    endloop
  endfacet
  facet normal -6.087614e-01 -5.920831e-15 7.933533e-01
    outer loop
      vertex   1.150000e+01 -5.539000e+00 -1.886603e+01
      vertex   1.150000e+01 -7.039000e+00 -1.886603e+01
      vertex   1.170711e+01 -5.539000e+00 -1.870711e+01
    endloop
  endfacet
  facet normal -6.087614e-01 -3.758076e-15 7.933533e-01
    outer loop
      vertex   1.170711e+01 -5.539000e+00 -1.870711e+01
      vertex   1.150000e+01 -7.039000e+00 -1.886603e+01
      vertex   1.170711e+01 -7.039000e+00 -1.870711e+01
    endloop
  endfacet
  facet normal -7.933533e-01 -2.883673e-15 6.087614e-01
    outer loop
      vertex   1.170711e+01 -5.539000e+00 -1.870711e+01
      vertex   1.170711e+01 -7.039000e+00 -1.870711e+01
      vertex   1.186603e+01 -5.539000e+00 -1.850000e+01
    endloop
  endfacet
  facet normal -7.933533e-01 -2.883673e-15 6.087614e-01
    outer loop
      vertex   1.186603e+01 -5.539000e+00 -1.850000e+01
      vertex   1.170711e+01 -7.039000e+00 -1.870711e+01
      vertex   1.186603e+01 -7.039000e+00 -1.850000e+01
    endloop
  endfacet
  facet normal -9.238795e-01 -1.812753e-15 3.826834e-01
    outer loop
      vertex   1.186603e+01 -5.539000e+00 -1.850000e+01
      vertex   1.186603e+01 -7.039000e+00 -1.850000e+01
      vertex   1.196593e+01 -5.539000e+00 -1.825882e+01
    endloop
  endfacet
  facet normal -9.238795e-01 -2.719129e-15 3.826834e-01
    outer loop
      vertex   1.196593e+01 -5.539000e+00 -1.825882e+01
      vertex   1.186603e+01 -7.039000e+00 -1.850000e+01
      vertex   1.196593e+01 -7.039000e+00 -1.825882e+01
    endloop
  endfacet
  facet normal -9.914449e-01 -9.274444e-16 1.305262e-01
    outer loop
      vertex   1.196593e+01 -5.539000e+00 -1.825882e+01
      vertex   1.196593e+01 -7.039000e+00 -1.825882e+01
      vertex   1.200000e+01 -5.539000e+00 -1.800000e+01
    endloop
  endfacet
  facet normal -9.914449e-01 -9.274444e-16 1.305262e-01
    outer loop
      vertex   1.200000e+01 -5.539000e+00 -1.800000e+01
      vertex   1.196593e+01 -7.039000e+00 -1.825882e+01
      vertex   1.200000e+01 -7.039000e+00 -1.800000e+01
    endloop
  endfacet
  facet normal -1.000000e+00 0.000000e+00 -0.000000e+00
    outer loop
      vertex   1.200000e+01 -5.539000e+00 -1.600000e+01
      vertex   1.200000e+01 -5.539000e+00 -1.800000e+01
      vertex   1.200000e+01 -7.039000e+00 -1.600000e+01
    endloop
  endfacet
  facet normal -1.000000e+00 0.000000e+00 0.000000e+00
    outer loop
      vertex   1.200000e+01 -7.039000e+00 -1.600000e+01
      vertex   1.200000e+01 -5.539000e+00 -1.800000e+01
      vertex   1.200000e+01 -7.039000e+00 -1.800000e+01
    endloop
  endfacet
  facet normal -7.071068e-01 -0.000000e+00 -7.071068e-01
    outer loop
      vertex   1.250000e+01 2.271000e+01 -3.536736e+01
      vertex   1.300000e+01 2.271000e+01 -3.586736e+01
      vertex   1.250000e+01 1.271000e+01 -3.536736e+01
    endloop
  endfacet
  facet normal -7.071068e-01 0.000000e+00 -7.071068e-01
    outer loop
      vertex   1.250000e+01 1.271000e+01 -3.536736e+01
      vertex   1.300000e+01 2.271000e+01 -3.586736e+01
      vertex   1.300000e+01 1.221000e+01 -3.586736e+01
    endloop
  endfacet
  facet normal 0.000000e+00 7.071068e-01 -7.071068e-01
    outer loop
      vertex   1.300000e+01 1.221000e+01 -3.586736e+01
      vertex   -1.300000e+01 1.221000e+01 -3.586736e+01
      vertex   1.250000e+01 1.271000e+01 -3.536736e+01
    endloop
  endfacet
  facet normal 0.000000e+00 7.071068e-01 -7.071068e-01
    outer loop
      vertex   1.250000e+01 1.271000e+01 -3.536736e+01
      vertex   -1.300000e+01 1.221000e+01 -3.586736e+01
      vertex   -1.250000e+01 1.271000e+01 -3.536736e+01
    endloop
  endfacet
  facet normal 7.071068e-01 0.000000e+00 -7.071068e-01
    outer loop
      vertex   -1.300000e+01 1.221000e+01 -3.586736e+01
      vertex   -1.300000e+01 2.271000e+01 -3.586736e+01
      vertex   -1.250000e+01 1.271000e+01 -3.536736e+01
    endloop
  endfacet
  facet normal 7.071068e-01 -2.512148e-16 -7.071068e-01
    outer loop
      vertex   -1.250000e+01 1.271000e+01 -3.536736e+01
      vertex   -1.300000e+01 2.271000e+01 -3.586736e+01
      vertex   -1.250000e+01 2.271000e+01 -3.536736e+01
    endloop
  endfacet
  facet normal -0.000000e+00 -0.000000e+00 -1.000000e+00
    outer loop
      vertex   -1.300000e+01 2.271000e+01 -3.586736e+01
      vertex   -1.300000e+01 1.221000e+01 -3.586736e+01
      vertex   -1.400000e+01 2.271000e+01 -3.586736e+01
    endloop
  endfacet
  facet normal 0.000000e+00 0.000000e+00 -1.000000e+00
    outer loop
      vertex   -1.400000e+01 2.271000e+01 -3.586736e+01
      vertex   -1.300000e+01 1.221000e+01 -3.586736e+01
      vertex   -1.400000e+01 1.040735e+01 -3.586736e+01
    endloop
  endfacet
  facet normal 0.000000e+00 0.000000e+00 -1.000000e+00
    outer loop
      vertex   -1.400000e+01 1.040735e+01 -3.586736e+01
      vertex   -1.300000e+01 1.221000e+01 -3.586736e+01
      vertex   1.300000e+01 1.221000e+01 -3.586736e+01
    endloop
  endfacet
  facet normal 0.000000e+00 0.000000e+00 -1.000000e+00
    outer loop
      vertex   -1.400000e+01 1.040735e+01 -3.586736e+01
      vertex   1.300000e+01 1.221000e+01 -3.586736e+01
      vertex   1.400000e+01 1.040735e+01 -3.586736e+01
    endloop
  endfacet
  facet normal 0.000000e+00 0.000000e+00 -1.000000e+00
    outer loop
      vertex   1.400000e+01 1.040735e+01 -3.586736e+01
      vertex   1.300000e+01 1.221000e+01 -3.586736e+01
      vertex   1.400000e+01 2.271000e+01 -3.586736e+01
    endloop
  endfacet
  facet normal -0.000000e+00 0.000000e+00 -1.000000e+00
    outer loop
      vertex   1.400000e+01 2.271000e+01 -3.586736e+01
      vertex   1.300000e+01 1.221000e+01 -3.586736e+01
      vertex   1.300000e+01 2.271000e+01 -3.586736e+01
    endloop
  endfacet
  facet normal 0.000000e+00 1.000000e+00 -0.000000e+00
    outer loop
      vertex   1.300000e+01 2.271000e+01 -3.586736e+01
      vertex   1.250000e+01 2.271000e+01 -3.536736e+01
      vertex   1.400000e+01 2.271000e+01 -3.586736e+01
    endloop
  endfacet
  facet normal 0.000000e+00 1.000000e+00 0.000000e+00
    outer loop
      vertex   1.400000e+01 2.271000e+01 -3.586736e+01
      vertex   1.250000e+01 2.271000e+01 -3.536736e+01
      vertex   1.250000e+01 2.271000e+01 -3.286736e+01
    endloop
  endfacet
  facet normal 0.000000e+00 1.000000e+00 -0.000000e+00
    outer loop
      vertex   1.400000e+01 2.271000e+01 -3.586736e+01
      vertex   1.250000e+01 2.271000e+01 -3.286736e+01
      vertex   1.400000e+01 2.271000e+01 -3.136736e+01
    endloop
  endfacet
  facet normal 0.000000e+00 1.000000e+00 0.000000e+00
    outer loop
      vertex   1.400000e+01 2.271000e+01 -3.136736e+01
      vertex   1.250000e+01 2.271000e+01 -3.286736e+01
      vertex   7.500000e+00 2.271000e+01 -3.136736e+01
    endloop
  endfacet
  facet normal 0.000000e+00 1.000000e+00 0.000000e+00
    outer loop
      vertex   7.500000e+00 2.271000e+01 -3.136736e+01
      vertex   1.250000e+01 2.271000e+01 -3.286736e+01
      vertex   7.500000e+00 2.271000e+01 -3.286736e+01
    endloop
  endfacet
  facet normal 1.000000e+00 -0.000000e+00 0.000000e+00
    outer loop
      vertex   1.400000e+01 1.121000e+01 -3.431353e+01
      vertex   1.400000e+01 2.271000e+01 -3.586736e+01
      vertex   1.400000e+01 1.194593e+01 -3.286736e+01
    endloop
  endfacet
  facet normal 1.000000e+00 -0.000000e+00 0.000000e+00
    outer loop
      vertex   1.400000e+01 1.194593e+01 -3.286736e+01
      vertex   1.400000e+01 2.271000e+01 -3.586736e+01
      vertex   1.400000e+01 2.271000e+01 -3.136736e+01
    endloop
  endfacet
  facet normal 1.000000e+00 0.000000e+00 0.000000e+00
    outer loop
      vertex   1.400000e+01 1.194593e+01 -3.286736e+01
      vertex   1.400000e+01 2.271000e+01 -3.136736e+01
      vertex   1.400000e+01 1.269907e+01 -3.136736e+01
    endloop
  endfacet
  facet normal 1.000000e+00 0.000000e+00 0.000000e+00
    outer loop
      vertex   1.400000e+01 1.121000e+01 -3.431353e+01
      vertex   1.400000e+01 1.040735e+01 -3.586736e+01
      vertex   1.400000e+01 2.271000e+01 -3.586736e+01
    endloop
  endfacet
  facet normal -1.000000e+00 -7.652573e-15 3.953013e-15
    outer loop
      vertex   -1.400000e+01 1.040735e+01 -3.586736e+01
      vertex   -1.400000e+01 1.121000e+01 -3.431353e+01
      vertex   -1.400000e+01 2.271000e+01 -3.586736e+01
    endloop
  endfacet
  facet normal -1.000000e+00 -7.659999e-15 3.898056e-15
    outer loop
      vertex   -1.400000e+01 2.271000e+01 -3.586736e+01
      vertex   -1.400000e+01 1.121000e+01 -3.431353e+01
      vertex   -1.400000e+01 1.194593e+01 -3.286736e+01
    endloop
  endfacet
  facet normal -1.000000e+00 -8.746407e-15 0.000000e+00
    outer loop
      vertex   -1.400000e+01 2.271000e+01 -3.586736e+01
      vertex   -1.400000e+01 1.194593e+01 -3.286736e+01
      vertex   -1.400000e+01 2.271000e+01 -3.136736e+01
    endloop
  endfacet
  facet normal -1.000000e+00 -9.404412e-15 4.721874e-15
    outer loop
      vertex   -1.400000e+01 2.271000e+01 -3.136736e+01
      vertex   -1.400000e+01 1.194593e+01 -3.286736e+01
      vertex   -1.400000e+01 1.269907e+01 -3.136736e+01
    endloop
  endfacet
  facet normal 0.000000e+00 1.000000e+00 -0.000000e+00
    outer loop
      vertex   1.250000e+01 1.271000e+01 -3.536736e+01
      vertex   -1.250000e+01 1.271000e+01 -3.536736e+01
      vertex   1.250000e+01 1.271000e+01 -3.286736e+01
    endloop
  endfacet
  facet normal 0.000000e+00 1.000000e+00 0.000000e+00
    outer loop
      vertex   1.250000e+01 1.271000e+01 -3.286736e+01
      vertex   -1.250000e+01 1.271000e+01 -3.536736e+01
      vertex   -1.250000e+01 1.271000e+01 -3.286736e+01
    endloop
  endfacet
  facet normal 1.000000e+00 -3.552714e-16 0.000000e+00
    outer loop
      vertex   -1.250000e+01 1.271000e+01 -3.536736e+01
      vertex   -1.250000e+01 2.271000e+01 -3.536736e+01
      vertex   -1.250000e+01 1.271000e+01 -3.286736e+01
    endloop
  endfacet
  facet normal 1.000000e+00 -3.552714e-16 0.000000e+00
    outer loop
      vertex   -1.250000e+01 1.271000e+01 -3.286736e+01
      vertex   -1.250000e+01 2.271000e+01 -3.536736e+01
      vertex   -1.250000e+01 2.271000e+01 -3.286736e+01
    endloop
  endfacet
  facet normal -1.000000e+00 0.000000e+00 0.000000e+00
    outer loop
      vertex   1.250000e+01 2.271000e+01 -3.536736e+01
      vertex   1.250000e+01 1.271000e+01 -3.536736e+01
      vertex   1.250000e+01 2.271000e+01 -3.286736e+01
    endloop
  endfacet
  facet normal -1.000000e+00 -0.000000e+00 0.000000e+00
    outer loop
      vertex   1.250000e+01 2.271000e+01 -3.286736e+01
      vertex   1.250000e+01 1.271000e+01 -3.536736e+01
      vertex   1.250000e+01 1.271000e+01 -3.286736e+01
    endloop
  endfacet
  facet normal 0.000000e+00 0.000000e+00 -1.000000e+00
    outer loop
      vertex   -1.250000e+01 1.271000e+01 -3.286736e+01
      vertex   9.125000e+00 1.619446e+01 -3.286736e+01
      vertex   1.250000e+01 1.271000e+01 -3.286736e+01
    endloop
  endfacet
  facet normal 0.000000e+00 0.000000e+00 -1.000000e+00
    outer loop
      vertex   1.250000e+01 1.271000e+01 -3.286736e+01
      vertex   9.125000e+00 1.619446e+01 -3.286736e+01
      vertex   9.547067e+00 1.601963e+01 -3.286736e+01
    endloop
  endfacet
  facet normal 0.000000e+00 0.000000e+00 -1.000000e+00
    outer loop
      vertex   1.250000e+01 1.271000e+01 -3.286736e+01
      vertex   9.547067e+00 1.601963e+01 -3.286736e+01
      vertex   1.000000e+01 1.596000e+01 -3.286736e+01
    endloop
  endfacet
  facet normal 0.000000e+00 -0.000000e+00 -1.000000e+00
    outer loop
      vertex   -1.250000e+01 2.271000e+01 -3.286736e+01
      vertex   -1.175000e+01 1.771000e+01 -3.286736e+01
      vertex   -1.250000e+01 1.271000e+01 -3.286736e+01
    endloop
  endfacet
  facet normal 0.000000e+00 0.000000e+00 -1.000000e+00
    outer loop
      vertex   -1.250000e+01 1.271000e+01 -3.286736e+01
      vertex   -1.175000e+01 1.771000e+01 -3.286736e+01
      vertex   -1.169037e+01 1.725707e+01 -3.286736e+01
    endloop
  endfacet
  facet normal 0.000000e+00 0.000000e+00 -1.000000e+00
    outer loop
      vertex   -1.250000e+01 1.271000e+01 -3.286736e+01
      vertex   -1.169037e+01 1.725707e+01 -3.286736e+01
      vertex   -1.151554e+01 1.683500e+01 -3.286736e+01
    endloop
  endfacet
  facet normal -0.000000e+00 -0.000000e+00 -1.000000e+00
    outer loop
      vertex   -7.500000e+00 2.271000e+01 -3.286736e+01
      vertex   -7.500000e+00 2.071000e+01 -3.286736e+01
      vertex   -1.250000e+01 2.271000e+01 -3.286736e+01
    endloop
  endfacet
  facet normal 0.000000e+00 0.000000e+00 -1.000000e+00
    outer loop
      vertex   -1.250000e+01 2.271000e+01 -3.286736e+01
      vertex   -7.500000e+00 2.071000e+01 -3.286736e+01
      vertex   -1.045293e+01 1.940037e+01 -3.286736e+01
    endloop
  endfacet
  facet normal 0.000000e+00 0.000000e+00 -1.000000e+00
    outer loop
      vertex   -1.250000e+01 2.271000e+01 -3.286736e+01
      vertex   -1.045293e+01 1.940037e+01 -3.286736e+01
      vertex   -1.087500e+01 1.922554e+01 -3.286736e+01
    endloop
  endfacet
  facet normal 0.000000e+00 -0.000000e+00 -1.000000e+00
    outer loop
      vertex   7.500000e+00 2.071000e+01 -3.286736e+01
      vertex   8.484456e+00 1.858500e+01 -3.286736e+01
      vertex   -7.500000e+00 2.071000e+01 -3.286736e+01
    endloop
  endfacet
  facet normal 0.000000e+00 -0.000000e+00 -1.000000e+00
    outer loop
      vertex   -7.500000e+00 2.071000e+01 -3.286736e+01
      vertex   8.484456e+00 1.858500e+01 -3.286736e+01
      vertex   -8.484456e+00 1.858500e+01 -3.286736e+01
    endloop
  endfacet
  facet normal 0.000000e+00 0.000000e+00 -1.000000e+00
    outer loop
      vertex   -7.500000e+00 2.071000e+01 -3.286736e+01
      vertex   -8.484456e+00 1.858500e+01 -3.286736e+01
      vertex   -8.762563e+00 1.894744e+01 -3.286736e+01
    endloop
  endfacet
  facet normal 0.000000e+00 0.000000e+00 -1.000000e+00
    outer loop
      vertex   7.500000e+00 2.271000e+01 -3.286736e+01
      vertex   1.250000e+01 2.271000e+01 -3.286736e+01
      vertex   7.500000e+00 2.071000e+01 -3.286736e+01
    endloop
  endfacet
  facet normal 0.000000e+00 0.000000e+00 -1.000000e+00
    outer loop
      vertex   7.500000e+00 2.071000e+01 -3.286736e+01
      vertex   1.250000e+01 2.271000e+01 -3.286736e+01
      vertex   1.045293e+01 1.940037e+01 -3.286736e+01
    endloop
  endfacet
  facet normal 0.000000e+00 0.000000e+00 -1.000000e+00
    outer loop
      vertex   7.500000e+00 2.071000e+01 -3.286736e+01
      vertex   1.045293e+01 1.940037e+01 -3.286736e+01
      vertex   1.000000e+01 1.946000e+01 -3.286736e+01
    endloop
  endfacet
  facet normal 0.000000e+00 0.000000e+00 -1.000000e+00
    outer loop
      vertex   1.250000e+01 1.271000e+01 -3.286736e+01
      vertex   1.175000e+01 1.771000e+01 -3.286736e+01
      vertex   1.250000e+01 2.271000e+01 -3.286736e+01
    endloop
  endfacet
  facet normal 0.000000e+00 0.000000e+00 -1.000000e+00
    outer loop
      vertex   1.250000e+01 2.271000e+01 -3.286736e+01
      vertex   1.175000e+01 1.771000e+01 -3.286736e+01
      vertex   1.169037e+01 1.816293e+01 -3.286736e+01
    endloop
  endfacet
  facet normal 0.000000e+00 0.000000e+00 -1.000000e+00
    outer loop
      vertex   1.250000e+01 2.271000e+01 -3.286736e+01
      vertex   1.169037e+01 1.816293e+01 -3.286736e+01
      vertex   1.151554e+01 1.858500e+01 -3.286736e+01
    endloop
  endfacet
  facet normal 0.000000e+00 0.000000e+00 -1.000000e+00
    outer loop
      vertex   1.151554e+01 1.858500e+01 -3.286736e+01
      vertex   1.123744e+01 1.894744e+01 -3.286736e+01
      vertex   1.250000e+01 2.271000e+01 -3.286736e+01
    endloop
  endfacet
  facet normal 0.000000e+00 0.000000e+00 -1.000000e+00
    outer loop
      vertex   1.250000e+01 2.271000e+01 -3.286736e+01
      vertex   1.123744e+01 1.894744e+01 -3.286736e+01
      vertex   1.087500e+01 1.922554e+01 -3.286736e+01
    endloop
  endfacet
  facet normal 0.000000e+00 0.000000e+00 -1.000000e+00
    outer loop
      vertex   1.250000e+01 2.271000e+01 -3.286736e+01
      vertex   1.087500e+01 1.922554e+01 -3.286736e+01
      vertex   1.045293e+01 1.940037e+01 -3.286736e+01
    endloop
  endfacet
  facet normal -0.000000e+00 0.000000e+00 -1.000000e+00
    outer loop
      vertex   1.000000e+01 1.946000e+01 -3.286736e+01
      vertex   9.547067e+00 1.940037e+01 -3.286736e+01
      vertex   7.500000e+00 2.071000e+01 -3.286736e+01
    endloop
  endfacet
  facet normal 0.000000e+00 0.000000e+00 -1.000000e+00
    outer loop
      vertex   7.500000e+00 2.071000e+01 -3.286736e+01
      vertex   9.547067e+00 1.940037e+01 -3.286736e+01
      vertex   9.125000e+00 1.922554e+01 -3.286736e+01
    endloop
  endfacet
  facet normal 0.000000e+00 0.000000e+00 -1.000000e+00
    outer loop
      vertex   7.500000e+00 2.071000e+01 -3.286736e+01
      vertex   9.125000e+00 1.922554e+01 -3.286736e+01
      vertex   8.762563e+00 1.894744e+01 -3.286736e+01
    endloop
  endfacet
  facet normal -0.000000e+00 0.000000e+00 -1.000000e+00
    outer loop
      vertex   8.762563e+00 1.894744e+01 -3.286736e+01
      vertex   8.484456e+00 1.858500e+01 -3.286736e+01
      vertex   7.500000e+00 2.071000e+01 -3.286736e+01
    endloop
  endfacet
  facet normal 0.000000e+00 0.000000e+00 -1.000000e+00
    outer loop
      vertex   -8.484456e+00 1.858500e+01 -3.286736e+01
      vertex   8.484456e+00 1.858500e+01 -3.286736e+01
      vertex   -8.309630e+00 1.816293e+01 -3.286736e+01
    endloop
  endfacet
  facet normal 0.000000e+00 0.000000e+00 -1.000000e+00
    outer loop
      vertex   -8.309630e+00 1.816293e+01 -3.286736e+01
      vertex   8.484456e+00 1.858500e+01 -3.286736e+01
      vertex   8.309630e+00 1.816293e+01 -3.286736e+01
    endloop
  endfacet
  facet normal 0.000000e+00 0.000000e+00 -1.000000e+00
    outer loop
      vertex   -8.309630e+00 1.816293e+01 -3.286736e+01
      vertex   8.309630e+00 1.816293e+01 -3.286736e+01
      vertex   -8.250000e+00 1.771000e+01 -3.286736e+01
    endloop
  endfacet
  facet normal 0.000000e+00 0.000000e+00 -1.000000e+00
    outer loop
      vertex   -8.250000e+00 1.771000e+01 -3.286736e+01
      vertex   8.309630e+00 1.816293e+01 -3.286736e+01
      vertex   8.250000e+00 1.771000e+01 -3.286736e+01
    endloop
  endfacet
  facet normal 0.000000e+00 -0.000000e+00 -1.000000e+00
    outer loop
      vertex   -8.250000e+00 1.771000e+01 -3.286736e+01
      vertex   8.250000e+00 1.771000e+01 -3.286736e+01
      vertex   -8.309630e+00 1.725707e+01 -3.286736e+01
    endloop
  endfacet
  facet normal 0.000000e+00 0.000000e+00 -1.000000e+00
    outer loop
      vertex   -8.309630e+00 1.725707e+01 -3.286736e+01
      vertex   8.250000e+00 1.771000e+01 -3.286736e+01
      vertex   8.309630e+00 1.725707e+01 -3.286736e+01
    endloop
  endfacet
  facet normal 0.000000e+00 -0.000000e+00 -1.000000e+00
    outer loop
      vertex   -8.309630e+00 1.725707e+01 -3.286736e+01
      vertex   8.309630e+00 1.725707e+01 -3.286736e+01
      vertex   -8.484456e+00 1.683500e+01 -3.286736e+01
    endloop
  endfacet
  facet normal 0.000000e+00 0.000000e+00 -1.000000e+00
    outer loop
      vertex   -8.484456e+00 1.683500e+01 -3.286736e+01
      vertex   8.309630e+00 1.725707e+01 -3.286736e+01
      vertex   8.484456e+00 1.683500e+01 -3.286736e+01
    endloop
  endfacet
  facet normal 0.000000e+00 -0.000000e+00 -1.000000e+00
    outer loop
      vertex   -8.484456e+00 1.683500e+01 -3.286736e+01
      vertex   8.484456e+00 1.683500e+01 -3.286736e+01
      vertex   -8.762563e+00 1.647256e+01 -3.286736e+01
    endloop
  endfacet
  facet normal 0.000000e+00 0.000000e+00 -1.000000e+00
    outer loop
      vertex   -8.762563e+00 1.647256e+01 -3.286736e+01
      vertex   8.484456e+00 1.683500e+01 -3.286736e+01
      vertex   8.762563e+00 1.647256e+01 -3.286736e+01
    endloop
  endfacet
  facet normal 0.000000e+00 -0.000000e+00 -1.000000e+00
    outer loop
      vertex   -8.762563e+00 1.647256e+01 -3.286736e+01
      vertex   8.762563e+00 1.647256e+01 -3.286736e+01
      vertex   -9.125000e+00 1.619446e+01 -3.286736e+01
    endloop
  endfacet
  facet normal 0.000000e+00 0.000000e+00 -1.000000e+00
    outer loop
      vertex   -9.125000e+00 1.619446e+01 -3.286736e+01
      vertex   8.762563e+00 1.647256e+01 -3.286736e+01
      vertex   9.125000e+00 1.619446e+01 -3.286736e+01
    endloop
  endfacet
  facet normal 0.000000e+00 -0.000000e+00 -1.000000e+00
    outer loop
      vertex   -9.125000e+00 1.619446e+01 -3.286736e+01
      vertex   9.125000e+00 1.619446e+01 -3.286736e+01
      vertex   -1.250000e+01 1.271000e+01 -3.286736e+01
    endloop
  endfacet
  facet normal 0.000000e+00 0.000000e+00 -1.000000e+00
    outer loop
      vertex   1.000000e+01 1.596000e+01 -3.286736e+01
      vertex   1.045293e+01 1.601963e+01 -3.286736e+01
      vertex   1.250000e+01 1.271000e+01 -3.286736e+01
    endloop
  endfacet
  facet normal 0.000000e+00 0.000000e+00 -1.000000e+00
    outer loop
      vertex   1.250000e+01 1.271000e+01 -3.286736e+01
      vertex   1.045293e+01 1.601963e+01 -3.286736e+01
      vertex   1.087500e+01 1.619446e+01 -3.286736e+01
    endloop
  endfacet
  facet normal 0.000000e+00 0.000000e+00 -1.000000e+00
    outer loop
      vertex   1.250000e+01 1.271000e+01 -3.286736e+01
      vertex   1.087500e+01 1.619446e+01 -3.286736e+01
      vertex   1.123744e+01 1.647256e+01 -3.286736e+01
    endloop
  endfacet
  facet normal 0.000000e+00 0.000000e+00 -1.000000e+00
    outer loop
      vertex   1.123744e+01 1.647256e+01 -3.286736e+01
      vertex   1.151554e+01 1.683500e+01 -3.286736e+01
      vertex   1.250000e+01 1.271000e+01 -3.286736e+01
    endloop
  endfacet
  facet normal 0.000000e+00 0.000000e+00 -1.000000e+00
    outer loop
      vertex   1.250000e+01 1.271000e+01 -3.286736e+01
      vertex   1.151554e+01 1.683500e+01 -3.286736e+01
      vertex   1.169037e+01 1.725707e+01 -3.286736e+01
    endloop
  endfacet
  facet normal 0.000000e+00 0.000000e+00 -1.000000e+00
    outer loop
      vertex   1.250000e+01 1.271000e+01 -3.286736e+01
      vertex   1.169037e+01 1.725707e+01 -3.286736e+01
      vertex   1.175000e+01 1.771000e+01 -3.286736e+01
    endloop
  endfacet
  facet normal 0.000000e+00 0.000000e+00 -1.000000e+00
    outer loop
      vertex   -8.762563e+00 1.894744e+01 -3.286736e+01
      vertex   -9.125000e+00 1.922554e+01 -3.286736e+01
      vertex   -7.500000e+00 2.071000e+01 -3.286736e+01
    endloop
  endfacet
  facet normal 0.000000e+00 0.000000e+00 -1.000000e+00
    outer loop
      vertex   -7.500000e+00 2.071000e+01 -3.286736e+01
      vertex   -9.125000e+00 1.922554e+01 -3.286736e+01
      vertex   -9.547067e+00 1.940037e+01 -3.286736e+01
    endloop
  endfacet
  facet normal 0.000000e+00 0.000000e+00 -1.000000e+00
    outer loop
      vertex   -7.500000e+00 2.071000e+01 -3.286736e+01
      vertex   -9.547067e+00 1.940037e+01 -3.286736e+01
      vertex   -1.000000e+01 1.946000e+01 -3.286736e+01
    endloop
  endfacet
  facet normal -0.000000e+00 0.000000e+00 -1.000000e+00
    outer loop
      vertex   -1.000000e+01 1.946000e+01 -3.286736e+01
      vertex   -1.045293e+01 1.940037e+01 -3.286736e+01
      vertex   -7.500000e+00 2.071000e+01 -3.286736e+01
    endloop
  endfacet
  facet normal -0.000000e+00 0.000000e+00 -1.000000e+00
    outer loop
      vertex   -1.087500e+01 1.922554e+01 -3.286736e+01
      vertex   -1.123744e+01 1.894744e+01 -3.286736e+01
      vertex   -1.250000e+01 2.271000e+01 -3.286736e+01
    endloop
  endfacet
  facet normal 0.000000e+00 0.000000e+00 -1.000000e+00
    outer loop
      vertex   -1.250000e+01 2.271000e+01 -3.286736e+01
      vertex   -1.123744e+01 1.894744e+01 -3.286736e+01
      vertex   -1.151554e+01 1.858500e+01 -3.286736e+01
    endloop
  endfacet
  facet normal 0.000000e+00 0.000000e+00 -1.000000e+00
    outer loop
      vertex   -1.250000e+01 2.271000e+01 -3.286736e+01
      vertex   -1.151554e+01 1.858500e+01 -3.286736e+01
      vertex   -1.169037e+01 1.816293e+01 -3.286736e+01
    endloop
  endfacet
  facet normal -0.000000e+00 0.000000e+00 -1.000000e+00
    outer loop
      vertex   -1.169037e+01 1.816293e+01 -3.286736e+01
      vertex   -1.175000e+01 1.771000e+01 -3.286736e+01
      vertex   -1.250000e+01 2.271000e+01 -3.286736e+01
    endloop
  endfacet
  facet normal 0.000000e+00 -0.000000e+00 -1.000000e+00
    outer loop
      vertex   -1.151554e+01 1.683500e+01 -3.286736e+01
      vertex   -1.123744e+01 1.647256e+01 -3.286736e+01
      vertex   -1.250000e+01 1.271000e+01 -3.286736e+01
    endloop
  endfacet
  facet normal 0.000000e+00 0.000000e+00 -1.000000e+00
    outer loop
      vertex   -1.250000e+01 1.271000e+01 -3.286736e+01
      vertex   -1.123744e+01 1.647256e+01 -3.286736e+01
      vertex   -1.087500e+01 1.619446e+01 -3.286736e+01
    endloop
  endfacet
  facet normal 0.000000e+00 0.000000e+00 -1.000000e+00
    outer loop
      vertex   -1.250000e+01 1.271000e+01 -3.286736e+01
      vertex   -1.087500e+01 1.619446e+01 -3.286736e+01
      vertex   -1.045293e+01 1.601963e+01 -3.286736e+01
    endloop
  endfacet
  facet normal 0.000000e+00 -0.000000e+00 -1.000000e+00
    outer loop
      vertex   -1.045293e+01 1.601963e+01 -3.286736e+01
      vertex   -1.000000e+01 1.596000e+01 -3.286736e+01
      vertex   -1.250000e+01 1.271000e+01 -3.286736e+01
    endloop
  endfacet
  facet normal 0.000000e+00 0.000000e+00 -1.000000e+00
    outer loop
      vertex   -1.250000e+01 1.271000e+01 -3.286736e+01
      vertex   -1.000000e+01 1.596000e+01 -3.286736e+01
      vertex   -9.547067e+00 1.601963e+01 -3.286736e+01
    endloop
  endfacet
  facet normal 0.000000e+00 0.000000e+00 -1.000000e+00
    outer loop
      vertex   -1.250000e+01 1.271000e+01 -3.286736e+01
      vertex   -9.547067e+00 1.601963e+01 -3.286736e+01
      vertex   -9.125000e+00 1.619446e+01 -3.286736e+01
    endloop
  endfacet
  facet normal 7.561544e-04 -9.228749e-01 3.850992e-01
    outer loop
      vertex   2.967646e+01 1.978594e+01 -1.330087e+01
      vertex   1.489951e+01 1.983712e+01 -1.314918e+01
      vertex   2.979901e+01 1.956756e+01 -1.382443e+01
    endloop
  endfacet
  facet normal 8.081372e-08 -9.287311e-01 3.707541e-01
    outer loop
      vertex   2.979901e+01 1.956756e+01 -1.382443e+01
      vertex   1.489951e+01 1.983712e+01 -1.314918e+01
      vertex   -1.665299e-06 1.983712e+01 -1.314918e+01
    endloop
  endfacet
  facet normal 8.081372e-08 -9.287311e-01 3.707541e-01
    outer loop
      vertex   2.979901e+01 1.956756e+01 -1.382443e+01
      vertex   -1.665299e-06 1.983712e+01 -1.314918e+01
      vertex   -1.489951e+01 1.983712e+01 -1.314918e+01
    endloop
  endfacet
  facet normal 8.506535e-08 -9.726821e-01 2.321413e-01
    outer loop
      vertex   -1.489951e+01 1.983712e+01 -1.314918e+01
      vertex   -1.665299e-06 1.983712e+01 -1.314918e+01
      vertex   -1.489951e+01 2.000590e+01 -1.244197e+01
    endloop
  endfacet
  facet normal -8.013303e-04 -9.726818e-01 2.321412e-01
    outer loop
      vertex   -1.489951e+01 1.983712e+01 -1.314918e+01
      vertex   -1.489951e+01 2.000590e+01 -1.244197e+01
      vertex   -2.951923e+01 1.994071e+01 -1.276560e+01
    endloop
  endfacet
  facet normal 5.585487e-04 -9.848922e-01 1.731679e-01
    outer loop
      vertex   -2.951923e+01 1.994071e+01 -1.276560e+01
      vertex   -1.489951e+01 2.000590e+01 -1.244197e+01
      vertex   -2.933118e+01 2.003445e+01 -1.223307e+01
    endloop
  endfacet
  facet normal -9.618010e-04 -9.975557e-01 6.986913e-02
    outer loop
      vertex   -2.933118e+01 2.003445e+01 -1.223307e+01
      vertex   -1.489951e+01 2.000590e+01 -1.244197e+01
      vertex   -2.911669e+01 2.007033e+01 -1.171776e+01
    endloop
  endfacet
  facet normal 8.751826e-08 -9.960655e-01 8.861970e-02
    outer loop
      vertex   -2.911669e+01 2.007033e+01 -1.171776e+01
      vertex   -1.489951e+01 2.000590e+01 -1.244197e+01
      vertex   -1.682105e-06 2.000590e+01 -1.244197e+01
    endloop
  endfacet
  facet normal 8.751826e-08 -9.960655e-01 8.861970e-02
    outer loop
      vertex   -2.911669e+01 2.007033e+01 -1.171776e+01
      vertex   -1.682105e-06 2.000590e+01 -1.244197e+01
      vertex   1.489951e+01 2.000591e+01 -1.244197e+01
    endloop
  endfacet
  facet normal 8.506535e-08 -9.726821e-01 2.321413e-01
    outer loop
      vertex   1.489951e+01 2.000591e+01 -1.244197e+01
      vertex   -1.682105e-06 2.000590e+01 -1.244197e+01
      vertex   1.489951e+01 1.983712e+01 -1.314918e+01
    endloop
  endfacet
  facet normal 8.002117e-04 -9.726818e-01 2.321412e-01
    outer loop
      vertex   1.489951e+01 2.000591e+01 -1.244197e+01
      vertex   1.489951e+01 1.983712e+01 -1.314918e+01
      vertex   2.951923e+01 1.994068e+01 -1.276567e+01
    endloop
  endfacet
  facet normal -4.780042e-04 -9.606883e-01 2.776289e-01
    outer loop
      vertex   2.951923e+01 1.994068e+01 -1.276567e+01
      vertex   1.489951e+01 1.983712e+01 -1.314918e+01
      vertex   2.967646e+01 1.978594e+01 -1.330087e+01
    endloop
  endfacet
  facet normal -5.590339e-04 -9.848848e-01 1.732095e-01
    outer loop
      vertex   2.951923e+01 1.994068e+01 -1.276567e+01
      vertex   2.933120e+01 2.003444e+01 -1.223316e+01
      vertex   1.489951e+01 2.000591e+01 -1.244197e+01
    endloop
  endfacet
  facet normal 3.647908e-04 -9.938660e-01 1.105901e-01
    outer loop
      vertex   1.489951e+01 2.000591e+01 -1.244197e+01
      vertex   2.933120e+01 2.003444e+01 -1.223316e+01
      vertex   -2.911669e+01 2.007033e+01 -1.171776e+01
    endloop
  endfacet
  facet normal 8.770427e-08 -9.975827e-01 6.948975e-02
    outer loop
      vertex   2.933120e+01 2.003444e+01 -1.223316e+01
      vertex   2.911669e+01 2.007034e+01 -1.171776e+01
      vertex   -2.911669e+01 2.007033e+01 -1.171776e+01
    endloop
  endfacet
  facet normal 4.768270e-04 -9.606915e-01 2.776178e-01
    outer loop
      vertex   -2.951923e+01 1.994071e+01 -1.276560e+01
      vertex   -2.967647e+01 1.978596e+01 -1.330084e+01
      vertex   -1.489951e+01 1.983712e+01 -1.314918e+01
    endloop
  endfacet
  facet normal -3.540822e-04 -9.365833e-01 3.504448e-01
    outer loop
      vertex   -1.489951e+01 1.983712e+01 -1.314918e+01
      vertex   -2.967647e+01 1.978596e+01 -1.330084e+01
      vertex   2.979901e+01 1.956756e+01 -1.382443e+01
    endloop
  endfacet
  facet normal 8.026332e-08 -9.229258e-01 3.849778e-01
    outer loop
      vertex   -2.967647e+01 1.978596e+01 -1.330084e+01
      vertex   -2.979902e+01 1.956755e+01 -1.382443e+01
      vertex   2.979901e+01 1.956756e+01 -1.382443e+01
    endloop
  endfacet
  facet normal 8.506535e-08 -9.726821e-01 2.321413e-01
    outer loop
      vertex   -1.489951e+01 2.000590e+01 -1.244197e+01
      vertex   -1.665299e-06 1.983712e+01 -1.314918e+01
      vertex   -1.682105e-06 2.000590e+01 -1.244197e+01
    endloop
  endfacet
  facet normal 8.506535e-08 -9.726821e-01 2.321413e-01
    outer loop
      vertex   -1.682105e-06 2.000590e+01 -1.244197e+01
      vertex   -1.665299e-06 1.983712e+01 -1.314918e+01
      vertex   1.489951e+01 1.983712e+01 -1.314918e+01
    endloop
  endfacet
  facet normal 1.000000e+00 8.810737e-08 2.735864e-09
    outer loop
      vertex   3.000000e+01 2.026000e+01 -1.583056e+01
      vertex   3.000000e+01 1.860492e+01 -1.580414e+01
      vertex   3.000000e+01 1.386743e+01 -2.897708e+01
    endloop
  endfacet
  facet normal 1.000000e+00 8.810737e-08 2.735865e-09
    outer loop
      vertex   3.000000e+01 1.386743e+01 -2.897708e+01
      vertex   3.000000e+01 1.860492e+01 -1.580414e+01
      vertex   3.000000e+01 1.251845e+01 -2.832113e+01
    endloop
  endfacet
  facet normal 8.805246e-08 -9.998726e-01 1.596424e-02
    outer loop
      vertex   -2.911669e+01 2.007033e+01 -1.171776e+01
      vertex   2.911669e+01 2.007034e+01 -1.171776e+01
      vertex   -2.858632e+01 2.008657e+01 -1.070122e+01
    endloop
  endfacet
  facet normal 8.805246e-08 -9.998726e-01 1.596424e-02
    outer loop
      vertex   -2.858632e+01 2.008657e+01 -1.070122e+01
      vertex   2.911669e+01 2.007034e+01 -1.171776e+01
      vertex   2.858632e+01 2.008657e+01 -1.070122e+01
    endloop
  endfacet
  facet normal 8.805246e-08 -9.998726e-01 1.596424e-02
    outer loop
      vertex   -2.858632e+01 2.008657e+01 -1.070122e+01
      vertex   2.858632e+01 2.008657e+01 -1.070122e+01
      vertex   -2.794305e+01 2.010172e+01 -9.752069e+00
    endloop
  endfacet
  facet normal 8.805246e-08 -9.998726e-01 1.596424e-02
    outer loop
      vertex   -2.794305e+01 2.010172e+01 -9.752069e+00
      vertex   2.858632e+01 2.008657e+01 -1.070122e+01
      vertex   2.794305e+01 2.010172e+01 -9.752069e+00
    endloop
  endfacet
  facet normal 8.805246e-08 -9.998726e-01 1.596424e-02
    outer loop
      vertex   -2.794305e+01 2.010172e+01 -9.752069e+00
      vertex   2.794305e+01 2.010172e+01 -9.752069e+00
      vertex   -2.719533e+01 2.011560e+01 -8.882791e+00
    endloop
  endfacet
  facet normal 8.805246e-08 -9.998726e-01 1.596424e-02
    outer loop
      vertex   -2.719533e+01 2.011560e+01 -8.882791e+00
      vertex   2.794305e+01 2.010172e+01 -9.752069e+00
      vertex   2.719533e+01 2.011560e+01 -8.882791e+00
    endloop
  endfacet
  facet normal 8.805246e-08 -9.998726e-01 1.596424e-02
    outer loop
      vertex   -2.719533e+01 2.011560e+01 -8.882791e+00
      vertex   2.719533e+01 2.011560e+01 -8.882791e+00
      vertex   -2.635300e+01 2.012802e+01 -8.104818e+00
    endloop
  endfacet
  facet normal 8.805246e-08 -9.998726e-01 1.596424e-02
    outer loop
      vertex   -2.635300e+01 2.012802e+01 -8.104818e+00
      vertex   2.719533e+01 2.011560e+01 -8.882791e+00
      vertex   2.635300e+01 2.012802e+01 -8.104817e+00
    endloop
  endfacet
  facet normal 8.805246e-08 -9.998726e-01 1.596424e-02
    outer loop
      vertex   -2.635300e+01 2.012802e+01 -8.104818e+00
      vertex   2.635300e+01 2.012802e+01 -8.104817e+00
      vertex   -2.542713e+01 2.013882e+01 -7.428378e+00
    endloop
  endfacet
  facet normal 8.805246e-08 -9.998726e-01 1.596424e-02
    outer loop
      vertex   -2.542713e+01 2.013882e+01 -7.428378e+00
      vertex   2.635300e+01 2.012802e+01 -8.104817e+00
      vertex   2.542713e+01 2.013882e+01 -7.428377e+00
    endloop
  endfacet
  facet normal 8.805246e-08 -9.998726e-01 1.596424e-02
    outer loop
      vertex   -2.542713e+01 2.013882e+01 -7.428378e+00
      vertex   2.542713e+01 2.013882e+01 -7.428377e+00
      vertex   -2.442990e+01 2.014786e+01 -6.862366e+00
    endloop
  endfacet
  facet normal 8.805246e-08 -9.998726e-01 1.596424e-02
    outer loop
      vertex   -2.442990e+01 2.014786e+01 -6.862366e+00
      vertex   2.542713e+01 2.013882e+01 -7.428377e+00
      vertex   2.442990e+01 2.014786e+01 -6.862366e+00
    endloop
  endfacet
  facet normal 8.805246e-08 -9.998726e-01 1.596424e-02
    outer loop
      vertex   -2.442990e+01 2.014786e+01 -6.862366e+00
      vertex   2.442990e+01 2.014786e+01 -6.862366e+00
      vertex   -2.000000e+01 2.016438e+01 -5.827762e+00
    endloop
  endfacet
  facet normal 8.805246e-08 -9.998726e-01 1.596424e-02
    outer loop
      vertex   -2.000000e+01 2.016438e+01 -5.827762e+00
      vertex   2.442990e+01 2.014786e+01 -6.862366e+00
      vertex   2.000000e+01 2.016438e+01 -5.827762e+00
    endloop
  endfacet
  facet normal 8.805246e-08 -9.998726e-01 1.596424e-02
    outer loop
      vertex   2.000000e+01 2.016438e+01 -5.827762e+00
      vertex   2.442990e+01 2.014786e+01 -6.862366e+00
      vertex   2.337442e+01 2.015502e+01 -6.414225e+00
    endloop
  endfacet
  facet normal 8.805245e-08 -9.998726e-01 1.596424e-02
    outer loop
      vertex   2.000000e+01 2.016438e+01 -5.827762e+00
      vertex   2.337442e+01 2.015502e+01 -6.414225e+00
      vertex   2.227457e+01 2.016020e+01 -6.089848e+00
    endloop
  endfacet
  facet normal 8.805245e-08 -9.998726e-01 1.596424e-02
    outer loop
      vertex   2.227457e+01 2.016020e+01 -6.089848e+00
      vertex   2.114481e+01 2.016333e+01 -5.893500e+00
      vertex   2.000000e+01 2.016438e+01 -5.827762e+00
    endloop
  endfacet
  facet normal 8.805246e-08 -9.998726e-01 1.596424e-02
    outer loop
      vertex   -2.114481e+01 2.016333e+01 -5.893500e+00
      vertex   -2.227457e+01 2.016019e+01 -6.089848e+00
      vertex   -2.000000e+01 2.016438e+01 -5.827762e+00
    endloop
  endfacet
  facet normal 8.805246e-08 -9.998726e-01 1.596424e-02
    outer loop
      vertex   -2.000000e+01 2.016438e+01 -5.827762e+00
      vertex   -2.227457e+01 2.016019e+01 -6.089848e+00
      vertex   -2.337442e+01 2.015501e+01 -6.414225e+00
    endloop
  endfacet
  facet normal 8.805246e-08 -9.998726e-01 1.596424e-02
    outer loop
      vertex   -2.000000e+01 2.016438e+01 -5.827762e+00
      vertex   -2.337442e+01 2.015501e+01 -6.414225e+00
      vertex   -2.442990e+01 2.014786e+01 -6.862366e+00
    endloop
  endfacet
  facet normal -3.856950e-16 0.000000e+00 1.000000e+00
    outer loop
      vertex   -1.700000e+01 -5.539000e+00 -2.683681e+00
      vertex   -2.851400e+01 -5.539000e+00 -2.683681e+00
      vertex   -1.700000e+01 -7.039000e+00 -2.683681e+00
    endloop
  endfacet
  facet normal -1.157085e-15 -5.921189e-15 1.000000e+00
    outer loop
      vertex   -1.700000e+01 -7.039000e+00 -2.683681e+00
      vertex   -2.851400e+01 -5.539000e+00 -2.683681e+00
      vertex   -2.851400e+01 -7.039000e+00 -2.683681e+00
    endloop
  endfacet
  facet normal 1.205497e-04 9.999967e-01 2.575395e-03
    outer loop
      vertex   -3.000000e+01 -5.535248e+00 -4.414058e+01
      vertex   -3.000000e+01 -5.539000e+00 -4.268368e+01
      vertex   1.164402e-08 -5.540022e+00 -4.369126e+01
    endloop
  endfacet
  facet normal 2.220413e-16 9.999995e-01 -1.013883e-03
    outer loop
      vertex   1.164402e-08 -5.540022e+00 -4.369126e+01
      vertex   -3.000000e+01 -5.539000e+00 -4.268368e+01
      vertex   3.000000e+01 -5.539000e+00 -4.268368e+01
    endloop
  endfacet
  facet normal -1.205499e-04 9.999967e-01 2.575399e-03
    outer loop
      vertex   1.164402e-08 -5.540022e+00 -4.369126e+01
      vertex   3.000000e+01 -5.539000e+00 -4.268368e+01
      vertex   3.000000e+01 -5.535248e+00 -4.414058e+01
    endloop
  endfacet
  facet normal 6.782220e-05 9.998852e-01 1.515136e-02
    outer loop
      vertex   1.164402e-08 -5.540022e+00 -4.369126e+01
      vertex   3.000000e+01 -5.535248e+00 -4.414058e+01
      vertex   2.199255e-08 -5.525568e+00 -4.464513e+01
    endloop
  endfacet
  facet normal -1.420357e-04 9.996184e-01 2.762433e-02
    outer loop
      vertex   2.199255e-08 -5.525568e+00 -4.464513e+01
      vertex   3.000000e+01 -5.535248e+00 -4.414058e+01
      vertex   3.000000e+01 -5.498182e+00 -4.548185e+01
    endloop
  endfacet
  facet normal 1.950942e-05 9.994417e-01 3.341063e-02
    outer loop
      vertex   2.199255e-08 -5.525568e+00 -4.464513e+01
      vertex   3.000000e+01 -5.498182e+00 -4.548185e+01
      vertex   3.103346e-08 -5.495493e+00 -4.554477e+01
    endloop
  endfacet
  facet normal -2.412023e-05 9.985315e-01 5.417373e-02
    outer loop
      vertex   3.103346e-08 -5.495493e+00 -4.554477e+01
      vertex   3.000000e+01 -5.498182e+00 -4.548185e+01
      vertex   3.875464e-08 -5.449654e+00 -4.638969e+01
    endloop
  endfacet
  facet normal 2.412025e-05 9.985315e-01 5.417373e-02
    outer loop
      vertex   3.103346e-08 -5.495493e+00 -4.554477e+01
      vertex   3.875464e-08 -5.449654e+00 -4.638969e+01
      vertex   -3.000000e+01 -5.498182e+00 -4.548185e+01
    endloop
  endfacet
  facet normal 1.333276e-04 9.983298e-01 5.777176e-02
    outer loop
      vertex   -3.000000e+01 -5.498182e+00 -4.548185e+01
      vertex   3.875464e-08 -5.449654e+00 -4.638969e+01
      vertex   -3.000000e+01 -5.427349e+00 -4.670589e+01
    endloop
  endfacet
  facet normal -8.045084e-05 9.969567e-01 7.795692e-02
    outer loop
      vertex   -3.000000e+01 -5.427349e+00 -4.670589e+01
      vertex   3.875464e-08 -5.449654e+00 -4.638969e+01
      vertex   4.514399e-08 -5.387904e+00 -4.717937e+01
    endloop
  endfacet
  facet normal 1.845171e-04 9.955130e-01 9.462516e-02
    outer loop
      vertex   -3.000000e+01 -5.427349e+00 -4.670589e+01
      vertex   4.514399e-08 -5.387904e+00 -4.717937e+01
      vertex   -3.000000e+01 -5.322292e+00 -4.781115e+01
    endloop
  endfacet
  facet normal -4.510099e-05 9.944282e-01 1.054160e-01
    outer loop
      vertex   -3.000000e+01 -5.322292e+00 -4.781115e+01
      vertex   4.514399e-08 -5.387904e+00 -4.717937e+01
      vertex   5.018940e-08 -5.310099e+00 -4.791333e+01
    endloop
  endfacet
  facet normal 6.539926e-05 9.905170e-01 1.373901e-01
    outer loop
      vertex   -3.000000e+01 -5.322292e+00 -4.781115e+01
      vertex   5.018940e-08 -5.310099e+00 -4.791333e+01
      vertex   5.387878e-08 -5.216095e+00 -4.859106e+01
    endloop
  endfacet
  facet normal -6.539899e-05 9.905170e-01 1.373901e-01
    outer loop
      vertex   5.387878e-08 -5.216095e+00 -4.859106e+01
      vertex   5.018940e-08 -5.310099e+00 -4.791333e+01
      vertex   3.000000e+01 -5.322292e+00 -4.781115e+01
    endloop
  endfacet
  facet normal -1.470337e-04 9.900847e-01 1.404713e-01
    outer loop
      vertex   5.387878e-08 -5.216095e+00 -4.859106e+01
      vertex   3.000000e+01 -5.322292e+00 -4.781115e+01
      vertex   3.000000e+01 -5.182559e+00 -4.879603e+01
    endloop
  endfacet
  facet normal -1.333276e-04 9.983298e-01 5.777176e-02
    outer loop
      vertex   3.000000e+01 -5.498182e+00 -4.548185e+01
      vertex   3.000000e+01 -5.427349e+00 -4.670589e+01
      vertex   3.875464e-08 -5.449654e+00 -4.638969e+01
    endloop
  endfacet
  facet normal 8.045101e-05 9.969567e-01 7.795692e-02
    outer loop
      vertex   3.875464e-08 -5.449654e+00 -4.638969e+01
      vertex   3.000000e+01 -5.427349e+00 -4.670589e+01
      vertex   4.514399e-08 -5.387904e+00 -4.717937e+01
    endloop
  endfacet
  facet normal -1.845170e-04 9.955130e-01 9.462517e-02
    outer loop
      vertex   3.000000e+01 -5.427349e+00 -4.670589e+01
      vertex   3.000000e+01 -5.322292e+00 -4.781115e+01
      vertex   4.514399e-08 -5.387904e+00 -4.717937e+01
    endloop
  endfacet
  facet normal 4.510093e-05 9.944282e-01 1.054160e-01
    outer loop
      vertex   4.514399e-08 -5.387904e+00 -4.717937e+01
      vertex   3.000000e+01 -5.322292e+00 -4.781115e+01
      vertex   5.018940e-08 -5.310099e+00 -4.791333e+01
    endloop
  endfacet
  facet normal 9.474290e-05 9.845760e-01 1.749573e-01
    outer loop
      vertex   5.387878e-08 -5.216095e+00 -4.859106e+01
      vertex   3.000000e+01 -5.182559e+00 -4.879603e+01
      vertex   5.620001e-08 -5.105746e+00 -4.921205e+01
    endloop
  endfacet
  facet normal -2.446779e-04 9.800799e-01 1.986033e-01
    outer loop
      vertex   5.620001e-08 -5.105746e+00 -4.921205e+01
      vertex   3.000000e+01 -5.182559e+00 -4.879603e+01
      vertex   3.000000e+01 -5.007695e+00 -4.965896e+01
    endloop
  endfacet
  facet normal 8.125827e-05 9.756120e-01 2.195023e-01
    outer loop
      vertex   5.620001e-08 -5.105746e+00 -4.921205e+01
      vertex   3.000000e+01 -5.007695e+00 -4.965896e+01
      vertex   5.714100e-08 -4.978908e+00 -4.977580e+01
    endloop
  endfacet
  facet normal -1.392444e-04 9.620755e-01 2.727833e-01
    outer loop
      vertex   5.714100e-08 -4.978908e+00 -4.977580e+01
      vertex   3.000000e+01 -5.007695e+00 -4.965896e+01
      vertex   5.668963e-08 -4.835435e+00 -5.028182e+01
    endloop
  endfacet
  facet normal 1.392439e-04 9.620755e-01 2.727833e-01
    outer loop
      vertex   5.714100e-08 -4.978908e+00 -4.977580e+01
      vertex   5.668963e-08 -4.835435e+00 -5.028182e+01
      vertex   -3.000000e+01 -5.007695e+00 -4.965896e+01
    endloop
  endfacet
  facet normal 1.608649e-04 9.618012e-01 2.737488e-01
    outer loop
      vertex   -3.000000e+01 -5.007695e+00 -4.965896e+01
      vertex   5.668963e-08 -4.835435e+00 -5.028182e+01
      vertex   -3.000000e+01 -4.797244e+00 -5.039837e+01
    endloop
  endfacet
  facet normal -1.105390e-04 9.415188e-01 3.369605e-01
    outer loop
      vertex   -3.000000e+01 -4.797244e+00 -5.039837e+01
      vertex   5.668963e-08 -4.835435e+00 -5.028182e+01
      vertex   5.483381e-08 -4.675184e+00 -5.072958e+01
    endloop
  endfacet
  facet normal 3.353575e-04 9.280749e-01 3.723935e-01
    outer loop
      vertex   -3.000000e+01 -4.797244e+00 -5.039837e+01
      vertex   5.483381e-08 -4.675184e+00 -5.072958e+01
      vertex   -3.000000e+01 -4.550753e+00 -5.101267e+01
    endloop
  endfacet
  facet normal -1.364781e-04 9.100596e-01 4.144775e-01
    outer loop
      vertex   -3.000000e+01 -4.550753e+00 -5.101267e+01
      vertex   5.483381e-08 -4.675184e+00 -5.072958e+01
      vertex   5.156142e-08 -4.498008e+00 -5.111860e+01
    endloop
  endfacet
  facet normal 2.561438e-04 8.643424e-01 5.029037e-01
    outer loop
      vertex   -3.000000e+01 -4.550753e+00 -5.101267e+01
      vertex   5.156142e-08 -4.498008e+00 -5.111860e+01
      vertex   -3.000000e+01 -4.267527e+00 -5.149945e+01
    endloop
  endfacet
  facet normal -2.882304e-04 8.453143e-01 5.342693e-01
    outer loop
      vertex   -3.000000e+01 -4.267527e+00 -5.149945e+01
      vertex   5.156142e-08 -4.498008e+00 -5.111860e+01
      vertex   4.401470e-08 -4.202422e+00 -5.158628e+01
    endloop
  endfacet
  facet normal 3.207346e-04 7.437124e-01 6.684997e-01
    outer loop
      vertex   -3.000000e+01 -4.267527e+00 -5.149945e+01
      vertex   4.401470e-08 -4.202422e+00 -5.158628e+01
      vertex   -3.000000e+01 -3.946843e+00 -5.185622e+01
    endloop
  endfacet
  facet normal -3.565304e-04 7.060771e-01 7.081349e-01
    outer loop
      vertex   -3.000000e+01 -3.946843e+00 -5.185622e+01
      vertex   4.401470e-08 -4.202422e+00 -5.158628e+01
      vertex   3.322850e-08 -3.868132e+00 -5.191959e+01
    endloop
  endfacet
  facet normal 1.312870e-04 5.963281e-01 8.027408e-01
    outer loop
      vertex   -3.000000e+01 -3.946843e+00 -5.185622e+01
      vertex   3.322850e-08 -3.868132e+00 -5.191959e+01
      vertex   -3.000000e+01 -3.772437e+00 -5.198578e+01
    endloop
  endfacet
  facet normal -9.932024e-05 5.475635e-01 8.367641e-01
    outer loop
      vertex   -3.000000e+01 -3.772437e+00 -5.198578e+01
      vertex   3.322850e-08 -3.868132e+00 -5.191959e+01
      vertex   2.754228e-08 -3.711099e+00 -5.202235e+01
    endloop
  endfacet
  facet normal 1.240492e-04 4.667238e-01 8.844031e-01
    outer loop
      vertex   -3.000000e+01 -3.772437e+00 -5.198578e+01
      vertex   2.754228e-08 -3.711099e+00 -5.202235e+01
      vertex   -3.000000e+01 -3.588648e+00 -5.208277e+01
    endloop
  endfacet
  facet normal -8.141644e-05 4.263332e-01 9.045662e-01
    outer loop
      vertex   -3.000000e+01 -3.588648e+00 -5.208277e+01
      vertex   2.754228e-08 -3.711099e+00 -5.202235e+01
      vertex   2.124577e-08 -3.546775e+00 -5.209980e+01
    endloop
  endfacet
  facet normal 9.723541e-05 3.162803e-01 9.486658e-01
    outer loop
      vertex   -3.000000e+01 -3.588648e+00 -5.208277e+01
      vertex   2.124577e-08 -3.546775e+00 -5.209980e+01
      vertex   -3.000000e+01 -3.395471e+00 -5.214717e+01
    endloop
  endfacet
  facet normal -4.509623e-05 2.906180e-01 9.568392e-01
    outer loop
      vertex   -3.000000e+01 -3.395471e+00 -5.214717e+01
      vertex   2.124577e-08 -3.546775e+00 -5.209980e+01
      vertex   1.433870e-08 -3.375155e+00 -5.215193e+01
    endloop
  endfacet
  facet normal 5.161043e-05 1.550890e-01 9.879005e-01
    outer loop
      vertex   -3.000000e+01 -3.395471e+00 -5.214717e+01
      vertex   1.433870e-08 -3.375155e+00 -5.215193e+01
      vertex   -3.000000e+01 -3.192903e+00 -5.217897e+01
    endloop
  endfacet
  facet normal 8.125648e-06 1.480903e-01 9.889738e-01
    outer loop
      vertex   -3.000000e+01 -3.192903e+00 -5.217897e+01
      vertex   1.433870e-08 -3.375155e+00 -5.215193e+01
      vertex   6.820828e-09 -3.196237e+00 -5.217872e+01
    endloop
  endfacet
  facet normal -8.859174e-06 -3.862663e-03 9.999925e-01
    outer loop
      vertex   -3.000000e+01 -3.192903e+00 -5.217897e+01
      vertex   6.820828e-09 -3.196237e+00 -5.217872e+01
      vertex   -3.000000e+01 -2.980936e+00 -5.217815e+01
    endloop
  endfacet
  facet normal -4.049930e-04 -5.905527e-02 9.982546e-01
    outer loop
      vertex   -3.000000e+01 -2.980936e+00 -5.217815e+01
      vertex   6.820828e-09 -3.196237e+00 -5.217872e+01
      vertex   -1.004848e-08 -2.816494e+00 -5.215625e+01
    endloop
  endfacet
  facet normal 9.732213e-05 -1.494322e-01 9.887720e-01
    outer loop
      vertex   -3.000000e+01 -2.980936e+00 -5.217815e+01
      vertex   -1.004848e-08 -2.816494e+00 -5.215625e+01
      vertex   -3.000000e+01 -2.759568e+00 -5.214470e+01
    endloop
  endfacet
  facet normal -1.816789e-04 -2.900205e-01 9.570204e-01
    outer loop
      vertex   -3.000000e+01 -2.759568e+00 -5.214470e+01
      vertex   -1.004848e-08 -2.816494e+00 -5.215625e+01
      vertex   -2.936430e-08 -2.407518e+00 -5.203232e+01
    endloop
  endfacet
  facet normal 3.420562e-04 -3.304391e-01 9.438272e-01
    outer loop
      vertex   -3.000000e+01 -2.759568e+00 -5.214470e+01
      vertex   -2.936430e-08 -2.407518e+00 -5.203232e+01
      vertex   -3.000000e+01 -2.288607e+00 -5.197981e+01
    endloop
  endfacet
  facet normal -2.567015e-04 -4.574048e-01 8.892585e-01
    outer loop
      vertex   -3.000000e+01 -2.288607e+00 -5.197981e+01
      vertex   -2.936430e-08 -2.407518e+00 -5.203232e+01
      vertex   -5.112627e-08 -1.969313e+00 -5.180692e+01
    endloop
  endfacet
  facet normal 3.573967e-04 -5.019213e-01 8.649132e-01
    outer loop
      vertex   -3.000000e+01 -2.288607e+00 -5.197981e+01
      vertex   -5.112627e-08 -1.969313e+00 -5.180692e+01
      vertex   -3.000000e+01 -1.780142e+00 -5.168474e+01
    endloop
  endfacet
  facet normal -2.606450e-04 -5.713731e-01 8.206904e-01
    outer loop
      vertex   -3.000000e+01 -1.780142e+00 -5.168474e+01
      vertex   -5.112627e-08 -1.969313e+00 -5.180692e+01
      vertex   -7.529135e-08 -1.502394e+00 -5.148184e+01
    endloop
  endfacet
  facet normal 3.194404e-04 -6.121506e-01 7.907411e-01
    outer loop
      vertex   -3.000000e+01 -1.780142e+00 -5.168474e+01
      vertex   -7.529135e-08 -1.502394e+00 -5.148184e+01
      vertex   -3.000000e+01 -1.235134e+00 -5.126283e+01
    endloop
  endfacet
  facet normal -2.267763e-04 -6.489515e-01 7.608297e-01
    outer loop
      vertex   -3.000000e+01 -1.235134e+00 -5.126283e+01
      vertex   -7.529135e-08 -1.502394e+00 -5.148184e+01
      vertex   -1.017957e-07 -1.007522e+00 -5.105974e+01
    endloop
  endfacet
  facet normal 2.580522e-04 -6.844810e-01 7.290306e-01
    outer loop
      vertex   -3.000000e+01 -1.235134e+00 -5.126283e+01
      vertex   -1.017957e-07 -1.007522e+00 -5.105974e+01
      vertex   -3.000000e+01 -6.546708e-01 -5.071783e+01
    endloop
  endfacet
  facet normal -1.710202e-04 -7.033441e-01 7.108495e-01
    outer loop
      vertex   -3.000000e+01 -6.546708e-01 -5.071783e+01
      vertex   -1.017957e-07 -1.007522e+00 -5.105974e+01
      vertex   -1.305777e-07 -4.854342e-01 -5.054317e+01
    endloop
  endfacet
  facet normal 1.854913e-04 -7.339170e-01 6.792391e-01
    outer loop
      vertex   -3.000000e+01 -6.546708e-01 -5.071783e+01
      vertex   -1.305777e-07 -4.854342e-01 -5.054317e+01
      vertex   -3.000000e+01 -3.982548e-02 -5.005349e+01
    endloop
  endfacet
  facet normal -1.762084e-05 -7.401372e-01 6.724559e-01
    outer loop
      vertex   -3.000000e+01 -3.982548e-02 -5.005349e+01
      vertex   -1.305777e-07 -4.854342e-01 -5.054317e+01
      vertex   -1.566977e-07 -2.238178e-02 -5.003351e+01
    endloop
  endfacet
  facet normal 1.729549e-05 -7.661084e-01 6.427114e-01
    outer loop
      vertex   -3.000000e+01 -3.982548e-02 -5.005349e+01
      vertex   -1.566977e-07 -2.238178e-02 -5.003351e+01
      vertex   -1.843708e-07 4.592287e-01 -4.945943e+01
    endloop
  endfacet
  facet normal -1.715317e-05 -7.661084e-01 6.427114e-01
    outer loop
      vertex   -1.843708e-07 4.592287e-01 -4.945943e+01
      vertex   -1.566977e-07 -2.238178e-02 -5.003351e+01
      vertex   3.000000e+01 -3.982030e-02 -5.005349e+01
    endloop
  endfacet
  facet normal -1.378367e-04 -7.690992e-01 6.391294e-01
    outer loop
      vertex   -1.843708e-07 4.592287e-01 -4.945943e+01
      vertex   3.000000e+01 -3.982030e-02 -5.005349e+01
      vertex   3.000000e+01 6.083327e-01 -4.927354e+01
    endloop
  endfacet
  facet normal -1.608680e-04 9.618012e-01 2.737490e-01
    outer loop
      vertex   3.000000e+01 -5.007695e+00 -4.965896e+01
      vertex   3.000000e+01 -4.797244e+00 -5.039837e+01
      vertex   5.668963e-08 -4.835435e+00 -5.028182e+01
    endloop
  endfacet
  facet normal 1.105374e-04 9.415188e-01 3.369605e-01
    outer loop
      vertex   5.668963e-08 -4.835435e+00 -5.028182e+01
      vertex   3.000000e+01 -4.797244e+00 -5.039837e+01
      vertex   5.483381e-08 -4.675184e+00 -5.072958e+01
    endloop
  endfacet
  facet normal -3.353600e-04 9.280748e-01 3.723937e-01
    outer loop
      vertex   3.000000e+01 -4.797244e+00 -5.039837e+01
      vertex   3.000000e+01 -4.550753e+00 -5.101267e+01
      vertex   5.483381e-08 -4.675184e+00 -5.072958e+01
    endloop
  endfacet
  facet normal 1.364758e-04 9.100596e-01 4.144775e-01
    outer loop
      vertex   5.483381e-08 -4.675184e+00 -5.072958e+01
      vertex   3.000000e+01 -4.550753e+00 -5.101267e+01
      vertex   5.156142e-08 -4.498008e+00 -5.111860e+01
    endloop
  endfacet
  facet normal -2.561434e-04 8.643422e-01 5.029040e-01
    outer loop
      vertex   3.000000e+01 -4.550753e+00 -5.101267e+01
      vertex   3.000000e+01 -4.267526e+00 -5.149945e+01
      vertex   5.156142e-08 -4.498008e+00 -5.111860e+01
    endloop
  endfacet
  facet normal 2.882280e-04 8.453143e-01 5.342693e-01
    outer loop
      vertex   5.156142e-08 -4.498008e+00 -5.111860e+01
      vertex   3.000000e+01 -4.267526e+00 -5.149945e+01
      vertex   4.401470e-08 -4.202422e+00 -5.158628e+01
    endloop
  endfacet
  facet normal -3.207302e-04 7.437119e-01 6.685002e-01
    outer loop
      vertex   3.000000e+01 -4.267526e+00 -5.149945e+01
      vertex   3.000000e+01 -3.946842e+00 -5.185622e+01
      vertex   4.401470e-08 -4.202422e+00 -5.158628e+01
    endloop
  endfacet
  facet normal 3.565305e-04 7.060771e-01 7.081349e-01
    outer loop
      vertex   4.401470e-08 -4.202422e+00 -5.158628e+01
      vertex   3.000000e+01 -3.946842e+00 -5.185622e+01
      vertex   3.322850e-08 -3.868132e+00 -5.191959e+01
    endloop
  endfacet
  facet normal -1.312788e-04 5.963275e-01 8.027413e-01
    outer loop
      vertex   3.000000e+01 -3.946842e+00 -5.185622e+01
      vertex   3.000000e+01 -3.772435e+00 -5.198578e+01
      vertex   3.322850e-08 -3.868132e+00 -5.191959e+01
    endloop
  endfacet
  facet normal 9.933045e-05 5.475635e-01 8.367641e-01
    outer loop
      vertex   3.322850e-08 -3.868132e+00 -5.191959e+01
      vertex   3.000000e+01 -3.772435e+00 -5.198578e+01
      vertex   2.754228e-08 -3.711099e+00 -5.202235e+01
    endloop
  endfacet
  facet normal -1.240328e-04 4.667232e-01 8.844034e-01
    outer loop
      vertex   3.000000e+01 -3.772435e+00 -5.198578e+01
      vertex   3.000000e+01 -3.588646e+00 -5.208277e+01
      vertex   2.754228e-08 -3.711099e+00 -5.202235e+01
    endloop
  endfacet
  facet normal 8.143389e-05 4.263332e-01 9.045662e-01
    outer loop
      vertex   2.754228e-08 -3.711099e+00 -5.202235e+01
      vertex   3.000000e+01 -3.588646e+00 -5.208277e+01
      vertex   2.124577e-08 -3.546775e+00 -5.209980e+01
    endloop
  endfacet
  facet normal -9.720778e-05 3.162798e-01 9.486660e-01
    outer loop
      vertex   3.000000e+01 -3.588646e+00 -5.208277e+01
      vertex   3.000000e+01 -3.395469e+00 -5.214717e+01
      vertex   2.124577e-08 -3.546775e+00 -5.209980e+01
    endloop
  endfacet
  facet normal 4.512380e-05 2.906180e-01 9.568392e-01
    outer loop
      vertex   2.124577e-08 -3.546775e+00 -5.209980e+01
      vertex   3.000000e+01 -3.395469e+00 -5.214717e+01
      vertex   1.433870e-08 -3.375155e+00 -5.215193e+01
    endloop
  endfacet
  facet normal -5.156903e-05 1.550886e-01 9.879006e-01
    outer loop
      vertex   3.000000e+01 -3.395469e+00 -5.214717e+01
      vertex   3.000000e+01 -3.192899e+00 -5.217897e+01
      vertex   1.433870e-08 -3.375155e+00 -5.215193e+01
    endloop
  endfacet
  facet normal -8.085560e-06 1.480903e-01 9.889738e-01
    outer loop
      vertex   1.433870e-08 -3.375155e+00 -5.215193e+01
      vertex   3.000000e+01 -3.192899e+00 -5.217897e+01
      vertex   6.820828e-09 -3.196237e+00 -5.217872e+01
    endloop
  endfacet
  facet normal 8.915690e-06 -3.862826e-03 9.999925e-01
    outer loop
      vertex   3.000000e+01 -3.192899e+00 -5.217897e+01
      vertex   3.000000e+01 -2.980933e+00 -5.217815e+01
      vertex   6.820828e-09 -3.196237e+00 -5.217872e+01
    endloop
  endfacet
  facet normal 4.050547e-04 -5.905527e-02 9.982546e-01
    outer loop
      vertex   6.820828e-09 -3.196237e+00 -5.217872e+01
      vertex   3.000000e+01 -2.980933e+00 -5.217815e+01
      vertex   -1.004848e-08 -2.816494e+00 -5.215625e+01
    endloop
  endfacet
  facet normal -9.725075e-05 -1.494323e-01 9.887720e-01
    outer loop
      vertex   3.000000e+01 -2.980933e+00 -5.217815e+01
      vertex   3.000000e+01 -2.759564e+00 -5.214470e+01
      vertex   -1.004848e-08 -2.816494e+00 -5.215625e+01
    endloop
  endfacet
  facet normal 1.817664e-04 -2.900205e-01 9.570204e-01
    outer loop
      vertex   -1.004848e-08 -2.816494e+00 -5.215625e+01
      vertex   3.000000e+01 -2.759564e+00 -5.214470e+01
      vertex   -2.936430e-08 -2.407518e+00 -5.203232e+01
    endloop
  endfacet
  facet normal -3.419647e-04 -3.304392e-01 9.438272e-01
    outer loop
      vertex   3.000000e+01 -2.759564e+00 -5.214470e+01
      vertex   3.000000e+01 -2.288602e+00 -5.197981e+01
      vertex   -2.936430e-08 -2.407518e+00 -5.203232e+01
    endloop
  endfacet
  facet normal 2.568088e-04 -4.574048e-01 8.892585e-01
    outer loop
      vertex   -2.936430e-08 -2.407518e+00 -5.203232e+01
      vertex   3.000000e+01 -2.288602e+00 -5.197981e+01
      vertex   -5.112627e-08 -1.969313e+00 -5.180692e+01
    endloop
  endfacet
  facet normal -3.572859e-04 -5.019214e-01 8.649132e-01
    outer loop
      vertex   3.000000e+01 -2.288602e+00 -5.197981e+01
      vertex   3.000000e+01 -1.780137e+00 -5.168474e+01
      vertex   -5.112627e-08 -1.969313e+00 -5.180692e+01
    endloop
  endfacet
  facet normal 2.607639e-04 -5.713731e-01 8.206904e-01
    outer loop
      vertex   -5.112627e-08 -1.969313e+00 -5.180692e+01
      vertex   3.000000e+01 -1.780137e+00 -5.168474e+01
      vertex   -7.529135e-08 -1.502394e+00 -5.148184e+01
    endloop
  endfacet
  facet normal -3.193171e-04 -6.121507e-01 7.907411e-01
    outer loop
      vertex   3.000000e+01 -1.780137e+00 -5.168474e+01
      vertex   3.000000e+01 -1.235129e+00 -5.126283e+01
      vertex   -7.529135e-08 -1.502394e+00 -5.148184e+01
    endloop
  endfacet
  facet normal 2.269039e-04 -6.489515e-01 7.608297e-01
    outer loop
      vertex   -7.529135e-08 -1.502394e+00 -5.148184e+01
      vertex   3.000000e+01 -1.235129e+00 -5.126283e+01
      vertex   -1.017957e-07 -1.007522e+00 -5.105974e+01
    endloop
  endfacet
  facet normal -2.579201e-04 -6.844810e-01 7.290306e-01
    outer loop
      vertex   3.000000e+01 -1.235129e+00 -5.126283e+01
      vertex   3.000000e+01 -6.546658e-01 -5.071783e+01
      vertex   -1.017957e-07 -1.007522e+00 -5.105974e+01
    endloop
  endfacet
  facet normal 1.711542e-04 -7.033441e-01 7.108495e-01
    outer loop
      vertex   -1.017957e-07 -1.007522e+00 -5.105974e+01
      vertex   3.000000e+01 -6.546658e-01 -5.071783e+01
      vertex   -1.305777e-07 -4.854342e-01 -5.054317e+01
    endloop
  endfacet
  facet normal -1.853530e-04 -7.339170e-01 6.792391e-01
    outer loop
      vertex   3.000000e+01 -6.546658e-01 -5.071783e+01
      vertex   3.000000e+01 -3.982030e-02 -5.005349e+01
      vertex   -1.305777e-07 -4.854342e-01 -5.054317e+01
    endloop
  endfacet
  facet normal 1.775916e-05 -7.401372e-01 6.724559e-01
    outer loop
      vertex   -1.305777e-07 -4.854342e-01 -5.054317e+01
      vertex   3.000000e+01 -3.982030e-02 -5.005349e+01
      vertex   -1.566977e-07 -2.238178e-02 -5.003351e+01
    endloop
  endfacet
  facet normal 8.544319e-05 -7.867587e-01 6.172607e-01
    outer loop
      vertex   -1.843708e-07 4.592287e-01 -4.945943e+01
      vertex   3.000000e+01 6.083327e-01 -4.927354e+01
      vertex   -2.135595e-07 9.589498e-01 -4.882249e+01
    endloop
  endfacet
  facet normal -1.726367e-04 -7.950516e-01 6.065417e-01
    outer loop
      vertex   -2.135595e-07 9.589498e-01 -4.882249e+01
      vertex   3.000000e+01 6.083327e-01 -4.927354e+01
      vertex   3.000000e+01 1.288719e+00 -4.838169e+01
    endloop
  endfacet
  facet normal 8.442984e-05 -8.034705e-01 5.953445e-01
    outer loop
      vertex   -2.135595e-07 9.589498e-01 -4.882249e+01
      vertex   3.000000e+01 1.288719e+00 -4.838169e+01
      vertex   -2.442264e-07 1.476334e+00 -4.812423e+01
    endloop
  endfacet
  facet normal -1.201384e-04 -8.147900e-01 5.797562e-01
    outer loop
      vertex   -2.442264e-07 1.476334e+00 -4.812423e+01
      vertex   3.000000e+01 1.288719e+00 -4.838169e+01
      vertex   3.000000e+01 2.000264e+00 -4.738168e+01
    endloop
  endfacet
  facet normal 6.505293e-06 -8.172067e-01 5.763448e-01
    outer loop
      vertex   -2.442264e-07 1.476334e+00 -4.812423e+01
      vertex   3.000000e+01 2.000264e+00 -4.738168e+01
      vertex   -2.763341e-07 2.010934e+00 -4.736622e+01
    endloop
  endfacet
  facet normal -6.114879e-06 -8.286520e-01 5.597641e-01
    outer loop
      vertex   -2.763341e-07 2.010934e+00 -4.736622e+01
      vertex   3.000000e+01 2.000264e+00 -4.738168e+01
      vertex   -3.098451e-07 2.562303e+00 -4.654999e+01
    endloop
  endfacet
  facet normal 6.263090e-06 -8.286520e-01 5.597641e-01
    outer loop
      vertex   -2.763341e-07 2.010934e+00 -4.736622e+01
      vertex   -3.098451e-07 2.562303e+00 -4.654999e+01
      vertex   -3.000000e+01 2.000259e+00 -4.738168e+01
    endloop
  endfacet
  facet normal 9.859763e-05 -8.301935e-01 5.574753e-01
    outer loop
      vertex   -3.000000e+01 2.000259e+00 -4.738168e+01
      vertex   -3.098451e-07 2.562303e+00 -4.654999e+01
      vertex   -3.000000e+01 2.741889e+00 -4.627725e+01
    endloop
  endfacet
  facet normal -6.151647e-05 -8.383035e-01 5.452038e-01
    outer loop
      vertex   -3.000000e+01 2.741889e+00 -4.627725e+01
      vertex   -3.098451e-07 2.562303e+00 -4.654999e+01
      vertex   -3.447219e-07 3.129993e+00 -4.567711e+01
    endloop
  endfacet
  facet normal 1.219396e-04 -8.424771e-01 5.387321e-01
    outer loop
      vertex   -3.000000e+01 2.741889e+00 -4.627725e+01
      vertex   -3.447219e-07 3.129993e+00 -4.567711e+01
      vertex   -3.000000e+01 3.512529e+00 -4.507211e+01
    endloop
  endfacet
  facet normal -5.856925e-05 -8.465287e-01 5.323430e-01
    outer loop
      vertex   -3.000000e+01 3.512529e+00 -4.507211e+01
      vertex   -3.447219e-07 3.129993e+00 -4.567711e+01
      vertex   -3.809271e-07 3.713557e+00 -4.474913e+01
    endloop
  endfacet
  facet normal 8.259308e-05 -8.524022e-01 5.228867e-01
    outer loop
      vertex   -3.000000e+01 3.512529e+00 -4.507211e+01
      vertex   -3.809271e-07 3.713557e+00 -4.474913e+01
      vertex   -3.000000e+01 4.310951e+00 -4.377053e+01
    endloop
  endfacet
  facet normal -1.088249e-04 -8.550104e-01 5.186109e-01
    outer loop
      vertex   -3.000000e+01 4.310951e+00 -4.377053e+01
      vertex   -3.809271e-07 3.713557e+00 -4.474913e+01
      vertex   -4.362173e-07 4.595177e+00 -4.329565e+01
    endloop
  endfacet
  facet normal 9.054030e-05 -8.605649e-01 5.093408e-01
    outer loop
      vertex   -3.000000e+01 4.310951e+00 -4.377053e+01
      vertex   -4.362173e-07 4.595177e+00 -4.329565e+01
      vertex   -3.000000e+01 5.135984e+00 -4.237659e+01
    endloop
  endfacet
  facet normal -1.110386e-04 -8.634395e-01 5.044524e-01
    outer loop
      vertex   -3.000000e+01 5.135984e+00 -4.237659e+01
      vertex   -4.362173e-07 4.595177e+00 -4.329565e+01
      vertex   -4.941483e-07 5.508353e+00 -4.173262e+01
    endloop
  endfacet
  facet normal 9.125645e-05 -8.675263e-01 4.973913e-01
    outer loop
      vertex   -3.000000e+01 5.135984e+00 -4.237659e+01
      vertex   -4.941483e-07 5.508353e+00 -4.173262e+01
      vertex   -3.000000e+01 5.987093e+00 -4.089212e+01
    endloop
  endfacet
  facet normal -1.064921e-04 -8.705605e-01 4.920613e-01
    outer loop
      vertex   -3.000000e+01 5.987093e+00 -4.089212e+01
      vertex   -4.941483e-07 5.508353e+00 -4.173262e+01
      vertex   -5.546645e-07 6.452420e+00 -4.006237e+01
    endloop
  endfacet
  facet normal 8.572543e-05 -8.735272e-01 4.867754e-01
    outer loop
      vertex   -3.000000e+01 5.987093e+00 -4.089212e+01
      vertex   -5.546645e-07 6.452420e+00 -4.006237e+01
      vertex   -3.000000e+01 6.863768e+00 -3.931891e+01
    endloop
  endfacet
  facet normal -9.663499e-05 -8.766433e-01 4.811409e-01
    outer loop
      vertex   -3.000000e+01 6.863768e+00 -3.931891e+01
      vertex   -5.546645e-07 6.452420e+00 -4.006237e+01
      vertex   -6.177100e-07 7.426710e+00 -3.828720e+01
    endloop
  endfacet
  facet normal 7.518240e-05 -8.787450e-01 4.772915e-01
    outer loop
      vertex   -3.000000e+01 6.863768e+00 -3.931891e+01
      vertex   -6.177100e-07 7.426710e+00 -3.828720e+01
      vertex   -3.000000e+01 7.765498e+00 -3.765873e+01
    endloop
  endfacet
  facet normal -8.259276e-05 -8.818899e-01 4.714555e-01
    outer loop
      vertex   -3.000000e+01 7.765498e+00 -3.765873e+01
      vertex   -6.177100e-07 7.426710e+00 -3.828720e+01
      vertex   -6.832290e-07 8.430557e+00 -3.640944e+01
    endloop
  endfacet
  facet normal 6.061496e-05 -8.833170e-01 4.687762e-01
    outer loop
      vertex   -3.000000e+01 7.765498e+00 -3.765873e+01
      vertex   -6.832290e-07 8.430557e+00 -3.640944e+01
      vertex   -3.000000e+01 8.691774e+00 -3.591334e+01
    endloop
  endfacet
  facet normal -6.525318e-05 -8.864541e-01 4.628165e-01
    outer loop
      vertex   -3.000000e+01 8.691774e+00 -3.591334e+01
      vertex   -6.832290e-07 8.430557e+00 -3.640944e+01
      vertex   -7.511659e-07 9.463295e+00 -3.443138e+01
    endloop
  endfacet
  facet normal 4.282304e-05 -8.873506e-01 4.610954e-01
    outer loop
      vertex   -3.000000e+01 8.691774e+00 -3.591334e+01
      vertex   -7.511659e-07 9.463295e+00 -3.443138e+01
      vertex   -3.000000e+01 9.642086e+00 -3.408453e+01
    endloop
  endfacet
  facet normal -4.532708e-05 -8.904549e-01 4.550714e-01
    outer loop
      vertex   -3.000000e+01 9.642086e+00 -3.408453e+01
      vertex   -7.511659e-07 9.463295e+00 -3.443138e+01
      vertex   -8.214647e-07 1.052426e+01 -3.235536e+01
    endloop
  endfacet
  facet normal 2.246252e-05 -8.909312e-01 4.541383e-01
    outer loop
      vertex   -3.000000e+01 9.642086e+00 -3.408453e+01
      vertex   -8.214647e-07 1.052426e+01 -3.235536e+01
      vertex   -3.000000e+01 1.061592e+01 -3.217405e+01
    endloop
  endfacet
  facet normal -2.553369e-05 -8.941274e-01 4.478127e-01
    outer loop
      vertex   -3.000000e+01 1.061592e+01 -3.217405e+01
      vertex   -8.214647e-07 1.052426e+01 -3.235536e+01
      vertex   -3.000000e+01 1.161277e+01 -3.018368e+01
    endloop
  endfacet
  facet normal 2.173555e-05 -8.938658e-01 4.483346e-01
    outer loop
      vertex   -3.000000e+01 1.161277e+01 -3.018368e+01
      vertex   -8.214647e-07 1.052426e+01 -3.235536e+01
      vertex   3.000000e+01 1.061593e+01 -3.217405e+01
    endloop
  endfacet
  facet normal 7.755405e-08 -8.941274e-01 4.478127e-01
    outer loop
      vertex   -3.000000e+01 1.161277e+01 -3.018368e+01
      vertex   3.000000e+01 1.061593e+01 -3.217405e+01
      vertex   3.000000e+01 1.161278e+01 -3.018368e+01
    endloop
  endfacet
  facet normal -9.845013e-05 -8.301935e-01 5.574753e-01
    outer loop
      vertex   3.000000e+01 2.000264e+00 -4.738168e+01
      vertex   3.000000e+01 2.741894e+00 -4.627725e+01
      vertex   -3.098451e-07 2.562303e+00 -4.654999e+01
    endloop
  endfacet
  facet normal 6.166501e-05 -8.383035e-01 5.452038e-01
    outer loop
      vertex   -3.098451e-07 2.562303e+00 -4.654999e+01
      vertex   3.000000e+01 2.741894e+00 -4.627725e+01
      vertex   -3.447219e-07 3.129993e+00 -4.567711e+01
    endloop
  endfacet
  facet normal -1.217908e-04 -8.424772e-01 5.387321e-01
    outer loop
      vertex   3.000000e+01 2.741894e+00 -4.627725e+01
      vertex   3.000000e+01 3.512534e+00 -4.507211e+01
      vertex   -3.447219e-07 3.129993e+00 -4.567711e+01
    endloop
  endfacet
  facet normal 5.871829e-05 -8.465287e-01 5.323430e-01
    outer loop
      vertex   -3.447219e-07 3.129993e+00 -4.567711e+01
      vertex   3.000000e+01 3.512534e+00 -4.507211e+01
      vertex   -3.809271e-07 3.713557e+00 -4.474913e+01
    endloop
  endfacet
  facet normal -8.244315e-05 -8.524022e-01 5.228867e-01
    outer loop
      vertex   3.000000e+01 3.512534e+00 -4.507211e+01
      vertex   3.000000e+01 4.310956e+00 -4.377053e+01
      vertex   -3.809271e-07 3.713557e+00 -4.474913e+01
    endloop
  endfacet
  facet normal 1.089750e-04 -8.550104e-01 5.186109e-01
    outer loop
      vertex   -3.809271e-07 3.713557e+00 -4.474913e+01
      vertex   3.000000e+01 4.310956e+00 -4.377053e+01
      vertex   -4.362173e-07 4.595177e+00 -4.329565e+01
    endloop
  endfacet
  facet normal -9.038941e-05 -8.605649e-01 5.093408e-01
    outer loop
      vertex   3.000000e+01 4.310956e+00 -4.377053e+01
      vertex   3.000000e+01 5.135989e+00 -4.237659e+01
      vertex   -4.362173e-07 4.595177e+00 -4.329565e+01
    endloop
  endfacet
  facet normal 1.111898e-04 -8.634395e-01 5.044524e-01
    outer loop
      vertex   -4.362173e-07 4.595177e+00 -4.329565e+01
      vertex   3.000000e+01 5.135989e+00 -4.237659e+01
      vertex   -4.941483e-07 5.508353e+00 -4.173262e+01
    endloop
  endfacet
  facet normal -9.110472e-05 -8.675263e-01 4.973913e-01
    outer loop
      vertex   3.000000e+01 5.135989e+00 -4.237659e+01
      vertex   3.000000e+01 5.987098e+00 -4.089212e+01
      vertex   -4.941483e-07 5.508353e+00 -4.173262e+01
    endloop
  endfacet
  facet normal 1.066442e-04 -8.705605e-01 4.920613e-01
    outer loop
      vertex   -4.941483e-07 5.508353e+00 -4.173262e+01
      vertex   3.000000e+01 5.987098e+00 -4.089212e+01
      vertex   -5.546645e-07 6.452420e+00 -4.006237e+01
    endloop
  endfacet
  facet normal -8.557295e-05 -8.735272e-01 4.867754e-01
    outer loop
      vertex   3.000000e+01 5.987098e+00 -4.089212e+01
      vertex   3.000000e+01 6.863773e+00 -3.931891e+01
      vertex   -5.546645e-07 6.452420e+00 -4.006237e+01
    endloop
  endfacet
  facet normal 9.678789e-05 -8.766433e-01 4.811409e-01
    outer loop
      vertex   -5.546645e-07 6.452420e+00 -4.006237e+01
      vertex   3.000000e+01 6.863773e+00 -3.931891e+01
      vertex   -6.177100e-07 7.426710e+00 -3.828720e+01
    endloop
  endfacet
  facet normal -7.502926e-05 -8.787450e-01 4.772915e-01
    outer loop
      vertex   3.000000e+01 6.863773e+00 -3.931891e+01
      vertex   3.000000e+01 7.765503e+00 -3.765873e+01
      vertex   -6.177100e-07 7.426710e+00 -3.828720e+01
    endloop
  endfacet
  facet normal 8.274637e-05 -8.818899e-01 4.714555e-01
    outer loop
      vertex   -6.177100e-07 7.426710e+00 -3.828720e+01
      vertex   3.000000e+01 7.765503e+00 -3.765873e+01
      vertex   -6.832290e-07 8.430557e+00 -3.640944e+01
    endloop
  endfacet
  facet normal -6.046125e-05 -8.833170e-01 4.687762e-01
    outer loop
      vertex   3.000000e+01 7.765503e+00 -3.765873e+01
      vertex   3.000000e+01 8.691780e+00 -3.591334e+01
      vertex   -6.832290e-07 8.430557e+00 -3.640944e+01
    endloop
  endfacet
  facet normal 6.540741e-05 -8.864541e-01 4.628165e-01
    outer loop
      vertex   -6.832290e-07 8.430557e+00 -3.640944e+01
      vertex   3.000000e+01 8.691780e+00 -3.591334e+01
      vertex   -7.511659e-07 9.463295e+00 -3.443138e+01
    endloop
  endfacet
  facet normal -4.266880e-05 -8.873506e-01 4.610954e-01
    outer loop
      vertex   3.000000e+01 8.691780e+00 -3.591334e+01
      vertex   3.000000e+01 9.642091e+00 -3.408453e+01
      vertex   -7.511659e-07 9.463295e+00 -3.443138e+01
    endloop
  endfacet
  facet normal 4.548184e-05 -8.904549e-01 4.550714e-01
    outer loop
      vertex   -7.511659e-07 9.463295e+00 -3.443138e+01
      vertex   3.000000e+01 9.642091e+00 -3.408453e+01
      vertex   -8.214647e-07 1.052426e+01 -3.235536e+01
    endloop
  endfacet
  facet normal -2.230783e-05 -8.909312e-01 4.541383e-01
    outer loop
      vertex   3.000000e+01 9.642091e+00 -3.408453e+01
      vertex   3.000000e+01 1.061593e+01 -3.217405e+01
      vertex   -8.214647e-07 1.052426e+01 -3.235536e+01
    endloop
  endfacet
  facet normal -6.358969e-06 -8.172067e-01 5.763448e-01
    outer loop
      vertex   -2.763341e-07 2.010934e+00 -4.736622e+01
      vertex   -3.000000e+01 2.000259e+00 -4.738168e+01
      vertex   -2.442264e-07 1.476334e+00 -4.812423e+01
    endloop
  endfacet
  facet normal 1.202854e-04 -8.147900e-01 5.797562e-01
    outer loop
      vertex   -2.442264e-07 1.476334e+00 -4.812423e+01
      vertex   -3.000000e+01 2.000259e+00 -4.738168e+01
      vertex   -3.000000e+01 1.288714e+00 -4.838169e+01
    endloop
  endfacet
  facet normal -8.428431e-05 -8.034705e-01 5.953445e-01
    outer loop
      vertex   -2.442264e-07 1.476334e+00 -4.812423e+01
      vertex   -3.000000e+01 1.288714e+00 -4.838169e+01
      vertex   -2.135595e-07 9.589498e-01 -4.882249e+01
    endloop
  endfacet
  facet normal 1.727815e-04 -7.950516e-01 6.065418e-01
    outer loop
      vertex   -2.135595e-07 9.589498e-01 -4.882249e+01
      vertex   -3.000000e+01 1.288714e+00 -4.838169e+01
      vertex   -3.000000e+01 6.083274e-01 -4.927354e+01
    endloop
  endfacet
  facet normal -8.529891e-05 -7.867587e-01 6.172607e-01
    outer loop
      vertex   -2.135595e-07 9.589498e-01 -4.882249e+01
      vertex   -3.000000e+01 6.083274e-01 -4.927354e+01
      vertex   -1.843708e-07 4.592287e-01 -4.945943e+01
    endloop
  endfacet
  facet normal 1.379784e-04 -7.690992e-01 6.391294e-01
    outer loop
      vertex   -1.843708e-07 4.592287e-01 -4.945943e+01
      vertex   -3.000000e+01 6.083274e-01 -4.927354e+01
      vertex   -3.000000e+01 -3.982548e-02 -5.005349e+01
    endloop
  endfacet
  facet normal -8.125995e-05 9.756120e-01 2.195023e-01
    outer loop
      vertex   5.714100e-08 -4.978908e+00 -4.977580e+01
      vertex   -3.000000e+01 -5.007695e+00 -4.965896e+01
      vertex   5.620001e-08 -5.105746e+00 -4.921205e+01
    endloop
  endfacet
  facet normal 2.446768e-04 9.800799e-01 1.986033e-01
    outer loop
      vertex   5.620001e-08 -5.105746e+00 -4.921205e+01
      vertex   -3.000000e+01 -5.007695e+00 -4.965896e+01
      vertex   -3.000000e+01 -5.182559e+00 -4.879603e+01
    endloop
  endfacet
  facet normal -9.474327e-05 9.845760e-01 1.749573e-01
    outer loop
      vertex   5.620001e-08 -5.105746e+00 -4.921205e+01
      vertex   -3.000000e+01 -5.182559e+00 -4.879603e+01
      vertex   5.387878e-08 -5.216095e+00 -4.859106e+01
    endloop
  endfacet
  facet normal 1.470331e-04 9.900847e-01 1.404713e-01
    outer loop
      vertex   5.387878e-08 -5.216095e+00 -4.859106e+01
      vertex   -3.000000e+01 -5.182559e+00 -4.879603e+01
      vertex   -3.000000e+01 -5.322292e+00 -4.781115e+01
    endloop
  endfacet
  facet normal -1.950948e-05 9.994417e-01 3.341063e-02
    outer loop
      vertex   3.103346e-08 -5.495493e+00 -4.554477e+01
      vertex   -3.000000e+01 -5.498182e+00 -4.548185e+01
      vertex   2.199255e-08 -5.525568e+00 -4.464513e+01
    endloop
  endfacet
  facet normal 1.420356e-04 9.996184e-01 2.762433e-02
    outer loop
      vertex   2.199255e-08 -5.525568e+00 -4.464513e+01
      vertex   -3.000000e+01 -5.498182e+00 -4.548185e+01
      vertex   -3.000000e+01 -5.535248e+00 -4.414058e+01
    endloop
  endfacet
  facet normal -6.782239e-05 9.998852e-01 1.515136e-02
    outer loop
      vertex   2.199255e-08 -5.525568e+00 -4.464513e+01
      vertex   -3.000000e+01 -5.535248e+00 -4.414058e+01
      vertex   1.164402e-08 -5.540022e+00 -4.369126e+01
    endloop
  endfacet
  facet normal -9.914449e-01 -1.305262e-01 -0.000000e+00
    outer loop
      vertex   1.169037e+01 1.816293e+01 -3.136736e+01
      vertex   1.169037e+01 1.816293e+01 -3.286736e+01
      vertex   1.175000e+01 1.771000e+01 -3.136736e+01
    endloop
  endfacet
  facet normal -9.914449e-01 -1.305262e-01 -0.000000e+00
    outer loop
      vertex   1.175000e+01 1.771000e+01 -3.136736e+01
      vertex   1.169037e+01 1.816293e+01 -3.286736e+01
      vertex   1.175000e+01 1.771000e+01 -3.286736e+01
    endloop
  endfacet
  facet normal -9.914449e-01 1.305262e-01 0.000000e+00
    outer loop
      vertex   1.175000e+01 1.771000e+01 -3.136736e+01
      vertex   1.175000e+01 1.771000e+01 -3.286736e+01
      vertex   1.169037e+01 1.725707e+01 -3.136736e+01
    endloop
  endfacet
  facet normal -9.914449e-01 1.305262e-01 0.000000e+00
    outer loop
      vertex   1.169037e+01 1.725707e+01 -3.136736e+01
      vertex   1.175000e+01 1.771000e+01 -3.286736e+01
      vertex   1.169037e+01 1.725707e+01 -3.286736e+01
    endloop
  endfacet
  facet normal -9.238795e-01 3.826834e-01 0.000000e+00
    outer loop
      vertex   1.169037e+01 1.725707e+01 -3.136736e+01
      vertex   1.169037e+01 1.725707e+01 -3.286736e+01
      vertex   1.151554e+01 1.683500e+01 -3.136736e+01
    endloop
  endfacet
  facet normal -9.238795e-01 3.826834e-01 -9.063764e-16
    outer loop
      vertex   1.151554e+01 1.683500e+01 -3.136736e+01
      vertex   1.169037e+01 1.725707e+01 -3.286736e+01
      vertex   1.151554e+01 1.683500e+01 -3.286736e+01
    endloop
  endfacet
  facet normal -7.933533e-01 6.087614e-01 -1.441837e-15
    outer loop
      vertex   1.151554e+01 1.683500e+01 -3.136736e+01
      vertex   1.151554e+01 1.683500e+01 -3.286736e+01
      vertex   1.123744e+01 1.647256e+01 -3.136736e+01
    endloop
  endfacet
  facet normal -7.933533e-01 6.087614e-01 0.000000e+00
    outer loop
      vertex   1.123744e+01 1.647256e+01 -3.136736e+01
      vertex   1.151554e+01 1.683500e+01 -3.286736e+01
      vertex   1.123744e+01 1.647256e+01 -3.286736e+01
    endloop
  endfacet
  facet normal -6.087614e-01 7.933533e-01 0.000000e+00
    outer loop
      vertex   1.123744e+01 1.647256e+01 -3.136736e+01
      vertex   1.123744e+01 1.647256e+01 -3.286736e+01
      vertex   1.087500e+01 1.619446e+01 -3.136736e+01
    endloop
  endfacet
  facet normal -6.087614e-01 7.933533e-01 7.209184e-16
    outer loop
      vertex   1.087500e+01 1.619446e+01 -3.136736e+01
      vertex   1.123744e+01 1.647256e+01 -3.286736e+01
      vertex   1.087500e+01 1.619446e+01 -3.286736e+01
    endloop
  endfacet
  facet normal -3.826834e-01 9.238795e-01 4.531882e-16
    outer loop
      vertex   1.087500e+01 1.619446e+01 -3.136736e+01
      vertex   1.087500e+01 1.619446e+01 -3.286736e+01
      vertex   1.045293e+01 1.601963e+01 -3.136736e+01
    endloop
  endfacet
  facet normal -3.826834e-01 9.238795e-01 4.531882e-16
    outer loop
      vertex   1.045293e+01 1.601963e+01 -3.136736e+01
      vertex   1.087500e+01 1.619446e+01 -3.286736e+01
      vertex   1.045293e+01 1.601963e+01 -3.286736e+01
    endloop
  endfacet
  facet normal -1.305262e-01 9.914449e-01 1.545741e-16
    outer loop
      vertex   1.045293e+01 1.601963e+01 -3.136736e+01
      vertex   1.045293e+01 1.601963e+01 -3.286736e+01
      vertex   1.000000e+01 1.596000e+01 -3.136736e+01
    endloop
  endfacet
  facet normal -1.305262e-01 9.914449e-01 0.000000e+00
    outer loop
      vertex   1.000000e+01 1.596000e+01 -3.136736e+01
      vertex   1.045293e+01 1.601963e+01 -3.286736e+01
      vertex   1.000000e+01 1.596000e+01 -3.286736e+01
    endloop
  endfacet
  facet normal 1.305262e-01 9.914449e-01 0.000000e+00
    outer loop
      vertex   1.000000e+01 1.596000e+01 -3.136736e+01
      vertex   1.000000e+01 1.596000e+01 -3.286736e+01
      vertex   9.547067e+00 1.601963e+01 -3.136736e+01
    endloop
  endfacet
  facet normal 1.305262e-01 9.914449e-01 -1.545741e-16
    outer loop
      vertex   9.547067e+00 1.601963e+01 -3.136736e+01
      vertex   1.000000e+01 1.596000e+01 -3.286736e+01
      vertex   9.547067e+00 1.601963e+01 -3.286736e+01
    endloop
  endfacet
  facet normal 3.826834e-01 9.238795e-01 -4.531882e-16
    outer loop
      vertex   9.547067e+00 1.601963e+01 -3.136736e+01
      vertex   9.547067e+00 1.601963e+01 -3.286736e+01
      vertex   9.125000e+00 1.619446e+01 -3.136736e+01
    endloop
  endfacet
  facet normal 3.826834e-01 9.238795e-01 0.000000e+00
    outer loop
      vertex   9.125000e+00 1.619446e+01 -3.136736e+01
      vertex   9.547067e+00 1.601963e+01 -3.286736e+01
      vertex   9.125000e+00 1.619446e+01 -3.286736e+01
    endloop
  endfacet
  facet normal 6.087614e-01 7.933533e-01 0.000000e+00
    outer loop
      vertex   9.125000e+00 1.619446e+01 -3.136736e+01
      vertex   9.125000e+00 1.619446e+01 -3.286736e+01
      vertex   8.762563e+00 1.647256e+01 -3.136736e+01
    endloop
  endfacet
  facet normal 6.087614e-01 7.933533e-01 0.000000e+00
    outer loop
      vertex   8.762563e+00 1.647256e+01 -3.136736e+01
      vertex   9.125000e+00 1.619446e+01 -3.286736e+01
      vertex   8.762563e+00 1.647256e+01 -3.286736e+01
    endloop
  endfacet
  facet normal 7.933533e-01 6.087614e-01 0.000000e+00
    outer loop
      vertex   8.762563e+00 1.647256e+01 -3.136736e+01
      vertex   8.762563e+00 1.647256e+01 -3.286736e+01
      vertex   8.484456e+00 1.683500e+01 -3.136736e+01
    endloop
  endfacet
  facet normal 7.933533e-01 6.087614e-01 1.441837e-15
    outer loop
      vertex   8.484456e+00 1.683500e+01 -3.136736e+01
      vertex   8.762563e+00 1.647256e+01 -3.286736e+01
      vertex   8.484456e+00 1.683500e+01 -3.286736e+01
    endloop
  endfacet
  facet normal 9.238795e-01 3.826834e-01 9.063764e-16
    outer loop
      vertex   8.484456e+00 1.683500e+01 -3.136736e+01
      vertex   8.484456e+00 1.683500e+01 -3.286736e+01
      vertex   8.309630e+00 1.725707e+01 -3.136736e+01
    endloop
  endfacet
  facet normal 9.238795e-01 3.826834e-01 0.000000e+00
    outer loop
      vertex   8.309630e+00 1.725707e+01 -3.136736e+01
      vertex   8.484456e+00 1.683500e+01 -3.286736e+01
      vertex   8.309630e+00 1.725707e+01 -3.286736e+01
    endloop
  endfacet
  facet normal 9.914449e-01 1.305262e-01 0.000000e+00
    outer loop
      vertex   8.309630e+00 1.725707e+01 -3.136736e+01
      vertex   8.309630e+00 1.725707e+01 -3.286736e+01
      vertex   8.250000e+00 1.771000e+01 -3.136736e+01
    endloop
  endfacet
  facet normal 9.914449e-01 1.305262e-01 0.000000e+00
    outer loop
      vertex   8.250000e+00 1.771000e+01 -3.136736e+01
      vertex   8.309630e+00 1.725707e+01 -3.286736e+01
      vertex   8.250000e+00 1.771000e+01 -3.286736e+01
    endloop
  endfacet
  facet normal 9.914449e-01 -1.305262e-01 0.000000e+00
    outer loop
      vertex   8.250000e+00 1.771000e+01 -3.136736e+01
      vertex   8.250000e+00 1.771000e+01 -3.286736e+01
      vertex   8.309630e+00 1.816293e+01 -3.136736e+01
    endloop
  endfacet
  facet normal 9.914449e-01 -1.305262e-01 -3.091481e-16
    outer loop
      vertex   8.309630e+00 1.816293e+01 -3.136736e+01
      vertex   8.250000e+00 1.771000e+01 -3.286736e+01
      vertex   8.309630e+00 1.816293e+01 -3.286736e+01
    endloop
  endfacet
  facet normal 9.238795e-01 -3.826834e-01 -9.063764e-16
    outer loop
      vertex   8.309630e+00 1.816293e+01 -3.136736e+01
      vertex   8.309630e+00 1.816293e+01 -3.286736e+01
      vertex   8.484456e+00 1.858500e+01 -3.136736e+01
    endloop
  endfacet
  facet normal 9.238795e-01 -3.826834e-01 0.000000e+00
    outer loop
      vertex   8.484456e+00 1.858500e+01 -3.136736e+01
      vertex   8.309630e+00 1.816293e+01 -3.286736e+01
      vertex   8.484456e+00 1.858500e+01 -3.286736e+01
    endloop
  endfacet
  facet normal 7.933533e-01 -6.087614e-01 0.000000e+00
    outer loop
      vertex   8.484456e+00 1.858500e+01 -3.136736e+01
      vertex   8.484456e+00 1.858500e+01 -3.286736e+01
      vertex   8.762563e+00 1.894744e+01 -3.136736e+01
    endloop
  endfacet
  facet normal 7.933533e-01 -6.087614e-01 0.000000e+00
    outer loop
      vertex   8.762563e+00 1.894744e+01 -3.136736e+01
      vertex   8.484456e+00 1.858500e+01 -3.286736e+01
      vertex   8.762563e+00 1.894744e+01 -3.286736e+01
    endloop
  endfacet
  facet normal 6.087614e-01 -7.933533e-01 0.000000e+00
    outer loop
      vertex   8.762563e+00 1.894744e+01 -3.136736e+01
      vertex   8.762563e+00 1.894744e+01 -3.286736e+01
      vertex   9.125000e+00 1.922554e+01 -3.136736e+01
    endloop
  endfacet
  facet normal 6.087614e-01 -7.933533e-01 0.000000e+00
    outer loop
      vertex   9.125000e+00 1.922554e+01 -3.136736e+01
      vertex   8.762563e+00 1.894744e+01 -3.286736e+01
      vertex   9.125000e+00 1.922554e+01 -3.286736e+01
    endloop
  endfacet
  facet normal 3.826834e-01 -9.238795e-01 0.000000e+00
    outer loop
      vertex   9.125000e+00 1.922554e+01 -3.136736e+01
      vertex   9.125000e+00 1.922554e+01 -3.286736e+01
      vertex   9.547067e+00 1.940037e+01 -3.136736e+01
    endloop
  endfacet
  facet normal 3.826834e-01 -9.238795e-01 4.531882e-16
    outer loop
      vertex   9.547067e+00 1.940037e+01 -3.136736e+01
      vertex   9.125000e+00 1.922554e+01 -3.286736e+01
      vertex   9.547067e+00 1.940037e+01 -3.286736e+01
    endloop
  endfacet
  facet normal 1.305262e-01 -9.914449e-01 1.545741e-16
    outer loop
      vertex   9.547067e+00 1.940037e+01 -3.136736e+01
      vertex   9.547067e+00 1.940037e+01 -3.286736e+01
      vertex   1.000000e+01 1.946000e+01 -3.136736e+01
    endloop
  endfacet
  facet normal 1.305262e-01 -9.914449e-01 0.000000e+00
    outer loop
      vertex   1.000000e+01 1.946000e+01 -3.136736e+01
      vertex   9.547067e+00 1.940037e+01 -3.286736e+01
      vertex   1.000000e+01 1.946000e+01 -3.286736e+01
    endloop
  endfacet
  facet normal -1.305262e-01 -9.914449e-01 -0.000000e+00
    outer loop
      vertex   1.000000e+01 1.946000e+01 -3.136736e+01
      vertex   1.000000e+01 1.946000e+01 -3.286736e+01
      vertex   1.045293e+01 1.940037e+01 -3.136736e+01
    endloop
  endfacet
  facet normal -1.305262e-01 -9.914449e-01 -1.545741e-16
    outer loop
      vertex   1.045293e+01 1.940037e+01 -3.136736e+01
      vertex   1.000000e+01 1.946000e+01 -3.286736e+01
      vertex   1.045293e+01 1.940037e+01 -3.286736e+01
    endloop
  endfacet
  facet normal -3.826834e-01 -9.238795e-01 -4.531882e-16
    outer loop
      vertex   1.045293e+01 1.940037e+01 -3.136736e+01
      vertex   1.045293e+01 1.940037e+01 -3.286736e+01
      vertex   1.087500e+01 1.922554e+01 -3.136736e+01
    endloop
  endfacet
  facet normal -3.826834e-01 -9.238795e-01 -4.531882e-16
    outer loop
      vertex   1.087500e+01 1.922554e+01 -3.136736e+01
      vertex   1.045293e+01 1.940037e+01 -3.286736e+01
      vertex   1.087500e+01 1.922554e+01 -3.286736e+01
    endloop
  endfacet
  facet normal -6.087614e-01 -7.933533e-01 -7.209184e-16
    outer loop
      vertex   1.087500e+01 1.922554e+01 -3.136736e+01
      vertex   1.087500e+01 1.922554e+01 -3.286736e+01
      vertex   1.123744e+01 1.894744e+01 -3.136736e+01
    endloop
  endfacet
  facet normal -6.087614e-01 -7.933533e-01 -0.000000e+00
    outer loop
      vertex   1.123744e+01 1.894744e+01 -3.136736e+01
      vertex   1.087500e+01 1.922554e+01 -3.286736e+01
      vertex   1.123744e+01 1.894744e+01 -3.286736e+01
    endloop
  endfacet
  facet normal -7.933533e-01 -6.087614e-01 -0.000000e+00
    outer loop
      vertex   1.123744e+01 1.894744e+01 -3.136736e+01
      vertex   1.123744e+01 1.894744e+01 -3.286736e+01
      vertex   1.151554e+01 1.858500e+01 -3.136736e+01
    endloop
  endfacet
  facet normal -7.933533e-01 -6.087614e-01 -0.000000e+00
    outer loop
      vertex   1.151554e+01 1.858500e+01 -3.136736e+01
      vertex   1.123744e+01 1.894744e+01 -3.286736e+01
      vertex   1.151554e+01 1.858500e+01 -3.286736e+01
    endloop
  endfacet
  facet normal -9.238795e-01 -3.826834e-01 -0.000000e+00
    outer loop
      vertex   1.151554e+01 1.858500e+01 -3.136736e+01
      vertex   1.151554e+01 1.858500e+01 -3.286736e+01
      vertex   1.169037e+01 1.816293e+01 -3.136736e+01
    endloop
  endfacet
  facet normal -9.238795e-01 -3.826834e-01 -0.000000e+00
    outer loop
      vertex   1.169037e+01 1.816293e+01 -3.136736e+01
      vertex   1.151554e+01 1.858500e+01 -3.286736e+01
      vertex   1.169037e+01 1.816293e+01 -3.286736e+01
    endloop
  endfacet
  facet normal -9.914449e-01 -1.305262e-01 -0.000000e+00
    outer loop
      vertex   -8.309630e+00 1.816293e+01 -3.136736e+01
      vertex   -8.309630e+00 1.816293e+01 -3.286736e+01
      vertex   -8.250000e+00 1.771000e+01 -3.136736e+01
    endloop
  endfacet
  facet normal -9.914449e-01 -1.305262e-01 -0.000000e+00
    outer loop
      vertex   -8.250000e+00 1.771000e+01 -3.136736e+01
      vertex   -8.309630e+00 1.816293e+01 -3.286736e+01
      vertex   -8.250000e+00 1.771000e+01 -3.286736e+01
    endloop
  endfacet
  facet normal -9.914449e-01 1.305262e-01 0.000000e+00
    outer loop
      vertex   -8.250000e+00 1.771000e+01 -3.136736e+01
      vertex   -8.250000e+00 1.771000e+01 -3.286736e+01
      vertex   -8.309630e+00 1.725707e+01 -3.136736e+01
    endloop
  endfacet
  facet normal -9.914449e-01 1.305262e-01 0.000000e+00
    outer loop
      vertex   -8.309630e+00 1.725707e+01 -3.136736e+01
      vertex   -8.250000e+00 1.771000e+01 -3.286736e+01
      vertex   -8.309630e+00 1.725707e+01 -3.286736e+01
    endloop
  endfacet
  facet normal -9.238795e-01 3.826834e-01 0.000000e+00
    outer loop
      vertex   -8.309630e+00 1.725707e+01 -3.136736e+01
      vertex   -8.309630e+00 1.725707e+01 -3.286736e+01
      vertex   -8.484456e+00 1.683500e+01 -3.136736e+01
    endloop
  endfacet
  facet normal -9.238795e-01 3.826834e-01 -9.063764e-16
    outer loop
      vertex   -8.484456e+00 1.683500e+01 -3.136736e+01
      vertex   -8.309630e+00 1.725707e+01 -3.286736e+01
      vertex   -8.484456e+00 1.683500e+01 -3.286736e+01
    endloop
  endfacet
  facet normal -7.933533e-01 6.087614e-01 -1.441837e-15
    outer loop
      vertex   -8.484456e+00 1.683500e+01 -3.136736e+01
      vertex   -8.484456e+00 1.683500e+01 -3.286736e+01
      vertex   -8.762563e+00 1.647256e+01 -3.136736e+01
    endloop
  endfacet
  facet normal -7.933533e-01 6.087614e-01 0.000000e+00
    outer loop
      vertex   -8.762563e+00 1.647256e+01 -3.136736e+01
      vertex   -8.484456e+00 1.683500e+01 -3.286736e+01
      vertex   -8.762563e+00 1.647256e+01 -3.286736e+01
    endloop
  endfacet
  facet normal -6.087614e-01 7.933533e-01 0.000000e+00
    outer loop
      vertex   -8.762563e+00 1.647256e+01 -3.136736e+01
      vertex   -8.762563e+00 1.647256e+01 -3.286736e+01
      vertex   -9.125000e+00 1.619446e+01 -3.136736e+01
    endloop
  endfacet
  facet normal -6.087614e-01 7.933533e-01 7.209184e-16
    outer loop
      vertex   -9.125000e+00 1.619446e+01 -3.136736e+01
      vertex   -8.762563e+00 1.647256e+01 -3.286736e+01
      vertex   -9.125000e+00 1.619446e+01 -3.286736e+01
    endloop
  endfacet
  facet normal -3.826834e-01 9.238795e-01 4.531882e-16
    outer loop
      vertex   -9.125000e+00 1.619446e+01 -3.136736e+01
      vertex   -9.125000e+00 1.619446e+01 -3.286736e+01
      vertex   -9.547067e+00 1.601963e+01 -3.136736e+01
    endloop
  endfacet
  facet normal -3.826834e-01 9.238795e-01 0.000000e+00
    outer loop
      vertex   -9.547067e+00 1.601963e+01 -3.136736e+01
      vertex   -9.125000e+00 1.619446e+01 -3.286736e+01
      vertex   -9.547067e+00 1.601963e+01 -3.286736e+01
    endloop
  endfacet
  facet normal -1.305262e-01 9.914449e-01 0.000000e+00
    outer loop
      vertex   -9.547067e+00 1.601963e+01 -3.136736e+01
      vertex   -9.547067e+00 1.601963e+01 -3.286736e+01
      vertex   -1.000000e+01 1.596000e+01 -3.136736e+01
    endloop
  endfacet
  facet normal -1.305262e-01 9.914449e-01 0.000000e+00
    outer loop
      vertex   -1.000000e+01 1.596000e+01 -3.136736e+01
      vertex   -9.547067e+00 1.601963e+01 -3.286736e+01
      vertex   -1.000000e+01 1.596000e+01 -3.286736e+01
    endloop
  endfacet
  facet normal 1.305262e-01 9.914449e-01 0.000000e+00
    outer loop
      vertex   -1.000000e+01 1.596000e+01 -3.136736e+01
      vertex   -1.000000e+01 1.596000e+01 -3.286736e+01
      vertex   -1.045293e+01 1.601963e+01 -3.136736e+01
    endloop
  endfacet
  facet normal 1.305262e-01 9.914449e-01 0.000000e+00
    outer loop
      vertex   -1.045293e+01 1.601963e+01 -3.136736e+01
      vertex   -1.000000e+01 1.596000e+01 -3.286736e+01
      vertex   -1.045293e+01 1.601963e+01 -3.286736e+01
    endloop
  endfacet
  facet normal 3.826834e-01 9.238795e-01 0.000000e+00
    outer loop
      vertex   -1.045293e+01 1.601963e+01 -3.136736e+01
      vertex   -1.045293e+01 1.601963e+01 -3.286736e+01
      vertex   -1.087500e+01 1.619446e+01 -3.136736e+01
    endloop
  endfacet
  facet normal 3.826834e-01 9.238795e-01 -4.531882e-16
    outer loop
      vertex   -1.087500e+01 1.619446e+01 -3.136736e+01
      vertex   -1.045293e+01 1.601963e+01 -3.286736e+01
      vertex   -1.087500e+01 1.619446e+01 -3.286736e+01
    endloop
  endfacet
  facet normal 6.087614e-01 7.933533e-01 -7.209184e-16
    outer loop
      vertex   -1.087500e+01 1.619446e+01 -3.136736e+01
      vertex   -1.087500e+01 1.619446e+01 -3.286736e+01
      vertex   -1.123744e+01 1.647256e+01 -3.136736e+01
    endloop
  endfacet
  facet normal 6.087614e-01 7.933533e-01 0.000000e+00
    outer loop
      vertex   -1.123744e+01 1.647256e+01 -3.136736e+01
      vertex   -1.087500e+01 1.619446e+01 -3.286736e+01
      vertex   -1.123744e+01 1.647256e+01 -3.286736e+01
    endloop
  endfacet
  facet normal 7.933533e-01 6.087614e-01 0.000000e+00
    outer loop
      vertex   -1.123744e+01 1.647256e+01 -3.136736e+01
      vertex   -1.123744e+01 1.647256e+01 -3.286736e+01
      vertex   -1.151554e+01 1.683500e+01 -3.136736e+01
    endloop
  endfacet
  facet normal 7.933533e-01 6.087614e-01 1.441837e-15
    outer loop
      vertex   -1.151554e+01 1.683500e+01 -3.136736e+01
      vertex   -1.123744e+01 1.647256e+01 -3.286736e+01
      vertex   -1.151554e+01 1.683500e+01 -3.286736e+01
    endloop
  endfacet
  facet normal 9.238795e-01 3.826834e-01 9.063764e-16
    outer loop
      vertex   -1.151554e+01 1.683500e+01 -3.136736e+01
      vertex   -1.151554e+01 1.683500e+01 -3.286736e+01
      vertex   -1.169037e+01 1.725707e+01 -3.136736e+01
    endloop
  endfacet
  facet normal 9.238795e-01 3.826834e-01 0.000000e+00
    outer loop
      vertex   -1.169037e+01 1.725707e+01 -3.136736e+01
      vertex   -1.151554e+01 1.683500e+01 -3.286736e+01
      vertex   -1.169037e+01 1.725707e+01 -3.286736e+01
    endloop
  endfacet
  facet normal 9.914449e-01 1.305262e-01 0.000000e+00
    outer loop
      vertex   -1.169037e+01 1.725707e+01 -3.136736e+01
      vertex   -1.169037e+01 1.725707e+01 -3.286736e+01
      vertex   -1.175000e+01 1.771000e+01 -3.136736e+01
    endloop
  endfacet
  facet normal 9.914449e-01 1.305262e-01 0.000000e+00
    outer loop
      vertex   -1.175000e+01 1.771000e+01 -3.136736e+01
      vertex   -1.169037e+01 1.725707e+01 -3.286736e+01
      vertex   -1.175000e+01 1.771000e+01 -3.286736e+01
    endloop
  endfacet
  facet normal 9.914449e-01 -1.305262e-01 0.000000e+00
    outer loop
      vertex   -1.175000e+01 1.771000e+01 -3.136736e+01
      vertex   -1.175000e+01 1.771000e+01 -3.286736e+01
      vertex   -1.169037e+01 1.816293e+01 -3.136736e+01
    endloop
  endfacet
  facet normal 9.914449e-01 -1.305262e-01 -3.091481e-16
    outer loop
      vertex   -1.169037e+01 1.816293e+01 -3.136736e+01
      vertex   -1.175000e+01 1.771000e+01 -3.286736e+01
      vertex   -1.169037e+01 1.816293e+01 -3.286736e+01
    endloop
  endfacet
  facet normal 9.238795e-01 -3.826834e-01 -9.063764e-16
    outer loop
      vertex   -1.169037e+01 1.816293e+01 -3.136736e+01
      vertex   -1.169037e+01 1.816293e+01 -3.286736e+01
      vertex   -1.151554e+01 1.858500e+01 -3.136736e+01
    endloop
  endfacet
  facet normal 9.238795e-01 -3.826834e-01 0.000000e+00
    outer loop
      vertex   -1.151554e+01 1.858500e+01 -3.136736e+01
      vertex   -1.169037e+01 1.816293e+01 -3.286736e+01
      vertex   -1.151554e+01 1.858500e+01 -3.286736e+01
    endloop
  endfacet
  facet normal 7.933533e-01 -6.087614e-01 0.000000e+00
    outer loop
      vertex   -1.151554e+01 1.858500e+01 -3.136736e+01
      vertex   -1.151554e+01 1.858500e+01 -3.286736e+01
      vertex   -1.123744e+01 1.894744e+01 -3.136736e+01
    endloop
  endfacet
  facet normal 7.933533e-01 -6.087614e-01 0.000000e+00
    outer loop
      vertex   -1.123744e+01 1.894744e+01 -3.136736e+01
      vertex   -1.151554e+01 1.858500e+01 -3.286736e+01
      vertex   -1.123744e+01 1.894744e+01 -3.286736e+01
    endloop
  endfacet
  facet normal 6.087614e-01 -7.933533e-01 0.000000e+00
    outer loop
      vertex   -1.123744e+01 1.894744e+01 -3.136736e+01
      vertex   -1.123744e+01 1.894744e+01 -3.286736e+01
      vertex   -1.087500e+01 1.922554e+01 -3.136736e+01
    endloop
  endfacet
  facet normal 6.087614e-01 -7.933533e-01 7.209184e-16
    outer loop
      vertex   -1.087500e+01 1.922554e+01 -3.136736e+01
      vertex   -1.123744e+01 1.894744e+01 -3.286736e+01
      vertex   -1.087500e+01 1.922554e+01 -3.286736e+01
    endloop
  endfacet
  facet normal 3.826834e-01 -9.238795e-01 4.531882e-16
    outer loop
      vertex   -1.087500e+01 1.922554e+01 -3.136736e+01
      vertex   -1.087500e+01 1.922554e+01 -3.286736e+01
      vertex   -1.045293e+01 1.940037e+01 -3.136736e+01
    endloop
  endfacet
  facet normal 3.826834e-01 -9.238795e-01 0.000000e+00
    outer loop
      vertex   -1.045293e+01 1.940037e+01 -3.136736e+01
      vertex   -1.087500e+01 1.922554e+01 -3.286736e+01
      vertex   -1.045293e+01 1.940037e+01 -3.286736e+01
    endloop
  endfacet
  facet normal 1.305262e-01 -9.914449e-01 0.000000e+00
    outer loop
      vertex   -1.045293e+01 1.940037e+01 -3.136736e+01
      vertex   -1.045293e+01 1.940037e+01 -3.286736e+01
      vertex   -1.000000e+01 1.946000e+01 -3.136736e+01
    endloop
  endfacet
  facet normal 1.305262e-01 -9.914449e-01 0.000000e+00
    outer loop
      vertex   -1.000000e+01 1.946000e+01 -3.136736e+01
      vertex   -1.045293e+01 1.940037e+01 -3.286736e+01
      vertex   -1.000000e+01 1.946000e+01 -3.286736e+01
    endloop
  endfacet
  facet normal -1.305262e-01 -9.914449e-01 -0.000000e+00
    outer loop
      vertex   -1.000000e+01 1.946000e+01 -3.136736e+01
      vertex   -1.000000e+01 1.946000e+01 -3.286736e+01
      vertex   -9.547067e+00 1.940037e+01 -3.136736e+01
    endloop
  endfacet
  facet normal -1.305262e-01 -9.914449e-01 -0.000000e+00
    outer loop
      vertex   -9.547067e+00 1.940037e+01 -3.136736e+01
      vertex   -1.000000e+01 1.946000e+01 -3.286736e+01
      vertex   -9.547067e+00 1.940037e+01 -3.286736e+01
    endloop
  endfacet
  facet normal -3.826834e-01 -9.238795e-01 -0.000000e+00
    outer loop
      vertex   -9.547067e+00 1.940037e+01 -3.136736e+01
      vertex   -9.547067e+00 1.940037e+01 -3.286736e+01
      vertex   -9.125000e+00 1.922554e+01 -3.136736e+01
    endloop
  endfacet
  facet normal -3.826834e-01 -9.238795e-01 -4.531882e-16
    outer loop
      vertex   -9.125000e+00 1.922554e+01 -3.136736e+01
      vertex   -9.547067e+00 1.940037e+01 -3.286736e+01
      vertex   -9.125000e+00 1.922554e+01 -3.286736e+01
    endloop
  endfacet
  facet normal -6.087614e-01 -7.933533e-01 -7.209184e-16
    outer loop
      vertex   -9.125000e+00 1.922554e+01 -3.136736e+01
      vertex   -9.125000e+00 1.922554e+01 -3.286736e+01
      vertex   -8.762563e+00 1.894744e+01 -3.136736e+01
    endloop
  endfacet
  facet normal -6.087614e-01 -7.933533e-01 -0.000000e+00
    outer loop
      vertex   -8.762563e+00 1.894744e+01 -3.136736e+01
      vertex   -9.125000e+00 1.922554e+01 -3.286736e+01
      vertex   -8.762563e+00 1.894744e+01 -3.286736e+01
    endloop
  endfacet
  facet normal -7.933533e-01 -6.087614e-01 -0.000000e+00
    outer loop
      vertex   -8.762563e+00 1.894744e+01 -3.136736e+01
      vertex   -8.762563e+00 1.894744e+01 -3.286736e+01
      vertex   -8.484456e+00 1.858500e+01 -3.136736e+01
    endloop
  endfacet
  facet normal -7.933533e-01 -6.087614e-01 -0.000000e+00
    outer loop
      vertex   -8.484456e+00 1.858500e+01 -3.136736e+01
      vertex   -8.762563e+00 1.894744e+01 -3.286736e+01
      vertex   -8.484456e+00 1.858500e+01 -3.286736e+01
    endloop
  endfacet
  facet normal -9.238795e-01 -3.826834e-01 -0.000000e+00
    outer loop
      vertex   -8.484456e+00 1.858500e+01 -3.136736e+01
      vertex   -8.484456e+00 1.858500e+01 -3.286736e+01
      vertex   -8.309630e+00 1.816293e+01 -3.136736e+01
    endloop
  endfacet
  facet normal -9.238795e-01 -3.826834e-01 -0.000000e+00
    outer loop
      vertex   -8.309630e+00 1.816293e+01 -3.136736e+01
      vertex   -8.484456e+00 1.858500e+01 -3.286736e+01
      vertex   -8.309630e+00 1.816293e+01 -3.286736e+01
    endloop
  endfacet
  facet normal 1.000000e+00 0.000000e+00 0.000000e+00
    outer loop
      vertex   -7.500000e+00 2.071000e+01 -3.286736e+01
      vertex   -7.500000e+00 2.271000e+01 -3.286736e+01
      vertex   -7.500000e+00 2.071000e+01 -3.136736e+01
    endloop
  endfacet
  facet normal 1.000000e+00 -0.000000e+00 0.000000e+00
    outer loop
      vertex   -7.500000e+00 2.071000e+01 -3.136736e+01
      vertex   -7.500000e+00 2.271000e+01 -3.286736e+01
      vertex   -7.500000e+00 2.271000e+01 -3.136736e+01
    endloop
  endfacet
  facet normal -2.448050e-08 1.000000e+00 0.000000e+00
    outer loop
      vertex   7.500000e+00 2.071000e+01 -3.286736e+01
      vertex   -7.500000e+00 2.071000e+01 -3.286736e+01
      vertex   7.500000e+00 2.071000e+01 -3.136736e+01
    endloop
  endfacet
  facet normal -2.448050e-08 1.000000e+00 0.000000e+00
    outer loop
      vertex   7.500000e+00 2.071000e+01 -3.136736e+01
      vertex   -7.500000e+00 2.071000e+01 -3.286736e+01
      vertex   -7.500000e+00 2.071000e+01 -3.136736e+01
    endloop
  endfacet
  facet normal -1.000000e+00 0.000000e+00 0.000000e+00
    outer loop
      vertex   7.500000e+00 2.271000e+01 -3.286736e+01
      vertex   7.500000e+00 2.071000e+01 -3.286736e+01
      vertex   7.500000e+00 2.271000e+01 -3.136736e+01
    endloop
  endfacet
  facet normal -1.000000e+00 -0.000000e+00 0.000000e+00
    outer loop
      vertex   7.500000e+00 2.271000e+01 -3.136736e+01
      vertex   7.500000e+00 2.071000e+01 -3.286736e+01
      vertex   7.500000e+00 2.071000e+01 -3.136736e+01
    endloop
  endfacet
  facet normal 0.000000e+00 1.000000e+00 -0.000000e+00
    outer loop
      vertex   -1.300000e+01 2.271000e+01 -3.586736e+01
      vertex   -1.400000e+01 2.271000e+01 -3.586736e+01
      vertex   -1.250000e+01 2.271000e+01 -3.536736e+01
    endloop
  endfacet
  facet normal 0.000000e+00 1.000000e+00 -0.000000e+00
    outer loop
      vertex   -1.250000e+01 2.271000e+01 -3.536736e+01
      vertex   -1.400000e+01 2.271000e+01 -3.586736e+01
      vertex   -1.250000e+01 2.271000e+01 -3.286736e+01
    endloop
  endfacet
  facet normal 0.000000e+00 1.000000e+00 0.000000e+00
    outer loop
      vertex   -1.250000e+01 2.271000e+01 -3.286736e+01
      vertex   -1.400000e+01 2.271000e+01 -3.586736e+01
      vertex   -1.400000e+01 2.271000e+01 -3.136736e+01
    endloop
  endfacet
  facet normal 2.186285e-15 1.000000e+00 2.186285e-15
    outer loop
      vertex   -1.250000e+01 2.271000e+01 -3.286736e+01
      vertex   -1.400000e+01 2.271000e+01 -3.136736e+01
      vertex   -7.500000e+00 2.271000e+01 -3.136736e+01
    endloop
  endfacet
  facet normal 2.842171e-15 1.000000e+00 0.000000e+00
    outer loop
      vertex   -7.500000e+00 2.271000e+01 -3.136736e+01
      vertex   -7.500000e+00 2.271000e+01 -3.286736e+01
      vertex   -1.250000e+01 2.271000e+01 -3.286736e+01
    endloop
  endfacet
  facet normal -0.000000e+00 0.000000e+00 1.000000e+00
    outer loop
      vertex   7.500000e+00 2.271000e+01 -3.136736e+01
      vertex   7.500000e+00 2.071000e+01 -3.136736e+01
      vertex   1.400000e+01 2.271000e+01 -3.136736e+01
    endloop
  endfacet
  facet normal 0.000000e+00 0.000000e+00 1.000000e+00
    outer loop
      vertex   1.400000e+01 2.271000e+01 -3.136736e+01
      vertex   7.500000e+00 2.071000e+01 -3.136736e+01
      vertex   1.045293e+01 1.940037e+01 -3.136736e+01
    endloop
  endfacet
  facet normal 0.000000e+00 0.000000e+00 1.000000e+00
    outer loop
      vertex   1.400000e+01 2.271000e+01 -3.136736e+01
      vertex   1.045293e+01 1.940037e+01 -3.136736e+01
      vertex   1.087500e+01 1.922554e+01 -3.136736e+01
    endloop
  endfacet
  facet normal -0.000000e+00 0.000000e+00 1.000000e+00
    outer loop
      vertex   -7.500000e+00 2.071000e+01 -3.136736e+01
      vertex   8.484456e+00 1.858500e+01 -3.136736e+01
      vertex   7.500000e+00 2.071000e+01 -3.136736e+01
    endloop
  endfacet
  facet normal 0.000000e+00 0.000000e+00 1.000000e+00
    outer loop
      vertex   7.500000e+00 2.071000e+01 -3.136736e+01
      vertex   8.484456e+00 1.858500e+01 -3.136736e+01
      vertex   8.762563e+00 1.894744e+01 -3.136736e+01
    endloop
  endfacet
  facet normal 0.000000e+00 0.000000e+00 1.000000e+00
    outer loop
      vertex   7.500000e+00 2.071000e+01 -3.136736e+01
      vertex   8.762563e+00 1.894744e+01 -3.136736e+01
      vertex   9.125000e+00 1.922554e+01 -3.136736e+01
    endloop
  endfacet
  facet normal 0.000000e+00 0.000000e+00 1.000000e+00
    outer loop
      vertex   -7.500000e+00 2.271000e+01 -3.136736e+01
      vertex   -1.400000e+01 2.271000e+01 -3.136736e+01
      vertex   -7.500000e+00 2.071000e+01 -3.136736e+01
    endloop
  endfacet
  facet normal 0.000000e+00 0.000000e+00 1.000000e+00
    outer loop
      vertex   -7.500000e+00 2.071000e+01 -3.136736e+01
      vertex   -1.400000e+01 2.271000e+01 -3.136736e+01
      vertex   -1.045293e+01 1.940037e+01 -3.136736e+01
    endloop
  endfacet
  facet normal 0.000000e+00 0.000000e+00 1.000000e+00
    outer loop
      vertex   -7.500000e+00 2.071000e+01 -3.136736e+01
      vertex   -1.045293e+01 1.940037e+01 -3.136736e+01
      vertex   -1.000000e+01 1.946000e+01 -3.136736e+01
    endloop
  endfacet
  facet normal 0.000000e+00 -0.000000e+00 1.000000e+00
    outer loop
      vertex   -1.400000e+01 1.269907e+01 -3.136736e+01
      vertex   -1.175000e+01 1.771000e+01 -3.136736e+01
      vertex   -1.400000e+01 2.271000e+01 -3.136736e+01
    endloop
  endfacet
  facet normal 0.000000e+00 0.000000e+00 1.000000e+00
    outer loop
      vertex   -1.400000e+01 2.271000e+01 -3.136736e+01
      vertex   -1.175000e+01 1.771000e+01 -3.136736e+01
      vertex   -1.169037e+01 1.816293e+01 -3.136736e+01
    endloop
  endfacet
  facet normal 0.000000e+00 0.000000e+00 1.000000e+00
    outer loop
      vertex   -1.400000e+01 2.271000e+01 -3.136736e+01
      vertex   -1.169037e+01 1.816293e+01 -3.136736e+01
      vertex   -1.151554e+01 1.858500e+01 -3.136736e+01
    endloop
  endfacet
  facet normal 0.000000e+00 -0.000000e+00 1.000000e+00
    outer loop
      vertex   -1.250000e+01 1.269907e+01 -3.136736e+01
      vertex   -1.045293e+01 1.601963e+01 -3.136736e+01
      vertex   -1.400000e+01 1.269907e+01 -3.136736e+01
    endloop
  endfacet
  facet normal 0.000000e+00 0.000000e+00 1.000000e+00
    outer loop
      vertex   -1.400000e+01 1.269907e+01 -3.136736e+01
      vertex   -1.045293e+01 1.601963e+01 -3.136736e+01
      vertex   -1.087500e+01 1.619446e+01 -3.136736e+01
    endloop
  endfacet
  facet normal 0.000000e+00 0.000000e+00 1.000000e+00
    outer loop
      vertex   -1.400000e+01 1.269907e+01 -3.136736e+01
      vertex   -1.087500e+01 1.619446e+01 -3.136736e+01
      vertex   -1.123744e+01 1.647256e+01 -3.136736e+01
    endloop
  endfacet
  facet normal 0.000000e+00 0.000000e+00 1.000000e+00
    outer loop
      vertex   1.250000e+01 1.269907e+01 -3.136736e+01
      vertex   9.547067e+00 1.601963e+01 -3.136736e+01
      vertex   -1.250000e+01 1.269907e+01 -3.136736e+01
    endloop
  endfacet
  facet normal 0.000000e+00 0.000000e+00 1.000000e+00
    outer loop
      vertex   -1.250000e+01 1.269907e+01 -3.136736e+01
      vertex   9.547067e+00 1.601963e+01 -3.136736e+01
      vertex   -9.547067e+00 1.601963e+01 -3.136736e+01
    endloop
  endfacet
  facet normal 0.000000e+00 0.000000e+00 1.000000e+00
    outer loop
      vertex   -1.250000e+01 1.269907e+01 -3.136736e+01
      vertex   -9.547067e+00 1.601963e+01 -3.136736e+01
      vertex   -1.000000e+01 1.596000e+01 -3.136736e+01
    endloop
  endfacet
  facet normal 0.000000e+00 0.000000e+00 1.000000e+00
    outer loop
      vertex   1.400000e+01 1.269907e+01 -3.136736e+01
      vertex   1.045293e+01 1.601963e+01 -3.136736e+01
      vertex   1.250000e+01 1.269907e+01 -3.136736e+01
    endloop
  endfacet
  facet normal 0.000000e+00 0.000000e+00 1.000000e+00
    outer loop
      vertex   1.250000e+01 1.269907e+01 -3.136736e+01
      vertex   1.045293e+01 1.601963e+01 -3.136736e+01
      vertex   1.000000e+01 1.596000e+01 -3.136736e+01
    endloop
  endfacet
  facet normal 0.000000e+00 0.000000e+00 1.000000e+00
    outer loop
      vertex   1.250000e+01 1.269907e+01 -3.136736e+01
      vertex   1.000000e+01 1.596000e+01 -3.136736e+01
      vertex   9.547067e+00 1.601963e+01 -3.136736e+01
    endloop
  endfacet
  facet normal 0.000000e+00 0.000000e+00 1.000000e+00
    outer loop
      vertex   1.400000e+01 2.271000e+01 -3.136736e+01
      vertex   1.175000e+01 1.771000e+01 -3.136736e+01
      vertex   1.400000e+01 1.269907e+01 -3.136736e+01
    endloop
  endfacet
  facet normal 0.000000e+00 0.000000e+00 1.000000e+00
    outer loop
      vertex   1.400000e+01 1.269907e+01 -3.136736e+01
      vertex   1.175000e+01 1.771000e+01 -3.136736e+01
      vertex   1.169037e+01 1.725707e+01 -3.136736e+01
    endloop
  endfacet
  facet normal 0.000000e+00 0.000000e+00 1.000000e+00
    outer loop
      vertex   1.400000e+01 1.269907e+01 -3.136736e+01
      vertex   1.169037e+01 1.725707e+01 -3.136736e+01
      vertex   1.151554e+01 1.683500e+01 -3.136736e+01
    endloop
  endfacet
  facet normal 0.000000e+00 0.000000e+00 1.000000e+00
    outer loop
      vertex   -8.309630e+00 1.725707e+01 -3.136736e+01
      vertex   8.309630e+00 1.725707e+01 -3.136736e+01
      vertex   -8.250000e+00 1.771000e+01 -3.136736e+01
    endloop
  endfacet
  facet normal -0.000000e+00 0.000000e+00 1.000000e+00
    outer loop
      vertex   -8.250000e+00 1.771000e+01 -3.136736e+01
      vertex   8.309630e+00 1.725707e+01 -3.136736e+01
      vertex   8.250000e+00 1.771000e+01 -3.136736e+01
    endloop
  endfacet
  facet normal 0.000000e+00 -0.000000e+00 1.000000e+00
    outer loop
      vertex   -8.250000e+00 1.771000e+01 -3.136736e+01
      vertex   8.250000e+00 1.771000e+01 -3.136736e+01
      vertex   -8.309630e+00 1.816293e+01 -3.136736e+01
    endloop
  endfacet
  facet normal 0.000000e+00 0.000000e+00 1.000000e+00
    outer loop
      vertex   -8.309630e+00 1.816293e+01 -3.136736e+01
      vertex   8.250000e+00 1.771000e+01 -3.136736e+01
      vertex   8.309630e+00 1.816293e+01 -3.136736e+01
    endloop
  endfacet
  facet normal -0.000000e+00 -0.000000e+00 1.000000e+00
    outer loop
      vertex   -8.309630e+00 1.816293e+01 -3.136736e+01
      vertex   8.309630e+00 1.816293e+01 -3.136736e+01
      vertex   -8.484456e+00 1.858500e+01 -3.136736e+01
    endloop
  endfacet
  facet normal -0.000000e+00 0.000000e+00 1.000000e+00
    outer loop
      vertex   -8.484456e+00 1.858500e+01 -3.136736e+01
      vertex   8.309630e+00 1.816293e+01 -3.136736e+01
      vertex   8.484456e+00 1.858500e+01 -3.136736e+01
    endloop
  endfacet
  facet normal 0.000000e+00 0.000000e+00 1.000000e+00
    outer loop
      vertex   -8.484456e+00 1.858500e+01 -3.136736e+01
      vertex   8.484456e+00 1.858500e+01 -3.136736e+01
      vertex   -7.500000e+00 2.071000e+01 -3.136736e+01
    endloop
  endfacet
  facet normal 0.000000e+00 0.000000e+00 1.000000e+00
    outer loop
      vertex   8.309630e+00 1.725707e+01 -3.136736e+01
      vertex   -8.309630e+00 1.725707e+01 -3.136736e+01
      vertex   8.484456e+00 1.683500e+01 -3.136736e+01
    endloop
  endfacet
  facet normal 0.000000e+00 0.000000e+00 1.000000e+00
    outer loop
      vertex   8.484456e+00 1.683500e+01 -3.136736e+01
      vertex   -8.309630e+00 1.725707e+01 -3.136736e+01
      vertex   -8.484456e+00 1.683500e+01 -3.136736e+01
    endloop
  endfacet
  facet normal 0.000000e+00 0.000000e+00 1.000000e+00
    outer loop
      vertex   8.484456e+00 1.683500e+01 -3.136736e+01
      vertex   -8.484456e+00 1.683500e+01 -3.136736e+01
      vertex   8.762563e+00 1.647256e+01 -3.136736e+01
    endloop
  endfacet
  facet normal 0.000000e+00 0.000000e+00 1.000000e+00
    outer loop
      vertex   8.762563e+00 1.647256e+01 -3.136736e+01
      vertex   -8.484456e+00 1.683500e+01 -3.136736e+01
      vertex   -8.762563e+00 1.647256e+01 -3.136736e+01
    endloop
  endfacet
  facet normal 0.000000e+00 0.000000e+00 1.000000e+00
    outer loop
      vertex   8.762563e+00 1.647256e+01 -3.136736e+01
      vertex   -8.762563e+00 1.647256e+01 -3.136736e+01
      vertex   9.125000e+00 1.619446e+01 -3.136736e+01
    endloop
  endfacet
  facet normal 0.000000e+00 0.000000e+00 1.000000e+00
    outer loop
      vertex   9.125000e+00 1.619446e+01 -3.136736e+01
      vertex   -8.762563e+00 1.647256e+01 -3.136736e+01
      vertex   -9.125000e+00 1.619446e+01 -3.136736e+01
    endloop
  endfacet
  facet normal 0.000000e+00 0.000000e+00 1.000000e+00
    outer loop
      vertex   9.125000e+00 1.619446e+01 -3.136736e+01
      vertex   -9.125000e+00 1.619446e+01 -3.136736e+01
      vertex   9.547067e+00 1.601963e+01 -3.136736e+01
    endloop
  endfacet
  facet normal 0.000000e+00 0.000000e+00 1.000000e+00
    outer loop
      vertex   9.547067e+00 1.601963e+01 -3.136736e+01
      vertex   -9.125000e+00 1.619446e+01 -3.136736e+01
      vertex   -9.547067e+00 1.601963e+01 -3.136736e+01
    endloop
  endfacet
  facet normal 0.000000e+00 0.000000e+00 1.000000e+00
    outer loop
      vertex   -1.000000e+01 1.596000e+01 -3.136736e+01
      vertex   -1.045293e+01 1.601963e+01 -3.136736e+01
      vertex   -1.250000e+01 1.269907e+01 -3.136736e+01
    endloop
  endfacet
  facet normal 0.000000e+00 0.000000e+00 1.000000e+00
    outer loop
      vertex   -1.123744e+01 1.647256e+01 -3.136736e+01
      vertex   -1.151554e+01 1.683500e+01 -3.136736e+01
      vertex   -1.400000e+01 1.269907e+01 -3.136736e+01
    endloop
  endfacet
  facet normal 0.000000e+00 0.000000e+00 1.000000e+00
    outer loop
      vertex   -1.400000e+01 1.269907e+01 -3.136736e+01
      vertex   -1.151554e+01 1.683500e+01 -3.136736e+01
      vertex   -1.169037e+01 1.725707e+01 -3.136736e+01
    endloop
  endfacet
  facet normal 0.000000e+00 0.000000e+00 1.000000e+00
    outer loop
      vertex   -1.400000e+01 1.269907e+01 -3.136736e+01
      vertex   -1.169037e+01 1.725707e+01 -3.136736e+01
      vertex   -1.175000e+01 1.771000e+01 -3.136736e+01
    endloop
  endfacet
  facet normal 0.000000e+00 -0.000000e+00 1.000000e+00
    outer loop
      vertex   -1.151554e+01 1.858500e+01 -3.136736e+01
      vertex   -1.123744e+01 1.894744e+01 -3.136736e+01
      vertex   -1.400000e+01 2.271000e+01 -3.136736e+01
    endloop
  endfacet
  facet normal 0.000000e+00 0.000000e+00 1.000000e+00
    outer loop
      vertex   -1.400000e+01 2.271000e+01 -3.136736e+01
      vertex   -1.123744e+01 1.894744e+01 -3.136736e+01
      vertex   -1.087500e+01 1.922554e+01 -3.136736e+01
    endloop
  endfacet
  facet normal 0.000000e+00 0.000000e+00 1.000000e+00
    outer loop
      vertex   -1.400000e+01 2.271000e+01 -3.136736e+01
      vertex   -1.087500e+01 1.922554e+01 -3.136736e+01
      vertex   -1.045293e+01 1.940037e+01 -3.136736e+01
    endloop
  endfacet
  facet normal -0.000000e+00 0.000000e+00 1.000000e+00
    outer loop
      vertex   -1.000000e+01 1.946000e+01 -3.136736e+01
      vertex   -9.547067e+00 1.940037e+01 -3.136736e+01
      vertex   -7.500000e+00 2.071000e+01 -3.136736e+01
    endloop
  endfacet
  facet normal 0.000000e+00 0.000000e+00 1.000000e+00
    outer loop
      vertex   -7.500000e+00 2.071000e+01 -3.136736e+01
      vertex   -9.547067e+00 1.940037e+01 -3.136736e+01
      vertex   -9.125000e+00 1.922554e+01 -3.136736e+01
    endloop
  endfacet
  facet normal 0.000000e+00 0.000000e+00 1.000000e+00
    outer loop
      vertex   -7.500000e+00 2.071000e+01 -3.136736e+01
      vertex   -9.125000e+00 1.922554e+01 -3.136736e+01
      vertex   -8.762563e+00 1.894744e+01 -3.136736e+01
    endloop
  endfacet
  facet normal -0.000000e+00 0.000000e+00 1.000000e+00
    outer loop
      vertex   -8.762563e+00 1.894744e+01 -3.136736e+01
      vertex   -8.484456e+00 1.858500e+01 -3.136736e+01
      vertex   -7.500000e+00 2.071000e+01 -3.136736e+01
    endloop
  endfacet
  facet normal 0.000000e+00 0.000000e+00 1.000000e+00
    outer loop
      vertex   1.151554e+01 1.683500e+01 -3.136736e+01
      vertex   1.123744e+01 1.647256e+01 -3.136736e+01
      vertex   1.400000e+01 1.269907e+01 -3.136736e+01
    endloop
  endfacet
  facet normal 0.000000e+00 0.000000e+00 1.000000e+00
    outer loop
      vertex   1.400000e+01 1.269907e+01 -3.136736e+01
      vertex   1.123744e+01 1.647256e+01 -3.136736e+01
      vertex   1.087500e+01 1.619446e+01 -3.136736e+01
    endloop
  endfacet
  facet normal 0.000000e+00 0.000000e+00 1.000000e+00
    outer loop
      vertex   1.400000e+01 1.269907e+01 -3.136736e+01
      vertex   1.087500e+01 1.619446e+01 -3.136736e+01
      vertex   1.045293e+01 1.601963e+01 -3.136736e+01
    endloop
  endfacet
  facet normal 0.000000e+00 -0.000000e+00 1.000000e+00
    outer loop
      vertex   9.125000e+00 1.922554e+01 -3.136736e+01
      vertex   9.547067e+00 1.940037e+01 -3.136736e+01
      vertex   7.500000e+00 2.071000e+01 -3.136736e+01
    endloop
  endfacet
  facet normal 0.000000e+00 0.000000e+00 1.000000e+00
    outer loop
      vertex   7.500000e+00 2.071000e+01 -3.136736e+01
      vertex   9.547067e+00 1.940037e+01 -3.136736e+01
      vertex   1.000000e+01 1.946000e+01 -3.136736e+01
    endloop
  endfacet
  facet normal 0.000000e+00 0.000000e+00 1.000000e+00
    outer loop
      vertex   7.500000e+00 2.071000e+01 -3.136736e+01
      vertex   1.000000e+01 1.946000e+01 -3.136736e+01
      vertex   1.045293e+01 1.940037e+01 -3.136736e+01
    endloop
  endfacet
  facet normal -0.000000e+00 0.000000e+00 1.000000e+00
    outer loop
      vertex   1.087500e+01 1.922554e+01 -3.136736e+01
      vertex   1.123744e+01 1.894744e+01 -3.136736e+01
      vertex   1.400000e+01 2.271000e+01 -3.136736e+01
    endloop
  endfacet
  facet normal 0.000000e+00 0.000000e+00 1.000000e+00
    outer loop
      vertex   1.400000e+01 2.271000e+01 -3.136736e+01
      vertex   1.123744e+01 1.894744e+01 -3.136736e+01
      vertex   1.151554e+01 1.858500e+01 -3.136736e+01
    endloop
  endfacet
  facet normal 0.000000e+00 0.000000e+00 1.000000e+00
    outer loop
      vertex   1.400000e+01 2.271000e+01 -3.136736e+01
      vertex   1.151554e+01 1.858500e+01 -3.136736e+01
      vertex   1.169037e+01 1.816293e+01 -3.136736e+01
    endloop
  endfacet
  facet normal -0.000000e+00 0.000000e+00 1.000000e+00
    outer loop
      vertex   1.169037e+01 1.816293e+01 -3.136736e+01
      vertex   1.175000e+01 1.771000e+01 -3.136736e+01
      vertex   1.400000e+01 2.271000e+01 -3.136736e+01
    endloop
  endfacet
endsolid
