solid ASCII
  facet normal -7.133918e-02 -0.000000e+00 -9.974521e-01
    outer loop
      vertex   -1.507591e+01 3.237702e+01 9.973830e+01
      vertex   -1.507591e+01 3.037702e+01 9.973830e+01
      vertex   -1.550286e+01 3.237702e+01 9.976884e+01
    endloop
  endfacet
  facet normal -7.133918e-02 -0.000000e+00 -9.974521e-01
    outer loop
      vertex   -1.550286e+01 3.237702e+01 9.976884e+01
      vertex   -1.507591e+01 3.037702e+01 9.973830e+01
      vertex   -1.550286e+01 3.037702e+01 9.976884e+01
    endloop
  endfacet
  facet normal -2.125653e-01 -0.000000e+00 -9.771469e-01
    outer loop
      vertex   -1.550286e+01 3.237702e+01 9.976884e+01
      vertex   -1.550286e+01 3.037702e+01 9.976884e+01
      vertex   -1.592111e+01 3.237702e+01 9.985982e+01
    endloop
  endfacet
  facet normal -2.125653e-01 -0.000000e+00 -9.771469e-01
    outer loop
      vertex   -1.592111e+01 3.237702e+01 9.985982e+01
      vertex   -1.550286e+01 3.037702e+01 9.976884e+01
      vertex   -1.592111e+01 3.037702e+01 9.985982e+01
    endloop
  endfacet
  facet normal -3.494642e-01 -0.000000e+00 -9.369497e-01
    outer loop
      vertex   -1.592111e+01 3.237702e+01 9.985982e+01
      vertex   -1.592111e+01 3.037702e+01 9.985982e+01
      vertex   -1.632216e+01 3.237702e+01 1.000094e+02
    endloop
  endfacet
  facet normal -3.494642e-01 -6.207731e-16 -9.369497e-01
    outer loop
      vertex   -1.632216e+01 3.237702e+01 1.000094e+02
      vertex   -1.592111e+01 3.037702e+01 9.985982e+01
      vertex   -1.632216e+01 3.037702e+01 1.000094e+02
    endloop
  endfacet
  facet normal -4.792490e-01 -8.513172e-16 -8.776790e-01
    outer loop
      vertex   -1.632216e+01 3.237702e+01 1.000094e+02
      vertex   -1.632216e+01 3.037702e+01 1.000094e+02
      vertex   -1.669783e+01 3.237702e+01 1.002145e+02
    endloop
  endfacet
  facet normal -4.792490e-01 -0.000000e+00 -8.776790e-01
    outer loop
      vertex   -1.669783e+01 3.237702e+01 1.002145e+02
      vertex   -1.632216e+01 3.037702e+01 1.000094e+02
      vertex   -1.669783e+01 3.037702e+01 1.002145e+02
    endloop
  endfacet
  facet normal -5.992777e-01 -0.000000e+00 -8.005412e-01
    outer loop
      vertex   -1.669783e+01 3.237702e+01 1.002145e+02
      vertex   -1.669783e+01 3.037702e+01 1.002145e+02
      vertex   -1.704049e+01 3.237702e+01 1.004711e+02
    endloop
  endfacet
  facet normal -5.992777e-01 -0.000000e+00 -8.005412e-01
    outer loop
      vertex   -1.704049e+01 3.237702e+01 1.004711e+02
      vertex   -1.669783e+01 3.037702e+01 1.002145e+02
      vertex   -1.704049e+01 3.037702e+01 1.004711e+02
    endloop
  endfacet
  facet normal -7.071068e-01 -0.000000e+00 -7.071068e-01
    outer loop
      vertex   -1.704049e+01 3.237702e+01 1.004711e+02
      vertex   -1.704049e+01 3.037702e+01 1.004711e+02
      vertex   -1.734316e+01 3.237702e+01 1.007737e+02
    endloop
  endfacet
  facet normal -7.071068e-01 -1.256074e-15 -7.071068e-01
    outer loop
      vertex   -1.734316e+01 3.237702e+01 1.007737e+02
      vertex   -1.704049e+01 3.037702e+01 1.004711e+02
      vertex   -1.734316e+01 3.037702e+01 1.007737e+02
    endloop
  endfacet
  facet normal -8.005412e-01 -1.422047e-15 -5.992777e-01
    outer loop
      vertex   -1.734316e+01 3.237702e+01 1.007737e+02
      vertex   -1.734316e+01 3.037702e+01 1.007737e+02
      vertex   -1.759967e+01 3.237702e+01 1.011164e+02
    endloop
  endfacet
  facet normal -8.005412e-01 -0.000000e+00 -5.992777e-01
    outer loop
      vertex   -1.759967e+01 3.237702e+01 1.011164e+02
      vertex   -1.734316e+01 3.037702e+01 1.007737e+02
      vertex   -1.759967e+01 3.037702e+01 1.011164e+02
    endloop
  endfacet
  facet normal -8.776790e-01 -0.000000e+00 -4.792490e-01
    outer loop
      vertex   -1.759967e+01 3.237702e+01 1.011164e+02
      vertex   -1.759967e+01 3.037702e+01 1.011164e+02
      vertex   -1.780481e+01 3.237702e+01 1.014921e+02
    endloop
  endfacet
  facet normal -8.776790e-01 -0.000000e+00 -4.792490e-01
    outer loop
      vertex   -1.780481e+01 3.237702e+01 1.014921e+02
      vertex   -1.759967e+01 3.037702e+01 1.011164e+02
      vertex   -1.780481e+01 3.037702e+01 1.014921e+02
    endloop
  endfacet
  facet normal -9.369497e-01 -0.000000e+00 -3.494642e-01
    outer loop
      vertex   -1.780481e+01 3.237702e+01 1.014921e+02
      vertex   -1.780481e+01 3.037702e+01 1.014921e+02
      vertex   -1.795439e+01 3.237702e+01 1.018931e+02
    endloop
  endfacet
  facet normal -9.369497e-01 -0.000000e+00 -3.494642e-01
    outer loop
      vertex   -1.795439e+01 3.237702e+01 1.018931e+02
      vertex   -1.780481e+01 3.037702e+01 1.014921e+02
      vertex   -1.795439e+01 3.037702e+01 1.018931e+02
    endloop
  endfacet
  facet normal -9.771469e-01 -0.000000e+00 -2.125653e-01
    outer loop
      vertex   -1.795439e+01 3.237702e+01 1.018931e+02
      vertex   -1.795439e+01 3.037702e+01 1.018931e+02
      vertex   -1.804538e+01 3.237702e+01 1.023114e+02
    endloop
  endfacet
  facet normal -9.771469e-01 -0.000000e+00 -2.125653e-01
    outer loop
      vertex   -1.804538e+01 3.237702e+01 1.023114e+02
      vertex   -1.795439e+01 3.037702e+01 1.018931e+02
      vertex   -1.804538e+01 3.037702e+01 1.023114e+02
    endloop
  endfacet
  facet normal -9.974521e-01 -0.000000e+00 -7.133918e-02
    outer loop
      vertex   -1.804538e+01 3.237702e+01 1.023114e+02
      vertex   -1.804538e+01 3.037702e+01 1.023114e+02
      vertex   -1.807591e+01 3.237702e+01 1.027383e+02
    endloop
  endfacet
  facet normal -9.974521e-01 -0.000000e+00 -7.133918e-02
    outer loop
      vertex   -1.807591e+01 3.237702e+01 1.027383e+02
      vertex   -1.804538e+01 3.037702e+01 1.023114e+02
      vertex   -1.807591e+01 3.037702e+01 1.027383e+02
    endloop
  endfacet
  facet normal -1.000000e+00 0.000000e+00 -1.733031e-16
    outer loop
      vertex   -1.807591e+01 3.037702e+01 1.027383e+02
      vertex   -1.807591e+01 3.037702e+01 1.232383e+02
      vertex   -1.807591e+01 3.237702e+01 1.027383e+02
    endloop
  endfacet
  facet normal -1.000000e+00 0.000000e+00 -1.733031e-16
    outer loop
      vertex   -1.807591e+01 3.237702e+01 1.027383e+02
      vertex   -1.807591e+01 3.037702e+01 1.232383e+02
      vertex   -1.807591e+01 3.237702e+01 1.232383e+02
    endloop
  endfacet
  facet normal 0.000000e+00 -1.000000e+00 0.000000e+00
    outer loop
      vertex   -1.804538e+01 3.037702e+01 1.023114e+02
      vertex   -1.507591e+01 3.037702e+01 9.973830e+01
      vertex   -1.807591e+01 3.037702e+01 1.027383e+02
    endloop
  endfacet
  facet normal -1.280614e-15 -1.000000e+00 -1.280614e-15
    outer loop
      vertex   -1.807591e+01 3.037702e+01 1.027383e+02
      vertex   -1.507591e+01 3.037702e+01 9.973830e+01
      vertex   -1.103098e+01 3.037702e+01 1.040161e+02
    endloop
  endfacet
  facet normal -1.379177e-15 -1.000000e+00 -7.371853e-16
    outer loop
      vertex   -1.807591e+01 3.037702e+01 1.027383e+02
      vertex   -1.103098e+01 3.037702e+01 1.040161e+02
      vertex   -1.119270e+01 3.037702e+01 1.043186e+02
    endloop
  endfacet
  facet normal 0.000000e+00 -1.000000e+00 0.000000e+00
    outer loop
      vertex   -1.804538e+01 3.037702e+01 1.023114e+02
      vertex   -1.795439e+01 3.037702e+01 1.018931e+02
      vertex   -1.507591e+01 3.037702e+01 9.973830e+01
    endloop
  endfacet
  facet normal 0.000000e+00 -1.000000e+00 0.000000e+00
    outer loop
      vertex   -1.507591e+01 3.037702e+01 9.973830e+01
      vertex   -1.795439e+01 3.037702e+01 1.018931e+02
      vertex   -1.780481e+01 3.037702e+01 1.014921e+02
    endloop
  endfacet
  facet normal 0.000000e+00 -1.000000e+00 0.000000e+00
    outer loop
      vertex   -1.507591e+01 3.037702e+01 9.973830e+01
      vertex   -1.780481e+01 3.037702e+01 1.014921e+02
      vertex   -1.759967e+01 3.037702e+01 1.011164e+02
    endloop
  endfacet
  facet normal 0.000000e+00 -1.000000e+00 0.000000e+00
    outer loop
      vertex   -1.759967e+01 3.037702e+01 1.011164e+02
      vertex   -1.734316e+01 3.037702e+01 1.007737e+02
      vertex   -1.507591e+01 3.037702e+01 9.973830e+01
    endloop
  endfacet
  facet normal 0.000000e+00 -1.000000e+00 0.000000e+00
    outer loop
      vertex   -1.507591e+01 3.037702e+01 9.973830e+01
      vertex   -1.734316e+01 3.037702e+01 1.007737e+02
      vertex   -1.704049e+01 3.037702e+01 1.004711e+02
    endloop
  endfacet
  facet normal 0.000000e+00 -1.000000e+00 0.000000e+00
    outer loop
      vertex   -1.507591e+01 3.037702e+01 9.973830e+01
      vertex   -1.704049e+01 3.037702e+01 1.004711e+02
      vertex   -1.669783e+01 3.037702e+01 1.002145e+02
    endloop
  endfacet
  facet normal 0.000000e+00 -1.000000e+00 0.000000e+00
    outer loop
      vertex   -1.669783e+01 3.037702e+01 1.002145e+02
      vertex   -1.632216e+01 3.037702e+01 1.000094e+02
      vertex   -1.507591e+01 3.037702e+01 9.973830e+01
    endloop
  endfacet
  facet normal 0.000000e+00 -1.000000e+00 0.000000e+00
    outer loop
      vertex   -1.507591e+01 3.037702e+01 9.973830e+01
      vertex   -1.632216e+01 3.037702e+01 1.000094e+02
      vertex   -1.592111e+01 3.037702e+01 9.985982e+01
    endloop
  endfacet
  facet normal 0.000000e+00 -1.000000e+00 0.000000e+00
    outer loop
      vertex   -1.507591e+01 3.037702e+01 9.973830e+01
      vertex   -1.592111e+01 3.037702e+01 9.985982e+01
      vertex   -1.550286e+01 3.037702e+01 9.976884e+01
    endloop
  endfacet
  facet normal -0.000000e+00 -1.000000e+00 -3.016205e-15
    outer loop
      vertex   1.292409e+01 3.037702e+01 9.973830e+01
      vertex   4.082680e+00 3.037702e+01 1.032719e+02
      vertex   -1.507591e+01 3.037702e+01 9.973830e+01
    endloop
  endfacet
  facet normal -3.459605e-16 -1.000000e+00 -1.140479e-15
    outer loop
      vertex   -1.507591e+01 3.037702e+01 9.973830e+01
      vertex   4.082680e+00 3.037702e+01 1.032719e+02
      vertex   3.754392e+00 3.037702e+01 1.033715e+02
    endloop
  endfacet
  facet normal 0.000000e+00 -1.000000e+00 -2.933532e-15
    outer loop
      vertex   -1.507591e+01 3.037702e+01 9.973830e+01
      vertex   3.754392e+00 3.037702e+01 1.033715e+02
      vertex   -8.906216e+00 3.037702e+01 1.033715e+02
    endloop
  endfacet
  facet normal 0.000000e+00 -1.000000e+00 0.000000e+00
    outer loop
      vertex   -8.906216e+00 3.037702e+01 1.033715e+02
      vertex   3.754392e+00 3.037702e+01 1.033715e+02
      vertex   -8.603664e+00 3.037702e+01 1.035332e+02
    endloop
  endfacet
  facet normal 0.000000e+00 -1.000000e+00 0.000000e+00
    outer loop
      vertex   -8.603664e+00 3.037702e+01 1.035332e+02
      vertex   3.754392e+00 3.037702e+01 1.033715e+02
      vertex   3.451840e+00 3.037702e+01 1.035332e+02
    endloop
  endfacet
  facet normal 0.000000e+00 -1.000000e+00 0.000000e+00
    outer loop
      vertex   -8.603664e+00 3.037702e+01 1.035332e+02
      vertex   3.451840e+00 3.037702e+01 1.035332e+02
      vertex   3.186651e+00 3.037702e+01 1.037509e+02
    endloop
  endfacet
  facet normal 1.157654e-15 -1.000000e+00 -4.021940e-16
    outer loop
      vertex   1.292409e+01 3.037702e+01 1.262383e+02
      vertex   5.879160e+00 3.037702e+01 1.059606e+02
      vertex   1.292409e+01 3.037702e+01 9.973830e+01
    endloop
  endfacet
  facet normal 2.865810e-15 -1.000000e+00 1.531807e-15
    outer loop
      vertex   1.292409e+01 3.037702e+01 9.973830e+01
      vertex   5.879160e+00 3.037702e+01 1.059606e+02
      vertex   6.040877e+00 3.037702e+01 1.056580e+02
    endloop
  endfacet
  facet normal 2.094970e-15 -1.000000e+00 6.355022e-16
    outer loop
      vertex   1.292409e+01 3.037702e+01 9.973830e+01
      vertex   6.040877e+00 3.037702e+01 1.056580e+02
      vertex   6.140462e+00 3.037702e+01 1.053297e+02
    endloop
  endfacet
  facet normal 0.000000e+00 -1.000000e+00 0.000000e+00
    outer loop
      vertex   -1.507591e+01 3.037702e+01 1.262383e+02
      vertex   4.082680e+00 3.037702e+01 1.227047e+02
      vertex   1.292409e+01 3.037702e+01 1.262383e+02
    endloop
  endfacet
  facet normal 0.000000e+00 -1.000000e+00 0.000000e+00
    outer loop
      vertex   1.292409e+01 3.037702e+01 1.262383e+02
      vertex   4.082680e+00 3.037702e+01 1.227047e+02
      vertex   4.424088e+00 3.037702e+01 1.227383e+02
    endloop
  endfacet
  facet normal 0.000000e+00 -1.000000e+00 0.000000e+00
    outer loop
      vertex   1.292409e+01 3.037702e+01 1.262383e+02
      vertex   4.424088e+00 3.037702e+01 1.227383e+02
      vertex   4.765496e+00 3.037702e+01 1.227047e+02
    endloop
  endfacet
  facet normal 0.000000e+00 -1.000000e+00 -0.000000e+00
    outer loop
      vertex   -1.550286e+01 3.037702e+01 1.262078e+02
      vertex   -1.592111e+01 3.037702e+01 1.261168e+02
      vertex   -1.507591e+01 3.037702e+01 1.262383e+02
    endloop
  endfacet
  facet normal 0.000000e+00 -1.000000e+00 0.000000e+00
    outer loop
      vertex   -1.507591e+01 3.037702e+01 1.262383e+02
      vertex   -1.592111e+01 3.037702e+01 1.261168e+02
      vertex   -1.632216e+01 3.037702e+01 1.259672e+02
    endloop
  endfacet
  facet normal 0.000000e+00 -1.000000e+00 0.000000e+00
    outer loop
      vertex   -1.507591e+01 3.037702e+01 1.262383e+02
      vertex   -1.632216e+01 3.037702e+01 1.259672e+02
      vertex   -1.669783e+01 3.037702e+01 1.257621e+02
    endloop
  endfacet
  facet normal 0.000000e+00 -1.000000e+00 -0.000000e+00
    outer loop
      vertex   -1.669783e+01 3.037702e+01 1.257621e+02
      vertex   -1.704049e+01 3.037702e+01 1.255056e+02
      vertex   -1.507591e+01 3.037702e+01 1.262383e+02
    endloop
  endfacet
  facet normal 0.000000e+00 -1.000000e+00 0.000000e+00
    outer loop
      vertex   -1.507591e+01 3.037702e+01 1.262383e+02
      vertex   -1.704049e+01 3.037702e+01 1.255056e+02
      vertex   -1.734316e+01 3.037702e+01 1.252029e+02
    endloop
  endfacet
  facet normal 0.000000e+00 -1.000000e+00 0.000000e+00
    outer loop
      vertex   -1.507591e+01 3.037702e+01 1.262383e+02
      vertex   -1.734316e+01 3.037702e+01 1.252029e+02
      vertex   -1.759967e+01 3.037702e+01 1.248602e+02
    endloop
  endfacet
  facet normal 0.000000e+00 -1.000000e+00 -0.000000e+00
    outer loop
      vertex   -1.759967e+01 3.037702e+01 1.248602e+02
      vertex   -1.780481e+01 3.037702e+01 1.244845e+02
      vertex   -1.507591e+01 3.037702e+01 1.262383e+02
    endloop
  endfacet
  facet normal 0.000000e+00 -1.000000e+00 0.000000e+00
    outer loop
      vertex   -1.507591e+01 3.037702e+01 1.262383e+02
      vertex   -1.780481e+01 3.037702e+01 1.244845e+02
      vertex   -1.795439e+01 3.037702e+01 1.240835e+02
    endloop
  endfacet
  facet normal 0.000000e+00 -1.000000e+00 0.000000e+00
    outer loop
      vertex   -1.507591e+01 3.037702e+01 1.262383e+02
      vertex   -1.795439e+01 3.037702e+01 1.240835e+02
      vertex   -1.804538e+01 3.037702e+01 1.236652e+02
    endloop
  endfacet
  facet normal 0.000000e+00 -1.000000e+00 -0.000000e+00
    outer loop
      vertex   -1.804538e+01 3.037702e+01 1.236652e+02
      vertex   -1.807591e+01 3.037702e+01 1.232383e+02
      vertex   -1.507591e+01 3.037702e+01 1.262383e+02
    endloop
  endfacet
  facet normal 0.000000e+00 -1.000000e+00 -0.000000e+00
    outer loop
      vertex   -1.507591e+01 3.037702e+01 1.262383e+02
      vertex   -1.807591e+01 3.037702e+01 1.232383e+02
      vertex   -1.103098e+01 3.037702e+01 1.219606e+02
    endloop
  endfacet
  facet normal 0.000000e+00 -1.000000e+00 0.000000e+00
    outer loop
      vertex   -1.507591e+01 3.037702e+01 1.262383e+02
      vertex   -1.103098e+01 3.037702e+01 1.219606e+02
      vertex   -1.081335e+01 3.037702e+01 1.222257e+02
    endloop
  endfacet
  facet normal -2.496572e-16 -1.000000e+00 -5.199093e-16
    outer loop
      vertex   -1.807591e+01 3.037702e+01 1.027383e+02
      vertex   -1.081335e+01 3.037702e+01 1.197509e+02
      vertex   -1.807591e+01 3.037702e+01 1.232383e+02
    endloop
  endfacet
  facet normal 0.000000e+00 -1.000000e+00 0.000000e+00
    outer loop
      vertex   -1.807591e+01 3.037702e+01 1.232383e+02
      vertex   -1.081335e+01 3.037702e+01 1.197509e+02
      vertex   -1.103098e+01 3.037702e+01 1.200161e+02
    endloop
  endfacet
  facet normal 0.000000e+00 -1.000000e+00 0.000000e+00
    outer loop
      vertex   -1.807591e+01 3.037702e+01 1.232383e+02
      vertex   -1.103098e+01 3.037702e+01 1.200161e+02
      vertex   -1.119270e+01 3.037702e+01 1.203186e+02
    endloop
  endfacet
  facet normal 0.000000e+00 -1.000000e+00 0.000000e+00
    outer loop
      vertex   4.765496e+00 3.037702e+01 1.067047e+02
      vertex   2.015169e+00 3.037702e+01 1.110079e+02
      vertex   4.424088e+00 3.037702e+01 1.067383e+02
    endloop
  endfacet
  facet normal 0.000000e+00 -1.000000e+00 0.000000e+00
    outer loop
      vertex   4.424088e+00 3.037702e+01 1.067383e+02
      vertex   2.015169e+00 3.037702e+01 1.110079e+02
      vertex   1.754215e+00 3.037702e+01 1.104883e+02
    endloop
  endfacet
  facet normal 0.000000e+00 -1.000000e+00 0.000000e+00
    outer loop
      vertex   4.424088e+00 3.037702e+01 1.067383e+02
      vertex   1.754215e+00 3.037702e+01 1.104883e+02
      vertex   1.434704e+00 3.037702e+01 1.100025e+02
    endloop
  endfacet
  facet normal 0.000000e+00 -1.000000e+00 0.000000e+00
    outer loop
      vertex   2.015169e+00 3.037702e+01 1.110079e+02
      vertex   4.765496e+00 3.037702e+01 1.067047e+02
      vertex   2.214036e+00 3.037702e+01 1.115543e+02
    endloop
  endfacet
  facet normal 0.000000e+00 -1.000000e+00 0.000000e+00
    outer loop
      vertex   2.214036e+00 3.037702e+01 1.115543e+02
      vertex   4.765496e+00 3.037702e+01 1.067047e+02
      vertex   5.093784e+00 3.037702e+01 1.066051e+02
    endloop
  endfacet
  facet normal 0.000000e+00 -1.000000e+00 0.000000e+00
    outer loop
      vertex   2.214036e+00 3.037702e+01 1.115543e+02
      vertex   5.093784e+00 3.037702e+01 1.066051e+02
      vertex   2.348127e+00 3.037702e+01 1.121201e+02
    endloop
  endfacet
  facet normal 0.000000e+00 -1.000000e+00 0.000000e+00
    outer loop
      vertex   2.348127e+00 3.037702e+01 1.121201e+02
      vertex   5.093784e+00 3.037702e+01 1.066051e+02
      vertex   5.396336e+00 3.037702e+01 1.064434e+02
    endloop
  endfacet
  facet normal 0.000000e+00 -1.000000e+00 0.000000e+00
    outer loop
      vertex   2.348127e+00 3.037702e+01 1.121201e+02
      vertex   5.396336e+00 3.037702e+01 1.064434e+02
      vertex   2.415629e+00 3.037702e+01 1.126976e+02
    endloop
  endfacet
  facet normal 0.000000e+00 -1.000000e+00 0.000000e+00
    outer loop
      vertex   2.415629e+00 3.037702e+01 1.126976e+02
      vertex   5.396336e+00 3.037702e+01 1.064434e+02
      vertex   5.661525e+00 3.037702e+01 1.062257e+02
    endloop
  endfacet
  facet normal 0.000000e+00 -1.000000e+00 0.000000e+00
    outer loop
      vertex   2.415629e+00 3.037702e+01 1.126976e+02
      vertex   5.661525e+00 3.037702e+01 1.062257e+02
      vertex   5.661525e+00 3.037702e+01 1.197509e+02
    endloop
  endfacet
  facet normal 0.000000e+00 -1.000000e+00 0.000000e+00
    outer loop
      vertex   5.661525e+00 3.037702e+01 1.197509e+02
      vertex   5.661525e+00 3.037702e+01 1.062257e+02
      vertex   5.879160e+00 3.037702e+01 1.200161e+02
    endloop
  endfacet
  facet normal 0.000000e+00 -1.000000e+00 -0.000000e+00
    outer loop
      vertex   5.879160e+00 3.037702e+01 1.200161e+02
      vertex   5.661525e+00 3.037702e+01 1.062257e+02
      vertex   5.879160e+00 3.037702e+01 1.059606e+02
    endloop
  endfacet
  facet normal 0.000000e+00 -1.000000e+00 0.000000e+00
    outer loop
      vertex   5.879160e+00 3.037702e+01 1.200161e+02
      vertex   5.879160e+00 3.037702e+01 1.059606e+02
      vertex   1.292409e+01 3.037702e+01 1.262383e+02
    endloop
  endfacet
  facet normal 1.709976e-15 -1.000000e+00 1.684179e-16
    outer loop
      vertex   6.140462e+00 3.037702e+01 1.053297e+02
      vertex   6.174088e+00 3.037702e+01 1.049883e+02
      vertex   1.292409e+01 3.037702e+01 9.973830e+01
    endloop
  endfacet
  facet normal 1.466633e-15 -1.000000e+00 -1.444508e-16
    outer loop
      vertex   1.292409e+01 3.037702e+01 9.973830e+01
      vertex   6.174088e+00 3.037702e+01 1.049883e+02
      vertex   6.140462e+00 3.037702e+01 1.046469e+02
    endloop
  endfacet
  facet normal 1.288362e-15 -1.000000e+00 -3.908203e-16
    outer loop
      vertex   1.292409e+01 3.037702e+01 9.973830e+01
      vertex   6.140462e+00 3.037702e+01 1.046469e+02
      vertex   6.040877e+00 3.037702e+01 1.043186e+02
    endloop
  endfacet
  facet normal 1.142176e-15 -1.000000e+00 -6.105058e-16
    outer loop
      vertex   6.040877e+00 3.037702e+01 1.043186e+02
      vertex   5.879160e+00 3.037702e+01 1.040161e+02
      vertex   1.292409e+01 3.037702e+01 9.973830e+01
    endloop
  endfacet
  facet normal 1.009715e-15 -1.000000e+00 -8.286521e-16
    outer loop
      vertex   1.292409e+01 3.037702e+01 9.973830e+01
      vertex   5.879160e+00 3.037702e+01 1.040161e+02
      vertex   5.661525e+00 3.037702e+01 1.037509e+02
    endloop
  endfacet
  facet normal 8.770771e-16 -1.000000e+00 -1.068722e-15
    outer loop
      vertex   1.292409e+01 3.037702e+01 9.973830e+01
      vertex   5.661525e+00 3.037702e+01 1.037509e+02
      vertex   5.396336e+00 3.037702e+01 1.035332e+02
    endloop
  endfacet
  facet normal 7.286341e-16 -1.000000e+00 -1.363178e-15
    outer loop
      vertex   5.396336e+00 3.037702e+01 1.035332e+02
      vertex   5.093784e+00 3.037702e+01 1.033715e+02
      vertex   1.292409e+01 3.037702e+01 9.973830e+01
    endloop
  endfacet
  facet normal 5.380890e-16 -1.000000e+00 -1.773842e-15
    outer loop
      vertex   1.292409e+01 3.037702e+01 9.973830e+01
      vertex   5.093784e+00 3.037702e+01 1.033715e+02
      vertex   4.765496e+00 3.037702e+01 1.032719e+02
    endloop
  endfacet
  facet normal 2.420319e-16 -1.000000e+00 -2.457391e-15
    outer loop
      vertex   1.292409e+01 3.037702e+01 9.973830e+01
      vertex   4.765496e+00 3.037702e+01 1.032719e+02
      vertex   4.424088e+00 3.037702e+01 1.032383e+02
    endloop
  endfacet
  facet normal -3.942189e-16 -1.000000e+00 -4.002572e-15
    outer loop
      vertex   4.424088e+00 3.037702e+01 1.032383e+02
      vertex   4.082680e+00 3.037702e+01 1.032719e+02
      vertex   1.292409e+01 3.037702e+01 9.973830e+01
    endloop
  endfacet
  facet normal 0.000000e+00 -1.000000e+00 0.000000e+00
    outer loop
      vertex   -8.603664e+00 3.037702e+01 1.035332e+02
      vertex   3.186651e+00 3.037702e+01 1.037509e+02
      vertex   -8.338475e+00 3.037702e+01 1.037509e+02
    endloop
  endfacet
  facet normal 0.000000e+00 -1.000000e+00 0.000000e+00
    outer loop
      vertex   -8.338475e+00 3.037702e+01 1.037509e+02
      vertex   3.186651e+00 3.037702e+01 1.037509e+02
      vertex   2.969016e+00 3.037702e+01 1.040161e+02
    endloop
  endfacet
  facet normal 0.000000e+00 -1.000000e+00 0.000000e+00
    outer loop
      vertex   -8.338475e+00 3.037702e+01 1.037509e+02
      vertex   2.969016e+00 3.037702e+01 1.040161e+02
      vertex   -8.120840e+00 3.037702e+01 1.040161e+02
    endloop
  endfacet
  facet normal 0.000000e+00 -1.000000e+00 0.000000e+00
    outer loop
      vertex   -8.120840e+00 3.037702e+01 1.040161e+02
      vertex   2.969016e+00 3.037702e+01 1.040161e+02
      vertex   2.807299e+00 3.037702e+01 1.043186e+02
    endloop
  endfacet
  facet normal 0.000000e+00 -1.000000e+00 0.000000e+00
    outer loop
      vertex   -8.120840e+00 3.037702e+01 1.040161e+02
      vertex   2.807299e+00 3.037702e+01 1.043186e+02
      vertex   -7.959123e+00 3.037702e+01 1.043186e+02
    endloop
  endfacet
  facet normal 0.000000e+00 -1.000000e+00 9.681221e-16
    outer loop
      vertex   -7.959123e+00 3.037702e+01 1.043186e+02
      vertex   2.807299e+00 3.037702e+01 1.043186e+02
      vertex   -2.575912e+00 3.037702e+01 1.079883e+02
    endloop
  endfacet
  facet normal 8.320132e-16 -1.000000e+00 -2.523885e-16
    outer loop
      vertex   -7.959123e+00 3.037702e+01 1.043186e+02
      vertex   -2.575912e+00 3.037702e+01 1.079883e+02
      vertex   -7.859538e+00 3.037702e+01 1.046469e+02
    endloop
  endfacet
  facet normal 5.670426e-17 -1.000000e+00 9.735745e-16
    outer loop
      vertex   -7.859538e+00 3.037702e+01 1.046469e+02
      vertex   -2.575912e+00 3.037702e+01 1.079883e+02
      vertex   -3.156376e+00 3.037702e+01 1.080221e+02
    endloop
  endfacet
  facet normal 8.128419e-16 -1.000000e+00 -8.005794e-17
    outer loop
      vertex   -7.859538e+00 3.037702e+01 1.046469e+02
      vertex   -3.156376e+00 3.037702e+01 1.080221e+02
      vertex   -7.825912e+00 3.037702e+01 1.049883e+02
    endloop
  endfacet
  facet normal 1.624089e-16 -1.000000e+00 9.210666e-16
    outer loop
      vertex   -7.825912e+00 3.037702e+01 1.049883e+02
      vertex   -3.156376e+00 3.037702e+01 1.080221e+02
      vertex   -3.728991e+00 3.037702e+01 1.081231e+02
    endloop
  endfacet
  facet normal 8.063959e-16 -1.000000e+00 7.942307e-17
    outer loop
      vertex   -7.825912e+00 3.037702e+01 1.049883e+02
      vertex   -3.728991e+00 3.037702e+01 1.081231e+02
      vertex   -7.859538e+00 3.037702e+01 1.053297e+02
    endloop
  endfacet
  facet normal 2.639256e-16 -1.000000e+00 8.815728e-16
    outer loop
      vertex   -7.859538e+00 3.037702e+01 1.053297e+02
      vertex   -3.728991e+00 3.037702e+01 1.081231e+02
      vertex   -4.286012e+00 3.037702e+01 1.082898e+02
    endloop
  endfacet
  facet normal 7.945292e-16 -1.000000e+00 2.410178e-16
    outer loop
      vertex   -7.859538e+00 3.037702e+01 1.053297e+02
      vertex   -4.286012e+00 3.037702e+01 1.082898e+02
      vertex   -7.959123e+00 3.037702e+01 1.056580e+02
    endloop
  endfacet
  facet normal 3.634712e-16 -1.000000e+00 8.426209e-16
    outer loop
      vertex   -7.959123e+00 3.037702e+01 1.056580e+02
      vertex   -4.286012e+00 3.037702e+01 1.082898e+02
      vertex   -4.819908e+00 3.037702e+01 1.085201e+02
    endloop
  endfacet
  facet normal 7.609054e-16 -1.000000e+00 4.067124e-16
    outer loop
      vertex   -7.959123e+00 3.037702e+01 1.056580e+02
      vertex   -4.819908e+00 3.037702e+01 1.085201e+02
      vertex   -8.120840e+00 3.037702e+01 1.059606e+02
    endloop
  endfacet
  facet normal 4.593470e-16 -1.000000e+00 7.956123e-16
    outer loop
      vertex   -8.120840e+00 3.037702e+01 1.059606e+02
      vertex   -4.819908e+00 3.037702e+01 1.085201e+02
      vertex   -5.323457e+00 3.037702e+01 1.088109e+02
    endloop
  endfacet
  facet normal 6.916503e-16 -1.000000e+00 5.676228e-16
    outer loop
      vertex   -8.120840e+00 3.037702e+01 1.059606e+02
      vertex   -5.323457e+00 3.037702e+01 1.088109e+02
      vertex   -8.338475e+00 3.037702e+01 1.062257e+02
    endloop
  endfacet
  facet normal 4.624879e-15 -1.000000e+00 -4.019683e-15
    outer loop
      vertex   -8.338475e+00 3.037702e+01 1.062257e+02
      vertex   -5.323457e+00 3.037702e+01 1.088109e+02
      vertex   -5.789850e+00 3.037702e+01 1.091581e+02
    endloop
  endfacet
  facet normal 0.000000e+00 -1.000000e+00 0.000000e+00
    outer loop
      vertex   -8.338475e+00 3.037702e+01 1.062257e+02
      vertex   -5.789850e+00 3.037702e+01 1.091581e+02
      vertex   -8.603664e+00 3.037702e+01 1.064434e+02
    endloop
  endfacet
  facet normal 0.000000e+00 -1.000000e+00 0.000000e+00
    outer loop
      vertex   -8.603664e+00 3.037702e+01 1.064434e+02
      vertex   -5.789850e+00 3.037702e+01 1.091581e+02
      vertex   -8.906216e+00 3.037702e+01 1.066051e+02
    endloop
  endfacet
  facet normal 0.000000e+00 -1.000000e+00 0.000000e+00
    outer loop
      vertex   -8.906216e+00 3.037702e+01 1.066051e+02
      vertex   -5.789850e+00 3.037702e+01 1.091581e+02
      vertex   -6.212780e+00 3.037702e+01 1.095571e+02
    endloop
  endfacet
  facet normal 0.000000e+00 -1.000000e+00 0.000000e+00
    outer loop
      vertex   -8.906216e+00 3.037702e+01 1.066051e+02
      vertex   -6.212780e+00 3.037702e+01 1.095571e+02
      vertex   -9.234504e+00 3.037702e+01 1.067047e+02
    endloop
  endfacet
  facet normal 0.000000e+00 -1.000000e+00 0.000000e+00
    outer loop
      vertex   -9.234504e+00 3.037702e+01 1.067047e+02
      vertex   -6.212780e+00 3.037702e+01 1.095571e+02
      vertex   -6.586528e+00 3.037702e+01 1.100025e+02
    endloop
  endfacet
  facet normal 0.000000e+00 -1.000000e+00 0.000000e+00
    outer loop
      vertex   -9.234504e+00 3.037702e+01 1.067047e+02
      vertex   -6.586528e+00 3.037702e+01 1.100025e+02
      vertex   -9.575912e+00 3.037702e+01 1.067383e+02
    endloop
  endfacet
  facet normal 0.000000e+00 -1.000000e+00 0.000000e+00
    outer loop
      vertex   -9.575912e+00 3.037702e+01 1.067383e+02
      vertex   -6.586528e+00 3.037702e+01 1.100025e+02
      vertex   -6.906039e+00 3.037702e+01 1.104883e+02
    endloop
  endfacet
  facet normal 0.000000e+00 -1.000000e+00 0.000000e+00
    outer loop
      vertex   -9.575912e+00 3.037702e+01 1.067383e+02
      vertex   -6.906039e+00 3.037702e+01 1.104883e+02
      vertex   -7.166992e+00 3.037702e+01 1.110079e+02
    endloop
  endfacet
  facet normal -8.320132e-16 -1.000000e+00 -2.523885e-16
    outer loop
      vertex   2.807299e+00 3.037702e+01 1.043186e+02
      vertex   2.707714e+00 3.037702e+01 1.046469e+02
      vertex   -2.575912e+00 3.037702e+01 1.079883e+02
    endloop
  endfacet
  facet normal -5.670426e-17 -1.000000e+00 9.735745e-16
    outer loop
      vertex   -2.575912e+00 3.037702e+01 1.079883e+02
      vertex   2.707714e+00 3.037702e+01 1.046469e+02
      vertex   -1.995447e+00 3.037702e+01 1.080221e+02
    endloop
  endfacet
  facet normal -8.128419e-16 -1.000000e+00 -8.005794e-17
    outer loop
      vertex   -1.995447e+00 3.037702e+01 1.080221e+02
      vertex   2.707714e+00 3.037702e+01 1.046469e+02
      vertex   2.674088e+00 3.037702e+01 1.049883e+02
    endloop
  endfacet
  facet normal -1.624089e-16 -1.000000e+00 9.210666e-16
    outer loop
      vertex   -1.995447e+00 3.037702e+01 1.080221e+02
      vertex   2.674088e+00 3.037702e+01 1.049883e+02
      vertex   -1.422832e+00 3.037702e+01 1.081231e+02
    endloop
  endfacet
  facet normal -8.063959e-16 -1.000000e+00 7.942307e-17
    outer loop
      vertex   -1.422832e+00 3.037702e+01 1.081231e+02
      vertex   2.674088e+00 3.037702e+01 1.049883e+02
      vertex   2.707714e+00 3.037702e+01 1.053297e+02
    endloop
  endfacet
  facet normal -2.639256e-16 -1.000000e+00 8.815728e-16
    outer loop
      vertex   -1.422832e+00 3.037702e+01 1.081231e+02
      vertex   2.707714e+00 3.037702e+01 1.053297e+02
      vertex   -8.658111e-01 3.037702e+01 1.082898e+02
    endloop
  endfacet
  facet normal -7.945292e-16 -1.000000e+00 2.410178e-16
    outer loop
      vertex   -8.658111e-01 3.037702e+01 1.082898e+02
      vertex   2.707714e+00 3.037702e+01 1.053297e+02
      vertex   2.807299e+00 3.037702e+01 1.056580e+02
    endloop
  endfacet
  facet normal -3.634712e-16 -1.000000e+00 8.426209e-16
    outer loop
      vertex   -8.658111e-01 3.037702e+01 1.082898e+02
      vertex   2.807299e+00 3.037702e+01 1.056580e+02
      vertex   -3.319159e-01 3.037702e+01 1.085201e+02
    endloop
  endfacet
  facet normal -7.609054e-16 -1.000000e+00 4.067124e-16
    outer loop
      vertex   -3.319159e-01 3.037702e+01 1.085201e+02
      vertex   2.807299e+00 3.037702e+01 1.056580e+02
      vertex   2.969016e+00 3.037702e+01 1.059606e+02
    endloop
  endfacet
  facet normal -4.593470e-16 -1.000000e+00 7.956123e-16
    outer loop
      vertex   -3.319159e-01 3.037702e+01 1.085201e+02
      vertex   2.969016e+00 3.037702e+01 1.059606e+02
      vertex   1.716331e-01 3.037702e+01 1.088109e+02
    endloop
  endfacet
  facet normal -6.916503e-16 -1.000000e+00 5.676228e-16
    outer loop
      vertex   1.716331e-01 3.037702e+01 1.088109e+02
      vertex   2.969016e+00 3.037702e+01 1.059606e+02
      vertex   3.186651e+00 3.037702e+01 1.062257e+02
    endloop
  endfacet
  facet normal -4.624879e-15 -1.000000e+00 -4.019683e-15
    outer loop
      vertex   1.716331e-01 3.037702e+01 1.088109e+02
      vertex   3.186651e+00 3.037702e+01 1.062257e+02
      vertex   6.380263e-01 3.037702e+01 1.091581e+02
    endloop
  endfacet
  facet normal 0.000000e+00 -1.000000e+00 0.000000e+00
    outer loop
      vertex   6.380263e-01 3.037702e+01 1.091581e+02
      vertex   3.186651e+00 3.037702e+01 1.062257e+02
      vertex   3.451840e+00 3.037702e+01 1.064434e+02
    endloop
  endfacet
  facet normal 0.000000e+00 -1.000000e+00 0.000000e+00
    outer loop
      vertex   6.380263e-01 3.037702e+01 1.091581e+02
      vertex   3.451840e+00 3.037702e+01 1.064434e+02
      vertex   3.754392e+00 3.037702e+01 1.066051e+02
    endloop
  endfacet
  facet normal 0.000000e+00 -1.000000e+00 0.000000e+00
    outer loop
      vertex   6.380263e-01 3.037702e+01 1.091581e+02
      vertex   3.754392e+00 3.037702e+01 1.066051e+02
      vertex   1.060956e+00 3.037702e+01 1.095571e+02
    endloop
  endfacet
  facet normal 0.000000e+00 -1.000000e+00 0.000000e+00
    outer loop
      vertex   1.060956e+00 3.037702e+01 1.095571e+02
      vertex   3.754392e+00 3.037702e+01 1.066051e+02
      vertex   4.082680e+00 3.037702e+01 1.067047e+02
    endloop
  endfacet
  facet normal 0.000000e+00 -1.000000e+00 0.000000e+00
    outer loop
      vertex   1.060956e+00 3.037702e+01 1.095571e+02
      vertex   4.082680e+00 3.037702e+01 1.067047e+02
      vertex   1.434704e+00 3.037702e+01 1.100025e+02
    endloop
  endfacet
  facet normal 0.000000e+00 -1.000000e+00 0.000000e+00
    outer loop
      vertex   1.434704e+00 3.037702e+01 1.100025e+02
      vertex   4.082680e+00 3.037702e+01 1.067047e+02
      vertex   4.424088e+00 3.037702e+01 1.067383e+02
    endloop
  endfacet
  facet normal 0.000000e+00 -1.000000e+00 0.000000e+00
    outer loop
      vertex   -9.917320e+00 3.037702e+01 1.227047e+02
      vertex   -9.575912e+00 3.037702e+01 1.227383e+02
      vertex   -1.507591e+01 3.037702e+01 1.262383e+02
    endloop
  endfacet
  facet normal 0.000000e+00 -1.000000e+00 0.000000e+00
    outer loop
      vertex   -1.507591e+01 3.037702e+01 1.262383e+02
      vertex   -9.575912e+00 3.037702e+01 1.227383e+02
      vertex   -9.234504e+00 3.037702e+01 1.227047e+02
    endloop
  endfacet
  facet normal 0.000000e+00 -1.000000e+00 0.000000e+00
    outer loop
      vertex   -1.507591e+01 3.037702e+01 1.262383e+02
      vertex   -9.234504e+00 3.037702e+01 1.227047e+02
      vertex   -8.906216e+00 3.037702e+01 1.226051e+02
    endloop
  endfacet
  facet normal 0.000000e+00 -1.000000e+00 0.000000e+00
    outer loop
      vertex   -1.507591e+01 3.037702e+01 1.262383e+02
      vertex   -8.906216e+00 3.037702e+01 1.226051e+02
      vertex   3.754392e+00 3.037702e+01 1.226051e+02
    endloop
  endfacet
  facet normal -0.000000e+00 -1.000000e+00 0.000000e+00
    outer loop
      vertex   3.754392e+00 3.037702e+01 1.226051e+02
      vertex   -8.906216e+00 3.037702e+01 1.226051e+02
      vertex   -8.603664e+00 3.037702e+01 1.224434e+02
    endloop
  endfacet
  facet normal 0.000000e+00 -1.000000e+00 0.000000e+00
    outer loop
      vertex   3.754392e+00 3.037702e+01 1.226051e+02
      vertex   -8.603664e+00 3.037702e+01 1.224434e+02
      vertex   3.451840e+00 3.037702e+01 1.224434e+02
    endloop
  endfacet
  facet normal -0.000000e+00 -1.000000e+00 0.000000e+00
    outer loop
      vertex   3.451840e+00 3.037702e+01 1.224434e+02
      vertex   -8.603664e+00 3.037702e+01 1.224434e+02
      vertex   3.186651e+00 3.037702e+01 1.222257e+02
    endloop
  endfacet
  facet normal 0.000000e+00 -1.000000e+00 0.000000e+00
    outer loop
      vertex   3.186651e+00 3.037702e+01 1.222257e+02
      vertex   -8.603664e+00 3.037702e+01 1.224434e+02
      vertex   -8.338475e+00 3.037702e+01 1.222257e+02
    endloop
  endfacet
  facet normal -0.000000e+00 -1.000000e+00 0.000000e+00
    outer loop
      vertex   3.186651e+00 3.037702e+01 1.222257e+02
      vertex   -8.338475e+00 3.037702e+01 1.222257e+02
      vertex   2.969016e+00 3.037702e+01 1.219606e+02
    endloop
  endfacet
  facet normal 0.000000e+00 -1.000000e+00 0.000000e+00
    outer loop
      vertex   2.969016e+00 3.037702e+01 1.219606e+02
      vertex   -8.338475e+00 3.037702e+01 1.222257e+02
      vertex   -8.120840e+00 3.037702e+01 1.219606e+02
    endloop
  endfacet
  facet normal -0.000000e+00 -1.000000e+00 0.000000e+00
    outer loop
      vertex   2.969016e+00 3.037702e+01 1.219606e+02
      vertex   -8.120840e+00 3.037702e+01 1.219606e+02
      vertex   2.807299e+00 3.037702e+01 1.216580e+02
    endloop
  endfacet
  facet normal 0.000000e+00 -1.000000e+00 0.000000e+00
    outer loop
      vertex   2.807299e+00 3.037702e+01 1.216580e+02
      vertex   -8.120840e+00 3.037702e+01 1.219606e+02
      vertex   -7.959123e+00 3.037702e+01 1.216580e+02
    endloop
  endfacet
  facet normal -0.000000e+00 -1.000000e+00 0.000000e+00
    outer loop
      vertex   2.807299e+00 3.037702e+01 1.216580e+02
      vertex   -7.959123e+00 3.037702e+01 1.216580e+02
      vertex   -2.575912e+00 3.037702e+01 1.179883e+02
    endloop
  endfacet
  facet normal 0.000000e+00 -1.000000e+00 0.000000e+00
    outer loop
      vertex   -2.575912e+00 3.037702e+01 1.179883e+02
      vertex   -7.959123e+00 3.037702e+01 1.216580e+02
      vertex   -7.859538e+00 3.037702e+01 1.213297e+02
    endloop
  endfacet
  facet normal 5.604321e-15 -1.000000e+00 8.861873e-15
    outer loop
      vertex   -2.575912e+00 3.037702e+01 1.179883e+02
      vertex   -7.859538e+00 3.037702e+01 1.213297e+02
      vertex   -3.156376e+00 3.037702e+01 1.179545e+02
    endloop
  endfacet
  facet normal -8.128419e-16 -1.000000e+00 -8.005794e-17
    outer loop
      vertex   -3.156376e+00 3.037702e+01 1.179545e+02
      vertex   -7.859538e+00 3.037702e+01 1.213297e+02
      vertex   -7.825912e+00 3.037702e+01 1.209883e+02
    endloop
  endfacet
  facet normal -1.624089e-16 -1.000000e+00 9.210666e-16
    outer loop
      vertex   -3.156376e+00 3.037702e+01 1.179545e+02
      vertex   -7.825912e+00 3.037702e+01 1.209883e+02
      vertex   -3.728991e+00 3.037702e+01 1.178535e+02
    endloop
  endfacet
  facet normal -8.063959e-16 -1.000000e+00 7.942307e-17
    outer loop
      vertex   -3.728991e+00 3.037702e+01 1.178535e+02
      vertex   -7.825912e+00 3.037702e+01 1.209883e+02
      vertex   -7.859538e+00 3.037702e+01 1.206469e+02
    endloop
  endfacet
  facet normal -2.639256e-16 -1.000000e+00 8.815728e-16
    outer loop
      vertex   -3.728991e+00 3.037702e+01 1.178535e+02
      vertex   -7.859538e+00 3.037702e+01 1.206469e+02
      vertex   -4.286012e+00 3.037702e+01 1.176868e+02
    endloop
  endfacet
  facet normal -7.945292e-16 -1.000000e+00 2.410178e-16
    outer loop
      vertex   -4.286012e+00 3.037702e+01 1.176868e+02
      vertex   -7.859538e+00 3.037702e+01 1.206469e+02
      vertex   -7.959123e+00 3.037702e+01 1.203186e+02
    endloop
  endfacet
  facet normal -3.634712e-16 -1.000000e+00 8.426209e-16
    outer loop
      vertex   -4.286012e+00 3.037702e+01 1.176868e+02
      vertex   -7.959123e+00 3.037702e+01 1.203186e+02
      vertex   -4.819908e+00 3.037702e+01 1.174565e+02
    endloop
  endfacet
  facet normal -7.609054e-16 -1.000000e+00 4.067124e-16
    outer loop
      vertex   -4.819908e+00 3.037702e+01 1.174565e+02
      vertex   -7.959123e+00 3.037702e+01 1.203186e+02
      vertex   -8.120840e+00 3.037702e+01 1.200161e+02
    endloop
  endfacet
  facet normal -4.593470e-16 -1.000000e+00 7.956123e-16
    outer loop
      vertex   -4.819908e+00 3.037702e+01 1.174565e+02
      vertex   -8.120840e+00 3.037702e+01 1.200161e+02
      vertex   -5.323457e+00 3.037702e+01 1.171657e+02
    endloop
  endfacet
  facet normal -6.916503e-16 -1.000000e+00 5.676228e-16
    outer loop
      vertex   -5.323457e+00 3.037702e+01 1.171657e+02
      vertex   -8.120840e+00 3.037702e+01 1.200161e+02
      vertex   -8.338475e+00 3.037702e+01 1.197509e+02
    endloop
  endfacet
  facet normal -4.624879e-15 -1.000000e+00 -4.019683e-15
    outer loop
      vertex   -5.323457e+00 3.037702e+01 1.171657e+02
      vertex   -8.338475e+00 3.037702e+01 1.197509e+02
      vertex   -5.789850e+00 3.037702e+01 1.168185e+02
    endloop
  endfacet
  facet normal 0.000000e+00 -1.000000e+00 0.000000e+00
    outer loop
      vertex   -5.789850e+00 3.037702e+01 1.168185e+02
      vertex   -8.338475e+00 3.037702e+01 1.197509e+02
      vertex   -8.603664e+00 3.037702e+01 1.195332e+02
    endloop
  endfacet
  facet normal 0.000000e+00 -1.000000e+00 0.000000e+00
    outer loop
      vertex   -5.789850e+00 3.037702e+01 1.168185e+02
      vertex   -8.603664e+00 3.037702e+01 1.195332e+02
      vertex   -8.906216e+00 3.037702e+01 1.193715e+02
    endloop
  endfacet
  facet normal -0.000000e+00 -1.000000e+00 0.000000e+00
    outer loop
      vertex   -5.789850e+00 3.037702e+01 1.168185e+02
      vertex   -8.906216e+00 3.037702e+01 1.193715e+02
      vertex   -6.212780e+00 3.037702e+01 1.164195e+02
    endloop
  endfacet
  facet normal 0.000000e+00 -1.000000e+00 0.000000e+00
    outer loop
      vertex   -6.212780e+00 3.037702e+01 1.164195e+02
      vertex   -8.906216e+00 3.037702e+01 1.193715e+02
      vertex   -9.234504e+00 3.037702e+01 1.192719e+02
    endloop
  endfacet
  facet normal -0.000000e+00 -1.000000e+00 0.000000e+00
    outer loop
      vertex   -6.212780e+00 3.037702e+01 1.164195e+02
      vertex   -9.234504e+00 3.037702e+01 1.192719e+02
      vertex   -6.586528e+00 3.037702e+01 1.159741e+02
    endloop
  endfacet
  facet normal 0.000000e+00 -1.000000e+00 0.000000e+00
    outer loop
      vertex   -6.586528e+00 3.037702e+01 1.159741e+02
      vertex   -9.234504e+00 3.037702e+01 1.192719e+02
      vertex   -9.575912e+00 3.037702e+01 1.192383e+02
    endloop
  endfacet
  facet normal -0.000000e+00 -1.000000e+00 0.000000e+00
    outer loop
      vertex   -6.586528e+00 3.037702e+01 1.159741e+02
      vertex   -9.575912e+00 3.037702e+01 1.192383e+02
      vertex   -6.906039e+00 3.037702e+01 1.154883e+02
    endloop
  endfacet
  facet normal -0.000000e+00 -1.000000e+00 0.000000e+00
    outer loop
      vertex   -6.906039e+00 3.037702e+01 1.154883e+02
      vertex   -9.575912e+00 3.037702e+01 1.192383e+02
      vertex   -7.166992e+00 3.037702e+01 1.149687e+02
    endloop
  endfacet
  facet normal 0.000000e+00 -1.000000e+00 0.000000e+00
    outer loop
      vertex   -7.166992e+00 3.037702e+01 1.149687e+02
      vertex   -9.575912e+00 3.037702e+01 1.192383e+02
      vertex   -9.917320e+00 3.037702e+01 1.192719e+02
    endloop
  endfacet
  facet normal -0.000000e+00 -1.000000e+00 0.000000e+00
    outer loop
      vertex   -7.166992e+00 3.037702e+01 1.149687e+02
      vertex   -9.917320e+00 3.037702e+01 1.192719e+02
      vertex   -7.365859e+00 3.037702e+01 1.144223e+02
    endloop
  endfacet
  facet normal 0.000000e+00 -1.000000e+00 0.000000e+00
    outer loop
      vertex   -7.365859e+00 3.037702e+01 1.144223e+02
      vertex   -9.917320e+00 3.037702e+01 1.192719e+02
      vertex   -1.024561e+01 3.037702e+01 1.193715e+02
    endloop
  endfacet
  facet normal -0.000000e+00 -1.000000e+00 0.000000e+00
    outer loop
      vertex   -7.365859e+00 3.037702e+01 1.144223e+02
      vertex   -1.024561e+01 3.037702e+01 1.193715e+02
      vertex   -7.499951e+00 3.037702e+01 1.138565e+02
    endloop
  endfacet
  facet normal 0.000000e+00 -1.000000e+00 0.000000e+00
    outer loop
      vertex   -7.499951e+00 3.037702e+01 1.138565e+02
      vertex   -1.024561e+01 3.037702e+01 1.193715e+02
      vertex   -1.054816e+01 3.037702e+01 1.195332e+02
    endloop
  endfacet
  facet normal -0.000000e+00 -1.000000e+00 0.000000e+00
    outer loop
      vertex   -7.499951e+00 3.037702e+01 1.138565e+02
      vertex   -1.054816e+01 3.037702e+01 1.195332e+02
      vertex   -7.567453e+00 3.037702e+01 1.132790e+02
    endloop
  endfacet
  facet normal 0.000000e+00 -1.000000e+00 0.000000e+00
    outer loop
      vertex   -7.567453e+00 3.037702e+01 1.132790e+02
      vertex   -1.054816e+01 3.037702e+01 1.195332e+02
      vertex   -1.081335e+01 3.037702e+01 1.197509e+02
    endloop
  endfacet
  facet normal -0.000000e+00 -1.000000e+00 0.000000e+00
    outer loop
      vertex   -7.567453e+00 3.037702e+01 1.132790e+02
      vertex   -1.081335e+01 3.037702e+01 1.197509e+02
      vertex   -1.081335e+01 3.037702e+01 1.062257e+02
    endloop
  endfacet
  facet normal -1.467545e-15 -1.000000e+00 0.000000e+00
    outer loop
      vertex   -1.081335e+01 3.037702e+01 1.062257e+02
      vertex   -1.081335e+01 3.037702e+01 1.197509e+02
      vertex   -1.807591e+01 3.037702e+01 1.027383e+02
    endloop
  endfacet
  facet normal -2.422031e-15 -1.000000e+00 1.987709e-15
    outer loop
      vertex   -1.081335e+01 3.037702e+01 1.062257e+02
      vertex   -1.807591e+01 3.037702e+01 1.027383e+02
      vertex   -1.103098e+01 3.037702e+01 1.059606e+02
    endloop
  endfacet
  facet normal -2.002431e-15 -1.000000e+00 1.070322e-15
    outer loop
      vertex   -1.103098e+01 3.037702e+01 1.059606e+02
      vertex   -1.807591e+01 3.037702e+01 1.027383e+02
      vertex   -1.119270e+01 3.037702e+01 1.056580e+02
    endloop
  endfacet
  facet normal -1.777088e-15 -1.000000e+00 5.390738e-16
    outer loop
      vertex   -1.119270e+01 3.037702e+01 1.056580e+02
      vertex   -1.807591e+01 3.037702e+01 1.027383e+02
      vertex   -1.129229e+01 3.037702e+01 1.053297e+02
    endloop
  endfacet
  facet normal -1.632582e-15 -1.000000e+00 1.607953e-16
    outer loop
      vertex   -1.129229e+01 3.037702e+01 1.053297e+02
      vertex   -1.807591e+01 3.037702e+01 1.027383e+02
      vertex   -1.132591e+01 3.037702e+01 1.049883e+02
    endloop
  endfacet
  facet normal -1.528793e-15 -1.000000e+00 -1.505730e-16
    outer loop
      vertex   -1.132591e+01 3.037702e+01 1.049883e+02
      vertex   -1.807591e+01 3.037702e+01 1.027383e+02
      vertex   -1.129229e+01 3.037702e+01 1.046469e+02
    endloop
  endfacet
  facet normal -1.447607e-15 -1.000000e+00 -4.391269e-16
    outer loop
      vertex   -1.129229e+01 3.037702e+01 1.046469e+02
      vertex   -1.807591e+01 3.037702e+01 1.027383e+02
      vertex   -1.119270e+01 3.037702e+01 1.043186e+02
    endloop
  endfacet
  facet normal 0.000000e+00 -1.000000e+00 0.000000e+00
    outer loop
      vertex   -1.119270e+01 3.037702e+01 1.203186e+02
      vertex   -1.129229e+01 3.037702e+01 1.206469e+02
      vertex   -1.807591e+01 3.037702e+01 1.232383e+02
    endloop
  endfacet
  facet normal 0.000000e+00 -1.000000e+00 0.000000e+00
    outer loop
      vertex   -1.807591e+01 3.037702e+01 1.232383e+02
      vertex   -1.129229e+01 3.037702e+01 1.206469e+02
      vertex   -1.132591e+01 3.037702e+01 1.209883e+02
    endloop
  endfacet
  facet normal 0.000000e+00 -1.000000e+00 0.000000e+00
    outer loop
      vertex   -1.807591e+01 3.037702e+01 1.232383e+02
      vertex   -1.132591e+01 3.037702e+01 1.209883e+02
      vertex   -1.129229e+01 3.037702e+01 1.213297e+02
    endloop
  endfacet
  facet normal 0.000000e+00 -1.000000e+00 0.000000e+00
    outer loop
      vertex   -1.129229e+01 3.037702e+01 1.213297e+02
      vertex   -1.119270e+01 3.037702e+01 1.216580e+02
      vertex   -1.807591e+01 3.037702e+01 1.232383e+02
    endloop
  endfacet
  facet normal 0.000000e+00 -1.000000e+00 0.000000e+00
    outer loop
      vertex   -1.807591e+01 3.037702e+01 1.232383e+02
      vertex   -1.119270e+01 3.037702e+01 1.216580e+02
      vertex   -1.103098e+01 3.037702e+01 1.219606e+02
    endloop
  endfacet
  facet normal 0.000000e+00 -1.000000e+00 0.000000e+00
    outer loop
      vertex   -1.081335e+01 3.037702e+01 1.222257e+02
      vertex   -1.054816e+01 3.037702e+01 1.224434e+02
      vertex   -1.507591e+01 3.037702e+01 1.262383e+02
    endloop
  endfacet
  facet normal 0.000000e+00 -1.000000e+00 0.000000e+00
    outer loop
      vertex   -1.507591e+01 3.037702e+01 1.262383e+02
      vertex   -1.054816e+01 3.037702e+01 1.224434e+02
      vertex   -1.024561e+01 3.037702e+01 1.226051e+02
    endloop
  endfacet
  facet normal 0.000000e+00 -1.000000e+00 0.000000e+00
    outer loop
      vertex   -1.507591e+01 3.037702e+01 1.262383e+02
      vertex   -1.024561e+01 3.037702e+01 1.226051e+02
      vertex   -9.917320e+00 3.037702e+01 1.227047e+02
    endloop
  endfacet
  facet normal 0.000000e+00 -1.000000e+00 0.000000e+00
    outer loop
      vertex   4.765496e+00 3.037702e+01 1.227047e+02
      vertex   5.093784e+00 3.037702e+01 1.226051e+02
      vertex   1.292409e+01 3.037702e+01 1.262383e+02
    endloop
  endfacet
  facet normal 0.000000e+00 -1.000000e+00 0.000000e+00
    outer loop
      vertex   1.292409e+01 3.037702e+01 1.262383e+02
      vertex   5.093784e+00 3.037702e+01 1.226051e+02
      vertex   5.396336e+00 3.037702e+01 1.224434e+02
    endloop
  endfacet
  facet normal 0.000000e+00 -1.000000e+00 0.000000e+00
    outer loop
      vertex   1.292409e+01 3.037702e+01 1.262383e+02
      vertex   5.396336e+00 3.037702e+01 1.224434e+02
      vertex   5.661525e+00 3.037702e+01 1.222257e+02
    endloop
  endfacet
  facet normal 0.000000e+00 -1.000000e+00 0.000000e+00
    outer loop
      vertex   5.661525e+00 3.037702e+01 1.222257e+02
      vertex   5.879160e+00 3.037702e+01 1.219606e+02
      vertex   1.292409e+01 3.037702e+01 1.262383e+02
    endloop
  endfacet
  facet normal 0.000000e+00 -1.000000e+00 0.000000e+00
    outer loop
      vertex   1.292409e+01 3.037702e+01 1.262383e+02
      vertex   5.879160e+00 3.037702e+01 1.219606e+02
      vertex   6.040877e+00 3.037702e+01 1.216580e+02
    endloop
  endfacet
  facet normal 0.000000e+00 -1.000000e+00 0.000000e+00
    outer loop
      vertex   1.292409e+01 3.037702e+01 1.262383e+02
      vertex   6.040877e+00 3.037702e+01 1.216580e+02
      vertex   6.140462e+00 3.037702e+01 1.213297e+02
    endloop
  endfacet
  facet normal 0.000000e+00 -1.000000e+00 0.000000e+00
    outer loop
      vertex   6.140462e+00 3.037702e+01 1.213297e+02
      vertex   6.174088e+00 3.037702e+01 1.209883e+02
      vertex   1.292409e+01 3.037702e+01 1.262383e+02
    endloop
  endfacet
  facet normal 0.000000e+00 -1.000000e+00 0.000000e+00
    outer loop
      vertex   1.292409e+01 3.037702e+01 1.262383e+02
      vertex   6.174088e+00 3.037702e+01 1.209883e+02
      vertex   6.140462e+00 3.037702e+01 1.206469e+02
    endloop
  endfacet
  facet normal 0.000000e+00 -1.000000e+00 0.000000e+00
    outer loop
      vertex   1.292409e+01 3.037702e+01 1.262383e+02
      vertex   6.140462e+00 3.037702e+01 1.206469e+02
      vertex   6.040877e+00 3.037702e+01 1.203186e+02
    endloop
  endfacet
  facet normal 0.000000e+00 -1.000000e+00 -0.000000e+00
    outer loop
      vertex   6.040877e+00 3.037702e+01 1.203186e+02
      vertex   5.879160e+00 3.037702e+01 1.200161e+02
      vertex   1.292409e+01 3.037702e+01 1.262383e+02
    endloop
  endfacet
  facet normal 0.000000e+00 -1.000000e+00 0.000000e+00
    outer loop
      vertex   2.415629e+00 3.037702e+01 1.126976e+02
      vertex   5.661525e+00 3.037702e+01 1.197509e+02
      vertex   2.415629e+00 3.037702e+01 1.132790e+02
    endloop
  endfacet
  facet normal 0.000000e+00 -1.000000e+00 0.000000e+00
    outer loop
      vertex   2.415629e+00 3.037702e+01 1.132790e+02
      vertex   5.661525e+00 3.037702e+01 1.197509e+02
      vertex   5.396336e+00 3.037702e+01 1.195332e+02
    endloop
  endfacet
  facet normal 0.000000e+00 -1.000000e+00 0.000000e+00
    outer loop
      vertex   2.415629e+00 3.037702e+01 1.132790e+02
      vertex   5.396336e+00 3.037702e+01 1.195332e+02
      vertex   2.348127e+00 3.037702e+01 1.138565e+02
    endloop
  endfacet
  facet normal 0.000000e+00 -1.000000e+00 0.000000e+00
    outer loop
      vertex   2.348127e+00 3.037702e+01 1.138565e+02
      vertex   5.396336e+00 3.037702e+01 1.195332e+02
      vertex   5.093784e+00 3.037702e+01 1.193715e+02
    endloop
  endfacet
  facet normal 0.000000e+00 -1.000000e+00 0.000000e+00
    outer loop
      vertex   2.348127e+00 3.037702e+01 1.138565e+02
      vertex   5.093784e+00 3.037702e+01 1.193715e+02
      vertex   2.214036e+00 3.037702e+01 1.144223e+02
    endloop
  endfacet
  facet normal 0.000000e+00 -1.000000e+00 0.000000e+00
    outer loop
      vertex   2.214036e+00 3.037702e+01 1.144223e+02
      vertex   5.093784e+00 3.037702e+01 1.193715e+02
      vertex   4.765496e+00 3.037702e+01 1.192719e+02
    endloop
  endfacet
  facet normal 0.000000e+00 -1.000000e+00 0.000000e+00
    outer loop
      vertex   2.214036e+00 3.037702e+01 1.144223e+02
      vertex   4.765496e+00 3.037702e+01 1.192719e+02
      vertex   2.015169e+00 3.037702e+01 1.149687e+02
    endloop
  endfacet
  facet normal 0.000000e+00 -1.000000e+00 0.000000e+00
    outer loop
      vertex   2.015169e+00 3.037702e+01 1.149687e+02
      vertex   4.765496e+00 3.037702e+01 1.192719e+02
      vertex   4.424088e+00 3.037702e+01 1.192383e+02
    endloop
  endfacet
  facet normal 0.000000e+00 -1.000000e+00 0.000000e+00
    outer loop
      vertex   2.015169e+00 3.037702e+01 1.149687e+02
      vertex   4.424088e+00 3.037702e+01 1.192383e+02
      vertex   1.754215e+00 3.037702e+01 1.154883e+02
    endloop
  endfacet
  facet normal 0.000000e+00 -1.000000e+00 0.000000e+00
    outer loop
      vertex   1.754215e+00 3.037702e+01 1.154883e+02
      vertex   4.424088e+00 3.037702e+01 1.192383e+02
      vertex   1.434704e+00 3.037702e+01 1.159741e+02
    endloop
  endfacet
  facet normal 0.000000e+00 -1.000000e+00 0.000000e+00
    outer loop
      vertex   1.434704e+00 3.037702e+01 1.159741e+02
      vertex   4.424088e+00 3.037702e+01 1.192383e+02
      vertex   4.082680e+00 3.037702e+01 1.192719e+02
    endloop
  endfacet
  facet normal 0.000000e+00 -1.000000e+00 0.000000e+00
    outer loop
      vertex   1.434704e+00 3.037702e+01 1.159741e+02
      vertex   4.082680e+00 3.037702e+01 1.192719e+02
      vertex   1.060956e+00 3.037702e+01 1.164195e+02
    endloop
  endfacet
  facet normal 0.000000e+00 -1.000000e+00 0.000000e+00
    outer loop
      vertex   1.060956e+00 3.037702e+01 1.164195e+02
      vertex   4.082680e+00 3.037702e+01 1.192719e+02
      vertex   3.754392e+00 3.037702e+01 1.193715e+02
    endloop
  endfacet
  facet normal 0.000000e+00 -1.000000e+00 0.000000e+00
    outer loop
      vertex   1.060956e+00 3.037702e+01 1.164195e+02
      vertex   3.754392e+00 3.037702e+01 1.193715e+02
      vertex   6.380263e-01 3.037702e+01 1.168185e+02
    endloop
  endfacet
  facet normal 0.000000e+00 -1.000000e+00 0.000000e+00
    outer loop
      vertex   6.380263e-01 3.037702e+01 1.168185e+02
      vertex   3.754392e+00 3.037702e+01 1.193715e+02
      vertex   3.451840e+00 3.037702e+01 1.195332e+02
    endloop
  endfacet
  facet normal 0.000000e+00 -1.000000e+00 0.000000e+00
    outer loop
      vertex   6.380263e-01 3.037702e+01 1.168185e+02
      vertex   3.451840e+00 3.037702e+01 1.195332e+02
      vertex   3.186651e+00 3.037702e+01 1.197509e+02
    endloop
  endfacet
  facet normal 4.624879e-15 -1.000000e+00 -4.019683e-15
    outer loop
      vertex   6.380263e-01 3.037702e+01 1.168185e+02
      vertex   3.186651e+00 3.037702e+01 1.197509e+02
      vertex   1.716331e-01 3.037702e+01 1.171657e+02
    endloop
  endfacet
  facet normal 6.916503e-16 -1.000000e+00 5.676228e-16
    outer loop
      vertex   1.716331e-01 3.037702e+01 1.171657e+02
      vertex   3.186651e+00 3.037702e+01 1.197509e+02
      vertex   2.969016e+00 3.037702e+01 1.200161e+02
    endloop
  endfacet
  facet normal 4.593470e-16 -1.000000e+00 7.956123e-16
    outer loop
      vertex   1.716331e-01 3.037702e+01 1.171657e+02
      vertex   2.969016e+00 3.037702e+01 1.200161e+02
      vertex   -3.319159e-01 3.037702e+01 1.174565e+02
    endloop
  endfacet
  facet normal 7.609054e-16 -1.000000e+00 4.067124e-16
    outer loop
      vertex   -3.319159e-01 3.037702e+01 1.174565e+02
      vertex   2.969016e+00 3.037702e+01 1.200161e+02
      vertex   2.807299e+00 3.037702e+01 1.203186e+02
    endloop
  endfacet
  facet normal 3.634712e-16 -1.000000e+00 8.426209e-16
    outer loop
      vertex   -3.319159e-01 3.037702e+01 1.174565e+02
      vertex   2.807299e+00 3.037702e+01 1.203186e+02
      vertex   -8.658111e-01 3.037702e+01 1.176868e+02
    endloop
  endfacet
  facet normal 7.945292e-16 -1.000000e+00 2.410178e-16
    outer loop
      vertex   -8.658111e-01 3.037702e+01 1.176868e+02
      vertex   2.807299e+00 3.037702e+01 1.203186e+02
      vertex   2.707714e+00 3.037702e+01 1.206469e+02
    endloop
  endfacet
  facet normal 2.639256e-16 -1.000000e+00 8.815728e-16
    outer loop
      vertex   -8.658111e-01 3.037702e+01 1.176868e+02
      vertex   2.707714e+00 3.037702e+01 1.206469e+02
      vertex   -1.422832e+00 3.037702e+01 1.178535e+02
    endloop
  endfacet
  facet normal 8.063959e-16 -1.000000e+00 7.942307e-17
    outer loop
      vertex   -1.422832e+00 3.037702e+01 1.178535e+02
      vertex   2.707714e+00 3.037702e+01 1.206469e+02
      vertex   2.674088e+00 3.037702e+01 1.209883e+02
    endloop
  endfacet
  facet normal 1.624089e-16 -1.000000e+00 9.210666e-16
    outer loop
      vertex   -1.422832e+00 3.037702e+01 1.178535e+02
      vertex   2.674088e+00 3.037702e+01 1.209883e+02
      vertex   -1.995447e+00 3.037702e+01 1.179545e+02
    endloop
  endfacet
  facet normal 8.128419e-16 -1.000000e+00 -8.005794e-17
    outer loop
      vertex   -1.995447e+00 3.037702e+01 1.179545e+02
      vertex   2.674088e+00 3.037702e+01 1.209883e+02
      vertex   2.707714e+00 3.037702e+01 1.213297e+02
    endloop
  endfacet
  facet normal -5.604321e-15 -1.000000e+00 8.861873e-15
    outer loop
      vertex   -1.995447e+00 3.037702e+01 1.179545e+02
      vertex   2.707714e+00 3.037702e+01 1.213297e+02
      vertex   -2.575912e+00 3.037702e+01 1.179883e+02
    endloop
  endfacet
  facet normal 0.000000e+00 -1.000000e+00 0.000000e+00
    outer loop
      vertex   -2.575912e+00 3.037702e+01 1.179883e+02
      vertex   2.707714e+00 3.037702e+01 1.213297e+02
      vertex   2.807299e+00 3.037702e+01 1.216580e+02
    endloop
  endfacet
  facet normal 0.000000e+00 -1.000000e+00 0.000000e+00
    outer loop
      vertex   3.754392e+00 3.037702e+01 1.226051e+02
      vertex   4.082680e+00 3.037702e+01 1.227047e+02
      vertex   -1.507591e+01 3.037702e+01 1.262383e+02
    endloop
  endfacet
  facet normal 1.835271e-15 -1.000000e+00 -6.050076e-15
    outer loop
      vertex   -8.906216e+00 3.037702e+01 1.033715e+02
      vertex   -9.234504e+00 3.037702e+01 1.032719e+02
      vertex   -1.507591e+01 3.037702e+01 9.973830e+01
    endloop
  endfacet
  facet normal 3.548444e-16 -1.000000e+00 -3.602796e-15
    outer loop
      vertex   -1.507591e+01 3.037702e+01 9.973830e+01
      vertex   -9.234504e+00 3.037702e+01 1.032719e+02
      vertex   -9.575912e+00 3.037702e+01 1.032383e+02
    endloop
  endfacet
  facet normal -2.597260e-16 -1.000000e+00 -2.637042e-15
    outer loop
      vertex   -1.507591e+01 3.037702e+01 9.973830e+01
      vertex   -9.575912e+00 3.037702e+01 1.032383e+02
      vertex   -9.917320e+00 3.037702e+01 1.032719e+02
    endloop
  endfacet
  facet normal -6.341340e-16 -1.000000e+00 -2.090460e-15
    outer loop
      vertex   -9.917320e+00 3.037702e+01 1.032719e+02
      vertex   -1.024561e+01 3.037702e+01 1.033715e+02
      vertex   -1.507591e+01 3.037702e+01 9.973830e+01
    endloop
  endfacet
  facet normal -9.166272e-16 -1.000000e+00 -1.714889e-15
    outer loop
      vertex   -1.507591e+01 3.037702e+01 9.973830e+01
      vertex   -1.024561e+01 3.037702e+01 1.033715e+02
      vertex   -1.054816e+01 3.037702e+01 1.035332e+02
    endloop
  endfacet
  facet normal -1.164584e-15 -1.000000e+00 -1.419050e-15
    outer loop
      vertex   -1.507591e+01 3.037702e+01 9.973830e+01
      vertex   -1.054816e+01 3.037702e+01 1.035332e+02
      vertex   -1.081335e+01 3.037702e+01 1.037509e+02
    endloop
  endfacet
  facet normal -1.410630e-15 -1.000000e+00 -1.157674e-15
    outer loop
      vertex   -1.081335e+01 3.037702e+01 1.037509e+02
      vertex   -1.103098e+01 3.037702e+01 1.040161e+02
      vertex   -1.507591e+01 3.037702e+01 9.973830e+01
    endloop
  endfacet
  facet normal 0.000000e+00 -1.000000e+00 -0.000000e+00
    outer loop
      vertex   -7.567453e+00 3.037702e+01 1.132790e+02
      vertex   -1.081335e+01 3.037702e+01 1.062257e+02
      vertex   -7.567453e+00 3.037702e+01 1.126976e+02
    endloop
  endfacet
  facet normal 0.000000e+00 -1.000000e+00 0.000000e+00
    outer loop
      vertex   -7.567453e+00 3.037702e+01 1.126976e+02
      vertex   -1.081335e+01 3.037702e+01 1.062257e+02
      vertex   -1.054816e+01 3.037702e+01 1.064434e+02
    endloop
  endfacet
  facet normal 0.000000e+00 -1.000000e+00 -0.000000e+00
    outer loop
      vertex   -7.567453e+00 3.037702e+01 1.126976e+02
      vertex   -1.054816e+01 3.037702e+01 1.064434e+02
      vertex   -7.499951e+00 3.037702e+01 1.121201e+02
    endloop
  endfacet
  facet normal 0.000000e+00 -1.000000e+00 0.000000e+00
    outer loop
      vertex   -7.499951e+00 3.037702e+01 1.121201e+02
      vertex   -1.054816e+01 3.037702e+01 1.064434e+02
      vertex   -1.024561e+01 3.037702e+01 1.066051e+02
    endloop
  endfacet
  facet normal 0.000000e+00 -1.000000e+00 -0.000000e+00
    outer loop
      vertex   -7.499951e+00 3.037702e+01 1.121201e+02
      vertex   -1.024561e+01 3.037702e+01 1.066051e+02
      vertex   -7.365859e+00 3.037702e+01 1.115543e+02
    endloop
  endfacet
  facet normal 0.000000e+00 -1.000000e+00 0.000000e+00
    outer loop
      vertex   -7.365859e+00 3.037702e+01 1.115543e+02
      vertex   -1.024561e+01 3.037702e+01 1.066051e+02
      vertex   -9.917320e+00 3.037702e+01 1.067047e+02
    endloop
  endfacet
  facet normal 0.000000e+00 -1.000000e+00 -0.000000e+00
    outer loop
      vertex   -7.365859e+00 3.037702e+01 1.115543e+02
      vertex   -9.917320e+00 3.037702e+01 1.067047e+02
      vertex   -7.166992e+00 3.037702e+01 1.110079e+02
    endloop
  endfacet
  facet normal 0.000000e+00 -1.000000e+00 0.000000e+00
    outer loop
      vertex   -7.166992e+00 3.037702e+01 1.110079e+02
      vertex   -9.917320e+00 3.037702e+01 1.067047e+02
      vertex   -9.575912e+00 3.037702e+01 1.067383e+02
    endloop
  endfacet
  facet normal -9.974521e-01 0.000000e+00 7.133918e-02
    outer loop
      vertex   -1.807591e+01 3.237702e+01 1.232383e+02
      vertex   -1.807591e+01 3.037702e+01 1.232383e+02
      vertex   -1.804538e+01 3.237702e+01 1.236652e+02
    endloop
  endfacet
  facet normal -9.974521e-01 0.000000e+00 7.133918e-02
    outer loop
      vertex   -1.804538e+01 3.237702e+01 1.236652e+02
      vertex   -1.807591e+01 3.037702e+01 1.232383e+02
      vertex   -1.804538e+01 3.037702e+01 1.236652e+02
    endloop
  endfacet
  facet normal -9.771469e-01 0.000000e+00 2.125653e-01
    outer loop
      vertex   -1.804538e+01 3.237702e+01 1.236652e+02
      vertex   -1.804538e+01 3.037702e+01 1.236652e+02
      vertex   -1.795439e+01 3.237702e+01 1.240835e+02
    endloop
  endfacet
  facet normal -9.771469e-01 1.735762e-15 2.125653e-01
    outer loop
      vertex   -1.795439e+01 3.237702e+01 1.240835e+02
      vertex   -1.804538e+01 3.037702e+01 1.236652e+02
      vertex   -1.795439e+01 3.037702e+01 1.240835e+02
    endloop
  endfacet
  facet normal -9.369497e-01 1.664357e-15 3.494642e-01
    outer loop
      vertex   -1.795439e+01 3.237702e+01 1.240835e+02
      vertex   -1.795439e+01 3.037702e+01 1.240835e+02
      vertex   -1.780481e+01 3.237702e+01 1.244845e+02
    endloop
  endfacet
  facet normal -9.369497e-01 0.000000e+00 3.494642e-01
    outer loop
      vertex   -1.780481e+01 3.237702e+01 1.244845e+02
      vertex   -1.795439e+01 3.037702e+01 1.240835e+02
      vertex   -1.780481e+01 3.037702e+01 1.244845e+02
    endloop
  endfacet
  facet normal -8.776790e-01 0.000000e+00 4.792490e-01
    outer loop
      vertex   -1.780481e+01 3.237702e+01 1.244845e+02
      vertex   -1.780481e+01 3.037702e+01 1.244845e+02
      vertex   -1.759967e+01 3.237702e+01 1.248602e+02
    endloop
  endfacet
  facet normal -8.776790e-01 0.000000e+00 4.792490e-01
    outer loop
      vertex   -1.759967e+01 3.237702e+01 1.248602e+02
      vertex   -1.780481e+01 3.037702e+01 1.244845e+02
      vertex   -1.759967e+01 3.037702e+01 1.248602e+02
    endloop
  endfacet
  facet normal -8.005412e-01 0.000000e+00 5.992777e-01
    outer loop
      vertex   -1.759967e+01 3.237702e+01 1.248602e+02
      vertex   -1.759967e+01 3.037702e+01 1.248602e+02
      vertex   -1.734316e+01 3.237702e+01 1.252029e+02
    endloop
  endfacet
  facet normal -8.005412e-01 0.000000e+00 5.992777e-01
    outer loop
      vertex   -1.734316e+01 3.237702e+01 1.252029e+02
      vertex   -1.759967e+01 3.037702e+01 1.248602e+02
      vertex   -1.734316e+01 3.037702e+01 1.252029e+02
    endloop
  endfacet
  facet normal -7.071068e-01 0.000000e+00 7.071068e-01
    outer loop
      vertex   -1.734316e+01 3.237702e+01 1.252029e+02
      vertex   -1.734316e+01 3.037702e+01 1.252029e+02
      vertex   -1.704049e+01 3.237702e+01 1.255056e+02
    endloop
  endfacet
  facet normal -7.071068e-01 0.000000e+00 7.071068e-01
    outer loop
      vertex   -1.704049e+01 3.237702e+01 1.255056e+02
      vertex   -1.734316e+01 3.037702e+01 1.252029e+02
      vertex   -1.704049e+01 3.037702e+01 1.255056e+02
    endloop
  endfacet
  facet normal -5.992777e-01 0.000000e+00 8.005412e-01
    outer loop
      vertex   -1.704049e+01 3.237702e+01 1.255056e+02
      vertex   -1.704049e+01 3.037702e+01 1.255056e+02
      vertex   -1.669783e+01 3.237702e+01 1.257621e+02
    endloop
  endfacet
  facet normal -5.992777e-01 0.000000e+00 8.005412e-01
    outer loop
      vertex   -1.669783e+01 3.237702e+01 1.257621e+02
      vertex   -1.704049e+01 3.037702e+01 1.255056e+02
      vertex   -1.669783e+01 3.037702e+01 1.257621e+02
    endloop
  endfacet
  facet normal -4.792490e-01 0.000000e+00 8.776790e-01
    outer loop
      vertex   -1.669783e+01 3.237702e+01 1.257621e+02
      vertex   -1.669783e+01 3.037702e+01 1.257621e+02
      vertex   -1.632216e+01 3.237702e+01 1.259672e+02
    endloop
  endfacet
  facet normal -4.792490e-01 0.000000e+00 8.776790e-01
    outer loop
      vertex   -1.632216e+01 3.237702e+01 1.259672e+02
      vertex   -1.669783e+01 3.037702e+01 1.257621e+02
      vertex   -1.632216e+01 3.037702e+01 1.259672e+02
    endloop
  endfacet
  facet normal -3.494642e-01 0.000000e+00 9.369497e-01
    outer loop
      vertex   -1.632216e+01 3.237702e+01 1.259672e+02
      vertex   -1.632216e+01 3.037702e+01 1.259672e+02
      vertex   -1.592111e+01 3.237702e+01 1.261168e+02
    endloop
  endfacet
  facet normal -3.494642e-01 0.000000e+00 9.369497e-01
    outer loop
      vertex   -1.592111e+01 3.237702e+01 1.261168e+02
      vertex   -1.632216e+01 3.037702e+01 1.259672e+02
      vertex   -1.592111e+01 3.037702e+01 1.261168e+02
    endloop
  endfacet
  facet normal -2.125653e-01 0.000000e+00 9.771469e-01
    outer loop
      vertex   -1.592111e+01 3.237702e+01 1.261168e+02
      vertex   -1.592111e+01 3.037702e+01 1.261168e+02
      vertex   -1.550286e+01 3.237702e+01 1.262078e+02
    endloop
  endfacet
  facet normal -2.125653e-01 0.000000e+00 9.771469e-01
    outer loop
      vertex   -1.550286e+01 3.237702e+01 1.262078e+02
      vertex   -1.592111e+01 3.037702e+01 1.261168e+02
      vertex   -1.550286e+01 3.037702e+01 1.262078e+02
    endloop
  endfacet
  facet normal -7.133918e-02 0.000000e+00 9.974521e-01
    outer loop
      vertex   -1.550286e+01 3.237702e+01 1.262078e+02
      vertex   -1.550286e+01 3.037702e+01 1.262078e+02
      vertex   -1.507591e+01 3.237702e+01 1.262383e+02
    endloop
  endfacet
  facet normal -7.133918e-02 0.000000e+00 9.974521e-01
    outer loop
      vertex   -1.507591e+01 3.237702e+01 1.262383e+02
      vertex   -1.550286e+01 3.037702e+01 1.262078e+02
      vertex   -1.507591e+01 3.037702e+01 1.262383e+02
    endloop
  endfacet
  facet normal -0.000000e+00 0.000000e+00 1.000000e+00
    outer loop
      vertex   -1.507591e+01 3.237702e+01 1.262383e+02
      vertex   -1.507591e+01 3.037702e+01 1.262383e+02
      vertex   1.292409e+01 3.237702e+01 1.262383e+02
    endloop
  endfacet
  facet normal 0.000000e+00 0.000000e+00 1.000000e+00
    outer loop
      vertex   1.292409e+01 3.237702e+01 1.262383e+02
      vertex   -1.507591e+01 3.037702e+01 1.262383e+02
      vertex   1.292409e+01 3.037702e+01 1.262383e+02
    endloop
  endfacet
  facet normal 0.000000e+00 0.000000e+00 1.000000e+00
    outer loop
      vertex   1.292409e+01 3.237702e+01 1.262383e+02
      vertex   1.292409e+01 3.037702e+01 1.262383e+02
      vertex   1.327138e+01 3.234664e+01 1.262383e+02
    endloop
  endfacet
  facet normal 0.000000e+00 0.000000e+00 1.000000e+00
    outer loop
      vertex   1.327138e+01 3.234664e+01 1.262383e+02
      vertex   1.292409e+01 3.037702e+01 1.262383e+02
      vertex   1.360813e+01 3.225641e+01 1.262383e+02
    endloop
  endfacet
  facet normal 0.000000e+00 0.000000e+00 1.000000e+00
    outer loop
      vertex   1.360813e+01 3.225641e+01 1.262383e+02
      vertex   1.292409e+01 3.037702e+01 1.262383e+02
      vertex   1.392409e+01 3.210908e+01 1.262383e+02
    endloop
  endfacet
  facet normal 0.000000e+00 0.000000e+00 1.000000e+00
    outer loop
      vertex   1.392409e+01 3.210908e+01 1.262383e+02
      vertex   1.292409e+01 3.037702e+01 1.262383e+02
      vertex   1.420966e+01 3.190911e+01 1.262383e+02
    endloop
  endfacet
  facet normal 0.000000e+00 0.000000e+00 1.000000e+00
    outer loop
      vertex   1.420966e+01 3.190911e+01 1.262383e+02
      vertex   1.292409e+01 3.037702e+01 1.262383e+02
      vertex   1.445618e+01 3.166260e+01 1.262383e+02
    endloop
  endfacet
  facet normal 0.000000e+00 0.000000e+00 1.000000e+00
    outer loop
      vertex   1.445618e+01 3.166260e+01 1.262383e+02
      vertex   1.292409e+01 3.037702e+01 1.262383e+02
      vertex   1.465614e+01 3.137702e+01 1.262383e+02
    endloop
  endfacet
  facet normal 0.000000e+00 0.000000e+00 1.000000e+00
    outer loop
      vertex   1.465614e+01 3.137702e+01 1.262383e+02
      vertex   1.292409e+01 3.037702e+01 1.262383e+02
      vertex   1.480347e+01 3.106106e+01 1.262383e+02
    endloop
  endfacet
  facet normal 0.000000e+00 0.000000e+00 1.000000e+00
    outer loop
      vertex   1.480347e+01 3.106106e+01 1.262383e+02
      vertex   1.292409e+01 3.037702e+01 1.262383e+02
      vertex   1.489370e+01 3.072432e+01 1.262383e+02
    endloop
  endfacet
  facet normal 0.000000e+00 0.000000e+00 1.000000e+00
    outer loop
      vertex   1.489370e+01 3.072432e+01 1.262383e+02
      vertex   1.292409e+01 3.037702e+01 1.262383e+02
      vertex   1.492409e+01 3.037702e+01 1.262383e+02
    endloop
  endfacet
  facet normal 0.000000e+00 0.000000e+00 1.000000e+00
    outer loop
      vertex   1.492409e+01 3.037702e+01 1.262383e+02
      vertex   1.292409e+01 3.037702e+01 1.262383e+02
      vertex   1.292409e+01 1.262702e+01 1.262383e+02
    endloop
  endfacet
  facet normal 0.000000e+00 0.000000e+00 1.000000e+00
    outer loop
      vertex   1.492409e+01 3.037702e+01 1.262383e+02
      vertex   1.292409e+01 1.262702e+01 1.262383e+02
      vertex   1.492409e+01 1.262702e+01 1.262383e+02
    endloop
  endfacet
  facet normal 8.715574e-02 9.961947e-01 -2.336901e-17
    outer loop
      vertex   1.327138e+01 3.234664e+01 1.262383e+02
      vertex   1.327138e+01 3.234664e+01 1.196133e+02
      vertex   1.292409e+01 3.237702e+01 1.262383e+02
    endloop
  endfacet
  facet normal 8.715574e-02 9.961947e-01 2.328360e-17
    outer loop
      vertex   1.292409e+01 3.237702e+01 1.262383e+02
      vertex   1.327138e+01 3.234664e+01 1.196133e+02
      vertex   1.327138e+01 3.234664e+01 1.129883e+02
    endloop
  endfacet
  facet normal 8.715574e-02 9.961947e-01 5.342180e-16
    outer loop
      vertex   1.292409e+01 3.237702e+01 1.262383e+02
      vertex   1.327138e+01 3.234664e+01 1.129883e+02
      vertex   1.292409e+01 3.237702e+01 9.973830e+01
    endloop
  endfacet
  facet normal 8.715574e-02 9.961947e-01 -2.328360e-17
    outer loop
      vertex   1.292409e+01 3.237702e+01 9.973830e+01
      vertex   1.327138e+01 3.234664e+01 1.129883e+02
      vertex   1.327138e+01 3.234664e+01 1.063633e+02
    endloop
  endfacet
  facet normal 8.715574e-02 9.961947e-01 1.091325e-15
    outer loop
      vertex   1.292409e+01 3.237702e+01 9.973830e+01
      vertex   1.327138e+01 3.234664e+01 1.063633e+02
      vertex   1.327138e+01 3.234664e+01 9.973830e+01
    endloop
  endfacet
  facet normal 2.588190e-01 9.659258e-01 1.105369e-15
    outer loop
      vertex   1.327138e+01 3.234664e+01 9.973830e+01
      vertex   1.327138e+01 3.234664e+01 1.063633e+02
      vertex   1.360813e+01 3.225641e+01 9.973830e+01
    endloop
  endfacet
  facet normal 2.588190e-01 9.659258e-01 -0.000000e+00
    outer loop
      vertex   1.360813e+01 3.225641e+01 9.973830e+01
      vertex   1.327138e+01 3.234664e+01 1.063633e+02
      vertex   1.360813e+01 3.225641e+01 1.063633e+02
    endloop
  endfacet
  facet normal 4.226183e-01 9.063078e-01 -0.000000e+00
    outer loop
      vertex   1.360813e+01 3.225641e+01 9.973830e+01
      vertex   1.360813e+01 3.225641e+01 1.063633e+02
      vertex   1.392409e+01 3.210908e+01 9.973830e+01
    endloop
  endfacet
  facet normal 4.226183e-01 9.063078e-01 2.170694e-15
    outer loop
      vertex   1.392409e+01 3.210908e+01 9.973830e+01
      vertex   1.360813e+01 3.225641e+01 1.063633e+02
      vertex   1.392409e+01 3.210908e+01 1.063633e+02
    endloop
  endfacet
  facet normal 5.735764e-01 8.191520e-01 2.064695e-15
    outer loop
      vertex   1.392409e+01 3.210908e+01 9.973830e+01
      vertex   1.392409e+01 3.210908e+01 1.063633e+02
      vertex   1.420966e+01 3.190911e+01 9.973830e+01
    endloop
  endfacet
  facet normal 5.735764e-01 8.191520e-01 5.930701e-16
    outer loop
      vertex   1.420966e+01 3.190911e+01 9.973830e+01
      vertex   1.392409e+01 3.210908e+01 1.063633e+02
      vertex   1.420966e+01 3.190911e+01 1.063633e+02
    endloop
  endfacet
  facet normal 7.071068e-01 7.071068e-01 5.687882e-16
    outer loop
      vertex   1.420966e+01 3.190911e+01 9.973830e+01
      vertex   1.420966e+01 3.190911e+01 1.063633e+02
      vertex   1.445618e+01 3.166260e+01 9.973830e+01
    endloop
  endfacet
  facet normal 7.071068e-01 7.071068e-01 5.687882e-16
    outer loop
      vertex   1.445618e+01 3.166260e+01 9.973830e+01
      vertex   1.420966e+01 3.190911e+01 1.063633e+02
      vertex   1.445618e+01 3.166260e+01 1.063633e+02
    endloop
  endfacet
  facet normal 8.191520e-01 5.735764e-01 5.272240e-16
    outer loop
      vertex   1.445618e+01 3.166260e+01 9.973830e+01
      vertex   1.445618e+01 3.166260e+01 1.063633e+02
      vertex   1.465614e+01 3.137702e+01 9.973830e+01
    endloop
  endfacet
  facet normal 8.191520e-01 5.735764e-01 8.348094e-16
    outer loop
      vertex   1.465614e+01 3.137702e+01 9.973830e+01
      vertex   1.445618e+01 3.166260e+01 1.063633e+02
      vertex   1.465614e+01 3.137702e+01 1.063633e+02
    endloop
  endfacet
  facet normal 9.063078e-01 4.226183e-01 6.962731e-16
    outer loop
      vertex   1.465614e+01 3.137702e+01 9.973830e+01
      vertex   1.465614e+01 3.137702e+01 1.063633e+02
      vertex   1.480347e+01 3.106106e+01 9.973830e+01
    endloop
  endfacet
  facet normal 9.063078e-01 4.226183e-01 7.126481e-16
    outer loop
      vertex   1.480347e+01 3.106106e+01 9.973830e+01
      vertex   1.465614e+01 3.137702e+01 1.063633e+02
      vertex   1.480347e+01 3.106106e+01 1.063633e+02
    endloop
  endfacet
  facet normal 9.659258e-01 2.588190e-01 6.567801e-16
    outer loop
      vertex   1.480347e+01 3.106106e+01 9.973830e+01
      vertex   1.480347e+01 3.106106e+01 1.063633e+02
      vertex   1.489370e+01 3.072432e+01 9.973830e+01
    endloop
  endfacet
  facet normal 9.659258e-01 2.588190e-01 3.977870e-16
    outer loop
      vertex   1.489370e+01 3.072432e+01 9.973830e+01
      vertex   1.480347e+01 3.106106e+01 1.063633e+02
      vertex   1.489370e+01 3.072432e+01 1.063633e+02
    endloop
  endfacet
  facet normal 9.961947e-01 8.715574e-02 3.138470e-16
    outer loop
      vertex   1.489370e+01 3.072432e+01 9.973830e+01
      vertex   1.489370e+01 3.072432e+01 1.063633e+02
      vertex   1.492409e+01 3.037702e+01 9.973830e+01
    endloop
  endfacet
  facet normal 9.961947e-01 8.715574e-02 4.656719e-17
    outer loop
      vertex   1.492409e+01 3.037702e+01 9.973830e+01
      vertex   1.489370e+01 3.072432e+01 1.063633e+02
      vertex   1.489370e+01 3.072432e+01 1.129883e+02
    endloop
  endfacet
  facet normal 9.961947e-01 8.715574e-02 3.505352e-17
    outer loop
      vertex   1.492409e+01 3.037702e+01 9.973830e+01
      vertex   1.489370e+01 3.072432e+01 1.129883e+02
      vertex   1.492409e+01 3.037702e+01 1.262383e+02
    endloop
  endfacet
  facet normal 9.961947e-01 8.715574e-02 2.200675e-16
    outer loop
      vertex   1.492409e+01 3.037702e+01 1.262383e+02
      vertex   1.489370e+01 3.072432e+01 1.129883e+02
      vertex   1.489370e+01 3.072432e+01 1.196133e+02
    endloop
  endfacet
  facet normal 9.961947e-01 8.715574e-02 -4.874534e-16
    outer loop
      vertex   1.492409e+01 3.037702e+01 1.262383e+02
      vertex   1.489370e+01 3.072432e+01 1.196133e+02
      vertex   1.489370e+01 3.072432e+01 1.262383e+02
    endloop
  endfacet
  facet normal 9.659258e-01 2.588190e-01 -3.791921e-16
    outer loop
      vertex   1.489370e+01 3.072432e+01 1.262383e+02
      vertex   1.489370e+01 3.072432e+01 1.196133e+02
      vertex   1.480347e+01 3.106106e+01 1.262383e+02
    endloop
  endfacet
  facet normal 9.659258e-01 2.588190e-01 -1.035972e-15
    outer loop
      vertex   1.480347e+01 3.106106e+01 1.262383e+02
      vertex   1.489370e+01 3.072432e+01 1.196133e+02
      vertex   1.480347e+01 3.106106e+01 1.196133e+02
    endloop
  endfacet
  facet normal 9.063078e-01 4.226183e-01 -9.720308e-16
    outer loop
      vertex   1.480347e+01 3.106106e+01 1.262383e+02
      vertex   1.480347e+01 3.106106e+01 1.196133e+02
      vertex   1.465614e+01 3.137702e+01 1.262383e+02
    endloop
  endfacet
  facet normal 9.063078e-01 4.226183e-01 -4.860154e-16
    outer loop
      vertex   1.465614e+01 3.137702e+01 1.262383e+02
      vertex   1.480347e+01 3.106106e+01 1.196133e+02
      vertex   1.465614e+01 3.137702e+01 1.196133e+02
    endloop
  endfacet
  facet normal 8.191520e-01 5.735764e-01 -4.392774e-16
    outer loop
      vertex   1.465614e+01 3.137702e+01 1.262383e+02
      vertex   1.465614e+01 3.137702e+01 1.196133e+02
      vertex   1.445618e+01 3.166260e+01 1.262383e+02
    endloop
  endfacet
  facet normal 8.191520e-01 5.735764e-01 -6.589161e-16
    outer loop
      vertex   1.445618e+01 3.166260e+01 1.262383e+02
      vertex   1.465614e+01 3.137702e+01 1.196133e+02
      vertex   1.445618e+01 3.166260e+01 1.196133e+02
    endloop
  endfacet
  facet normal 7.071068e-01 7.071068e-01 -5.687882e-16
    outer loop
      vertex   1.445618e+01 3.166260e+01 1.262383e+02
      vertex   1.445618e+01 3.166260e+01 1.196133e+02
      vertex   1.420966e+01 3.190911e+01 1.262383e+02
    endloop
  endfacet
  facet normal 7.071068e-01 7.071068e-01 -5.687882e-16
    outer loop
      vertex   1.420966e+01 3.190911e+01 1.262383e+02
      vertex   1.445618e+01 3.166260e+01 1.196133e+02
      vertex   1.420966e+01 3.190911e+01 1.196133e+02
    endloop
  endfacet
  facet normal 5.735764e-01 8.191520e-01 -4.613780e-16
    outer loop
      vertex   1.420966e+01 3.190911e+01 1.262383e+02
      vertex   1.420966e+01 3.190911e+01 1.196133e+02
      vertex   1.392409e+01 3.210908e+01 1.262383e+02
    endloop
  endfacet
  facet normal 5.735764e-01 8.191520e-01 -3.075853e-16
    outer loop
      vertex   1.392409e+01 3.210908e+01 1.262383e+02
      vertex   1.420966e+01 3.190911e+01 1.196133e+02
      vertex   1.392409e+01 3.210908e+01 1.196133e+02
    endloop
  endfacet
  facet normal 4.226183e-01 9.063078e-01 -2.266327e-16
    outer loop
      vertex   1.392409e+01 3.210908e+01 1.262383e+02
      vertex   1.392409e+01 3.210908e+01 1.196133e+02
      vertex   1.360813e+01 3.225641e+01 1.262383e+02
    endloop
  endfacet
  facet normal 4.226183e-01 9.063078e-01 -1.133164e-16
    outer loop
      vertex   1.360813e+01 3.225641e+01 1.262383e+02
      vertex   1.392409e+01 3.210908e+01 1.196133e+02
      vertex   1.360813e+01 3.225641e+01 1.196133e+02
    endloop
  endfacet
  facet normal 2.588190e-01 9.659258e-01 -6.939698e-17
    outer loop
      vertex   1.360813e+01 3.225641e+01 1.262383e+02
      vertex   1.360813e+01 3.225641e+01 1.196133e+02
      vertex   1.327138e+01 3.234664e+01 1.262383e+02
    endloop
  endfacet
  facet normal 2.588190e-01 9.659258e-01 -6.939698e-17
    outer loop
      vertex   1.327138e+01 3.234664e+01 1.262383e+02
      vertex   1.360813e+01 3.225641e+01 1.196133e+02
      vertex   1.327138e+01 3.234664e+01 1.196133e+02
    endloop
  endfacet
  facet normal 2.588190e-01 9.659258e-01 -6.909971e-17
    outer loop
      vertex   1.360813e+01 3.225641e+01 1.063633e+02
      vertex   1.327138e+01 3.234664e+01 1.063633e+02
      vertex   1.327138e+01 3.234664e+01 1.129883e+02
    endloop
  endfacet
  facet normal 2.588190e-01 9.659258e-01 6.939698e-17
    outer loop
      vertex   1.327138e+01 3.234664e+01 1.129883e+02
      vertex   1.327138e+01 3.234664e+01 1.196133e+02
      vertex   1.360813e+01 3.225641e+01 1.129883e+02
    endloop
  endfacet
  facet normal 2.588190e-01 9.659258e-01 6.939698e-17
    outer loop
      vertex   1.360813e+01 3.225641e+01 1.129883e+02
      vertex   1.327138e+01 3.234664e+01 1.196133e+02
      vertex   1.360813e+01 3.225641e+01 1.196133e+02
    endloop
  endfacet
  facet normal 4.226183e-01 9.063078e-01 1.133164e-16
    outer loop
      vertex   1.360813e+01 3.225641e+01 1.129883e+02
      vertex   1.360813e+01 3.225641e+01 1.196133e+02
      vertex   1.392409e+01 3.210908e+01 1.129883e+02
    endloop
  endfacet
  facet normal 4.226183e-01 9.063078e-01 1.133164e-16
    outer loop
      vertex   1.392409e+01 3.210908e+01 1.129883e+02
      vertex   1.360813e+01 3.225641e+01 1.196133e+02
      vertex   1.392409e+01 3.210908e+01 1.196133e+02
    endloop
  endfacet
  facet normal 5.735764e-01 8.191520e-01 1.537927e-16
    outer loop
      vertex   1.392409e+01 3.210908e+01 1.129883e+02
      vertex   1.392409e+01 3.210908e+01 1.196133e+02
      vertex   1.420966e+01 3.190911e+01 1.129883e+02
    endloop
  endfacet
  facet normal 5.735764e-01 8.191520e-01 3.075853e-16
    outer loop
      vertex   1.420966e+01 3.190911e+01 1.129883e+02
      vertex   1.392409e+01 3.210908e+01 1.196133e+02
      vertex   1.420966e+01 3.190911e+01 1.196133e+02
    endloop
  endfacet
  facet normal 7.071068e-01 7.071068e-01 3.791921e-16
    outer loop
      vertex   1.420966e+01 3.190911e+01 1.129883e+02
      vertex   1.420966e+01 3.190911e+01 1.196133e+02
      vertex   1.445618e+01 3.166260e+01 1.129883e+02
    endloop
  endfacet
  facet normal 7.071068e-01 7.071068e-01 3.791921e-16
    outer loop
      vertex   1.445618e+01 3.166260e+01 1.129883e+02
      vertex   1.420966e+01 3.190911e+01 1.196133e+02
      vertex   1.445618e+01 3.166260e+01 1.196133e+02
    endloop
  endfacet
  facet normal 8.191520e-01 5.735764e-01 4.392774e-16
    outer loop
      vertex   1.445618e+01 3.166260e+01 1.129883e+02
      vertex   1.445618e+01 3.166260e+01 1.196133e+02
      vertex   1.465614e+01 3.137702e+01 1.129883e+02
    endloop
  endfacet
  facet normal 8.191520e-01 5.735764e-01 2.196387e-16
    outer loop
      vertex   1.465614e+01 3.137702e+01 1.129883e+02
      vertex   1.445618e+01 3.166260e+01 1.196133e+02
      vertex   1.465614e+01 3.137702e+01 1.196133e+02
    endloop
  endfacet
  facet normal 9.063078e-01 4.226183e-01 2.430077e-16
    outer loop
      vertex   1.465614e+01 3.137702e+01 1.129883e+02
      vertex   1.465614e+01 3.137702e+01 1.196133e+02
      vertex   1.480347e+01 3.106106e+01 1.129883e+02
    endloop
  endfacet
  facet normal 9.063078e-01 4.226183e-01 4.860154e-16
    outer loop
      vertex   1.480347e+01 3.106106e+01 1.129883e+02
      vertex   1.465614e+01 3.137702e+01 1.196133e+02
      vertex   1.480347e+01 3.106106e+01 1.196133e+02
    endloop
  endfacet
  facet normal 9.659258e-01 2.588190e-01 5.179861e-16
    outer loop
      vertex   1.480347e+01 3.106106e+01 1.129883e+02
      vertex   1.480347e+01 3.106106e+01 1.196133e+02
      vertex   1.489370e+01 3.072432e+01 1.129883e+02
    endloop
  endfacet
  facet normal 9.659258e-01 2.588190e-01 1.201991e-16
    outer loop
      vertex   1.489370e+01 3.072432e+01 1.129883e+02
      vertex   1.480347e+01 3.106106e+01 1.196133e+02
      vertex   1.489370e+01 3.072432e+01 1.196133e+02
    endloop
  endfacet
  facet normal 4.226183e-01 9.063078e-01 9.734046e-16
    outer loop
      vertex   1.392409e+01 3.210908e+01 1.063633e+02
      vertex   1.360813e+01 3.225641e+01 1.063633e+02
      vertex   1.360813e+01 3.225641e+01 1.129883e+02
    endloop
  endfacet
  facet normal 2.588190e-01 9.659258e-01 1.035972e-15
    outer loop
      vertex   1.360813e+01 3.225641e+01 1.129883e+02
      vertex   1.360813e+01 3.225641e+01 1.063633e+02
      vertex   1.327138e+01 3.234664e+01 1.129883e+02
    endloop
  endfacet
  facet normal 4.226183e-01 9.063078e-01 -1.133164e-16
    outer loop
      vertex   1.392409e+01 3.210908e+01 1.063633e+02
      vertex   1.360813e+01 3.225641e+01 1.129883e+02
      vertex   1.392409e+01 3.210908e+01 1.129883e+02
    endloop
  endfacet
  facet normal 5.735764e-01 8.191520e-01 -1.562254e-16
    outer loop
      vertex   1.420966e+01 3.190911e+01 1.063633e+02
      vertex   1.392409e+01 3.210908e+01 1.063633e+02
      vertex   1.392409e+01 3.210908e+01 1.129883e+02
    endloop
  endfacet
  facet normal 5.735764e-01 8.191520e-01 4.392774e-16
    outer loop
      vertex   1.420966e+01 3.190911e+01 1.063633e+02
      vertex   1.392409e+01 3.210908e+01 1.129883e+02
      vertex   1.420966e+01 3.190911e+01 1.129883e+02
    endloop
  endfacet
  facet normal 7.071068e-01 7.071068e-01 3.785462e-16
    outer loop
      vertex   1.445618e+01 3.166260e+01 1.063633e+02
      vertex   1.420966e+01 3.190911e+01 1.063633e+02
      vertex   1.420966e+01 3.190911e+01 1.129883e+02
    endloop
  endfacet
  facet normal 7.071068e-01 7.071068e-01 3.791921e-16
    outer loop
      vertex   1.445618e+01 3.166260e+01 1.063633e+02
      vertex   1.420966e+01 3.190911e+01 1.129883e+02
      vertex   1.445618e+01 3.166260e+01 1.129883e+02
    endloop
  endfacet
  facet normal 8.191520e-01 5.735764e-01 3.094465e-16
    outer loop
      vertex   1.465614e+01 3.137702e+01 1.063633e+02
      vertex   1.445618e+01 3.166260e+01 1.063633e+02
      vertex   1.445618e+01 3.166260e+01 1.129883e+02
    endloop
  endfacet
  facet normal 8.191520e-01 5.735764e-01 3.075853e-16
    outer loop
      vertex   1.465614e+01 3.137702e+01 1.063633e+02
      vertex   1.445618e+01 3.166260e+01 1.129883e+02
      vertex   1.465614e+01 3.137702e+01 1.129883e+02
    endloop
  endfacet
  facet normal 9.063078e-01 4.226183e-01 2.253251e-16
    outer loop
      vertex   1.480347e+01 3.106106e+01 1.063633e+02
      vertex   1.465614e+01 3.137702e+01 1.063633e+02
      vertex   1.465614e+01 3.137702e+01 1.129883e+02
    endloop
  endfacet
  facet normal 9.063078e-01 4.226183e-01 2.266327e-16
    outer loop
      vertex   1.480347e+01 3.106106e+01 1.063633e+02
      vertex   1.465614e+01 3.137702e+01 1.129883e+02
      vertex   1.480347e+01 3.106106e+01 1.129883e+02
    endloop
  endfacet
  facet normal 9.659258e-01 2.588190e-01 1.397016e-16
    outer loop
      vertex   1.489370e+01 3.072432e+01 1.063633e+02
      vertex   1.480347e+01 3.106106e+01 1.063633e+02
      vertex   1.480347e+01 3.106106e+01 1.129883e+02
    endloop
  endfacet
  facet normal 9.659258e-01 2.588190e-01 1.387940e-16
    outer loop
      vertex   1.489370e+01 3.072432e+01 1.063633e+02
      vertex   1.480347e+01 3.106106e+01 1.129883e+02
      vertex   1.489370e+01 3.072432e+01 1.129883e+02
    endloop
  endfacet
  facet normal 0.000000e+00 0.000000e+00 -1.000000e+00
    outer loop
      vertex   -1.507591e+01 3.037702e+01 9.973830e+01
      vertex   -1.507591e+01 3.237702e+01 9.973830e+01
      vertex   1.292409e+01 3.037702e+01 9.973830e+01
    endloop
  endfacet
  facet normal 0.000000e+00 0.000000e+00 -1.000000e+00
    outer loop
      vertex   1.292409e+01 3.037702e+01 9.973830e+01
      vertex   -1.507591e+01 3.237702e+01 9.973830e+01
      vertex   1.292409e+01 3.237702e+01 9.973830e+01
    endloop
  endfacet
  facet normal 0.000000e+00 0.000000e+00 -1.000000e+00
    outer loop
      vertex   1.292409e+01 3.037702e+01 9.973830e+01
      vertex   1.292409e+01 3.237702e+01 9.973830e+01
      vertex   1.327138e+01 3.234664e+01 9.973830e+01
    endloop
  endfacet
  facet normal 0.000000e+00 -0.000000e+00 -1.000000e+00
    outer loop
      vertex   1.327138e+01 3.234664e+01 9.973830e+01
      vertex   1.360813e+01 3.225641e+01 9.973830e+01
      vertex   1.292409e+01 3.037702e+01 9.973830e+01
    endloop
  endfacet
  facet normal 0.000000e+00 0.000000e+00 -1.000000e+00
    outer loop
      vertex   1.292409e+01 3.037702e+01 9.973830e+01
      vertex   1.360813e+01 3.225641e+01 9.973830e+01
      vertex   1.392409e+01 3.210908e+01 9.973830e+01
    endloop
  endfacet
  facet normal 0.000000e+00 0.000000e+00 -1.000000e+00
    outer loop
      vertex   1.292409e+01 3.037702e+01 9.973830e+01
      vertex   1.392409e+01 3.210908e+01 9.973830e+01
      vertex   1.420966e+01 3.190911e+01 9.973830e+01
    endloop
  endfacet
  facet normal 0.000000e+00 -0.000000e+00 -1.000000e+00
    outer loop
      vertex   1.420966e+01 3.190911e+01 9.973830e+01
      vertex   1.445618e+01 3.166260e+01 9.973830e+01
      vertex   1.292409e+01 3.037702e+01 9.973830e+01
    endloop
  endfacet
  facet normal 0.000000e+00 0.000000e+00 -1.000000e+00
    outer loop
      vertex   1.292409e+01 3.037702e+01 9.973830e+01
      vertex   1.445618e+01 3.166260e+01 9.973830e+01
      vertex   1.465614e+01 3.137702e+01 9.973830e+01
    endloop
  endfacet
  facet normal 0.000000e+00 0.000000e+00 -1.000000e+00
    outer loop
      vertex   1.292409e+01 3.037702e+01 9.973830e+01
      vertex   1.465614e+01 3.137702e+01 9.973830e+01
      vertex   1.480347e+01 3.106106e+01 9.973830e+01
    endloop
  endfacet
  facet normal 0.000000e+00 -0.000000e+00 -1.000000e+00
    outer loop
      vertex   1.480347e+01 3.106106e+01 9.973830e+01
      vertex   1.489370e+01 3.072432e+01 9.973830e+01
      vertex   1.292409e+01 3.037702e+01 9.973830e+01
    endloop
  endfacet
  facet normal 0.000000e+00 0.000000e+00 -1.000000e+00
    outer loop
      vertex   1.292409e+01 3.037702e+01 9.973830e+01
      vertex   1.489370e+01 3.072432e+01 9.973830e+01
      vertex   1.492409e+01 3.037702e+01 9.973830e+01
    endloop
  endfacet
  facet normal 0.000000e+00 0.000000e+00 -1.000000e+00
    outer loop
      vertex   1.292409e+01 3.037702e+01 9.973830e+01
      vertex   1.492409e+01 3.037702e+01 9.973830e+01
      vertex   1.292409e+01 1.262702e+01 9.973830e+01
    endloop
  endfacet
  facet normal 0.000000e+00 0.000000e+00 -1.000000e+00
    outer loop
      vertex   1.292409e+01 1.262702e+01 9.973830e+01
      vertex   1.492409e+01 3.037702e+01 9.973830e+01
      vertex   1.492409e+01 1.262702e+01 9.973830e+01
    endloop
  endfacet
  facet normal 1.000000e+00 0.000000e+00 0.000000e+00
    outer loop
      vertex   1.492409e+01 3.037702e+01 1.262383e+02
      vertex   1.492409e+01 1.761857e+01 1.126976e+02
      vertex   1.492409e+01 3.037702e+01 9.973830e+01
    endloop
  endfacet
  facet normal 1.000000e+00 0.000000e+00 0.000000e+00
    outer loop
      vertex   1.492409e+01 3.037702e+01 9.973830e+01
      vertex   1.492409e+01 1.761857e+01 1.126976e+02
      vertex   1.492409e+01 1.755106e+01 1.121201e+02
    endloop
  endfacet
  facet normal 1.000000e+00 0.000000e+00 0.000000e+00
    outer loop
      vertex   1.492409e+01 3.037702e+01 9.973830e+01
      vertex   1.492409e+01 1.755106e+01 1.121201e+02
      vertex   1.492409e+01 1.741697e+01 1.115543e+02
    endloop
  endfacet
  facet normal 1.000000e+00 -0.000000e+00 0.000000e+00
    outer loop
      vertex   1.492409e+01 1.262702e+01 1.262383e+02
      vertex   1.492409e+01 1.396936e+01 1.217633e+02
      vertex   1.492409e+01 3.037702e+01 1.262383e+02
    endloop
  endfacet
  facet normal 1.000000e+00 0.000000e+00 0.000000e+00
    outer loop
      vertex   1.492409e+01 3.037702e+01 1.262383e+02
      vertex   1.492409e+01 1.396936e+01 1.217633e+02
      vertex   1.492409e+01 1.410116e+01 1.214673e+02
    endloop
  endfacet
  facet normal 1.000000e+00 0.000000e+00 0.000000e+00
    outer loop
      vertex   1.492409e+01 3.037702e+01 1.262383e+02
      vertex   1.492409e+01 1.410116e+01 1.214673e+02
      vertex   1.492409e+01 1.416853e+01 1.211503e+02
    endloop
  endfacet
  facet normal 1.000000e+00 -5.637771e-15 0.000000e+00
    outer loop
      vertex   1.492409e+01 1.168178e+01 1.262045e+02
      vertex   1.492409e+01 1.262702e+01 1.225383e+02
      vertex   1.492409e+01 1.262702e+01 1.262383e+02
    endloop
  endfacet
  facet normal 1.000000e+00 0.000000e+00 0.000000e+00
    outer loop
      vertex   1.492409e+01 1.262702e+01 1.262383e+02
      vertex   1.492409e+01 1.262702e+01 1.225383e+02
      vertex   1.492409e+01 1.294929e+01 1.225044e+02
    endloop
  endfacet
  facet normal 1.000000e+00 0.000000e+00 0.000000e+00
    outer loop
      vertex   1.492409e+01 1.262702e+01 1.262383e+02
      vertex   1.492409e+01 1.294929e+01 1.225044e+02
      vertex   1.492409e+01 1.325747e+01 1.224043e+02
    endloop
  endfacet
  facet normal 1.000000e+00 -1.487437e-16 1.415202e-15
    outer loop
      vertex   1.492409e+01 1.262702e+01 1.225383e+02
      vertex   1.492409e+01 1.168178e+01 1.262045e+02
      vertex   1.492409e+01 1.230476e+01 1.225044e+02
    endloop
  endfacet
  facet normal 1.000000e+00 -1.520894e-16 1.414639e-15
    outer loop
      vertex   1.492409e+01 1.230476e+01 1.225044e+02
      vertex   1.492409e+01 1.168178e+01 1.262045e+02
      vertex   1.492409e+01 1.074135e+01 1.261034e+02
    endloop
  endfacet
  facet normal 1.000000e+00 -4.216034e-16 1.297562e-15
    outer loop
      vertex   1.492409e+01 1.230476e+01 1.225044e+02
      vertex   1.492409e+01 1.074135e+01 1.261034e+02
      vertex   1.492409e+01 1.199658e+01 1.224043e+02
    endloop
  endfacet
  facet normal 1.000000e+00 -2.449227e-16 1.357515e-15
    outer loop
      vertex   1.492409e+01 1.199658e+01 1.224043e+02
      vertex   1.492409e+01 1.074135e+01 1.261034e+02
      vertex   1.492409e+01 9.810534e+00 1.259355e+02
    endloop
  endfacet
  facet normal 1.000000e+00 -6.418814e-16 1.111771e-15
    outer loop
      vertex   1.492409e+01 1.199658e+01 1.224043e+02
      vertex   1.492409e+01 9.810534e+00 1.259355e+02
      vertex   1.492409e+01 1.171596e+01 1.222423e+02
    endloop
  endfacet
  facet normal 1.000000e+00 1.387299e-15 2.158675e-15
    outer loop
      vertex   1.492409e+01 1.171596e+01 1.222423e+02
      vertex   1.492409e+01 9.810534e+00 1.259355e+02
      vertex   1.492409e+01 8.894068e+00 1.257016e+02
    endloop
  endfacet
  facet normal 1.000000e+00 -5.331333e-16 5.921045e-16
    outer loop
      vertex   1.492409e+01 1.171596e+01 1.222423e+02
      vertex   1.492409e+01 8.894068e+00 1.257016e+02
      vertex   1.492409e+01 1.147515e+01 1.220255e+02
    endloop
  endfacet
  facet normal 1.000000e+00 -2.607289e-16 7.833650e-16
    outer loop
      vertex   1.492409e+01 1.147515e+01 1.220255e+02
      vertex   1.492409e+01 8.894068e+00 1.257016e+02
      vertex   1.492409e+01 7.996624e+00 1.254029e+02
    endloop
  endfacet
  facet normal 1.000000e+00 -5.988689e-16 4.351037e-16
    outer loop
      vertex   1.492409e+01 1.147515e+01 1.220255e+02
      vertex   1.492409e+01 7.996624e+00 1.254029e+02
      vertex   1.492409e+01 1.128468e+01 1.217633e+02
    endloop
  endfacet
  facet normal 1.000000e+00 -2.942256e-16 7.103235e-16
    outer loop
      vertex   1.492409e+01 1.128468e+01 1.217633e+02
      vertex   1.492409e+01 7.996624e+00 1.254029e+02
      vertex   1.492409e+01 7.122775e+00 1.250409e+02
    endloop
  endfacet
  facet normal 1.000000e+00 -6.320203e-16 2.813936e-16
    outer loop
      vertex   1.492409e+01 1.128468e+01 1.217633e+02
      vertex   1.492409e+01 7.122775e+00 1.250409e+02
      vertex   1.492409e+01 1.115289e+01 1.214673e+02
    endloop
  endfacet
  facet normal 1.000000e+00 -3.180770e-16 6.354370e-16
    outer loop
      vertex   1.492409e+01 1.115289e+01 1.214673e+02
      vertex   1.492409e+01 7.122775e+00 1.250409e+02
      vertex   1.492409e+01 6.276975e+00 1.246175e+02
    endloop
  endfacet
  facet normal 1.000000e+00 -3.488042e-16 5.878782e-16
    outer loop
      vertex   1.492409e+01 1.115289e+01 1.214673e+02
      vertex   1.492409e+01 6.276975e+00 1.246175e+02
      vertex   1.492409e+01 5.463534e+00 1.241349e+02
    endloop
  endfacet
  facet normal 1.000000e+00 -5.678549e-16 1.207013e-16
    outer loop
      vertex   1.492409e+01 1.115289e+01 1.214673e+02
      vertex   1.492409e+01 5.463534e+00 1.241349e+02
      vertex   1.492409e+01 1.108552e+01 1.211503e+02
    endloop
  endfacet
  facet normal 1.000000e+00 -3.581145e-16 5.157829e-16
    outer loop
      vertex   1.492409e+01 1.108552e+01 1.211503e+02
      vertex   1.492409e+01 5.463534e+00 1.241349e+02
      vertex   1.492409e+01 4.686595e+00 1.235955e+02
    endloop
  endfacet
  facet normal 1.000000e+00 -5.552052e-16 0.000000e+00
    outer loop
      vertex   1.492409e+01 1.108552e+01 1.211503e+02
      vertex   1.492409e+01 4.686595e+00 1.235955e+02
      vertex   1.492409e+01 1.108552e+01 1.208263e+02
    endloop
  endfacet
  facet normal 1.000000e+00 -3.612216e-16 4.482486e-16
    outer loop
      vertex   1.492409e+01 1.108552e+01 1.208263e+02
      vertex   1.492409e+01 4.686595e+00 1.235955e+02
      vertex   1.492409e+01 3.950120e+00 1.230020e+02
    endloop
  endfacet
  facet normal 1.000000e+00 -3.750649e-16 4.028481e-16
    outer loop
      vertex   1.492409e+01 1.108552e+01 1.208263e+02
      vertex   1.492409e+01 3.950120e+00 1.230020e+02
      vertex   1.492409e+01 3.257860e+00 1.223575e+02
    endloop
  endfacet
  facet normal 1.000000e+00 -3.140613e-16 2.924015e-16
    outer loop
      vertex   1.492409e+01 2.613342e+00 1.216652e+02
      vertex   1.492409e+01 9.413086e+00 1.168185e+02
      vertex   1.492409e+01 3.257860e+00 1.223575e+02
    endloop
  endfacet
  facet normal 1.000000e+00 -2.613189e-16 3.510122e-16
    outer loop
      vertex   1.492409e+01 3.257860e+00 1.223575e+02
      vertex   1.492409e+01 9.413086e+00 1.168185e+02
      vertex   1.492409e+01 9.879479e+00 1.171657e+02
    endloop
  endfacet
  facet normal 1.000000e+00 -4.131594e-16 1.573521e-16
    outer loop
      vertex   1.492409e+01 3.257860e+00 1.223575e+02
      vertex   1.492409e+01 9.879479e+00 1.171657e+02
      vertex   1.492409e+01 1.115289e+01 1.205093e+02
    endloop
  endfacet
  facet normal 1.000000e+00 0.000000e+00 0.000000e+00
    outer loop
      vertex   1.492409e+01 1.115289e+01 1.205093e+02
      vertex   1.492409e+01 9.879479e+00 1.171657e+02
      vertex   1.492409e+01 1.128468e+01 1.202133e+02
    endloop
  endfacet
  facet normal 1.000000e+00 0.000000e+00 0.000000e+00
    outer loop
      vertex   1.492409e+01 1.128468e+01 1.202133e+02
      vertex   1.492409e+01 9.879479e+00 1.171657e+02
      vertex   1.492409e+01 1.038303e+01 1.174565e+02
    endloop
  endfacet
  facet normal 1.000000e+00 0.000000e+00 0.000000e+00
    outer loop
      vertex   1.492409e+01 1.128468e+01 1.202133e+02
      vertex   1.492409e+01 1.038303e+01 1.174565e+02
      vertex   1.492409e+01 1.147515e+01 1.199512e+02
    endloop
  endfacet
  facet normal 1.000000e+00 0.000000e+00 0.000000e+00
    outer loop
      vertex   1.492409e+01 1.147515e+01 1.199512e+02
      vertex   1.492409e+01 1.038303e+01 1.174565e+02
      vertex   1.492409e+01 1.091692e+01 1.176868e+02
    endloop
  endfacet
  facet normal 1.000000e+00 0.000000e+00 0.000000e+00
    outer loop
      vertex   1.492409e+01 1.147515e+01 1.199512e+02
      vertex   1.492409e+01 1.091692e+01 1.176868e+02
      vertex   1.492409e+01 1.171596e+01 1.197343e+02
    endloop
  endfacet
  facet normal 1.000000e+00 0.000000e+00 0.000000e+00
    outer loop
      vertex   1.492409e+01 1.171596e+01 1.197343e+02
      vertex   1.492409e+01 1.091692e+01 1.176868e+02
      vertex   1.492409e+01 1.147395e+01 1.178535e+02
    endloop
  endfacet
  facet normal 1.000000e+00 0.000000e+00 0.000000e+00
    outer loop
      vertex   1.492409e+01 1.171596e+01 1.197343e+02
      vertex   1.492409e+01 1.147395e+01 1.178535e+02
      vertex   1.492409e+01 1.199658e+01 1.195723e+02
    endloop
  endfacet
  facet normal 1.000000e+00 0.000000e+00 0.000000e+00
    outer loop
      vertex   1.492409e+01 1.199658e+01 1.195723e+02
      vertex   1.492409e+01 1.147395e+01 1.178535e+02
      vertex   1.492409e+01 1.204656e+01 1.179545e+02
    endloop
  endfacet
  facet normal 1.000000e+00 0.000000e+00 0.000000e+00
    outer loop
      vertex   1.492409e+01 1.199658e+01 1.195723e+02
      vertex   1.492409e+01 1.204656e+01 1.179545e+02
      vertex   1.492409e+01 1.230476e+01 1.194722e+02
    endloop
  endfacet
  facet normal 1.000000e+00 0.000000e+00 0.000000e+00
    outer loop
      vertex   1.492409e+01 1.230476e+01 1.194722e+02
      vertex   1.492409e+01 1.204656e+01 1.179545e+02
      vertex   1.492409e+01 1.262702e+01 1.179883e+02
    endloop
  endfacet
  facet normal 1.000000e+00 0.000000e+00 0.000000e+00
    outer loop
      vertex   1.492409e+01 1.230476e+01 1.194722e+02
      vertex   1.492409e+01 1.262702e+01 1.179883e+02
      vertex   1.492409e+01 1.262702e+01 1.194383e+02
    endloop
  endfacet
  facet normal 1.000000e+00 -0.000000e+00 0.000000e+00
    outer loop
      vertex   1.492409e+01 1.262702e+01 1.194383e+02
      vertex   1.492409e+01 1.262702e+01 1.179883e+02
      vertex   1.492409e+01 1.294929e+01 1.194722e+02
    endloop
  endfacet
  facet normal 1.000000e+00 0.000000e+00 0.000000e+00
    outer loop
      vertex   1.492409e+01 1.294929e+01 1.194722e+02
      vertex   1.492409e+01 1.262702e+01 1.179883e+02
      vertex   1.492409e+01 1.320749e+01 1.179545e+02
    endloop
  endfacet
  facet normal 1.000000e+00 -0.000000e+00 0.000000e+00
    outer loop
      vertex   1.492409e+01 1.294929e+01 1.194722e+02
      vertex   1.492409e+01 1.320749e+01 1.179545e+02
      vertex   1.492409e+01 1.325747e+01 1.195723e+02
    endloop
  endfacet
  facet normal 1.000000e+00 0.000000e+00 0.000000e+00
    outer loop
      vertex   1.492409e+01 1.325747e+01 1.195723e+02
      vertex   1.492409e+01 1.320749e+01 1.179545e+02
      vertex   1.492409e+01 1.378010e+01 1.178535e+02
    endloop
  endfacet
  facet normal 1.000000e+00 -0.000000e+00 0.000000e+00
    outer loop
      vertex   1.492409e+01 1.325747e+01 1.195723e+02
      vertex   1.492409e+01 1.378010e+01 1.178535e+02
      vertex   1.492409e+01 1.353809e+01 1.197343e+02
    endloop
  endfacet
  facet normal 1.000000e+00 0.000000e+00 0.000000e+00
    outer loop
      vertex   1.492409e+01 1.353809e+01 1.197343e+02
      vertex   1.492409e+01 1.378010e+01 1.178535e+02
      vertex   1.492409e+01 1.433713e+01 1.176868e+02
    endloop
  endfacet
  facet normal 1.000000e+00 -0.000000e+00 0.000000e+00
    outer loop
      vertex   1.492409e+01 1.353809e+01 1.197343e+02
      vertex   1.492409e+01 1.433713e+01 1.176868e+02
      vertex   1.492409e+01 1.377890e+01 1.199512e+02
    endloop
  endfacet
  facet normal 1.000000e+00 0.000000e+00 0.000000e+00
    outer loop
      vertex   1.492409e+01 1.377890e+01 1.199512e+02
      vertex   1.492409e+01 1.433713e+01 1.176868e+02
      vertex   1.492409e+01 1.487102e+01 1.174565e+02
    endloop
  endfacet
  facet normal 1.000000e+00 -0.000000e+00 0.000000e+00
    outer loop
      vertex   1.492409e+01 1.377890e+01 1.199512e+02
      vertex   1.492409e+01 1.487102e+01 1.174565e+02
      vertex   1.492409e+01 1.396936e+01 1.202133e+02
    endloop
  endfacet
  facet normal 1.000000e+00 0.000000e+00 0.000000e+00
    outer loop
      vertex   1.492409e+01 1.396936e+01 1.202133e+02
      vertex   1.492409e+01 1.487102e+01 1.174565e+02
      vertex   1.492409e+01 1.537457e+01 1.171657e+02
    endloop
  endfacet
  facet normal 1.000000e+00 -0.000000e+00 0.000000e+00
    outer loop
      vertex   1.492409e+01 1.396936e+01 1.202133e+02
      vertex   1.492409e+01 1.537457e+01 1.171657e+02
      vertex   1.492409e+01 1.410116e+01 1.205093e+02
    endloop
  endfacet
  facet normal 1.000000e+00 0.000000e+00 0.000000e+00
    outer loop
      vertex   1.492409e+01 1.410116e+01 1.205093e+02
      vertex   1.492409e+01 1.537457e+01 1.171657e+02
      vertex   1.492409e+01 1.584096e+01 1.168185e+02
    endloop
  endfacet
  facet normal 1.000000e+00 -0.000000e+00 0.000000e+00
    outer loop
      vertex   1.492409e+01 1.410116e+01 1.205093e+02
      vertex   1.492409e+01 1.584096e+01 1.168185e+02
      vertex   1.492409e+01 1.416853e+01 1.208263e+02
    endloop
  endfacet
  facet normal 1.000000e+00 0.000000e+00 0.000000e+00
    outer loop
      vertex   1.492409e+01 1.416853e+01 1.208263e+02
      vertex   1.492409e+01 1.584096e+01 1.168185e+02
      vertex   1.492409e+01 1.626389e+01 1.164195e+02
    endloop
  endfacet
  facet normal 1.000000e+00 -0.000000e+00 0.000000e+00
    outer loop
      vertex   1.492409e+01 1.416853e+01 1.208263e+02
      vertex   1.492409e+01 1.626389e+01 1.164195e+02
      vertex   1.492409e+01 1.416853e+01 1.211503e+02
    endloop
  endfacet
  facet normal 1.000000e+00 -0.000000e+00 0.000000e+00
    outer loop
      vertex   1.492409e+01 1.416853e+01 1.211503e+02
      vertex   1.492409e+01 1.626389e+01 1.164195e+02
      vertex   1.492409e+01 3.037702e+01 1.262383e+02
    endloop
  endfacet
  facet normal 1.000000e+00 -3.318604e-16 2.674300e-16
    outer loop
      vertex   1.492409e+01 2.613342e+00 1.216652e+02
      vertex   1.492409e+01 2.019853e+00 1.209287e+02
      vertex   1.492409e+01 9.413086e+00 1.168185e+02
    endloop
  endfacet
  facet normal 1.000000e+00 -3.023638e-16 3.204869e-16
    outer loop
      vertex   1.492409e+01 9.413086e+00 1.168185e+02
      vertex   1.492409e+01 2.019853e+00 1.209287e+02
      vertex   1.492409e+01 8.990156e+00 1.164195e+02
    endloop
  endfacet
  facet normal 1.000000e+00 -3.517151e-16 2.442002e-16
    outer loop
      vertex   1.492409e+01 8.990156e+00 1.164195e+02
      vertex   1.492409e+01 2.019853e+00 1.209287e+02
      vertex   1.492409e+01 1.480415e+00 1.201518e+02
    endloop
  endfacet
  facet normal 1.000000e+00 -3.338547e-16 2.801373e-16
    outer loop
      vertex   1.492409e+01 8.990156e+00 1.164195e+02
      vertex   1.492409e+01 1.480415e+00 1.201518e+02
      vertex   1.492409e+01 8.616408e+00 1.159741e+02
    endloop
  endfacet
  facet normal 1.000000e+00 -3.695071e-16 2.192387e-16
    outer loop
      vertex   1.492409e+01 8.616408e+00 1.159741e+02
      vertex   1.492409e+01 1.480415e+00 1.201518e+02
      vertex   1.492409e+01 9.977777e-01 1.193384e+02
    endloop
  endfacet
  facet normal 1.000000e+00 -3.613663e-16 2.376743e-16
    outer loop
      vertex   1.492409e+01 8.616408e+00 1.159741e+02
      vertex   1.492409e+01 9.977777e-01 1.193384e+02
      vertex   1.492409e+01 8.296897e+00 1.154883e+02
    endloop
  endfacet
  facet normal 1.000000e+00 -3.850631e-16 1.927488e-16
    outer loop
      vertex   1.492409e+01 8.296897e+00 1.154883e+02
      vertex   1.492409e+01 9.977777e-01 1.193384e+02
      vertex   1.492409e+01 5.744004e-01 1.184926e+02
    endloop
  endfacet
  facet normal 1.000000e+00 -3.962032e-16 1.641127e-16
    outer loop
      vertex   1.492409e+01 8.296897e+00 1.154883e+02
      vertex   1.492409e+01 5.744004e-01 1.184926e+02
      vertex   1.492409e+01 2.124405e-01 1.176187e+02
    endloop
  endfacet
  facet normal 1.000000e+00 -3.880888e-16 1.949055e-16
    outer loop
      vertex   1.492409e+01 8.296897e+00 1.154883e+02
      vertex   1.492409e+01 2.124405e-01 1.176187e+02
      vertex   1.492409e+01 8.035944e+00 1.149687e+02
    endloop
  endfacet
  facet normal 1.000000e+00 -4.080995e-16 1.358286e-16
    outer loop
      vertex   1.492409e+01 8.035944e+00 1.149687e+02
      vertex   1.492409e+01 2.124405e-01 1.176187e+02
      vertex   1.492409e+01 -8.625754e-02 1.167213e+02
    endloop
  endfacet
  facet normal 1.000000e+00 -4.055572e-16 1.476108e-16
    outer loop
      vertex   1.492409e+01 8.035944e+00 1.149687e+02
      vertex   1.492409e+01 -8.625754e-02 1.167213e+02
      vertex   1.492409e+01 7.837077e+00 1.144223e+02
    endloop
  endfacet
  facet normal 1.000000e+00 6.297466e-16 3.715802e-15
    outer loop
      vertex   1.492409e+01 7.837077e+00 1.144223e+02
      vertex   1.492409e+01 -8.625754e-02 1.167213e+02
      vertex   1.492409e+01 -3.201716e-01 1.158048e+02
    endloop
  endfacet
  facet normal 1.000000e+00 0.000000e+00 0.000000e+00
    outer loop
      vertex   1.492409e+01 7.837077e+00 1.144223e+02
      vertex   1.492409e+01 -3.201716e-01 1.158048e+02
      vertex   1.492409e+01 7.702986e+00 1.138565e+02
    endloop
  endfacet
  facet normal 1.000000e+00 0.000000e+00 0.000000e+00
    outer loop
      vertex   1.492409e+01 7.702986e+00 1.138565e+02
      vertex   1.492409e+01 -3.201716e-01 1.158048e+02
      vertex   1.492409e+01 -4.881097e-01 1.148740e+02
    endloop
  endfacet
  facet normal 1.000000e+00 0.000000e+00 0.000000e+00
    outer loop
      vertex   1.492409e+01 7.702986e+00 1.138565e+02
      vertex   1.492409e+01 -4.881097e-01 1.148740e+02
      vertex   1.492409e+01 -5.892162e-01 1.139335e+02
    endloop
  endfacet
  facet normal 1.000000e+00 0.000000e+00 0.000000e+00
    outer loop
      vertex   1.492409e+01 7.702986e+00 1.138565e+02
      vertex   1.492409e+01 -5.892162e-01 1.139335e+02
      vertex   1.492409e+01 7.635484e+00 1.132790e+02
    endloop
  endfacet
  facet normal 1.000000e+00 0.000000e+00 0.000000e+00
    outer loop
      vertex   1.492409e+01 7.635484e+00 1.132790e+02
      vertex   1.492409e+01 -5.892162e-01 1.139335e+02
      vertex   1.492409e+01 -6.229756e-01 1.129883e+02
    endloop
  endfacet
  facet normal 1.000000e+00 0.000000e+00 0.000000e+00
    outer loop
      vertex   1.492409e+01 7.635484e+00 1.132790e+02
      vertex   1.492409e+01 -6.229756e-01 1.129883e+02
      vertex   1.492409e+01 7.635484e+00 1.126976e+02
    endloop
  endfacet
  facet normal 1.000000e+00 0.000000e+00 0.000000e+00
    outer loop
      vertex   1.492409e+01 7.635484e+00 1.126976e+02
      vertex   1.492409e+01 -6.229756e-01 1.129883e+02
      vertex   1.492409e+01 -5.892162e-01 1.120431e+02
    endloop
  endfacet
  facet normal 1.000000e+00 0.000000e+00 0.000000e+00
    outer loop
      vertex   1.492409e+01 7.635484e+00 1.126976e+02
      vertex   1.492409e+01 -5.892162e-01 1.120431e+02
      vertex   1.492409e+01 7.702986e+00 1.121201e+02
    endloop
  endfacet
  facet normal 1.000000e+00 0.000000e+00 0.000000e+00
    outer loop
      vertex   1.492409e+01 7.702986e+00 1.121201e+02
      vertex   1.492409e+01 -5.892162e-01 1.120431e+02
      vertex   1.492409e+01 -4.881097e-01 1.111026e+02
    endloop
  endfacet
  facet normal 1.000000e+00 0.000000e+00 0.000000e+00
    outer loop
      vertex   1.492409e+01 7.702986e+00 1.121201e+02
      vertex   1.492409e+01 -4.881097e-01 1.111026e+02
      vertex   1.492409e+01 -3.201716e-01 1.101718e+02
    endloop
  endfacet
  facet normal 1.000000e+00 0.000000e+00 0.000000e+00
    outer loop
      vertex   1.492409e+01 7.702986e+00 1.121201e+02
      vertex   1.492409e+01 -3.201716e-01 1.101718e+02
      vertex   1.492409e+01 7.837077e+00 1.115543e+02
    endloop
  endfacet
  facet normal 1.000000e+00 -3.148733e-16 1.857901e-15
    outer loop
      vertex   1.492409e+01 7.837077e+00 1.115543e+02
      vertex   1.492409e+01 -3.201716e-01 1.101718e+02
      vertex   1.492409e+01 -8.625754e-02 1.092553e+02
    endloop
  endfacet
  facet normal 1.000000e+00 2.027786e-16 7.380538e-17
    outer loop
      vertex   1.492409e+01 7.837077e+00 1.115543e+02
      vertex   1.492409e+01 -8.625754e-02 1.092553e+02
      vertex   1.492409e+01 8.035944e+00 1.110079e+02
    endloop
  endfacet
  facet normal 1.000000e+00 2.040498e-16 6.791428e-17
    outer loop
      vertex   1.492409e+01 8.035944e+00 1.110079e+02
      vertex   1.492409e+01 -8.625754e-02 1.092553e+02
      vertex   1.492409e+01 2.124405e-01 1.083579e+02
    endloop
  endfacet
  facet normal 1.000000e+00 1.940444e-16 9.745275e-17
    outer loop
      vertex   1.492409e+01 8.035944e+00 1.110079e+02
      vertex   1.492409e+01 2.124405e-01 1.083579e+02
      vertex   1.492409e+01 8.296897e+00 1.104883e+02
    endloop
  endfacet
  facet normal 1.000000e+00 1.981016e-16 8.205637e-17
    outer loop
      vertex   1.492409e+01 8.296897e+00 1.104883e+02
      vertex   1.492409e+01 2.124405e-01 1.083579e+02
      vertex   1.492409e+01 5.744004e-01 1.074841e+02
    endloop
  endfacet
  facet normal 1.000000e+00 1.925315e-16 9.637440e-17
    outer loop
      vertex   1.492409e+01 8.296897e+00 1.104883e+02
      vertex   1.492409e+01 5.744004e-01 1.074841e+02
      vertex   1.492409e+01 9.977777e-01 1.066383e+02
    endloop
  endfacet
  facet normal 1.000000e+00 1.806831e-16 1.188372e-16
    outer loop
      vertex   1.492409e+01 8.296897e+00 1.104883e+02
      vertex   1.492409e+01 9.977777e-01 1.066383e+02
      vertex   1.492409e+01 8.616408e+00 1.100025e+02
    endloop
  endfacet
  facet normal 1.000000e+00 1.847536e-16 1.096194e-16
    outer loop
      vertex   1.492409e+01 8.616408e+00 1.100025e+02
      vertex   1.492409e+01 9.977777e-01 1.066383e+02
      vertex   1.492409e+01 1.480415e+00 1.058248e+02
    endloop
  endfacet
  facet normal 1.000000e+00 1.669273e-16 1.400687e-16
    outer loop
      vertex   1.492409e+01 8.616408e+00 1.100025e+02
      vertex   1.492409e+01 1.480415e+00 1.058248e+02
      vertex   1.492409e+01 8.990156e+00 1.095571e+02
    endloop
  endfacet
  facet normal 1.000000e+00 1.758576e-16 1.221001e-16
    outer loop
      vertex   1.492409e+01 8.990156e+00 1.095571e+02
      vertex   1.492409e+01 1.480415e+00 1.058248e+02
      vertex   1.492409e+01 2.019853e+00 1.050479e+02
    endloop
  endfacet
  facet normal 1.000000e+00 1.511819e-16 1.602435e-16
    outer loop
      vertex   1.492409e+01 8.990156e+00 1.095571e+02
      vertex   1.492409e+01 2.019853e+00 1.050479e+02
      vertex   1.492409e+01 9.413086e+00 1.091581e+02
    endloop
  endfacet
  facet normal 1.000000e+00 1.659302e-16 1.337150e-16
    outer loop
      vertex   1.492409e+01 9.413086e+00 1.091581e+02
      vertex   1.492409e+01 2.019853e+00 1.050479e+02
      vertex   1.492409e+01 2.613342e+00 1.043114e+02
    endloop
  endfacet
  facet normal 1.000000e+00 1.570307e-16 1.462007e-16
    outer loop
      vertex   1.492409e+01 9.413086e+00 1.091581e+02
      vertex   1.492409e+01 2.613342e+00 1.043114e+02
      vertex   1.492409e+01 3.257860e+00 1.036191e+02
    endloop
  endfacet
  facet normal 1.000000e+00 1.875325e-16 2.014241e-16
    outer loop
      vertex   1.492409e+01 3.950120e+00 1.029746e+02
      vertex   1.492409e+01 1.108552e+01 1.051503e+02
      vertex   1.492409e+01 3.257860e+00 1.036191e+02
    endloop
  endfacet
  facet normal 1.000000e+00 2.367784e-16 -5.032879e-17
    outer loop
      vertex   1.492409e+01 3.257860e+00 1.036191e+02
      vertex   1.492409e+01 1.108552e+01 1.051503e+02
      vertex   1.492409e+01 1.115289e+01 1.054673e+02
    endloop
  endfacet
  facet normal 1.000000e+00 2.065797e-16 7.867607e-17
    outer loop
      vertex   1.492409e+01 3.257860e+00 1.036191e+02
      vertex   1.492409e+01 1.115289e+01 1.054673e+02
      vertex   1.492409e+01 9.879479e+00 1.088109e+02
    endloop
  endfacet
  facet normal 1.000000e+00 0.000000e+00 0.000000e+00
    outer loop
      vertex   1.492409e+01 9.879479e+00 1.088109e+02
      vertex   1.492409e+01 1.115289e+01 1.054673e+02
      vertex   1.492409e+01 1.128468e+01 1.057633e+02
    endloop
  endfacet
  facet normal 1.000000e+00 0.000000e+00 0.000000e+00
    outer loop
      vertex   1.492409e+01 9.879479e+00 1.088109e+02
      vertex   1.492409e+01 1.128468e+01 1.057633e+02
      vertex   1.492409e+01 1.038303e+01 1.085201e+02
    endloop
  endfacet
  facet normal 1.000000e+00 0.000000e+00 0.000000e+00
    outer loop
      vertex   1.492409e+01 1.038303e+01 1.085201e+02
      vertex   1.492409e+01 1.128468e+01 1.057633e+02
      vertex   1.492409e+01 1.147515e+01 1.060255e+02
    endloop
  endfacet
  facet normal 1.000000e+00 0.000000e+00 0.000000e+00
    outer loop
      vertex   1.492409e+01 1.038303e+01 1.085201e+02
      vertex   1.492409e+01 1.147515e+01 1.060255e+02
      vertex   1.492409e+01 1.091692e+01 1.082898e+02
    endloop
  endfacet
  facet normal 1.000000e+00 0.000000e+00 0.000000e+00
    outer loop
      vertex   1.492409e+01 1.091692e+01 1.082898e+02
      vertex   1.492409e+01 1.147515e+01 1.060255e+02
      vertex   1.492409e+01 1.171596e+01 1.062423e+02
    endloop
  endfacet
  facet normal 1.000000e+00 0.000000e+00 0.000000e+00
    outer loop
      vertex   1.492409e+01 1.091692e+01 1.082898e+02
      vertex   1.492409e+01 1.171596e+01 1.062423e+02
      vertex   1.492409e+01 1.147395e+01 1.081231e+02
    endloop
  endfacet
  facet normal 1.000000e+00 0.000000e+00 0.000000e+00
    outer loop
      vertex   1.492409e+01 1.147395e+01 1.081231e+02
      vertex   1.492409e+01 1.171596e+01 1.062423e+02
      vertex   1.492409e+01 1.199658e+01 1.064043e+02
    endloop
  endfacet
  facet normal 1.000000e+00 0.000000e+00 0.000000e+00
    outer loop
      vertex   1.492409e+01 1.147395e+01 1.081231e+02
      vertex   1.492409e+01 1.199658e+01 1.064043e+02
      vertex   1.492409e+01 1.204656e+01 1.080221e+02
    endloop
  endfacet
  facet normal 1.000000e+00 0.000000e+00 0.000000e+00
    outer loop
      vertex   1.492409e+01 1.204656e+01 1.080221e+02
      vertex   1.492409e+01 1.199658e+01 1.064043e+02
      vertex   1.492409e+01 1.230476e+01 1.065044e+02
    endloop
  endfacet
  facet normal 1.000000e+00 0.000000e+00 0.000000e+00
    outer loop
      vertex   1.492409e+01 1.204656e+01 1.080221e+02
      vertex   1.492409e+01 1.230476e+01 1.065044e+02
      vertex   1.492409e+01 1.262702e+01 1.079883e+02
    endloop
  endfacet
  facet normal 1.000000e+00 0.000000e+00 0.000000e+00
    outer loop
      vertex   1.492409e+01 1.262702e+01 1.079883e+02
      vertex   1.492409e+01 1.230476e+01 1.065044e+02
      vertex   1.492409e+01 1.262702e+01 1.065383e+02
    endloop
  endfacet
  facet normal 1.000000e+00 0.000000e+00 0.000000e+00
    outer loop
      vertex   1.492409e+01 1.262702e+01 1.079883e+02
      vertex   1.492409e+01 1.262702e+01 1.065383e+02
      vertex   1.492409e+01 1.294929e+01 1.065044e+02
    endloop
  endfacet
  facet normal 1.000000e+00 1.806108e-16 2.241243e-16
    outer loop
      vertex   1.492409e+01 3.950120e+00 1.029746e+02
      vertex   1.492409e+01 4.686595e+00 1.023811e+02
      vertex   1.492409e+01 1.108552e+01 1.051503e+02
    endloop
  endfacet
  facet normal 1.000000e+00 2.776026e-16 0.000000e+00
    outer loop
      vertex   1.492409e+01 1.108552e+01 1.051503e+02
      vertex   1.492409e+01 4.686595e+00 1.023811e+02
      vertex   1.492409e+01 1.108552e+01 1.048263e+02
    endloop
  endfacet
  facet normal 1.000000e+00 1.790572e-16 2.578915e-16
    outer loop
      vertex   1.492409e+01 1.108552e+01 1.048263e+02
      vertex   1.492409e+01 4.686595e+00 1.023811e+02
      vertex   1.492409e+01 5.463534e+00 1.018417e+02
    endloop
  endfacet
  facet normal 1.000000e+00 2.839274e-16 6.035064e-17
    outer loop
      vertex   1.492409e+01 1.108552e+01 1.048263e+02
      vertex   1.492409e+01 5.463534e+00 1.018417e+02
      vertex   1.492409e+01 1.115289e+01 1.045093e+02
    endloop
  endfacet
  facet normal 1.000000e+00 1.744021e-16 2.939391e-16
    outer loop
      vertex   1.492409e+01 1.115289e+01 1.045093e+02
      vertex   1.492409e+01 5.463534e+00 1.018417e+02
      vertex   1.492409e+01 6.276975e+00 1.013591e+02
    endloop
  endfacet
  facet normal 1.000000e+00 1.590385e-16 3.177185e-16
    outer loop
      vertex   1.492409e+01 1.115289e+01 1.045093e+02
      vertex   1.492409e+01 6.276975e+00 1.013591e+02
      vertex   1.492409e+01 7.122775e+00 1.009357e+02
    endloop
  endfacet
  facet normal 1.000000e+00 3.160102e-16 1.406968e-16
    outer loop
      vertex   1.492409e+01 1.115289e+01 1.045093e+02
      vertex   1.492409e+01 7.122775e+00 1.009357e+02
      vertex   1.492409e+01 1.128468e+01 1.042133e+02
    endloop
  endfacet
  facet normal 1.000000e+00 1.471128e-16 3.551617e-16
    outer loop
      vertex   1.492409e+01 1.128468e+01 1.042133e+02
      vertex   1.492409e+01 7.122775e+00 1.009357e+02
      vertex   1.492409e+01 7.996624e+00 1.005737e+02
    endloop
  endfacet
  facet normal 1.000000e+00 2.994344e-16 2.175518e-16
    outer loop
      vertex   1.492409e+01 1.128468e+01 1.042133e+02
      vertex   1.492409e+01 7.996624e+00 1.005737e+02
      vertex   1.492409e+01 1.147515e+01 1.039512e+02
    endloop
  endfacet
  facet normal 1.000000e+00 1.303644e-16 3.916825e-16
    outer loop
      vertex   1.492409e+01 1.147515e+01 1.039512e+02
      vertex   1.492409e+01 7.996624e+00 1.005737e+02
      vertex   1.492409e+01 8.894068e+00 1.002750e+02
    endloop
  endfacet
  facet normal 1.000000e+00 2.665667e-16 2.960523e-16
    outer loop
      vertex   1.492409e+01 1.147515e+01 1.039512e+02
      vertex   1.492409e+01 8.894068e+00 1.002750e+02
      vertex   1.492409e+01 1.171596e+01 1.037343e+02
    endloop
  endfacet
  facet normal 1.000000e+00 -1.495776e-15 1.733664e-15
    outer loop
      vertex   1.492409e+01 1.171596e+01 1.037343e+02
      vertex   1.492409e+01 8.894068e+00 1.002750e+02
      vertex   1.492409e+01 9.810534e+00 1.000411e+02
    endloop
  endfacet
  facet normal 1.000000e+00 4.279209e-16 7.411808e-16
    outer loop
      vertex   1.492409e+01 1.171596e+01 1.037343e+02
      vertex   1.492409e+01 9.810534e+00 1.000411e+02
      vertex   1.492409e+01 1.199658e+01 1.035723e+02
    endloop
  endfacet
  facet normal 1.000000e+00 1.632818e-16 9.050100e-16
    outer loop
      vertex   1.492409e+01 1.199658e+01 1.035723e+02
      vertex   1.492409e+01 9.810534e+00 1.000411e+02
      vertex   1.492409e+01 1.074135e+01 9.987317e+01
    endloop
  endfacet
  facet normal 1.000000e+00 2.810689e-16 8.650413e-16
    outer loop
      vertex   1.492409e+01 1.199658e+01 1.035723e+02
      vertex   1.492409e+01 1.074135e+01 9.987317e+01
      vertex   1.492409e+01 1.230476e+01 1.034722e+02
    endloop
  endfacet
  facet normal 1.000000e+00 1.013929e-16 9.430925e-16
    outer loop
      vertex   1.492409e+01 1.230476e+01 1.034722e+02
      vertex   1.492409e+01 1.074135e+01 9.987317e+01
      vertex   1.492409e+01 1.168178e+01 9.977206e+01
    endloop
  endfacet
  facet normal 1.000000e+00 9.916249e-17 9.434681e-16
    outer loop
      vertex   1.492409e+01 1.230476e+01 1.034722e+02
      vertex   1.492409e+01 1.168178e+01 9.977206e+01
      vertex   1.492409e+01 1.262702e+01 1.034383e+02
    endloop
  endfacet
  facet normal 1.000000e+00 3.758514e-15 0.000000e+00
    outer loop
      vertex   1.492409e+01 1.262702e+01 1.034383e+02
      vertex   1.492409e+01 1.168178e+01 9.977206e+01
      vertex   1.492409e+01 1.262702e+01 9.973830e+01
    endloop
  endfacet
  facet normal 1.000000e+00 -0.000000e+00 0.000000e+00
    outer loop
      vertex   1.492409e+01 1.262702e+01 1.034383e+02
      vertex   1.492409e+01 1.262702e+01 9.973830e+01
      vertex   1.492409e+01 1.294929e+01 1.034722e+02
    endloop
  endfacet
  facet normal 1.000000e+00 -0.000000e+00 0.000000e+00
    outer loop
      vertex   1.492409e+01 1.294929e+01 1.034722e+02
      vertex   1.492409e+01 1.262702e+01 9.973830e+01
      vertex   1.492409e+01 1.325747e+01 1.035723e+02
    endloop
  endfacet
  facet normal 1.000000e+00 -0.000000e+00 0.000000e+00
    outer loop
      vertex   1.492409e+01 1.325747e+01 1.035723e+02
      vertex   1.492409e+01 1.262702e+01 9.973830e+01
      vertex   1.492409e+01 1.353809e+01 1.037343e+02
    endloop
  endfacet
  facet normal 1.000000e+00 -0.000000e+00 0.000000e+00
    outer loop
      vertex   1.492409e+01 1.353809e+01 1.037343e+02
      vertex   1.492409e+01 1.262702e+01 9.973830e+01
      vertex   1.492409e+01 1.377890e+01 1.039512e+02
    endloop
  endfacet
  facet normal 1.000000e+00 -0.000000e+00 0.000000e+00
    outer loop
      vertex   1.492409e+01 1.377890e+01 1.039512e+02
      vertex   1.492409e+01 1.262702e+01 9.973830e+01
      vertex   1.492409e+01 1.396936e+01 1.042133e+02
    endloop
  endfacet
  facet normal 1.000000e+00 0.000000e+00 0.000000e+00
    outer loop
      vertex   1.492409e+01 1.396936e+01 1.042133e+02
      vertex   1.492409e+01 1.262702e+01 9.973830e+01
      vertex   1.492409e+01 3.037702e+01 9.973830e+01
    endloop
  endfacet
  facet normal 1.000000e+00 -0.000000e+00 0.000000e+00
    outer loop
      vertex   1.492409e+01 1.396936e+01 1.042133e+02
      vertex   1.492409e+01 3.037702e+01 9.973830e+01
      vertex   1.492409e+01 1.410116e+01 1.045093e+02
    endloop
  endfacet
  facet normal 1.000000e+00 -0.000000e+00 0.000000e+00
    outer loop
      vertex   1.492409e+01 1.410116e+01 1.045093e+02
      vertex   1.492409e+01 3.037702e+01 9.973830e+01
      vertex   1.492409e+01 1.416853e+01 1.048263e+02
    endloop
  endfacet
  facet normal 1.000000e+00 -0.000000e+00 0.000000e+00
    outer loop
      vertex   1.492409e+01 1.416853e+01 1.048263e+02
      vertex   1.492409e+01 3.037702e+01 9.973830e+01
      vertex   1.492409e+01 1.626389e+01 1.095571e+02
    endloop
  endfacet
  facet normal 1.000000e+00 0.000000e+00 0.000000e+00
    outer loop
      vertex   1.492409e+01 1.416853e+01 1.048263e+02
      vertex   1.492409e+01 1.626389e+01 1.095571e+02
      vertex   1.492409e+01 1.416853e+01 1.051503e+02
    endloop
  endfacet
  facet normal 1.000000e+00 0.000000e+00 0.000000e+00
    outer loop
      vertex   1.492409e+01 1.416853e+01 1.051503e+02
      vertex   1.492409e+01 1.626389e+01 1.095571e+02
      vertex   1.492409e+01 1.584096e+01 1.091581e+02
    endloop
  endfacet
  facet normal 1.000000e+00 0.000000e+00 -0.000000e+00
    outer loop
      vertex   1.492409e+01 1.416853e+01 1.051503e+02
      vertex   1.492409e+01 1.584096e+01 1.091581e+02
      vertex   1.492409e+01 1.410116e+01 1.054673e+02
    endloop
  endfacet
  facet normal 1.000000e+00 0.000000e+00 0.000000e+00
    outer loop
      vertex   1.492409e+01 1.410116e+01 1.054673e+02
      vertex   1.492409e+01 1.584096e+01 1.091581e+02
      vertex   1.492409e+01 1.537457e+01 1.088109e+02
    endloop
  endfacet
  facet normal 1.000000e+00 0.000000e+00 -0.000000e+00
    outer loop
      vertex   1.492409e+01 1.410116e+01 1.054673e+02
      vertex   1.492409e+01 1.537457e+01 1.088109e+02
      vertex   1.492409e+01 1.396936e+01 1.057633e+02
    endloop
  endfacet
  facet normal 1.000000e+00 0.000000e+00 0.000000e+00
    outer loop
      vertex   1.492409e+01 1.396936e+01 1.057633e+02
      vertex   1.492409e+01 1.537457e+01 1.088109e+02
      vertex   1.492409e+01 1.487102e+01 1.085201e+02
    endloop
  endfacet
  facet normal 1.000000e+00 0.000000e+00 -0.000000e+00
    outer loop
      vertex   1.492409e+01 1.396936e+01 1.057633e+02
      vertex   1.492409e+01 1.487102e+01 1.085201e+02
      vertex   1.492409e+01 1.377890e+01 1.060255e+02
    endloop
  endfacet
  facet normal 1.000000e+00 0.000000e+00 0.000000e+00
    outer loop
      vertex   1.492409e+01 1.377890e+01 1.060255e+02
      vertex   1.492409e+01 1.487102e+01 1.085201e+02
      vertex   1.492409e+01 1.433713e+01 1.082898e+02
    endloop
  endfacet
  facet normal 1.000000e+00 0.000000e+00 -0.000000e+00
    outer loop
      vertex   1.492409e+01 1.377890e+01 1.060255e+02
      vertex   1.492409e+01 1.433713e+01 1.082898e+02
      vertex   1.492409e+01 1.353809e+01 1.062423e+02
    endloop
  endfacet
  facet normal 1.000000e+00 0.000000e+00 0.000000e+00
    outer loop
      vertex   1.492409e+01 1.353809e+01 1.062423e+02
      vertex   1.492409e+01 1.433713e+01 1.082898e+02
      vertex   1.492409e+01 1.378010e+01 1.081231e+02
    endloop
  endfacet
  facet normal 1.000000e+00 0.000000e+00 -0.000000e+00
    outer loop
      vertex   1.492409e+01 1.353809e+01 1.062423e+02
      vertex   1.492409e+01 1.378010e+01 1.081231e+02
      vertex   1.492409e+01 1.325747e+01 1.064043e+02
    endloop
  endfacet
  facet normal 1.000000e+00 0.000000e+00 -0.000000e+00
    outer loop
      vertex   1.492409e+01 1.325747e+01 1.064043e+02
      vertex   1.492409e+01 1.378010e+01 1.081231e+02
      vertex   1.492409e+01 1.320749e+01 1.080221e+02
    endloop
  endfacet
  facet normal 1.000000e+00 0.000000e+00 0.000000e+00
    outer loop
      vertex   1.492409e+01 1.325747e+01 1.064043e+02
      vertex   1.492409e+01 1.320749e+01 1.080221e+02
      vertex   1.492409e+01 1.294929e+01 1.065044e+02
    endloop
  endfacet
  facet normal 1.000000e+00 0.000000e+00 -0.000000e+00
    outer loop
      vertex   1.492409e+01 1.294929e+01 1.065044e+02
      vertex   1.492409e+01 1.320749e+01 1.080221e+02
      vertex   1.492409e+01 1.262702e+01 1.079883e+02
    endloop
  endfacet
  facet normal 1.000000e+00 -4.735567e-16 -1.006576e-16
    outer loop
      vertex   1.492409e+01 1.115289e+01 1.205093e+02
      vertex   1.492409e+01 1.108552e+01 1.208263e+02
      vertex   1.492409e+01 3.257860e+00 1.223575e+02
    endloop
  endfacet
  facet normal 1.000000e+00 -0.000000e+00 -0.000000e+00
    outer loop
      vertex   1.492409e+01 1.325747e+01 1.224043e+02
      vertex   1.492409e+01 1.353809e+01 1.222423e+02
      vertex   1.492409e+01 1.262702e+01 1.262383e+02
    endloop
  endfacet
  facet normal 1.000000e+00 0.000000e+00 0.000000e+00
    outer loop
      vertex   1.492409e+01 1.262702e+01 1.262383e+02
      vertex   1.492409e+01 1.353809e+01 1.222423e+02
      vertex   1.492409e+01 1.377890e+01 1.220255e+02
    endloop
  endfacet
  facet normal 1.000000e+00 0.000000e+00 0.000000e+00
    outer loop
      vertex   1.492409e+01 1.262702e+01 1.262383e+02
      vertex   1.492409e+01 1.377890e+01 1.220255e+02
      vertex   1.492409e+01 1.396936e+01 1.217633e+02
    endloop
  endfacet
  facet normal 1.000000e+00 1.306595e-16 1.755061e-16
    outer loop
      vertex   1.492409e+01 9.879479e+00 1.088109e+02
      vertex   1.492409e+01 9.413086e+00 1.091581e+02
      vertex   1.492409e+01 3.257860e+00 1.036191e+02
    endloop
  endfacet
  facet normal 1.000000e+00 -0.000000e+00 0.000000e+00
    outer loop
      vertex   1.492409e+01 1.626389e+01 1.164195e+02
      vertex   1.492409e+01 1.663764e+01 1.159741e+02
      vertex   1.492409e+01 3.037702e+01 1.262383e+02
    endloop
  endfacet
  facet normal 1.000000e+00 0.000000e+00 0.000000e+00
    outer loop
      vertex   1.492409e+01 3.037702e+01 1.262383e+02
      vertex   1.492409e+01 1.663764e+01 1.159741e+02
      vertex   1.492409e+01 1.695715e+01 1.154883e+02
    endloop
  endfacet
  facet normal 1.000000e+00 0.000000e+00 0.000000e+00
    outer loop
      vertex   1.492409e+01 3.037702e+01 1.262383e+02
      vertex   1.492409e+01 1.695715e+01 1.154883e+02
      vertex   1.492409e+01 1.721810e+01 1.149687e+02
    endloop
  endfacet
  facet normal 1.000000e+00 -0.000000e+00 0.000000e+00
    outer loop
      vertex   1.492409e+01 1.721810e+01 1.149687e+02
      vertex   1.492409e+01 1.741697e+01 1.144223e+02
      vertex   1.492409e+01 3.037702e+01 1.262383e+02
    endloop
  endfacet
  facet normal 1.000000e+00 0.000000e+00 0.000000e+00
    outer loop
      vertex   1.492409e+01 3.037702e+01 1.262383e+02
      vertex   1.492409e+01 1.741697e+01 1.144223e+02
      vertex   1.492409e+01 1.755106e+01 1.138565e+02
    endloop
  endfacet
  facet normal 1.000000e+00 0.000000e+00 0.000000e+00
    outer loop
      vertex   1.492409e+01 3.037702e+01 1.262383e+02
      vertex   1.492409e+01 1.755106e+01 1.138565e+02
      vertex   1.492409e+01 1.761857e+01 1.132790e+02
    endloop
  endfacet
  facet normal 1.000000e+00 -0.000000e+00 0.000000e+00
    outer loop
      vertex   1.492409e+01 1.761857e+01 1.132790e+02
      vertex   1.492409e+01 1.761857e+01 1.126976e+02
      vertex   1.492409e+01 3.037702e+01 1.262383e+02
    endloop
  endfacet
  facet normal 1.000000e+00 0.000000e+00 0.000000e+00
    outer loop
      vertex   1.492409e+01 1.741697e+01 1.115543e+02
      vertex   1.492409e+01 1.721810e+01 1.110079e+02
      vertex   1.492409e+01 3.037702e+01 9.973830e+01
    endloop
  endfacet
  facet normal 1.000000e+00 0.000000e+00 0.000000e+00
    outer loop
      vertex   1.492409e+01 3.037702e+01 9.973830e+01
      vertex   1.492409e+01 1.721810e+01 1.110079e+02
      vertex   1.492409e+01 1.695715e+01 1.104883e+02
    endloop
  endfacet
  facet normal 1.000000e+00 0.000000e+00 0.000000e+00
    outer loop
      vertex   1.492409e+01 3.037702e+01 9.973830e+01
      vertex   1.492409e+01 1.695715e+01 1.104883e+02
      vertex   1.492409e+01 1.663764e+01 1.100025e+02
    endloop
  endfacet
  facet normal 1.000000e+00 0.000000e+00 0.000000e+00
    outer loop
      vertex   1.492409e+01 1.663764e+01 1.100025e+02
      vertex   1.492409e+01 1.626389e+01 1.095571e+02
      vertex   1.492409e+01 3.037702e+01 9.973830e+01
    endloop
  endfacet
  facet normal -0.000000e+00 1.045285e-01 9.945219e-01
    outer loop
      vertex   1.292409e+01 1.230476e+01 1.034722e+02
      vertex   1.492409e+01 1.230476e+01 1.034722e+02
      vertex   1.292409e+01 1.262702e+01 1.034383e+02
    endloop
  endfacet
  facet normal -0.000000e+00 1.045285e-01 9.945219e-01
    outer loop
      vertex   1.292409e+01 1.262702e+01 1.034383e+02
      vertex   1.492409e+01 1.230476e+01 1.034722e+02
      vertex   1.492409e+01 1.262702e+01 1.034383e+02
    endloop
  endfacet
  facet normal 0.000000e+00 -1.045285e-01 9.945219e-01
    outer loop
      vertex   1.292409e+01 1.262702e+01 1.034383e+02
      vertex   1.492409e+01 1.262702e+01 1.034383e+02
      vertex   1.292409e+01 1.294929e+01 1.034722e+02
    endloop
  endfacet
  facet normal 0.000000e+00 -1.045285e-01 9.945219e-01
    outer loop
      vertex   1.292409e+01 1.294929e+01 1.034722e+02
      vertex   1.492409e+01 1.262702e+01 1.034383e+02
      vertex   1.492409e+01 1.294929e+01 1.034722e+02
    endloop
  endfacet
  facet normal 0.000000e+00 -3.090170e-01 9.510565e-01
    outer loop
      vertex   1.292409e+01 1.294929e+01 1.034722e+02
      vertex   1.492409e+01 1.294929e+01 1.034722e+02
      vertex   1.292409e+01 1.325747e+01 1.035723e+02
    endloop
  endfacet
  facet normal 0.000000e+00 -3.090170e-01 9.510565e-01
    outer loop
      vertex   1.292409e+01 1.325747e+01 1.035723e+02
      vertex   1.492409e+01 1.294929e+01 1.034722e+02
      vertex   1.492409e+01 1.325747e+01 1.035723e+02
    endloop
  endfacet
  facet normal 0.000000e+00 -5.000000e-01 8.660254e-01
    outer loop
      vertex   1.292409e+01 1.325747e+01 1.035723e+02
      vertex   1.492409e+01 1.325747e+01 1.035723e+02
      vertex   1.292409e+01 1.353809e+01 1.037343e+02
    endloop
  endfacet
  facet normal 0.000000e+00 -5.000000e-01 8.660254e-01
    outer loop
      vertex   1.292409e+01 1.353809e+01 1.037343e+02
      vertex   1.492409e+01 1.325747e+01 1.035723e+02
      vertex   1.492409e+01 1.353809e+01 1.037343e+02
    endloop
  endfacet
  facet normal 0.000000e+00 -6.691306e-01 7.431448e-01
    outer loop
      vertex   1.292409e+01 1.353809e+01 1.037343e+02
      vertex   1.492409e+01 1.353809e+01 1.037343e+02
      vertex   1.292409e+01 1.377890e+01 1.039512e+02
    endloop
  endfacet
  facet normal 0.000000e+00 -6.691306e-01 7.431448e-01
    outer loop
      vertex   1.292409e+01 1.377890e+01 1.039512e+02
      vertex   1.492409e+01 1.353809e+01 1.037343e+02
      vertex   1.492409e+01 1.377890e+01 1.039512e+02
    endloop
  endfacet
  facet normal 0.000000e+00 -8.090170e-01 5.877853e-01
    outer loop
      vertex   1.292409e+01 1.377890e+01 1.039512e+02
      vertex   1.492409e+01 1.377890e+01 1.039512e+02
      vertex   1.292409e+01 1.396936e+01 1.042133e+02
    endloop
  endfacet
  facet normal 0.000000e+00 -8.090170e-01 5.877853e-01
    outer loop
      vertex   1.292409e+01 1.396936e+01 1.042133e+02
      vertex   1.492409e+01 1.377890e+01 1.039512e+02
      vertex   1.492409e+01 1.396936e+01 1.042133e+02
    endloop
  endfacet
  facet normal 0.000000e+00 -9.135455e-01 4.067366e-01
    outer loop
      vertex   1.292409e+01 1.396936e+01 1.042133e+02
      vertex   1.492409e+01 1.396936e+01 1.042133e+02
      vertex   1.292409e+01 1.410116e+01 1.045093e+02
    endloop
  endfacet
  facet normal 0.000000e+00 -9.135455e-01 4.067366e-01
    outer loop
      vertex   1.292409e+01 1.410116e+01 1.045093e+02
      vertex   1.492409e+01 1.396936e+01 1.042133e+02
      vertex   1.492409e+01 1.410116e+01 1.045093e+02
    endloop
  endfacet
  facet normal 0.000000e+00 -9.781476e-01 2.079117e-01
    outer loop
      vertex   1.292409e+01 1.410116e+01 1.045093e+02
      vertex   1.492409e+01 1.410116e+01 1.045093e+02
      vertex   1.292409e+01 1.416853e+01 1.048263e+02
    endloop
  endfacet
  facet normal 0.000000e+00 -9.781476e-01 2.079117e-01
    outer loop
      vertex   1.292409e+01 1.416853e+01 1.048263e+02
      vertex   1.492409e+01 1.410116e+01 1.045093e+02
      vertex   1.492409e+01 1.416853e+01 1.048263e+02
    endloop
  endfacet
  facet normal 0.000000e+00 -1.000000e+00 0.000000e+00
    outer loop
      vertex   1.292409e+01 1.416853e+01 1.048263e+02
      vertex   1.492409e+01 1.416853e+01 1.048263e+02
      vertex   1.292409e+01 1.416853e+01 1.051503e+02
    endloop
  endfacet
  facet normal 0.000000e+00 -1.000000e+00 0.000000e+00
    outer loop
      vertex   1.292409e+01 1.416853e+01 1.051503e+02
      vertex   1.492409e+01 1.416853e+01 1.048263e+02
      vertex   1.492409e+01 1.416853e+01 1.051503e+02
    endloop
  endfacet
  facet normal 0.000000e+00 -9.781476e-01 -2.079117e-01
    outer loop
      vertex   1.292409e+01 1.416853e+01 1.051503e+02
      vertex   1.492409e+01 1.416853e+01 1.051503e+02
      vertex   1.292409e+01 1.410116e+01 1.054673e+02
    endloop
  endfacet
  facet normal 0.000000e+00 -9.781476e-01 -2.079117e-01
    outer loop
      vertex   1.292409e+01 1.410116e+01 1.054673e+02
      vertex   1.492409e+01 1.416853e+01 1.051503e+02
      vertex   1.492409e+01 1.410116e+01 1.054673e+02
    endloop
  endfacet
  facet normal 0.000000e+00 -9.135455e-01 -4.067366e-01
    outer loop
      vertex   1.292409e+01 1.410116e+01 1.054673e+02
      vertex   1.492409e+01 1.410116e+01 1.054673e+02
      vertex   1.292409e+01 1.396936e+01 1.057633e+02
    endloop
  endfacet
  facet normal 0.000000e+00 -9.135455e-01 -4.067366e-01
    outer loop
      vertex   1.292409e+01 1.396936e+01 1.057633e+02
      vertex   1.492409e+01 1.410116e+01 1.054673e+02
      vertex   1.492409e+01 1.396936e+01 1.057633e+02
    endloop
  endfacet
  facet normal 0.000000e+00 -8.090170e-01 -5.877853e-01
    outer loop
      vertex   1.292409e+01 1.396936e+01 1.057633e+02
      vertex   1.492409e+01 1.396936e+01 1.057633e+02
      vertex   1.292409e+01 1.377890e+01 1.060255e+02
    endloop
  endfacet
  facet normal 0.000000e+00 -8.090170e-01 -5.877853e-01
    outer loop
      vertex   1.292409e+01 1.377890e+01 1.060255e+02
      vertex   1.492409e+01 1.396936e+01 1.057633e+02
      vertex   1.492409e+01 1.377890e+01 1.060255e+02
    endloop
  endfacet
  facet normal 0.000000e+00 -6.691306e-01 -7.431448e-01
    outer loop
      vertex   1.292409e+01 1.377890e+01 1.060255e+02
      vertex   1.492409e+01 1.377890e+01 1.060255e+02
      vertex   1.292409e+01 1.353809e+01 1.062423e+02
    endloop
  endfacet
  facet normal 0.000000e+00 -6.691306e-01 -7.431448e-01
    outer loop
      vertex   1.292409e+01 1.353809e+01 1.062423e+02
      vertex   1.492409e+01 1.377890e+01 1.060255e+02
      vertex   1.492409e+01 1.353809e+01 1.062423e+02
    endloop
  endfacet
  facet normal 0.000000e+00 -5.000000e-01 -8.660254e-01
    outer loop
      vertex   1.292409e+01 1.353809e+01 1.062423e+02
      vertex   1.492409e+01 1.353809e+01 1.062423e+02
      vertex   1.292409e+01 1.325747e+01 1.064043e+02
    endloop
  endfacet
  facet normal -4.440892e-16 -5.000000e-01 -8.660254e-01
    outer loop
      vertex   1.292409e+01 1.325747e+01 1.064043e+02
      vertex   1.492409e+01 1.353809e+01 1.062423e+02
      vertex   1.492409e+01 1.325747e+01 1.064043e+02
    endloop
  endfacet
  facet normal -2.744622e-16 -3.090170e-01 -9.510565e-01
    outer loop
      vertex   1.292409e+01 1.325747e+01 1.064043e+02
      vertex   1.492409e+01 1.325747e+01 1.064043e+02
      vertex   1.292409e+01 1.294929e+01 1.065044e+02
    endloop
  endfacet
  facet normal 0.000000e+00 -3.090170e-01 -9.510565e-01
    outer loop
      vertex   1.292409e+01 1.294929e+01 1.065044e+02
      vertex   1.492409e+01 1.325747e+01 1.064043e+02
      vertex   1.492409e+01 1.294929e+01 1.065044e+02
    endloop
  endfacet
  facet normal 0.000000e+00 -1.045285e-01 -9.945219e-01
    outer loop
      vertex   1.292409e+01 1.294929e+01 1.065044e+02
      vertex   1.492409e+01 1.294929e+01 1.065044e+02
      vertex   1.292409e+01 1.262702e+01 1.065383e+02
    endloop
  endfacet
  facet normal 0.000000e+00 -1.045285e-01 -9.945219e-01
    outer loop
      vertex   1.292409e+01 1.262702e+01 1.065383e+02
      vertex   1.492409e+01 1.294929e+01 1.065044e+02
      vertex   1.492409e+01 1.262702e+01 1.065383e+02
    endloop
  endfacet
  facet normal 0.000000e+00 1.045285e-01 -9.945219e-01
    outer loop
      vertex   1.292409e+01 1.262702e+01 1.065383e+02
      vertex   1.492409e+01 1.262702e+01 1.065383e+02
      vertex   1.292409e+01 1.230476e+01 1.065044e+02
    endloop
  endfacet
  facet normal 0.000000e+00 1.045285e-01 -9.945219e-01
    outer loop
      vertex   1.292409e+01 1.230476e+01 1.065044e+02
      vertex   1.492409e+01 1.262702e+01 1.065383e+02
      vertex   1.492409e+01 1.230476e+01 1.065044e+02
    endloop
  endfacet
  facet normal 0.000000e+00 3.090170e-01 -9.510565e-01
    outer loop
      vertex   1.292409e+01 1.230476e+01 1.065044e+02
      vertex   1.492409e+01 1.230476e+01 1.065044e+02
      vertex   1.292409e+01 1.199658e+01 1.064043e+02
    endloop
  endfacet
  facet normal 5.489245e-16 3.090170e-01 -9.510565e-01
    outer loop
      vertex   1.292409e+01 1.199658e+01 1.064043e+02
      vertex   1.492409e+01 1.230476e+01 1.065044e+02
      vertex   1.492409e+01 1.199658e+01 1.064043e+02
    endloop
  endfacet
  facet normal 8.881784e-16 5.000000e-01 -8.660254e-01
    outer loop
      vertex   1.292409e+01 1.199658e+01 1.064043e+02
      vertex   1.492409e+01 1.199658e+01 1.064043e+02
      vertex   1.292409e+01 1.171596e+01 1.062423e+02
    endloop
  endfacet
  facet normal 0.000000e+00 5.000000e-01 -8.660254e-01
    outer loop
      vertex   1.292409e+01 1.171596e+01 1.062423e+02
      vertex   1.492409e+01 1.199658e+01 1.064043e+02
      vertex   1.492409e+01 1.171596e+01 1.062423e+02
    endloop
  endfacet
  facet normal 0.000000e+00 6.691306e-01 -7.431448e-01
    outer loop
      vertex   1.292409e+01 1.171596e+01 1.062423e+02
      vertex   1.492409e+01 1.171596e+01 1.062423e+02
      vertex   1.292409e+01 1.147515e+01 1.060255e+02
    endloop
  endfacet
  facet normal 0.000000e+00 6.691306e-01 -7.431448e-01
    outer loop
      vertex   1.292409e+01 1.147515e+01 1.060255e+02
      vertex   1.492409e+01 1.171596e+01 1.062423e+02
      vertex   1.492409e+01 1.147515e+01 1.060255e+02
    endloop
  endfacet
  facet normal 0.000000e+00 8.090170e-01 -5.877853e-01
    outer loop
      vertex   1.292409e+01 1.147515e+01 1.060255e+02
      vertex   1.492409e+01 1.147515e+01 1.060255e+02
      vertex   1.292409e+01 1.128468e+01 1.057633e+02
    endloop
  endfacet
  facet normal 0.000000e+00 8.090170e-01 -5.877853e-01
    outer loop
      vertex   1.292409e+01 1.128468e+01 1.057633e+02
      vertex   1.492409e+01 1.147515e+01 1.060255e+02
      vertex   1.492409e+01 1.128468e+01 1.057633e+02
    endloop
  endfacet
  facet normal 0.000000e+00 9.135455e-01 -4.067366e-01
    outer loop
      vertex   1.292409e+01 1.128468e+01 1.057633e+02
      vertex   1.492409e+01 1.128468e+01 1.057633e+02
      vertex   1.292409e+01 1.115289e+01 1.054673e+02
    endloop
  endfacet
  facet normal 0.000000e+00 9.135455e-01 -4.067366e-01
    outer loop
      vertex   1.292409e+01 1.115289e+01 1.054673e+02
      vertex   1.492409e+01 1.128468e+01 1.057633e+02
      vertex   1.492409e+01 1.115289e+01 1.054673e+02
    endloop
  endfacet
  facet normal 0.000000e+00 9.781476e-01 -2.079117e-01
    outer loop
      vertex   1.292409e+01 1.115289e+01 1.054673e+02
      vertex   1.492409e+01 1.115289e+01 1.054673e+02
      vertex   1.292409e+01 1.108552e+01 1.051503e+02
    endloop
  endfacet
  facet normal 0.000000e+00 9.781476e-01 -2.079117e-01
    outer loop
      vertex   1.292409e+01 1.108552e+01 1.051503e+02
      vertex   1.492409e+01 1.115289e+01 1.054673e+02
      vertex   1.492409e+01 1.108552e+01 1.051503e+02
    endloop
  endfacet
  facet normal -0.000000e+00 1.000000e+00 0.000000e+00
    outer loop
      vertex   1.292409e+01 1.108552e+01 1.051503e+02
      vertex   1.492409e+01 1.108552e+01 1.051503e+02
      vertex   1.292409e+01 1.108552e+01 1.048263e+02
    endloop
  endfacet
  facet normal 0.000000e+00 1.000000e+00 0.000000e+00
    outer loop
      vertex   1.292409e+01 1.108552e+01 1.048263e+02
      vertex   1.492409e+01 1.108552e+01 1.051503e+02
      vertex   1.492409e+01 1.108552e+01 1.048263e+02
    endloop
  endfacet
  facet normal -0.000000e+00 9.781476e-01 2.079117e-01
    outer loop
      vertex   1.292409e+01 1.108552e+01 1.048263e+02
      vertex   1.492409e+01 1.108552e+01 1.048263e+02
      vertex   1.292409e+01 1.115289e+01 1.045093e+02
    endloop
  endfacet
  facet normal -0.000000e+00 9.781476e-01 2.079117e-01
    outer loop
      vertex   1.292409e+01 1.115289e+01 1.045093e+02
      vertex   1.492409e+01 1.108552e+01 1.048263e+02
      vertex   1.492409e+01 1.115289e+01 1.045093e+02
    endloop
  endfacet
  facet normal -0.000000e+00 9.135455e-01 4.067366e-01
    outer loop
      vertex   1.292409e+01 1.115289e+01 1.045093e+02
      vertex   1.492409e+01 1.115289e+01 1.045093e+02
      vertex   1.292409e+01 1.128468e+01 1.042133e+02
    endloop
  endfacet
  facet normal -0.000000e+00 9.135455e-01 4.067366e-01
    outer loop
      vertex   1.292409e+01 1.128468e+01 1.042133e+02
      vertex   1.492409e+01 1.115289e+01 1.045093e+02
      vertex   1.492409e+01 1.128468e+01 1.042133e+02
    endloop
  endfacet
  facet normal -0.000000e+00 8.090170e-01 5.877853e-01
    outer loop
      vertex   1.292409e+01 1.128468e+01 1.042133e+02
      vertex   1.492409e+01 1.128468e+01 1.042133e+02
      vertex   1.292409e+01 1.147515e+01 1.039512e+02
    endloop
  endfacet
  facet normal -0.000000e+00 8.090170e-01 5.877853e-01
    outer loop
      vertex   1.292409e+01 1.147515e+01 1.039512e+02
      vertex   1.492409e+01 1.128468e+01 1.042133e+02
      vertex   1.492409e+01 1.147515e+01 1.039512e+02
    endloop
  endfacet
  facet normal -0.000000e+00 6.691306e-01 7.431448e-01
    outer loop
      vertex   1.292409e+01 1.147515e+01 1.039512e+02
      vertex   1.492409e+01 1.147515e+01 1.039512e+02
      vertex   1.292409e+01 1.171596e+01 1.037343e+02
    endloop
  endfacet
  facet normal -0.000000e+00 6.691306e-01 7.431448e-01
    outer loop
      vertex   1.292409e+01 1.171596e+01 1.037343e+02
      vertex   1.492409e+01 1.147515e+01 1.039512e+02
      vertex   1.492409e+01 1.171596e+01 1.037343e+02
    endloop
  endfacet
  facet normal -0.000000e+00 5.000000e-01 8.660254e-01
    outer loop
      vertex   1.292409e+01 1.171596e+01 1.037343e+02
      vertex   1.492409e+01 1.171596e+01 1.037343e+02
      vertex   1.292409e+01 1.199658e+01 1.035723e+02
    endloop
  endfacet
  facet normal -0.000000e+00 5.000000e-01 8.660254e-01
    outer loop
      vertex   1.292409e+01 1.199658e+01 1.035723e+02
      vertex   1.492409e+01 1.171596e+01 1.037343e+02
      vertex   1.492409e+01 1.199658e+01 1.035723e+02
    endloop
  endfacet
  facet normal -0.000000e+00 3.090170e-01 9.510565e-01
    outer loop
      vertex   1.292409e+01 1.199658e+01 1.035723e+02
      vertex   1.492409e+01 1.199658e+01 1.035723e+02
      vertex   1.292409e+01 1.230476e+01 1.034722e+02
    endloop
  endfacet
  facet normal -0.000000e+00 3.090170e-01 9.510565e-01
    outer loop
      vertex   1.292409e+01 1.230476e+01 1.034722e+02
      vertex   1.492409e+01 1.199658e+01 1.035723e+02
      vertex   1.492409e+01 1.230476e+01 1.034722e+02
    endloop
  endfacet
  facet normal 5.164298e-17 5.814483e-02 9.983082e-01
    outer loop
      vertex   1.292409e+01 1.204656e+01 1.080221e+02
      vertex   1.492409e+01 1.204656e+01 1.080221e+02
      vertex   1.292409e+01 1.262702e+01 1.079883e+02
    endloop
  endfacet
  facet normal -0.000000e+00 5.814483e-02 9.983082e-01
    outer loop
      vertex   1.292409e+01 1.262702e+01 1.079883e+02
      vertex   1.492409e+01 1.204656e+01 1.080221e+02
      vertex   1.492409e+01 1.262702e+01 1.079883e+02
    endloop
  endfacet
  facet normal 0.000000e+00 -5.814483e-02 9.983082e-01
    outer loop
      vertex   1.292409e+01 1.262702e+01 1.079883e+02
      vertex   1.492409e+01 1.262702e+01 1.079883e+02
      vertex   1.292409e+01 1.320749e+01 1.080221e+02
    endloop
  endfacet
  facet normal -1.032860e-16 -5.814483e-02 9.983082e-01
    outer loop
      vertex   1.292409e+01 1.320749e+01 1.080221e+02
      vertex   1.492409e+01 1.262702e+01 1.079883e+02
      vertex   1.492409e+01 1.320749e+01 1.080221e+02
    endloop
  endfacet
  facet normal -3.084611e-16 -1.736482e-01 9.848078e-01
    outer loop
      vertex   1.292409e+01 1.320749e+01 1.080221e+02
      vertex   1.492409e+01 1.320749e+01 1.080221e+02
      vertex   1.292409e+01 1.378010e+01 1.081231e+02
    endloop
  endfacet
  facet normal 0.000000e+00 -1.736482e-01 9.848078e-01
    outer loop
      vertex   1.292409e+01 1.378010e+01 1.081231e+02
      vertex   1.492409e+01 1.320749e+01 1.080221e+02
      vertex   1.492409e+01 1.378010e+01 1.081231e+02
    endloop
  endfacet
  facet normal 0.000000e+00 -2.868032e-01 9.579895e-01
    outer loop
      vertex   1.292409e+01 1.378010e+01 1.081231e+02
      vertex   1.492409e+01 1.378010e+01 1.081231e+02
      vertex   1.292409e+01 1.433713e+01 1.082898e+02
    endloop
  endfacet
  facet normal -2.547324e-16 -2.868032e-01 9.579895e-01
    outer loop
      vertex   1.292409e+01 1.433713e+01 1.082898e+02
      vertex   1.492409e+01 1.378010e+01 1.081231e+02
      vertex   1.492409e+01 1.433713e+01 1.082898e+02
    endloop
  endfacet
  facet normal -3.517895e-16 -3.960798e-01 9.182161e-01
    outer loop
      vertex   1.292409e+01 1.433713e+01 1.082898e+02
      vertex   1.492409e+01 1.433713e+01 1.082898e+02
      vertex   1.292409e+01 1.487102e+01 1.085201e+02
    endloop
  endfacet
  facet normal 0.000000e+00 -3.960798e-01 9.182161e-01
    outer loop
      vertex   1.292409e+01 1.487102e+01 1.085201e+02
      vertex   1.492409e+01 1.433713e+01 1.082898e+02
      vertex   1.492409e+01 1.487102e+01 1.085201e+02
    endloop
  endfacet
  facet normal 0.000000e+00 -5.000000e-01 8.660254e-01
    outer loop
      vertex   1.292409e+01 1.487102e+01 1.085201e+02
      vertex   1.492409e+01 1.487102e+01 1.085201e+02
      vertex   1.292409e+01 1.537457e+01 1.088109e+02
    endloop
  endfacet
  facet normal -8.881784e-16 -5.000000e-01 8.660254e-01
    outer loop
      vertex   1.292409e+01 1.537457e+01 1.088109e+02
      vertex   1.492409e+01 1.487102e+01 1.085201e+02
      vertex   1.492409e+01 1.537457e+01 1.088109e+02
    endloop
  endfacet
  facet normal -1.060767e-15 -5.971586e-01 8.021232e-01
    outer loop
      vertex   1.292409e+01 1.537457e+01 1.088109e+02
      vertex   1.492409e+01 1.537457e+01 1.088109e+02
      vertex   1.292409e+01 1.584096e+01 1.091581e+02
    endloop
  endfacet
  facet normal 0.000000e+00 -5.971586e-01 8.021232e-01
    outer loop
      vertex   1.292409e+01 1.584096e+01 1.091581e+02
      vertex   1.492409e+01 1.537457e+01 1.088109e+02
      vertex   1.492409e+01 1.584096e+01 1.091581e+02
    endloop
  endfacet
  facet normal 0.000000e+00 -6.862416e-01 7.273736e-01
    outer loop
      vertex   1.292409e+01 1.584096e+01 1.091581e+02
      vertex   1.492409e+01 1.584096e+01 1.091581e+02
      vertex   1.292409e+01 1.626389e+01 1.095571e+02
    endloop
  endfacet
  facet normal -1.219010e-15 -6.862416e-01 7.273736e-01
    outer loop
      vertex   1.292409e+01 1.626389e+01 1.095571e+02
      vertex   1.492409e+01 1.584096e+01 1.091581e+02
      vertex   1.492409e+01 1.626389e+01 1.095571e+02
    endloop
  endfacet
  facet normal -1.360768e-15 -7.660444e-01 6.427876e-01
    outer loop
      vertex   1.292409e+01 1.626389e+01 1.095571e+02
      vertex   1.492409e+01 1.626389e+01 1.095571e+02
      vertex   1.292409e+01 1.663764e+01 1.100025e+02
    endloop
  endfacet
  facet normal 0.000000e+00 -7.660444e-01 6.427876e-01
    outer loop
      vertex   1.292409e+01 1.663764e+01 1.100025e+02
      vertex   1.492409e+01 1.626389e+01 1.095571e+02
      vertex   1.492409e+01 1.663764e+01 1.100025e+02
    endloop
  endfacet
  facet normal 0.000000e+00 -8.354878e-01 5.495090e-01
    outer loop
      vertex   1.292409e+01 1.663764e+01 1.100025e+02
      vertex   1.492409e+01 1.663764e+01 1.100025e+02
      vertex   1.292409e+01 1.695715e+01 1.104883e+02
    endloop
  endfacet
  facet normal 0.000000e+00 -8.354878e-01 5.495090e-01
    outer loop
      vertex   1.292409e+01 1.695715e+01 1.104883e+02
      vertex   1.492409e+01 1.663764e+01 1.100025e+02
      vertex   1.492409e+01 1.695715e+01 1.104883e+02
    endloop
  endfacet
  facet normal 0.000000e+00 -8.936326e-01 4.487992e-01
    outer loop
      vertex   1.292409e+01 1.695715e+01 1.104883e+02
      vertex   1.492409e+01 1.695715e+01 1.104883e+02
      vertex   1.292409e+01 1.721810e+01 1.110079e+02
    endloop
  endfacet
  facet normal 0.000000e+00 -8.936326e-01 4.487992e-01
    outer loop
      vertex   1.292409e+01 1.721810e+01 1.110079e+02
      vertex   1.492409e+01 1.695715e+01 1.104883e+02
      vertex   1.492409e+01 1.721810e+01 1.110079e+02
    endloop
  endfacet
  facet normal 0.000000e+00 -9.396926e-01 3.420201e-01
    outer loop
      vertex   1.292409e+01 1.721810e+01 1.110079e+02
      vertex   1.492409e+01 1.721810e+01 1.110079e+02
      vertex   1.292409e+01 1.741697e+01 1.115543e+02
    endloop
  endfacet
  facet normal 0.000000e+00 -9.396926e-01 3.420201e-01
    outer loop
      vertex   1.292409e+01 1.741697e+01 1.115543e+02
      vertex   1.492409e+01 1.721810e+01 1.110079e+02
      vertex   1.492409e+01 1.741697e+01 1.115543e+02
    endloop
  endfacet
  facet normal 0.000000e+00 -9.730449e-01 2.306159e-01
    outer loop
      vertex   1.292409e+01 1.741697e+01 1.115543e+02
      vertex   1.492409e+01 1.741697e+01 1.115543e+02
      vertex   1.292409e+01 1.755106e+01 1.121201e+02
    endloop
  endfacet
  facet normal 0.000000e+00 -9.730449e-01 2.306159e-01
    outer loop
      vertex   1.292409e+01 1.755106e+01 1.121201e+02
      vertex   1.492409e+01 1.741697e+01 1.115543e+02
      vertex   1.492409e+01 1.755106e+01 1.121201e+02
    endloop
  endfacet
  facet normal 0.000000e+00 -9.932384e-01 1.160929e-01
    outer loop
      vertex   1.292409e+01 1.755106e+01 1.121201e+02
      vertex   1.492409e+01 1.755106e+01 1.121201e+02
      vertex   1.292409e+01 1.761857e+01 1.126976e+02
    endloop
  endfacet
  facet normal 0.000000e+00 -9.932384e-01 1.160929e-01
    outer loop
      vertex   1.292409e+01 1.761857e+01 1.126976e+02
      vertex   1.492409e+01 1.755106e+01 1.121201e+02
      vertex   1.492409e+01 1.761857e+01 1.126976e+02
    endloop
  endfacet
  facet normal 0.000000e+00 -1.000000e+00 0.000000e+00
    outer loop
      vertex   1.292409e+01 1.761857e+01 1.126976e+02
      vertex   1.492409e+01 1.761857e+01 1.126976e+02
      vertex   1.292409e+01 1.761857e+01 1.132790e+02
    endloop
  endfacet
  facet normal 0.000000e+00 -1.000000e+00 0.000000e+00
    outer loop
      vertex   1.292409e+01 1.761857e+01 1.132790e+02
      vertex   1.492409e+01 1.761857e+01 1.126976e+02
      vertex   1.492409e+01 1.761857e+01 1.132790e+02
    endloop
  endfacet
  facet normal 0.000000e+00 -9.932384e-01 -1.160929e-01
    outer loop
      vertex   1.292409e+01 1.761857e+01 1.132790e+02
      vertex   1.492409e+01 1.761857e+01 1.132790e+02
      vertex   1.292409e+01 1.755106e+01 1.138565e+02
    endloop
  endfacet
  facet normal 0.000000e+00 -9.932384e-01 -1.160929e-01
    outer loop
      vertex   1.292409e+01 1.755106e+01 1.138565e+02
      vertex   1.492409e+01 1.761857e+01 1.132790e+02
      vertex   1.492409e+01 1.755106e+01 1.138565e+02
    endloop
  endfacet
  facet normal 0.000000e+00 -9.730449e-01 -2.306159e-01
    outer loop
      vertex   1.292409e+01 1.755106e+01 1.138565e+02
      vertex   1.492409e+01 1.755106e+01 1.138565e+02
      vertex   1.292409e+01 1.741697e+01 1.144223e+02
    endloop
  endfacet
  facet normal 0.000000e+00 -9.730449e-01 -2.306159e-01
    outer loop
      vertex   1.292409e+01 1.741697e+01 1.144223e+02
      vertex   1.492409e+01 1.755106e+01 1.138565e+02
      vertex   1.492409e+01 1.741697e+01 1.144223e+02
    endloop
  endfacet
  facet normal 0.000000e+00 -9.396926e-01 -3.420201e-01
    outer loop
      vertex   1.292409e+01 1.741697e+01 1.144223e+02
      vertex   1.492409e+01 1.741697e+01 1.144223e+02
      vertex   1.292409e+01 1.721810e+01 1.149687e+02
    endloop
  endfacet
  facet normal 0.000000e+00 -9.396926e-01 -3.420201e-01
    outer loop
      vertex   1.292409e+01 1.721810e+01 1.149687e+02
      vertex   1.492409e+01 1.741697e+01 1.144223e+02
      vertex   1.492409e+01 1.721810e+01 1.149687e+02
    endloop
  endfacet
  facet normal 0.000000e+00 -8.936326e-01 -4.487992e-01
    outer loop
      vertex   1.292409e+01 1.721810e+01 1.149687e+02
      vertex   1.492409e+01 1.721810e+01 1.149687e+02
      vertex   1.292409e+01 1.695715e+01 1.154883e+02
    endloop
  endfacet
  facet normal -1.587410e-15 -8.936326e-01 -4.487992e-01
    outer loop
      vertex   1.292409e+01 1.695715e+01 1.154883e+02
      vertex   1.492409e+01 1.721810e+01 1.149687e+02
      vertex   1.492409e+01 1.695715e+01 1.154883e+02
    endloop
  endfacet
  facet normal -1.484124e-15 -8.354878e-01 -5.495090e-01
    outer loop
      vertex   1.292409e+01 1.695715e+01 1.154883e+02
      vertex   1.492409e+01 1.695715e+01 1.154883e+02
      vertex   1.292409e+01 1.663764e+01 1.159741e+02
    endloop
  endfacet
  facet normal 0.000000e+00 -8.354878e-01 -5.495090e-01
    outer loop
      vertex   1.292409e+01 1.663764e+01 1.159741e+02
      vertex   1.492409e+01 1.695715e+01 1.154883e+02
      vertex   1.492409e+01 1.663764e+01 1.159741e+02
    endloop
  endfacet
  facet normal 0.000000e+00 -7.660444e-01 -6.427876e-01
    outer loop
      vertex   1.292409e+01 1.663764e+01 1.159741e+02
      vertex   1.492409e+01 1.663764e+01 1.159741e+02
      vertex   1.292409e+01 1.626389e+01 1.164195e+02
    endloop
  endfacet
  facet normal 0.000000e+00 -7.660444e-01 -6.427876e-01
    outer loop
      vertex   1.292409e+01 1.626389e+01 1.164195e+02
      vertex   1.492409e+01 1.663764e+01 1.159741e+02
      vertex   1.492409e+01 1.626389e+01 1.164195e+02
    endloop
  endfacet
  facet normal 0.000000e+00 -6.862416e-01 -7.273736e-01
    outer loop
      vertex   1.292409e+01 1.626389e+01 1.164195e+02
      vertex   1.492409e+01 1.626389e+01 1.164195e+02
      vertex   1.292409e+01 1.584096e+01 1.168185e+02
    endloop
  endfacet
  facet normal 0.000000e+00 -6.862416e-01 -7.273736e-01
    outer loop
      vertex   1.292409e+01 1.584096e+01 1.168185e+02
      vertex   1.492409e+01 1.626389e+01 1.164195e+02
      vertex   1.492409e+01 1.584096e+01 1.168185e+02
    endloop
  endfacet
  facet normal 0.000000e+00 -5.971586e-01 -8.021232e-01
    outer loop
      vertex   1.292409e+01 1.584096e+01 1.168185e+02
      vertex   1.492409e+01 1.584096e+01 1.168185e+02
      vertex   1.292409e+01 1.537457e+01 1.171657e+02
    endloop
  endfacet
  facet normal 0.000000e+00 -5.971586e-01 -8.021232e-01
    outer loop
      vertex   1.292409e+01 1.537457e+01 1.171657e+02
      vertex   1.492409e+01 1.584096e+01 1.168185e+02
      vertex   1.492409e+01 1.537457e+01 1.171657e+02
    endloop
  endfacet
  facet normal 0.000000e+00 -5.000000e-01 -8.660254e-01
    outer loop
      vertex   1.292409e+01 1.537457e+01 1.171657e+02
      vertex   1.492409e+01 1.537457e+01 1.171657e+02
      vertex   1.292409e+01 1.487102e+01 1.174565e+02
    endloop
  endfacet
  facet normal 0.000000e+00 -5.000000e-01 -8.660254e-01
    outer loop
      vertex   1.292409e+01 1.487102e+01 1.174565e+02
      vertex   1.492409e+01 1.537457e+01 1.171657e+02
      vertex   1.492409e+01 1.487102e+01 1.174565e+02
    endloop
  endfacet
  facet normal 0.000000e+00 -3.960798e-01 -9.182161e-01
    outer loop
      vertex   1.292409e+01 1.487102e+01 1.174565e+02
      vertex   1.492409e+01 1.487102e+01 1.174565e+02
      vertex   1.292409e+01 1.433713e+01 1.176868e+02
    endloop
  endfacet
  facet normal 0.000000e+00 -3.960798e-01 -9.182161e-01
    outer loop
      vertex   1.292409e+01 1.433713e+01 1.176868e+02
      vertex   1.492409e+01 1.487102e+01 1.174565e+02
      vertex   1.492409e+01 1.433713e+01 1.176868e+02
    endloop
  endfacet
  facet normal 0.000000e+00 -2.868032e-01 -9.579895e-01
    outer loop
      vertex   1.292409e+01 1.433713e+01 1.176868e+02
      vertex   1.492409e+01 1.433713e+01 1.176868e+02
      vertex   1.292409e+01 1.378010e+01 1.178535e+02
    endloop
  endfacet
  facet normal 0.000000e+00 -2.868032e-01 -9.579895e-01
    outer loop
      vertex   1.292409e+01 1.378010e+01 1.178535e+02
      vertex   1.492409e+01 1.433713e+01 1.176868e+02
      vertex   1.492409e+01 1.378010e+01 1.178535e+02
    endloop
  endfacet
  facet normal 0.000000e+00 -1.736482e-01 -9.848078e-01
    outer loop
      vertex   1.292409e+01 1.378010e+01 1.178535e+02
      vertex   1.492409e+01 1.378010e+01 1.178535e+02
      vertex   1.292409e+01 1.320749e+01 1.179545e+02
    endloop
  endfacet
  facet normal 0.000000e+00 -1.736482e-01 -9.848078e-01
    outer loop
      vertex   1.292409e+01 1.320749e+01 1.179545e+02
      vertex   1.492409e+01 1.378010e+01 1.178535e+02
      vertex   1.492409e+01 1.320749e+01 1.179545e+02
    endloop
  endfacet
  facet normal 0.000000e+00 -5.814483e-02 -9.983082e-01
    outer loop
      vertex   1.292409e+01 1.320749e+01 1.179545e+02
      vertex   1.492409e+01 1.320749e+01 1.179545e+02
      vertex   1.292409e+01 1.262702e+01 1.179883e+02
    endloop
  endfacet
  facet normal 0.000000e+00 -5.814483e-02 -9.983082e-01
    outer loop
      vertex   1.292409e+01 1.262702e+01 1.179883e+02
      vertex   1.492409e+01 1.320749e+01 1.179545e+02
      vertex   1.492409e+01 1.262702e+01 1.179883e+02
    endloop
  endfacet
  facet normal 0.000000e+00 5.814483e-02 -9.983082e-01
    outer loop
      vertex   1.292409e+01 1.262702e+01 1.179883e+02
      vertex   1.492409e+01 1.262702e+01 1.179883e+02
      vertex   1.292409e+01 1.204656e+01 1.179545e+02
    endloop
  endfacet
  facet normal 0.000000e+00 5.814483e-02 -9.983082e-01
    outer loop
      vertex   1.292409e+01 1.204656e+01 1.179545e+02
      vertex   1.492409e+01 1.262702e+01 1.179883e+02
      vertex   1.492409e+01 1.204656e+01 1.179545e+02
    endloop
  endfacet
  facet normal 0.000000e+00 1.736482e-01 -9.848078e-01
    outer loop
      vertex   1.292409e+01 1.204656e+01 1.179545e+02
      vertex   1.492409e+01 1.204656e+01 1.179545e+02
      vertex   1.292409e+01 1.147395e+01 1.178535e+02
    endloop
  endfacet
  facet normal 0.000000e+00 1.736482e-01 -9.848078e-01
    outer loop
      vertex   1.292409e+01 1.147395e+01 1.178535e+02
      vertex   1.492409e+01 1.204656e+01 1.179545e+02
      vertex   1.492409e+01 1.147395e+01 1.178535e+02
    endloop
  endfacet
  facet normal 0.000000e+00 2.868032e-01 -9.579895e-01
    outer loop
      vertex   1.292409e+01 1.147395e+01 1.178535e+02
      vertex   1.492409e+01 1.147395e+01 1.178535e+02
      vertex   1.292409e+01 1.091692e+01 1.176868e+02
    endloop
  endfacet
  facet normal 0.000000e+00 2.868032e-01 -9.579895e-01
    outer loop
      vertex   1.292409e+01 1.091692e+01 1.176868e+02
      vertex   1.492409e+01 1.147395e+01 1.178535e+02
      vertex   1.492409e+01 1.091692e+01 1.176868e+02
    endloop
  endfacet
  facet normal 0.000000e+00 3.960798e-01 -9.182161e-01
    outer loop
      vertex   1.292409e+01 1.091692e+01 1.176868e+02
      vertex   1.492409e+01 1.091692e+01 1.176868e+02
      vertex   1.292409e+01 1.038303e+01 1.174565e+02
    endloop
  endfacet
  facet normal 0.000000e+00 3.960798e-01 -9.182161e-01
    outer loop
      vertex   1.292409e+01 1.038303e+01 1.174565e+02
      vertex   1.492409e+01 1.091692e+01 1.176868e+02
      vertex   1.492409e+01 1.038303e+01 1.174565e+02
    endloop
  endfacet
  facet normal 0.000000e+00 5.000000e-01 -8.660254e-01
    outer loop
      vertex   1.292409e+01 1.038303e+01 1.174565e+02
      vertex   1.492409e+01 1.038303e+01 1.174565e+02
      vertex   1.292409e+01 9.879479e+00 1.171657e+02
    endloop
  endfacet
  facet normal 0.000000e+00 5.000000e-01 -8.660254e-01
    outer loop
      vertex   1.292409e+01 9.879479e+00 1.171657e+02
      vertex   1.492409e+01 1.038303e+01 1.174565e+02
      vertex   1.492409e+01 9.879479e+00 1.171657e+02
    endloop
  endfacet
  facet normal 0.000000e+00 5.971586e-01 -8.021232e-01
    outer loop
      vertex   1.292409e+01 9.879479e+00 1.171657e+02
      vertex   1.492409e+01 9.879479e+00 1.171657e+02
      vertex   1.292409e+01 9.413086e+00 1.168185e+02
    endloop
  endfacet
  facet normal 0.000000e+00 5.971586e-01 -8.021232e-01
    outer loop
      vertex   1.292409e+01 9.413086e+00 1.168185e+02
      vertex   1.492409e+01 9.879479e+00 1.171657e+02
      vertex   1.492409e+01 9.413086e+00 1.168185e+02
    endloop
  endfacet
  facet normal 0.000000e+00 6.862416e-01 -7.273736e-01
    outer loop
      vertex   1.292409e+01 9.413086e+00 1.168185e+02
      vertex   1.492409e+01 9.413086e+00 1.168185e+02
      vertex   1.292409e+01 8.990156e+00 1.164195e+02
    endloop
  endfacet
  facet normal 0.000000e+00 6.862416e-01 -7.273736e-01
    outer loop
      vertex   1.292409e+01 8.990156e+00 1.164195e+02
      vertex   1.492409e+01 9.413086e+00 1.168185e+02
      vertex   1.492409e+01 8.990156e+00 1.164195e+02
    endloop
  endfacet
  facet normal 0.000000e+00 7.660444e-01 -6.427876e-01
    outer loop
      vertex   1.292409e+01 8.990156e+00 1.164195e+02
      vertex   1.492409e+01 8.990156e+00 1.164195e+02
      vertex   1.292409e+01 8.616408e+00 1.159741e+02
    endloop
  endfacet
  facet normal 0.000000e+00 7.660444e-01 -6.427876e-01
    outer loop
      vertex   1.292409e+01 8.616408e+00 1.159741e+02
      vertex   1.492409e+01 8.990156e+00 1.164195e+02
      vertex   1.492409e+01 8.616408e+00 1.159741e+02
    endloop
  endfacet
  facet normal 0.000000e+00 8.354878e-01 -5.495090e-01
    outer loop
      vertex   1.292409e+01 8.616408e+00 1.159741e+02
      vertex   1.492409e+01 8.616408e+00 1.159741e+02
      vertex   1.292409e+01 8.296897e+00 1.154883e+02
    endloop
  endfacet
  facet normal 7.420622e-16 8.354878e-01 -5.495090e-01
    outer loop
      vertex   1.292409e+01 8.296897e+00 1.154883e+02
      vertex   1.492409e+01 8.616408e+00 1.159741e+02
      vertex   1.492409e+01 8.296897e+00 1.154883e+02
    endloop
  endfacet
  facet normal 7.937052e-16 8.936326e-01 -4.487992e-01
    outer loop
      vertex   1.292409e+01 8.296897e+00 1.154883e+02
      vertex   1.492409e+01 8.296897e+00 1.154883e+02
      vertex   1.292409e+01 8.035944e+00 1.149687e+02
    endloop
  endfacet
  facet normal 0.000000e+00 8.936326e-01 -4.487992e-01
    outer loop
      vertex   1.292409e+01 8.035944e+00 1.149687e+02
      vertex   1.492409e+01 8.296897e+00 1.154883e+02
      vertex   1.492409e+01 8.035944e+00 1.149687e+02
    endloop
  endfacet
  facet normal 0.000000e+00 9.396926e-01 -3.420201e-01
    outer loop
      vertex   1.292409e+01 8.035944e+00 1.149687e+02
      vertex   1.492409e+01 8.035944e+00 1.149687e+02
      vertex   1.292409e+01 7.837077e+00 1.144223e+02
    endloop
  endfacet
  facet normal 8.346147e-16 9.396926e-01 -3.420201e-01
    outer loop
      vertex   1.292409e+01 7.837077e+00 1.144223e+02
      vertex   1.492409e+01 8.035944e+00 1.149687e+02
      vertex   1.492409e+01 7.837077e+00 1.144223e+02
    endloop
  endfacet
  facet normal 8.642375e-16 9.730449e-01 -2.306159e-01
    outer loop
      vertex   1.292409e+01 7.837077e+00 1.144223e+02
      vertex   1.492409e+01 7.837077e+00 1.144223e+02
      vertex   1.292409e+01 7.702986e+00 1.138565e+02
    endloop
  endfacet
  facet normal 0.000000e+00 9.730449e-01 -2.306159e-01
    outer loop
      vertex   1.292409e+01 7.702986e+00 1.138565e+02
      vertex   1.492409e+01 7.837077e+00 1.144223e+02
      vertex   1.492409e+01 7.702986e+00 1.138565e+02
    endloop
  endfacet
  facet normal 0.000000e+00 9.932384e-01 -1.160929e-01
    outer loop
      vertex   1.292409e+01 7.702986e+00 1.138565e+02
      vertex   1.492409e+01 7.702986e+00 1.138565e+02
      vertex   1.292409e+01 7.635484e+00 1.132790e+02
    endloop
  endfacet
  facet normal 0.000000e+00 9.932384e-01 -1.160929e-01
    outer loop
      vertex   1.292409e+01 7.635484e+00 1.132790e+02
      vertex   1.492409e+01 7.702986e+00 1.138565e+02
      vertex   1.492409e+01 7.635484e+00 1.132790e+02
    endloop
  endfacet
  facet normal -0.000000e+00 1.000000e+00 0.000000e+00
    outer loop
      vertex   1.292409e+01 7.635484e+00 1.132790e+02
      vertex   1.492409e+01 7.635484e+00 1.132790e+02
      vertex   1.292409e+01 7.635484e+00 1.126976e+02
    endloop
  endfacet
  facet normal 0.000000e+00 1.000000e+00 0.000000e+00
    outer loop
      vertex   1.292409e+01 7.635484e+00 1.126976e+02
      vertex   1.492409e+01 7.635484e+00 1.132790e+02
      vertex   1.492409e+01 7.635484e+00 1.126976e+02
    endloop
  endfacet
  facet normal -0.000000e+00 9.932384e-01 1.160929e-01
    outer loop
      vertex   1.292409e+01 7.635484e+00 1.126976e+02
      vertex   1.492409e+01 7.635484e+00 1.126976e+02
      vertex   1.292409e+01 7.702986e+00 1.121201e+02
    endloop
  endfacet
  facet normal -0.000000e+00 9.932384e-01 1.160929e-01
    outer loop
      vertex   1.292409e+01 7.702986e+00 1.121201e+02
      vertex   1.492409e+01 7.635484e+00 1.126976e+02
      vertex   1.492409e+01 7.702986e+00 1.121201e+02
    endloop
  endfacet
  facet normal -0.000000e+00 9.730449e-01 2.306159e-01
    outer loop
      vertex   1.292409e+01 7.702986e+00 1.121201e+02
      vertex   1.492409e+01 7.702986e+00 1.121201e+02
      vertex   1.292409e+01 7.837077e+00 1.115543e+02
    endloop
  endfacet
  facet normal 8.642375e-16 9.730449e-01 2.306159e-01
    outer loop
      vertex   1.292409e+01 7.837077e+00 1.115543e+02
      vertex   1.492409e+01 7.702986e+00 1.121201e+02
      vertex   1.492409e+01 7.837077e+00 1.115543e+02
    endloop
  endfacet
  facet normal 8.346147e-16 9.396926e-01 3.420201e-01
    outer loop
      vertex   1.292409e+01 7.837077e+00 1.115543e+02
      vertex   1.492409e+01 7.837077e+00 1.115543e+02
      vertex   1.292409e+01 8.035944e+00 1.110079e+02
    endloop
  endfacet
  facet normal -0.000000e+00 9.396926e-01 3.420201e-01
    outer loop
      vertex   1.292409e+01 8.035944e+00 1.110079e+02
      vertex   1.492409e+01 7.837077e+00 1.115543e+02
      vertex   1.492409e+01 8.035944e+00 1.110079e+02
    endloop
  endfacet
  facet normal -0.000000e+00 8.936326e-01 4.487992e-01
    outer loop
      vertex   1.292409e+01 8.035944e+00 1.110079e+02
      vertex   1.492409e+01 8.035944e+00 1.110079e+02
      vertex   1.292409e+01 8.296897e+00 1.104883e+02
    endloop
  endfacet
  facet normal -0.000000e+00 8.936326e-01 4.487992e-01
    outer loop
      vertex   1.292409e+01 8.296897e+00 1.104883e+02
      vertex   1.492409e+01 8.035944e+00 1.110079e+02
      vertex   1.492409e+01 8.296897e+00 1.104883e+02
    endloop
  endfacet
  facet normal -0.000000e+00 8.354878e-01 5.495090e-01
    outer loop
      vertex   1.292409e+01 8.296897e+00 1.104883e+02
      vertex   1.492409e+01 8.296897e+00 1.104883e+02
      vertex   1.292409e+01 8.616408e+00 1.100025e+02
    endloop
  endfacet
  facet normal -0.000000e+00 8.354878e-01 5.495090e-01
    outer loop
      vertex   1.292409e+01 8.616408e+00 1.100025e+02
      vertex   1.492409e+01 8.296897e+00 1.104883e+02
      vertex   1.492409e+01 8.616408e+00 1.100025e+02
    endloop
  endfacet
  facet normal -0.000000e+00 7.660444e-01 6.427876e-01
    outer loop
      vertex   1.292409e+01 8.616408e+00 1.100025e+02
      vertex   1.492409e+01 8.616408e+00 1.100025e+02
      vertex   1.292409e+01 8.990156e+00 1.095571e+02
    endloop
  endfacet
  facet normal 6.803841e-16 7.660444e-01 6.427876e-01
    outer loop
      vertex   1.292409e+01 8.990156e+00 1.095571e+02
      vertex   1.492409e+01 8.616408e+00 1.100025e+02
      vertex   1.492409e+01 8.990156e+00 1.095571e+02
    endloop
  endfacet
  facet normal 6.095050e-16 6.862416e-01 7.273736e-01
    outer loop
      vertex   1.292409e+01 8.990156e+00 1.095571e+02
      vertex   1.492409e+01 8.990156e+00 1.095571e+02
      vertex   1.292409e+01 9.413086e+00 1.091581e+02
    endloop
  endfacet
  facet normal -0.000000e+00 6.862416e-01 7.273736e-01
    outer loop
      vertex   1.292409e+01 9.413086e+00 1.091581e+02
      vertex   1.492409e+01 8.990156e+00 1.095571e+02
      vertex   1.492409e+01 9.413086e+00 1.091581e+02
    endloop
  endfacet
  facet normal -0.000000e+00 5.971586e-01 8.021232e-01
    outer loop
      vertex   1.292409e+01 9.413086e+00 1.091581e+02
      vertex   1.492409e+01 9.413086e+00 1.091581e+02
      vertex   1.292409e+01 9.879479e+00 1.088109e+02
    endloop
  endfacet
  facet normal 5.303834e-16 5.971586e-01 8.021232e-01
    outer loop
      vertex   1.292409e+01 9.879479e+00 1.088109e+02
      vertex   1.492409e+01 9.413086e+00 1.091581e+02
      vertex   1.492409e+01 9.879479e+00 1.088109e+02
    endloop
  endfacet
  facet normal 4.440892e-16 5.000000e-01 8.660254e-01
    outer loop
      vertex   1.292409e+01 9.879479e+00 1.088109e+02
      vertex   1.492409e+01 9.879479e+00 1.088109e+02
      vertex   1.292409e+01 1.038303e+01 1.085201e+02
    endloop
  endfacet
  facet normal -0.000000e+00 5.000000e-01 8.660254e-01
    outer loop
      vertex   1.292409e+01 1.038303e+01 1.085201e+02
      vertex   1.492409e+01 9.879479e+00 1.088109e+02
      vertex   1.492409e+01 1.038303e+01 1.085201e+02
    endloop
  endfacet
  facet normal -0.000000e+00 3.960798e-01 9.182161e-01
    outer loop
      vertex   1.292409e+01 1.038303e+01 1.085201e+02
      vertex   1.492409e+01 1.038303e+01 1.085201e+02
      vertex   1.292409e+01 1.091692e+01 1.082898e+02
    endloop
  endfacet
  facet normal 3.517895e-16 3.960798e-01 9.182161e-01
    outer loop
      vertex   1.292409e+01 1.091692e+01 1.082898e+02
      vertex   1.492409e+01 1.038303e+01 1.085201e+02
      vertex   1.492409e+01 1.091692e+01 1.082898e+02
    endloop
  endfacet
  facet normal 2.547324e-16 2.868032e-01 9.579895e-01
    outer loop
      vertex   1.292409e+01 1.091692e+01 1.082898e+02
      vertex   1.492409e+01 1.091692e+01 1.082898e+02
      vertex   1.292409e+01 1.147395e+01 1.081231e+02
    endloop
  endfacet
  facet normal -0.000000e+00 2.868032e-01 9.579895e-01
    outer loop
      vertex   1.292409e+01 1.147395e+01 1.081231e+02
      vertex   1.492409e+01 1.091692e+01 1.082898e+02
      vertex   1.492409e+01 1.147395e+01 1.081231e+02
    endloop
  endfacet
  facet normal -0.000000e+00 1.736482e-01 9.848078e-01
    outer loop
      vertex   1.292409e+01 1.147395e+01 1.081231e+02
      vertex   1.492409e+01 1.147395e+01 1.081231e+02
      vertex   1.292409e+01 1.204656e+01 1.080221e+02
    endloop
  endfacet
  facet normal 1.542306e-16 1.736482e-01 9.848078e-01
    outer loop
      vertex   1.292409e+01 1.204656e+01 1.080221e+02
      vertex   1.492409e+01 1.147395e+01 1.081231e+02
      vertex   1.492409e+01 1.204656e+01 1.080221e+02
    endloop
  endfacet
  facet normal -0.000000e+00 1.045285e-01 9.945219e-01
    outer loop
      vertex   1.292409e+01 1.230476e+01 1.194722e+02
      vertex   1.492409e+01 1.230476e+01 1.194722e+02
      vertex   1.292409e+01 1.262702e+01 1.194383e+02
    endloop
  endfacet
  facet normal -0.000000e+00 1.045285e-01 9.945219e-01
    outer loop
      vertex   1.292409e+01 1.262702e+01 1.194383e+02
      vertex   1.492409e+01 1.230476e+01 1.194722e+02
      vertex   1.492409e+01 1.262702e+01 1.194383e+02
    endloop
  endfacet
  facet normal 0.000000e+00 -1.045285e-01 9.945219e-01
    outer loop
      vertex   1.292409e+01 1.262702e+01 1.194383e+02
      vertex   1.492409e+01 1.262702e+01 1.194383e+02
      vertex   1.292409e+01 1.294929e+01 1.194722e+02
    endloop
  endfacet
  facet normal 0.000000e+00 -1.045285e-01 9.945219e-01
    outer loop
      vertex   1.292409e+01 1.294929e+01 1.194722e+02
      vertex   1.492409e+01 1.262702e+01 1.194383e+02
      vertex   1.492409e+01 1.294929e+01 1.194722e+02
    endloop
  endfacet
  facet normal 0.000000e+00 -3.090170e-01 9.510565e-01
    outer loop
      vertex   1.292409e+01 1.294929e+01 1.194722e+02
      vertex   1.492409e+01 1.294929e+01 1.194722e+02
      vertex   1.292409e+01 1.325747e+01 1.195723e+02
    endloop
  endfacet
  facet normal 0.000000e+00 -3.090170e-01 9.510565e-01
    outer loop
      vertex   1.292409e+01 1.325747e+01 1.195723e+02
      vertex   1.492409e+01 1.294929e+01 1.194722e+02
      vertex   1.492409e+01 1.325747e+01 1.195723e+02
    endloop
  endfacet
  facet normal 0.000000e+00 -5.000000e-01 8.660254e-01
    outer loop
      vertex   1.292409e+01 1.325747e+01 1.195723e+02
      vertex   1.492409e+01 1.325747e+01 1.195723e+02
      vertex   1.292409e+01 1.353809e+01 1.197343e+02
    endloop
  endfacet
  facet normal 0.000000e+00 -5.000000e-01 8.660254e-01
    outer loop
      vertex   1.292409e+01 1.353809e+01 1.197343e+02
      vertex   1.492409e+01 1.325747e+01 1.195723e+02
      vertex   1.492409e+01 1.353809e+01 1.197343e+02
    endloop
  endfacet
  facet normal 0.000000e+00 -6.691306e-01 7.431448e-01
    outer loop
      vertex   1.292409e+01 1.353809e+01 1.197343e+02
      vertex   1.492409e+01 1.353809e+01 1.197343e+02
      vertex   1.292409e+01 1.377890e+01 1.199512e+02
    endloop
  endfacet
  facet normal 0.000000e+00 -6.691306e-01 7.431448e-01
    outer loop
      vertex   1.292409e+01 1.377890e+01 1.199512e+02
      vertex   1.492409e+01 1.353809e+01 1.197343e+02
      vertex   1.492409e+01 1.377890e+01 1.199512e+02
    endloop
  endfacet
  facet normal 0.000000e+00 -8.090170e-01 5.877853e-01
    outer loop
      vertex   1.292409e+01 1.377890e+01 1.199512e+02
      vertex   1.492409e+01 1.377890e+01 1.199512e+02
      vertex   1.292409e+01 1.396936e+01 1.202133e+02
    endloop
  endfacet
  facet normal 0.000000e+00 -8.090170e-01 5.877853e-01
    outer loop
      vertex   1.292409e+01 1.396936e+01 1.202133e+02
      vertex   1.492409e+01 1.377890e+01 1.199512e+02
      vertex   1.492409e+01 1.396936e+01 1.202133e+02
    endloop
  endfacet
  facet normal 0.000000e+00 -9.135455e-01 4.067366e-01
    outer loop
      vertex   1.292409e+01 1.396936e+01 1.202133e+02
      vertex   1.492409e+01 1.396936e+01 1.202133e+02
      vertex   1.292409e+01 1.410116e+01 1.205093e+02
    endloop
  endfacet
  facet normal 0.000000e+00 -9.135455e-01 4.067366e-01
    outer loop
      vertex   1.292409e+01 1.410116e+01 1.205093e+02
      vertex   1.492409e+01 1.396936e+01 1.202133e+02
      vertex   1.492409e+01 1.410116e+01 1.205093e+02
    endloop
  endfacet
  facet normal 0.000000e+00 -9.781476e-01 2.079117e-01
    outer loop
      vertex   1.292409e+01 1.410116e+01 1.205093e+02
      vertex   1.492409e+01 1.410116e+01 1.205093e+02
      vertex   1.292409e+01 1.416853e+01 1.208263e+02
    endloop
  endfacet
  facet normal 0.000000e+00 -9.781476e-01 2.079117e-01
    outer loop
      vertex   1.292409e+01 1.416853e+01 1.208263e+02
      vertex   1.492409e+01 1.410116e+01 1.205093e+02
      vertex   1.492409e+01 1.416853e+01 1.208263e+02
    endloop
  endfacet
  facet normal 0.000000e+00 -1.000000e+00 0.000000e+00
    outer loop
      vertex   1.292409e+01 1.416853e+01 1.208263e+02
      vertex   1.492409e+01 1.416853e+01 1.208263e+02
      vertex   1.292409e+01 1.416853e+01 1.211503e+02
    endloop
  endfacet
  facet normal 0.000000e+00 -1.000000e+00 0.000000e+00
    outer loop
      vertex   1.292409e+01 1.416853e+01 1.211503e+02
      vertex   1.492409e+01 1.416853e+01 1.208263e+02
      vertex   1.492409e+01 1.416853e+01 1.211503e+02
    endloop
  endfacet
  facet normal 0.000000e+00 -9.781476e-01 -2.079117e-01
    outer loop
      vertex   1.292409e+01 1.416853e+01 1.211503e+02
      vertex   1.492409e+01 1.416853e+01 1.211503e+02
      vertex   1.292409e+01 1.410116e+01 1.214673e+02
    endloop
  endfacet
  facet normal 0.000000e+00 -9.781476e-01 -2.079117e-01
    outer loop
      vertex   1.292409e+01 1.410116e+01 1.214673e+02
      vertex   1.492409e+01 1.416853e+01 1.211503e+02
      vertex   1.492409e+01 1.410116e+01 1.214673e+02
    endloop
  endfacet
  facet normal 0.000000e+00 -9.135455e-01 -4.067366e-01
    outer loop
      vertex   1.292409e+01 1.410116e+01 1.214673e+02
      vertex   1.492409e+01 1.410116e+01 1.214673e+02
      vertex   1.292409e+01 1.396936e+01 1.217633e+02
    endloop
  endfacet
  facet normal 0.000000e+00 -9.135455e-01 -4.067366e-01
    outer loop
      vertex   1.292409e+01 1.396936e+01 1.217633e+02
      vertex   1.492409e+01 1.410116e+01 1.214673e+02
      vertex   1.492409e+01 1.396936e+01 1.217633e+02
    endloop
  endfacet
  facet normal 0.000000e+00 -8.090170e-01 -5.877853e-01
    outer loop
      vertex   1.292409e+01 1.396936e+01 1.217633e+02
      vertex   1.492409e+01 1.396936e+01 1.217633e+02
      vertex   1.292409e+01 1.377890e+01 1.220255e+02
    endloop
  endfacet
  facet normal 0.000000e+00 -8.090170e-01 -5.877853e-01
    outer loop
      vertex   1.292409e+01 1.377890e+01 1.220255e+02
      vertex   1.492409e+01 1.396936e+01 1.217633e+02
      vertex   1.492409e+01 1.377890e+01 1.220255e+02
    endloop
  endfacet
  facet normal 0.000000e+00 -6.691306e-01 -7.431448e-01
    outer loop
      vertex   1.292409e+01 1.377890e+01 1.220255e+02
      vertex   1.492409e+01 1.377890e+01 1.220255e+02
      vertex   1.292409e+01 1.353809e+01 1.222423e+02
    endloop
  endfacet
  facet normal 0.000000e+00 -6.691306e-01 -7.431448e-01
    outer loop
      vertex   1.292409e+01 1.353809e+01 1.222423e+02
      vertex   1.492409e+01 1.377890e+01 1.220255e+02
      vertex   1.492409e+01 1.353809e+01 1.222423e+02
    endloop
  endfacet
  facet normal 0.000000e+00 -5.000000e-01 -8.660254e-01
    outer loop
      vertex   1.292409e+01 1.353809e+01 1.222423e+02
      vertex   1.492409e+01 1.353809e+01 1.222423e+02
      vertex   1.292409e+01 1.325747e+01 1.224043e+02
    endloop
  endfacet
  facet normal -8.881784e-16 -5.000000e-01 -8.660254e-01
    outer loop
      vertex   1.292409e+01 1.325747e+01 1.224043e+02
      vertex   1.492409e+01 1.353809e+01 1.222423e+02
      vertex   1.492409e+01 1.325747e+01 1.224043e+02
    endloop
  endfacet
  facet normal -5.489245e-16 -3.090170e-01 -9.510565e-01
    outer loop
      vertex   1.292409e+01 1.325747e+01 1.224043e+02
      vertex   1.492409e+01 1.325747e+01 1.224043e+02
      vertex   1.292409e+01 1.294929e+01 1.225044e+02
    endloop
  endfacet
  facet normal 0.000000e+00 -3.090170e-01 -9.510565e-01
    outer loop
      vertex   1.292409e+01 1.294929e+01 1.225044e+02
      vertex   1.492409e+01 1.325747e+01 1.224043e+02
      vertex   1.492409e+01 1.294929e+01 1.225044e+02
    endloop
  endfacet
  facet normal 0.000000e+00 -1.045285e-01 -9.945219e-01
    outer loop
      vertex   1.292409e+01 1.294929e+01 1.225044e+02
      vertex   1.492409e+01 1.294929e+01 1.225044e+02
      vertex   1.292409e+01 1.262702e+01 1.225383e+02
    endloop
  endfacet
  facet normal 0.000000e+00 -1.045285e-01 -9.945219e-01
    outer loop
      vertex   1.292409e+01 1.262702e+01 1.225383e+02
      vertex   1.492409e+01 1.294929e+01 1.225044e+02
      vertex   1.492409e+01 1.262702e+01 1.225383e+02
    endloop
  endfacet
  facet normal 0.000000e+00 1.045285e-01 -9.945219e-01
    outer loop
      vertex   1.292409e+01 1.262702e+01 1.225383e+02
      vertex   1.492409e+01 1.262702e+01 1.225383e+02
      vertex   1.292409e+01 1.230476e+01 1.225044e+02
    endloop
  endfacet
  facet normal 0.000000e+00 1.045285e-01 -9.945219e-01
    outer loop
      vertex   1.292409e+01 1.230476e+01 1.225044e+02
      vertex   1.492409e+01 1.262702e+01 1.225383e+02
      vertex   1.492409e+01 1.230476e+01 1.225044e+02
    endloop
  endfacet
  facet normal 0.000000e+00 3.090170e-01 -9.510565e-01
    outer loop
      vertex   1.292409e+01 1.230476e+01 1.225044e+02
      vertex   1.492409e+01 1.230476e+01 1.225044e+02
      vertex   1.292409e+01 1.199658e+01 1.224043e+02
    endloop
  endfacet
  facet normal 2.744622e-16 3.090170e-01 -9.510565e-01
    outer loop
      vertex   1.292409e+01 1.199658e+01 1.224043e+02
      vertex   1.492409e+01 1.230476e+01 1.225044e+02
      vertex   1.492409e+01 1.199658e+01 1.224043e+02
    endloop
  endfacet
  facet normal 4.440892e-16 5.000000e-01 -8.660254e-01
    outer loop
      vertex   1.292409e+01 1.199658e+01 1.224043e+02
      vertex   1.492409e+01 1.199658e+01 1.224043e+02
      vertex   1.292409e+01 1.171596e+01 1.222423e+02
    endloop
  endfacet
  facet normal 0.000000e+00 5.000000e-01 -8.660254e-01
    outer loop
      vertex   1.292409e+01 1.171596e+01 1.222423e+02
      vertex   1.492409e+01 1.199658e+01 1.224043e+02
      vertex   1.492409e+01 1.171596e+01 1.222423e+02
    endloop
  endfacet
  facet normal 0.000000e+00 6.691306e-01 -7.431448e-01
    outer loop
      vertex   1.292409e+01 1.171596e+01 1.222423e+02
      vertex   1.492409e+01 1.171596e+01 1.222423e+02
      vertex   1.292409e+01 1.147515e+01 1.220255e+02
    endloop
  endfacet
  facet normal 0.000000e+00 6.691306e-01 -7.431448e-01
    outer loop
      vertex   1.292409e+01 1.147515e+01 1.220255e+02
      vertex   1.492409e+01 1.171596e+01 1.222423e+02
      vertex   1.492409e+01 1.147515e+01 1.220255e+02
    endloop
  endfacet
  facet normal 0.000000e+00 8.090170e-01 -5.877853e-01
    outer loop
      vertex   1.292409e+01 1.147515e+01 1.220255e+02
      vertex   1.492409e+01 1.147515e+01 1.220255e+02
      vertex   1.292409e+01 1.128468e+01 1.217633e+02
    endloop
  endfacet
  facet normal 0.000000e+00 8.090170e-01 -5.877853e-01
    outer loop
      vertex   1.292409e+01 1.128468e+01 1.217633e+02
      vertex   1.492409e+01 1.147515e+01 1.220255e+02
      vertex   1.492409e+01 1.128468e+01 1.217633e+02
    endloop
  endfacet
  facet normal 0.000000e+00 9.135455e-01 -4.067366e-01
    outer loop
      vertex   1.292409e+01 1.128468e+01 1.217633e+02
      vertex   1.492409e+01 1.128468e+01 1.217633e+02
      vertex   1.292409e+01 1.115289e+01 1.214673e+02
    endloop
  endfacet
  facet normal 0.000000e+00 9.135455e-01 -4.067366e-01
    outer loop
      vertex   1.292409e+01 1.115289e+01 1.214673e+02
      vertex   1.492409e+01 1.128468e+01 1.217633e+02
      vertex   1.492409e+01 1.115289e+01 1.214673e+02
    endloop
  endfacet
  facet normal 0.000000e+00 9.781476e-01 -2.079117e-01
    outer loop
      vertex   1.292409e+01 1.115289e+01 1.214673e+02
      vertex   1.492409e+01 1.115289e+01 1.214673e+02
      vertex   1.292409e+01 1.108552e+01 1.211503e+02
    endloop
  endfacet
  facet normal 0.000000e+00 9.781476e-01 -2.079117e-01
    outer loop
      vertex   1.292409e+01 1.108552e+01 1.211503e+02
      vertex   1.492409e+01 1.115289e+01 1.214673e+02
      vertex   1.492409e+01 1.108552e+01 1.211503e+02
    endloop
  endfacet
  facet normal -0.000000e+00 1.000000e+00 0.000000e+00
    outer loop
      vertex   1.292409e+01 1.108552e+01 1.211503e+02
      vertex   1.492409e+01 1.108552e+01 1.211503e+02
      vertex   1.292409e+01 1.108552e+01 1.208263e+02
    endloop
  endfacet
  facet normal 0.000000e+00 1.000000e+00 0.000000e+00
    outer loop
      vertex   1.292409e+01 1.108552e+01 1.208263e+02
      vertex   1.492409e+01 1.108552e+01 1.211503e+02
      vertex   1.492409e+01 1.108552e+01 1.208263e+02
    endloop
  endfacet
  facet normal -0.000000e+00 9.781476e-01 2.079117e-01
    outer loop
      vertex   1.292409e+01 1.108552e+01 1.208263e+02
      vertex   1.492409e+01 1.108552e+01 1.208263e+02
      vertex   1.292409e+01 1.115289e+01 1.205093e+02
    endloop
  endfacet
  facet normal -0.000000e+00 9.781476e-01 2.079117e-01
    outer loop
      vertex   1.292409e+01 1.115289e+01 1.205093e+02
      vertex   1.492409e+01 1.108552e+01 1.208263e+02
      vertex   1.492409e+01 1.115289e+01 1.205093e+02
    endloop
  endfacet
  facet normal -0.000000e+00 9.135455e-01 4.067366e-01
    outer loop
      vertex   1.292409e+01 1.115289e+01 1.205093e+02
      vertex   1.492409e+01 1.115289e+01 1.205093e+02
      vertex   1.292409e+01 1.128468e+01 1.202133e+02
    endloop
  endfacet
  facet normal -0.000000e+00 9.135455e-01 4.067366e-01
    outer loop
      vertex   1.292409e+01 1.128468e+01 1.202133e+02
      vertex   1.492409e+01 1.115289e+01 1.205093e+02
      vertex   1.492409e+01 1.128468e+01 1.202133e+02
    endloop
  endfacet
  facet normal -0.000000e+00 8.090170e-01 5.877853e-01
    outer loop
      vertex   1.292409e+01 1.128468e+01 1.202133e+02
      vertex   1.492409e+01 1.128468e+01 1.202133e+02
      vertex   1.292409e+01 1.147515e+01 1.199512e+02
    endloop
  endfacet
  facet normal -0.000000e+00 8.090170e-01 5.877853e-01
    outer loop
      vertex   1.292409e+01 1.147515e+01 1.199512e+02
      vertex   1.492409e+01 1.128468e+01 1.202133e+02
      vertex   1.492409e+01 1.147515e+01 1.199512e+02
    endloop
  endfacet
  facet normal -0.000000e+00 6.691306e-01 7.431448e-01
    outer loop
      vertex   1.292409e+01 1.147515e+01 1.199512e+02
      vertex   1.492409e+01 1.147515e+01 1.199512e+02
      vertex   1.292409e+01 1.171596e+01 1.197343e+02
    endloop
  endfacet
  facet normal -0.000000e+00 6.691306e-01 7.431448e-01
    outer loop
      vertex   1.292409e+01 1.171596e+01 1.197343e+02
      vertex   1.492409e+01 1.147515e+01 1.199512e+02
      vertex   1.492409e+01 1.171596e+01 1.197343e+02
    endloop
  endfacet
  facet normal -0.000000e+00 5.000000e-01 8.660254e-01
    outer loop
      vertex   1.292409e+01 1.171596e+01 1.197343e+02
      vertex   1.492409e+01 1.171596e+01 1.197343e+02
      vertex   1.292409e+01 1.199658e+01 1.195723e+02
    endloop
  endfacet
  facet normal -0.000000e+00 5.000000e-01 8.660254e-01
    outer loop
      vertex   1.292409e+01 1.199658e+01 1.195723e+02
      vertex   1.492409e+01 1.171596e+01 1.197343e+02
      vertex   1.492409e+01 1.199658e+01 1.195723e+02
    endloop
  endfacet
  facet normal -0.000000e+00 3.090170e-01 9.510565e-01
    outer loop
      vertex   1.292409e+01 1.199658e+01 1.195723e+02
      vertex   1.492409e+01 1.199658e+01 1.195723e+02
      vertex   1.292409e+01 1.230476e+01 1.194722e+02
    endloop
  endfacet
  facet normal -0.000000e+00 3.090170e-01 9.510565e-01
    outer loop
      vertex   1.292409e+01 1.230476e+01 1.194722e+02
      vertex   1.492409e+01 1.199658e+01 1.195723e+02
      vertex   1.492409e+01 1.230476e+01 1.194722e+02
    endloop
  endfacet
  facet normal 0.000000e+00 -3.569233e-02 -9.993628e-01
    outer loop
      vertex   1.292409e+01 1.262702e+01 9.973830e+01
      vertex   1.492409e+01 1.262702e+01 9.973830e+01
      vertex   1.292409e+01 1.168178e+01 9.977206e+01
    endloop
  endfacet
  facet normal -7.164302e-15 -3.569233e-02 -9.993628e-01
    outer loop
      vertex   1.292409e+01 1.168178e+01 9.977206e+01
      vertex   1.492409e+01 1.262702e+01 9.973830e+01
      vertex   1.492409e+01 1.168178e+01 9.977206e+01
    endloop
  endfacet
  facet normal -7.254599e-15 -1.068951e-01 -9.942703e-01
    outer loop
      vertex   1.292409e+01 1.168178e+01 9.977206e+01
      vertex   1.492409e+01 1.168178e+01 9.977206e+01
      vertex   1.292409e+01 1.074135e+01 9.987317e+01
    endloop
  endfacet
  facet normal -1.412943e-14 -1.068951e-01 -9.942703e-01
    outer loop
      vertex   1.292409e+01 1.074135e+01 9.987317e+01
      vertex   1.492409e+01 1.168178e+01 9.977206e+01
      vertex   1.492409e+01 1.074135e+01 9.987317e+01
    endloop
  endfacet
  facet normal -1.398506e-14 -1.775532e-01 -9.841112e-01
    outer loop
      vertex   1.292409e+01 1.074135e+01 9.987317e+01
      vertex   1.492409e+01 1.074135e+01 9.987317e+01
      vertex   1.292409e+01 9.810534e+00 1.000411e+02
    endloop
  endfacet
  facet normal -1.576989e-16 -1.775532e-01 -9.841112e-01
    outer loop
      vertex   1.292409e+01 9.810534e+00 1.000411e+02
      vertex   1.492409e+01 1.074135e+01 9.987317e+01
      vertex   1.492409e+01 9.810534e+00 1.000411e+02
    endloop
  endfacet
  facet normal -2.196523e-16 -2.473065e-01 -9.689373e-01
    outer loop
      vertex   1.292409e+01 9.810534e+00 1.000411e+02
      vertex   1.492409e+01 9.810534e+00 1.000411e+02
      vertex   1.292409e+01 8.894068e+00 1.002750e+02
    endloop
  endfacet
  facet normal -6.884714e-15 -2.473065e-01 -9.689373e-01
    outer loop
      vertex   1.292409e+01 8.894068e+00 1.002750e+02
      vertex   1.492409e+01 9.810534e+00 1.000411e+02
      vertex   1.492409e+01 8.894068e+00 1.002750e+02
    endloop
  endfacet
  facet normal -6.741814e-15 -3.157996e-01 -9.488259e-01
    outer loop
      vertex   1.292409e+01 8.894068e+00 1.002750e+02
      vertex   1.492409e+01 8.894068e+00 1.002750e+02
      vertex   1.292409e+01 7.996624e+00 1.005737e+02
    endloop
  endfacet
  facet normal -7.012159e-16 -3.157996e-01 -9.488259e-01
    outer loop
      vertex   1.292409e+01 7.996624e+00 1.005737e+02
      vertex   1.492409e+01 8.894068e+00 1.002750e+02
      vertex   1.492409e+01 7.996624e+00 1.005737e+02
    endloop
  endfacet
  facet normal -8.497279e-16 -3.826834e-01 -9.238795e-01
    outer loop
      vertex   1.292409e+01 7.996624e+00 1.005737e+02
      vertex   1.492409e+01 7.996624e+00 1.005737e+02
      vertex   1.292409e+01 7.122775e+00 1.009357e+02
    endloop
  endfacet
  facet normal 6.054722e-15 -3.826834e-01 -9.238795e-01
    outer loop
      vertex   1.292409e+01 7.122775e+00 1.009357e+02
      vertex   1.492409e+01 7.996624e+00 1.005737e+02
      vertex   1.492409e+01 7.122775e+00 1.009357e+02
    endloop
  endfacet
  facet normal 5.757507e-15 -4.476172e-01 -8.942253e-01
    outer loop
      vertex   1.292409e+01 7.122775e+00 1.009357e+02
      vertex   1.492409e+01 7.122775e+00 1.009357e+02
      vertex   1.292409e+01 6.276975e+00 1.013591e+02
    endloop
  endfacet
  facet normal 0.000000e+00 -4.476172e-01 -8.942253e-01
    outer loop
      vertex   1.292409e+01 6.276975e+00 1.013591e+02
      vertex   1.492409e+01 7.122775e+00 1.009357e+02
      vertex   1.492409e+01 6.276975e+00 1.013591e+02
    endloop
  endfacet
  facet normal 0.000000e+00 -5.102700e-01 -8.600142e-01
    outer loop
      vertex   1.292409e+01 6.276975e+00 1.013591e+02
      vertex   1.492409e+01 6.276975e+00 1.013591e+02
      vertex   1.292409e+01 5.463534e+00 1.018417e+02
    endloop
  endfacet
  facet normal 5.884163e-15 -5.102700e-01 -8.600142e-01
    outer loop
      vertex   1.292409e+01 5.463534e+00 1.018417e+02
      vertex   1.492409e+01 6.276975e+00 1.013591e+02
      vertex   1.492409e+01 5.463534e+00 1.018417e+02
    endloop
  endfacet
  facet normal 5.583272e-15 -5.703226e-01 -8.214208e-01
    outer loop
      vertex   1.292409e+01 5.463534e+00 1.018417e+02
      vertex   1.492409e+01 5.463534e+00 1.018417e+02
      vertex   1.292409e+01 4.686595e+00 1.023811e+02
    endloop
  endfacet
  facet normal 0.000000e+00 -5.703226e-01 -8.214208e-01
    outer loop
      vertex   1.292409e+01 4.686595e+00 1.023811e+02
      vertex   1.492409e+01 5.463534e+00 1.018417e+02
      vertex   1.492409e+01 4.686595e+00 1.023811e+02
    endloop
  endfacet
  facet normal 0.000000e+00 -6.274690e-01 -7.786415e-01
    outer loop
      vertex   1.292409e+01 4.686595e+00 1.023811e+02
      vertex   1.492409e+01 4.686595e+00 1.023811e+02
      vertex   1.292409e+01 3.950120e+00 1.029746e+02
    endloop
  endfacet
  facet normal -4.179783e-16 -6.274690e-01 -7.786415e-01
    outer loop
      vertex   1.292409e+01 3.950120e+00 1.029746e+02
      vertex   1.492409e+01 4.686595e+00 1.023811e+02
      vertex   1.492409e+01 3.950120e+00 1.029746e+02
    endloop
  endfacet
  facet normal -4.539155e-16 -6.814179e-01 -7.318945e-01
    outer loop
      vertex   1.292409e+01 3.950120e+00 1.029746e+02
      vertex   1.492409e+01 3.950120e+00 1.029746e+02
      vertex   1.292409e+01 3.257860e+00 1.036191e+02
    endloop
  endfacet
  facet normal -6.052207e-16 -6.814179e-01 -7.318945e-01
    outer loop
      vertex   1.292409e+01 3.257860e+00 1.036191e+02
      vertex   1.492409e+01 3.950120e+00 1.029746e+02
      vertex   1.492409e+01 3.257860e+00 1.036191e+02
    endloop
  endfacet
  facet normal -6.500529e-16 -7.318945e-01 -6.814179e-01
    outer loop
      vertex   1.292409e+01 3.257860e+00 1.036191e+02
      vertex   1.492409e+01 3.257860e+00 1.036191e+02
      vertex   1.292409e+01 2.613342e+00 1.043114e+02
    endloop
  endfacet
  facet normal -1.625132e-16 -7.318945e-01 -6.814179e-01
    outer loop
      vertex   1.292409e+01 2.613342e+00 1.043114e+02
      vertex   1.492409e+01 3.257860e+00 1.036191e+02
      vertex   1.492409e+01 2.613342e+00 1.043114e+02
    endloop
  endfacet
  facet normal -1.728932e-16 -7.786415e-01 -6.274690e-01
    outer loop
      vertex   1.292409e+01 2.613342e+00 1.043114e+02
      vertex   1.492409e+01 2.613342e+00 1.043114e+02
      vertex   1.292409e+01 2.019853e+00 1.050479e+02
    endloop
  endfacet
  facet normal -1.728932e-16 -7.786415e-01 -6.274690e-01
    outer loop
      vertex   1.292409e+01 2.019853e+00 1.050479e+02
      vertex   1.492409e+01 2.613342e+00 1.043114e+02
      vertex   1.492409e+01 2.019853e+00 1.050479e+02
    endloop
  endfacet
  facet normal -1.823921e-16 -8.214208e-01 -5.703226e-01
    outer loop
      vertex   1.292409e+01 2.019853e+00 1.050479e+02
      vertex   1.492409e+01 2.019853e+00 1.050479e+02
      vertex   1.292409e+01 1.480415e+00 1.058248e+02
    endloop
  endfacet
  facet normal -3.647841e-16 -8.214208e-01 -5.703226e-01
    outer loop
      vertex   1.292409e+01 1.480415e+00 1.058248e+02
      vertex   1.492409e+01 2.019853e+00 1.050479e+02
      vertex   1.492409e+01 1.480415e+00 1.058248e+02
    endloop
  endfacet
  facet normal -3.819230e-16 -8.600142e-01 -5.102700e-01
    outer loop
      vertex   1.292409e+01 1.480415e+00 1.058248e+02
      vertex   1.492409e+01 1.480415e+00 1.058248e+02
      vertex   1.292409e+01 9.977777e-01 1.066383e+02
    endloop
  endfacet
  facet normal -9.548076e-16 -8.600142e-01 -5.102700e-01
    outer loop
      vertex   1.292409e+01 9.977777e-01 1.066383e+02
      vertex   1.492409e+01 1.480415e+00 1.058248e+02
      vertex   1.492409e+01 9.977777e-01 1.066383e+02
    endloop
  endfacet
  facet normal -9.927895e-16 -8.942253e-01 -4.476172e-01
    outer loop
      vertex   1.292409e+01 9.977777e-01 1.066383e+02
      vertex   1.492409e+01 9.977777e-01 1.066383e+02
      vertex   1.292409e+01 5.744004e-01 1.074841e+02
    endloop
  endfacet
  facet normal -2.481974e-16 -8.942253e-01 -4.476172e-01
    outer loop
      vertex   1.292409e+01 5.744004e-01 1.074841e+02
      vertex   1.492409e+01 9.977777e-01 1.066383e+02
      vertex   1.492409e+01 5.744004e-01 1.074841e+02
    endloop
  endfacet
  facet normal -2.564281e-16 -9.238795e-01 -3.826834e-01
    outer loop
      vertex   1.292409e+01 5.744004e-01 1.074841e+02
      vertex   1.492409e+01 5.744004e-01 1.074841e+02
      vertex   1.292409e+01 2.124405e-01 1.083579e+02
    endloop
  endfacet
  facet normal -2.564281e-16 -9.238795e-01 -3.826834e-01
    outer loop
      vertex   1.292409e+01 2.124405e-01 1.083579e+02
      vertex   1.492409e+01 5.744004e-01 1.074841e+02
      vertex   1.492409e+01 2.124405e-01 1.083579e+02
    endloop
  endfacet
  facet normal -2.633521e-16 -9.488259e-01 -3.157996e-01
    outer loop
      vertex   1.292409e+01 2.124405e-01 1.083579e+02
      vertex   1.492409e+01 2.124405e-01 1.083579e+02
      vertex   1.292409e+01 -8.625754e-02 1.092553e+02
    endloop
  endfacet
  facet normal 2.243891e-15 -9.488259e-01 -3.157996e-01
    outer loop
      vertex   1.292409e+01 -8.625754e-02 1.092553e+02
      vertex   1.492409e+01 2.124405e-01 1.083579e+02
      vertex   1.492409e+01 -8.625754e-02 1.092553e+02
    endloop
  endfacet
  facet normal 1.757218e-15 -9.689373e-01 -2.473065e-01
    outer loop
      vertex   1.292409e+01 -8.625754e-02 1.092553e+02
      vertex   1.492409e+01 -8.625754e-02 1.092553e+02
      vertex   1.292409e+01 -3.201716e-01 1.101718e+02
    endloop
  endfacet
  facet normal -5.378683e-16 -9.689373e-01 -2.473065e-01
    outer loop
      vertex   1.292409e+01 -3.201716e-01 1.101718e+02
      vertex   1.492409e+01 -8.625754e-02 1.092553e+02
      vertex   1.492409e+01 -3.201716e-01 1.101718e+02
    endloop
  endfacet
  facet normal -5.462915e-16 -9.841112e-01 -1.775532e-01
    outer loop
      vertex   1.292409e+01 -3.201716e-01 1.101718e+02
      vertex   1.492409e+01 -3.201716e-01 1.101718e+02
      vertex   1.292409e+01 -4.881097e-01 1.111026e+02
    endloop
  endfacet
  facet normal 2.523183e-15 -9.841112e-01 -1.775532e-01
    outer loop
      vertex   1.292409e+01 -4.881097e-01 1.111026e+02
      vertex   1.492409e+01 -3.201716e-01 1.101718e+02
      vertex   1.492409e+01 -4.881097e-01 1.111026e+02
    endloop
  endfacet
  facet normal 1.519071e-15 -9.942703e-01 -1.068951e-01
    outer loop
      vertex   1.292409e+01 -4.881097e-01 1.111026e+02
      vertex   1.492409e+01 -4.881097e-01 1.111026e+02
      vertex   1.292409e+01 -5.892162e-01 1.120431e+02
    endloop
  endfacet
  facet normal 0.000000e+00 -9.942703e-01 -1.068951e-01
    outer loop
      vertex   1.292409e+01 -5.892162e-01 1.120431e+02
      vertex   1.492409e+01 -4.881097e-01 1.111026e+02
      vertex   1.492409e+01 -5.892162e-01 1.120431e+02
    endloop
  endfacet
  facet normal 0.000000e+00 -9.993628e-01 -3.569233e-02
    outer loop
      vertex   1.292409e+01 -5.892162e-01 1.120431e+02
      vertex   1.492409e+01 -5.892162e-01 1.120431e+02
      vertex   1.292409e+01 -6.229756e-01 1.129883e+02
    endloop
  endfacet
  facet normal 0.000000e+00 -9.993628e-01 -3.569233e-02
    outer loop
      vertex   1.292409e+01 -6.229756e-01 1.129883e+02
      vertex   1.492409e+01 -5.892162e-01 1.120431e+02
      vertex   1.492409e+01 -6.229756e-01 1.129883e+02
    endloop
  endfacet
  facet normal 0.000000e+00 -9.993628e-01 3.569233e-02
    outer loop
      vertex   1.292409e+01 -6.229756e-01 1.129883e+02
      vertex   1.492409e+01 -6.229756e-01 1.129883e+02
      vertex   1.292409e+01 -5.892162e-01 1.139335e+02
    endloop
  endfacet
  facet normal -5.547578e-16 -9.993628e-01 3.569233e-02
    outer loop
      vertex   1.292409e+01 -5.892162e-01 1.139335e+02
      vertex   1.492409e+01 -6.229756e-01 1.129883e+02
      vertex   1.492409e+01 -5.892162e-01 1.139335e+02
    endloop
  endfacet
  facet normal -5.519309e-16 -9.942703e-01 1.068951e-01
    outer loop
      vertex   1.292409e+01 -5.892162e-01 1.139335e+02
      vertex   1.492409e+01 -5.892162e-01 1.139335e+02
      vertex   1.292409e+01 -4.881097e-01 1.148740e+02
    endloop
  endfacet
  facet normal 0.000000e+00 -9.942703e-01 1.068951e-01
    outer loop
      vertex   1.292409e+01 -4.881097e-01 1.148740e+02
      vertex   1.492409e+01 -5.892162e-01 1.139335e+02
      vertex   1.492409e+01 -4.881097e-01 1.148740e+02
    endloop
  endfacet
  facet normal 0.000000e+00 -9.841112e-01 1.775532e-01
    outer loop
      vertex   1.292409e+01 -4.881097e-01 1.148740e+02
      vertex   1.492409e+01 -4.881097e-01 1.148740e+02
      vertex   1.292409e+01 -3.201716e-01 1.158048e+02
    endloop
  endfacet
  facet normal -7.152999e-16 -9.841112e-01 1.775532e-01
    outer loop
      vertex   1.292409e+01 -3.201716e-01 1.158048e+02
      vertex   1.492409e+01 -4.881097e-01 1.148740e+02
      vertex   1.492409e+01 -3.201716e-01 1.158048e+02
    endloop
  endfacet
  facet normal -1.219350e-15 -9.689373e-01 2.473065e-01
    outer loop
      vertex   1.292409e+01 -3.201716e-01 1.158048e+02
      vertex   1.492409e+01 -3.201716e-01 1.158048e+02
      vertex   1.292409e+01 -8.625754e-02 1.167213e+02
    endloop
  endfacet
  facet normal 0.000000e+00 -9.689373e-01 2.473065e-01
    outer loop
      vertex   1.292409e+01 -8.625754e-02 1.167213e+02
      vertex   1.492409e+01 -3.201716e-01 1.158048e+02
      vertex   1.492409e+01 -8.625754e-02 1.167213e+02
    endloop
  endfacet
  facet normal 0.000000e+00 -9.488259e-01 3.157996e-01
    outer loop
      vertex   1.292409e+01 -8.625754e-02 1.167213e+02
      vertex   1.492409e+01 -8.625754e-02 1.167213e+02
      vertex   1.292409e+01 2.124405e-01 1.176187e+02
    endloop
  endfacet
  facet normal -1.717187e-15 -9.488259e-01 3.157996e-01
    outer loop
      vertex   1.292409e+01 2.124405e-01 1.176187e+02
      vertex   1.492409e+01 -8.625754e-02 1.167213e+02
      vertex   1.492409e+01 2.124405e-01 1.176187e+02
    endloop
  endfacet
  facet normal -2.206273e-15 -9.238795e-01 3.826834e-01
    outer loop
      vertex   1.292409e+01 2.124405e-01 1.176187e+02
      vertex   1.492409e+01 2.124405e-01 1.176187e+02
      vertex   1.292409e+01 5.744004e-01 1.184926e+02
    endloop
  endfacet
  facet normal -4.925402e-15 -9.238795e-01 3.826834e-01
    outer loop
      vertex   1.292409e+01 5.744004e-01 1.184926e+02
      vertex   1.492409e+01 2.124405e-01 1.176187e+02
      vertex   1.492409e+01 5.744004e-01 1.184926e+02
    endloop
  endfacet
  facet normal -5.864628e-15 -8.942253e-01 4.476172e-01
    outer loop
      vertex   1.292409e+01 5.744004e-01 1.184926e+02
      vertex   1.492409e+01 5.744004e-01 1.184926e+02
      vertex   1.292409e+01 9.977777e-01 1.193384e+02
    endloop
  endfacet
  facet normal 7.850207e-15 -8.942253e-01 4.476172e-01
    outer loop
      vertex   1.292409e+01 9.977777e-01 1.193384e+02
      vertex   1.492409e+01 5.744004e-01 1.184926e+02
      vertex   1.492409e+01 9.977777e-01 1.193384e+02
    endloop
  endfacet
  facet normal 8.683585e-15 -8.600142e-01 5.102700e-01
    outer loop
      vertex   1.292409e+01 9.977777e-01 1.193384e+02
      vertex   1.492409e+01 9.977777e-01 1.193384e+02
      vertex   1.292409e+01 1.480415e+00 1.201518e+02
    endloop
  endfacet
  facet normal -9.548076e-17 -8.600142e-01 5.102700e-01
    outer loop
      vertex   1.292409e+01 1.480415e+00 1.201518e+02
      vertex   1.492409e+01 9.977777e-01 1.193384e+02
      vertex   1.492409e+01 1.480415e+00 1.201518e+02
    endloop
  endfacet
  facet normal -9.119603e-17 -8.214208e-01 5.703226e-01
    outer loop
      vertex   1.292409e+01 1.480415e+00 1.201518e+02
      vertex   1.492409e+01 1.480415e+00 1.201518e+02
      vertex   1.292409e+01 2.019853e+00 1.209287e+02
    endloop
  endfacet
  facet normal 1.276744e-15 -8.214208e-01 5.703226e-01
    outer loop
      vertex   1.292409e+01 2.019853e+00 1.209287e+02
      vertex   1.492409e+01 1.480415e+00 1.201518e+02
      vertex   1.492409e+01 2.019853e+00 1.209287e+02
    endloop
  endfacet
  facet normal 1.210252e-15 -7.786415e-01 6.274690e-01
    outer loop
      vertex   1.292409e+01 2.019853e+00 1.209287e+02
      vertex   1.492409e+01 2.019853e+00 1.209287e+02
      vertex   1.292409e+01 2.613342e+00 1.216652e+02
    endloop
  endfacet
  facet normal 5.186795e-16 -7.786415e-01 6.274690e-01
    outer loop
      vertex   1.292409e+01 2.613342e+00 1.216652e+02
      vertex   1.492409e+01 2.019853e+00 1.209287e+02
      vertex   1.492409e+01 2.613342e+00 1.216652e+02
    endloop
  endfacet
  facet normal 4.875397e-16 -7.318945e-01 6.814179e-01
    outer loop
      vertex   1.292409e+01 2.613342e+00 1.216652e+02
      vertex   1.492409e+01 2.613342e+00 1.216652e+02
      vertex   1.292409e+01 3.257860e+00 1.223575e+02
    endloop
  endfacet
  facet normal 6.500529e-16 -7.318945e-01 6.814179e-01
    outer loop
      vertex   1.292409e+01 3.257860e+00 1.223575e+02
      vertex   1.492409e+01 2.613342e+00 1.216652e+02
      vertex   1.492409e+01 3.257860e+00 1.223575e+02
    endloop
  endfacet
  facet normal 6.052207e-16 -6.814179e-01 7.318945e-01
    outer loop
      vertex   1.292409e+01 3.257860e+00 1.223575e+02
      vertex   1.492409e+01 3.257860e+00 1.223575e+02
      vertex   1.292409e+01 3.950120e+00 1.230020e+02
    endloop
  endfacet
  facet normal 0.000000e+00 -6.814179e-01 7.318945e-01
    outer loop
      vertex   1.292409e+01 3.950120e+00 1.230020e+02
      vertex   1.492409e+01 3.257860e+00 1.223575e+02
      vertex   1.492409e+01 3.950120e+00 1.230020e+02
    endloop
  endfacet
  facet normal 0.000000e+00 -6.274690e-01 7.786415e-01
    outer loop
      vertex   1.292409e+01 3.950120e+00 1.230020e+02
      vertex   1.492409e+01 3.950120e+00 1.230020e+02
      vertex   1.292409e+01 4.686595e+00 1.235955e+02
    endloop
  endfacet
  facet normal -5.253929e-15 -6.274690e-01 7.786415e-01
    outer loop
      vertex   1.292409e+01 4.686595e+00 1.235955e+02
      vertex   1.492409e+01 3.950120e+00 1.230020e+02
      vertex   1.492409e+01 4.686595e+00 1.235955e+02
    endloop
  endfacet
  facet normal -5.583272e-15 -5.703226e-01 8.214208e-01
    outer loop
      vertex   1.292409e+01 4.686595e+00 1.235955e+02
      vertex   1.492409e+01 4.686595e+00 1.235955e+02
      vertex   1.292409e+01 5.463534e+00 1.241349e+02
    endloop
  endfacet
  facet normal 6.089820e-15 -5.703226e-01 8.214208e-01
    outer loop
      vertex   1.292409e+01 5.463534e+00 1.241349e+02
      vertex   1.492409e+01 4.686595e+00 1.235955e+02
      vertex   1.492409e+01 5.463534e+00 1.241349e+02
    endloop
  endfacet
  facet normal 6.337374e-15 -5.102700e-01 8.600142e-01
    outer loop
      vertex   1.292409e+01 5.463534e+00 1.241349e+02
      vertex   1.492409e+01 5.463534e+00 1.241349e+02
      vertex   1.292409e+01 6.276975e+00 1.246175e+02
    endloop
  endfacet
  facet normal -6.337374e-15 -5.102700e-01 8.600142e-01
    outer loop
      vertex   1.292409e+01 6.276975e+00 1.246175e+02
      vertex   1.492409e+01 5.463534e+00 1.241349e+02
      vertex   1.492409e+01 6.276975e+00 1.246175e+02
    endloop
  endfacet
  facet normal -6.552635e-15 -4.476172e-01 8.942253e-01
    outer loop
      vertex   1.292409e+01 6.276975e+00 1.246175e+02
      vertex   1.492409e+01 6.276975e+00 1.246175e+02
      vertex   1.292409e+01 7.122775e+00 1.250409e+02
    endloop
  endfacet
  facet normal 5.963459e-16 -4.476172e-01 8.942253e-01
    outer loop
      vertex   1.292409e+01 7.122775e+00 1.250409e+02
      vertex   1.492409e+01 6.276975e+00 1.246175e+02
      vertex   1.492409e+01 7.122775e+00 1.250409e+02
    endloop
  endfacet
  facet normal 5.098367e-16 -3.826834e-01 9.238795e-01
    outer loop
      vertex   1.292409e+01 7.122775e+00 1.250409e+02
      vertex   1.492409e+01 7.122775e+00 1.250409e+02
      vertex   1.292409e+01 7.996624e+00 1.254029e+02
    endloop
  endfacet
  facet normal 8.497279e-16 -3.826834e-01 9.238795e-01
    outer loop
      vertex   1.292409e+01 7.996624e+00 1.254029e+02
      vertex   1.492409e+01 7.122775e+00 1.250409e+02
      vertex   1.492409e+01 7.996624e+00 1.254029e+02
    endloop
  endfacet
  facet normal 7.012159e-16 -3.157996e-01 9.488259e-01
    outer loop
      vertex   1.292409e+01 7.996624e+00 1.254029e+02
      vertex   1.492409e+01 7.996624e+00 1.254029e+02
      vertex   1.292409e+01 8.894068e+00 1.257016e+02
    endloop
  endfacet
  facet normal 0.000000e+00 -3.157996e-01 9.488259e-01
    outer loop
      vertex   1.292409e+01 8.894068e+00 1.257016e+02
      vertex   1.492409e+01 7.996624e+00 1.254029e+02
      vertex   1.492409e+01 8.894068e+00 1.257016e+02
    endloop
  endfacet
  facet normal 0.000000e+00 -2.473065e-01 9.689373e-01
    outer loop
      vertex   1.292409e+01 8.894068e+00 1.257016e+02
      vertex   1.492409e+01 8.894068e+00 1.257016e+02
      vertex   1.292409e+01 9.810534e+00 1.259355e+02
    endloop
  endfacet
  facet normal 0.000000e+00 -2.473065e-01 9.689373e-01
    outer loop
      vertex   1.292409e+01 9.810534e+00 1.259355e+02
      vertex   1.492409e+01 8.894068e+00 1.257016e+02
      vertex   1.492409e+01 9.810534e+00 1.259355e+02
    endloop
  endfacet
  facet normal 0.000000e+00 -1.775532e-01 9.841112e-01
    outer loop
      vertex   1.292409e+01 9.810534e+00 1.259355e+02
      vertex   1.492409e+01 9.810534e+00 1.259355e+02
      vertex   1.292409e+01 1.074135e+01 1.261034e+02
    endloop
  endfacet
  facet normal 1.576989e-16 -1.775532e-01 9.841112e-01
    outer loop
      vertex   1.292409e+01 1.074135e+01 1.261034e+02
      vertex   1.492409e+01 9.810534e+00 1.259355e+02
      vertex   1.492409e+01 1.074135e+01 1.261034e+02
    endloop
  endfacet
  facet normal 9.494194e-17 -1.068951e-01 9.942703e-01
    outer loop
      vertex   1.292409e+01 1.074135e+01 1.261034e+02
      vertex   1.492409e+01 1.074135e+01 1.261034e+02
      vertex   1.292409e+01 1.168178e+01 1.262045e+02
    endloop
  endfacet
  facet normal -1.412943e-14 -1.068951e-01 9.942703e-01
    outer loop
      vertex   1.292409e+01 1.168178e+01 1.262045e+02
      vertex   1.492409e+01 1.074135e+01 1.261034e+02
      vertex   1.492409e+01 1.168178e+01 1.262045e+02
    endloop
  endfacet
  facet normal -1.420180e-14 -3.569233e-02 9.993628e-01
    outer loop
      vertex   1.292409e+01 1.168178e+01 1.262045e+02
      vertex   1.492409e+01 1.168178e+01 1.262045e+02
      vertex   1.292409e+01 1.262702e+01 1.262383e+02
    endloop
  endfacet
  facet normal 0.000000e+00 -3.569233e-02 9.993628e-01
    outer loop
      vertex   1.292409e+01 1.262702e+01 1.262383e+02
      vertex   1.492409e+01 1.168178e+01 1.262045e+02
      vertex   1.492409e+01 1.262702e+01 1.262383e+02
    endloop
  endfacet
  facet normal -5.814483e-02 6.455373e-17 -9.983082e-01
    outer loop
      vertex   -1.995447e+00 3.237702e+01 1.179545e+02
      vertex   -1.995447e+00 3.037702e+01 1.179545e+02
      vertex   -2.575912e+00 3.237702e+01 1.179883e+02
    endloop
  endfacet
  facet normal -5.814483e-02 -0.000000e+00 -9.983082e-01
    outer loop
      vertex   -2.575912e+00 3.237702e+01 1.179883e+02
      vertex   -1.995447e+00 3.037702e+01 1.179545e+02
      vertex   -2.575912e+00 3.037702e+01 1.179883e+02
    endloop
  endfacet
  facet normal 5.814483e-02 0.000000e+00 -9.983082e-01
    outer loop
      vertex   -2.575912e+00 3.237702e+01 1.179883e+02
      vertex   -2.575912e+00 3.037702e+01 1.179883e+02
      vertex   -3.156376e+00 3.237702e+01 1.179545e+02
    endloop
  endfacet
  facet normal 5.814483e-02 -6.455373e-17 -9.983082e-01
    outer loop
      vertex   -3.156376e+00 3.237702e+01 1.179545e+02
      vertex   -2.575912e+00 3.037702e+01 1.179883e+02
      vertex   -3.156376e+00 3.037702e+01 1.179545e+02
    endloop
  endfacet
  facet normal 1.736482e-01 -1.927882e-16 -9.848078e-01
    outer loop
      vertex   -3.156376e+00 3.237702e+01 1.179545e+02
      vertex   -3.156376e+00 3.037702e+01 1.179545e+02
      vertex   -3.728991e+00 3.237702e+01 1.178535e+02
    endloop
  endfacet
  facet normal 1.736482e-01 0.000000e+00 -9.848078e-01
    outer loop
      vertex   -3.728991e+00 3.237702e+01 1.178535e+02
      vertex   -3.156376e+00 3.037702e+01 1.179545e+02
      vertex   -3.728991e+00 3.037702e+01 1.178535e+02
    endloop
  endfacet
  facet normal 2.868032e-01 0.000000e+00 -9.579895e-01
    outer loop
      vertex   -3.728991e+00 3.237702e+01 1.178535e+02
      vertex   -3.728991e+00 3.037702e+01 1.178535e+02
      vertex   -4.286012e+00 3.237702e+01 1.176868e+02
    endloop
  endfacet
  facet normal 2.868032e-01 -3.820987e-16 -9.579895e-01
    outer loop
      vertex   -4.286012e+00 3.237702e+01 1.176868e+02
      vertex   -3.728991e+00 3.037702e+01 1.178535e+02
      vertex   -4.286012e+00 3.037702e+01 1.176868e+02
    endloop
  endfacet
  facet normal 3.960798e-01 -5.276843e-16 -9.182161e-01
    outer loop
      vertex   -4.286012e+00 3.237702e+01 1.176868e+02
      vertex   -4.286012e+00 3.037702e+01 1.176868e+02
      vertex   -4.819908e+00 3.237702e+01 1.174565e+02
    endloop
  endfacet
  facet normal 3.960798e-01 0.000000e+00 -9.182161e-01
    outer loop
      vertex   -4.819908e+00 3.237702e+01 1.174565e+02
      vertex   -4.286012e+00 3.037702e+01 1.176868e+02
      vertex   -4.819908e+00 3.037702e+01 1.174565e+02
    endloop
  endfacet
  facet normal 5.000000e-01 0.000000e+00 -8.660254e-01
    outer loop
      vertex   -4.819908e+00 3.237702e+01 1.174565e+02
      vertex   -4.819908e+00 3.037702e+01 1.174565e+02
      vertex   -5.323457e+00 3.237702e+01 1.171657e+02
    endloop
  endfacet
  facet normal 5.000000e-01 -6.661338e-16 -8.660254e-01
    outer loop
      vertex   -5.323457e+00 3.237702e+01 1.171657e+02
      vertex   -4.819908e+00 3.037702e+01 1.174565e+02
      vertex   -5.323457e+00 3.037702e+01 1.171657e+02
    endloop
  endfacet
  facet normal 5.971586e-01 -7.955751e-16 -8.021232e-01
    outer loop
      vertex   -5.323457e+00 3.237702e+01 1.171657e+02
      vertex   -5.323457e+00 3.037702e+01 1.171657e+02
      vertex   -5.789850e+00 3.237702e+01 1.168185e+02
    endloop
  endfacet
  facet normal 5.971586e-01 0.000000e+00 -8.021232e-01
    outer loop
      vertex   -5.789850e+00 3.237702e+01 1.168185e+02
      vertex   -5.323457e+00 3.037702e+01 1.171657e+02
      vertex   -5.789850e+00 3.037702e+01 1.168185e+02
    endloop
  endfacet
  facet normal 6.862416e-01 0.000000e+00 -7.273736e-01
    outer loop
      vertex   -5.789850e+00 3.237702e+01 1.168185e+02
      vertex   -5.789850e+00 3.037702e+01 1.168185e+02
      vertex   -6.212780e+00 3.237702e+01 1.164195e+02
    endloop
  endfacet
  facet normal 6.862416e-01 -9.142575e-16 -7.273736e-01
    outer loop
      vertex   -6.212780e+00 3.237702e+01 1.164195e+02
      vertex   -5.789850e+00 3.037702e+01 1.168185e+02
      vertex   -6.212780e+00 3.037702e+01 1.164195e+02
    endloop
  endfacet
  facet normal 7.660444e-01 -1.020576e-15 -6.427876e-01
    outer loop
      vertex   -6.212780e+00 3.237702e+01 1.164195e+02
      vertex   -6.212780e+00 3.037702e+01 1.164195e+02
      vertex   -6.586528e+00 3.237702e+01 1.159741e+02
    endloop
  endfacet
  facet normal 7.660444e-01 0.000000e+00 -6.427876e-01
    outer loop
      vertex   -6.586528e+00 3.237702e+01 1.159741e+02
      vertex   -6.212780e+00 3.037702e+01 1.164195e+02
      vertex   -6.586528e+00 3.037702e+01 1.159741e+02
    endloop
  endfacet
  facet normal 8.354878e-01 0.000000e+00 -5.495090e-01
    outer loop
      vertex   -6.586528e+00 3.237702e+01 1.159741e+02
      vertex   -6.586528e+00 3.037702e+01 1.159741e+02
      vertex   -6.906039e+00 3.237702e+01 1.154883e+02
    endloop
  endfacet
  facet normal 8.354878e-01 0.000000e+00 -5.495090e-01
    outer loop
      vertex   -6.906039e+00 3.237702e+01 1.154883e+02
      vertex   -6.586528e+00 3.037702e+01 1.159741e+02
      vertex   -6.906039e+00 3.037702e+01 1.154883e+02
    endloop
  endfacet
  facet normal 8.936326e-01 0.000000e+00 -4.487992e-01
    outer loop
      vertex   -6.906039e+00 3.237702e+01 1.154883e+02
      vertex   -6.906039e+00 3.037702e+01 1.154883e+02
      vertex   -7.166992e+00 3.237702e+01 1.149687e+02
    endloop
  endfacet
  facet normal 8.936326e-01 0.000000e+00 -4.487992e-01
    outer loop
      vertex   -7.166992e+00 3.237702e+01 1.149687e+02
      vertex   -6.906039e+00 3.037702e+01 1.154883e+02
      vertex   -7.166992e+00 3.037702e+01 1.149687e+02
    endloop
  endfacet
  facet normal 9.396926e-01 0.000000e+00 -3.420201e-01
    outer loop
      vertex   -7.166992e+00 3.237702e+01 1.149687e+02
      vertex   -7.166992e+00 3.037702e+01 1.149687e+02
      vertex   -7.365859e+00 3.237702e+01 1.144223e+02
    endloop
  endfacet
  facet normal 9.396926e-01 -4.173074e-16 -3.420201e-01
    outer loop
      vertex   -7.365859e+00 3.237702e+01 1.144223e+02
      vertex   -7.166992e+00 3.037702e+01 1.149687e+02
      vertex   -7.365859e+00 3.037702e+01 1.144223e+02
    endloop
  endfacet
  facet normal 9.730449e-01 -4.321187e-16 -2.306159e-01
    outer loop
      vertex   -7.365859e+00 3.237702e+01 1.144223e+02
      vertex   -7.365859e+00 3.037702e+01 1.144223e+02
      vertex   -7.499951e+00 3.237702e+01 1.138565e+02
    endloop
  endfacet
  facet normal 9.730449e-01 0.000000e+00 -2.306159e-01
    outer loop
      vertex   -7.499951e+00 3.237702e+01 1.138565e+02
      vertex   -7.365859e+00 3.037702e+01 1.144223e+02
      vertex   -7.499951e+00 3.037702e+01 1.138565e+02
    endloop
  endfacet
  facet normal 9.932384e-01 0.000000e+00 -1.160929e-01
    outer loop
      vertex   -7.499951e+00 3.237702e+01 1.138565e+02
      vertex   -7.499951e+00 3.037702e+01 1.138565e+02
      vertex   -7.567453e+00 3.237702e+01 1.132790e+02
    endloop
  endfacet
  facet normal 9.932384e-01 0.000000e+00 -1.160929e-01
    outer loop
      vertex   -7.567453e+00 3.237702e+01 1.132790e+02
      vertex   -7.499951e+00 3.037702e+01 1.138565e+02
      vertex   -7.567453e+00 3.037702e+01 1.132790e+02
    endloop
  endfacet
  facet normal 1.000000e+00 0.000000e+00 0.000000e+00
    outer loop
      vertex   -7.567453e+00 3.237702e+01 1.132790e+02
      vertex   -7.567453e+00 3.037702e+01 1.132790e+02
      vertex   -7.567453e+00 3.237702e+01 1.126976e+02
    endloop
  endfacet
  facet normal 1.000000e+00 0.000000e+00 0.000000e+00
    outer loop
      vertex   -7.567453e+00 3.237702e+01 1.126976e+02
      vertex   -7.567453e+00 3.037702e+01 1.132790e+02
      vertex   -7.567453e+00 3.037702e+01 1.126976e+02
    endloop
  endfacet
  facet normal 9.932384e-01 0.000000e+00 1.160929e-01
    outer loop
      vertex   -7.567453e+00 3.237702e+01 1.126976e+02
      vertex   -7.567453e+00 3.037702e+01 1.126976e+02
      vertex   -7.499951e+00 3.237702e+01 1.121201e+02
    endloop
  endfacet
  facet normal 9.932384e-01 0.000000e+00 1.160929e-01
    outer loop
      vertex   -7.499951e+00 3.237702e+01 1.121201e+02
      vertex   -7.567453e+00 3.037702e+01 1.126976e+02
      vertex   -7.499951e+00 3.037702e+01 1.121201e+02
    endloop
  endfacet
  facet normal 9.730449e-01 0.000000e+00 2.306159e-01
    outer loop
      vertex   -7.499951e+00 3.237702e+01 1.121201e+02
      vertex   -7.499951e+00 3.037702e+01 1.121201e+02
      vertex   -7.365859e+00 3.237702e+01 1.115543e+02
    endloop
  endfacet
  facet normal 9.730449e-01 0.000000e+00 2.306159e-01
    outer loop
      vertex   -7.365859e+00 3.237702e+01 1.115543e+02
      vertex   -7.499951e+00 3.037702e+01 1.121201e+02
      vertex   -7.365859e+00 3.037702e+01 1.115543e+02
    endloop
  endfacet
  facet normal 9.396926e-01 0.000000e+00 3.420201e-01
    outer loop
      vertex   -7.365859e+00 3.237702e+01 1.115543e+02
      vertex   -7.365859e+00 3.037702e+01 1.115543e+02
      vertex   -7.166992e+00 3.237702e+01 1.110079e+02
    endloop
  endfacet
  facet normal 9.396926e-01 4.173074e-16 3.420201e-01
    outer loop
      vertex   -7.166992e+00 3.237702e+01 1.110079e+02
      vertex   -7.365859e+00 3.037702e+01 1.115543e+02
      vertex   -7.166992e+00 3.037702e+01 1.110079e+02
    endloop
  endfacet
  facet normal 8.936326e-01 3.968526e-16 4.487992e-01
    outer loop
      vertex   -7.166992e+00 3.237702e+01 1.110079e+02
      vertex   -7.166992e+00 3.037702e+01 1.110079e+02
      vertex   -6.906039e+00 3.237702e+01 1.104883e+02
    endloop
  endfacet
  facet normal 8.936326e-01 -3.968526e-16 4.487992e-01
    outer loop
      vertex   -6.906039e+00 3.237702e+01 1.104883e+02
      vertex   -7.166992e+00 3.037702e+01 1.110079e+02
      vertex   -6.906039e+00 3.037702e+01 1.104883e+02
    endloop
  endfacet
  facet normal 8.354878e-01 -3.710311e-16 5.495090e-01
    outer loop
      vertex   -6.906039e+00 3.237702e+01 1.104883e+02
      vertex   -6.906039e+00 3.037702e+01 1.104883e+02
      vertex   -6.586528e+00 3.237702e+01 1.100025e+02
    endloop
  endfacet
  facet normal 8.354878e-01 0.000000e+00 5.495090e-01
    outer loop
      vertex   -6.586528e+00 3.237702e+01 1.100025e+02
      vertex   -6.906039e+00 3.037702e+01 1.104883e+02
      vertex   -6.586528e+00 3.037702e+01 1.100025e+02
    endloop
  endfacet
  facet normal 7.660444e-01 0.000000e+00 6.427876e-01
    outer loop
      vertex   -6.586528e+00 3.237702e+01 1.100025e+02
      vertex   -6.586528e+00 3.037702e+01 1.100025e+02
      vertex   -6.212780e+00 3.237702e+01 1.095571e+02
    endloop
  endfacet
  facet normal 7.660444e-01 0.000000e+00 6.427876e-01
    outer loop
      vertex   -6.212780e+00 3.237702e+01 1.095571e+02
      vertex   -6.586528e+00 3.037702e+01 1.100025e+02
      vertex   -6.212780e+00 3.037702e+01 1.095571e+02
    endloop
  endfacet
  facet normal 6.862416e-01 0.000000e+00 7.273736e-01
    outer loop
      vertex   -6.212780e+00 3.237702e+01 1.095571e+02
      vertex   -6.212780e+00 3.037702e+01 1.095571e+02
      vertex   -5.789850e+00 3.237702e+01 1.091581e+02
    endloop
  endfacet
  facet normal 6.862416e-01 0.000000e+00 7.273736e-01
    outer loop
      vertex   -5.789850e+00 3.237702e+01 1.091581e+02
      vertex   -6.212780e+00 3.037702e+01 1.095571e+02
      vertex   -5.789850e+00 3.037702e+01 1.091581e+02
    endloop
  endfacet
  facet normal 5.971586e-01 0.000000e+00 8.021232e-01
    outer loop
      vertex   -5.789850e+00 3.237702e+01 1.091581e+02
      vertex   -5.789850e+00 3.037702e+01 1.091581e+02
      vertex   -5.323457e+00 3.237702e+01 1.088109e+02
    endloop
  endfacet
  facet normal 5.971586e-01 0.000000e+00 8.021232e-01
    outer loop
      vertex   -5.323457e+00 3.237702e+01 1.088109e+02
      vertex   -5.789850e+00 3.037702e+01 1.091581e+02
      vertex   -5.323457e+00 3.037702e+01 1.088109e+02
    endloop
  endfacet
  facet normal 5.000000e-01 0.000000e+00 8.660254e-01
    outer loop
      vertex   -5.323457e+00 3.237702e+01 1.088109e+02
      vertex   -5.323457e+00 3.037702e+01 1.088109e+02
      vertex   -4.819908e+00 3.237702e+01 1.085201e+02
    endloop
  endfacet
  facet normal 5.000000e-01 0.000000e+00 8.660254e-01
    outer loop
      vertex   -4.819908e+00 3.237702e+01 1.085201e+02
      vertex   -5.323457e+00 3.037702e+01 1.088109e+02
      vertex   -4.819908e+00 3.037702e+01 1.085201e+02
    endloop
  endfacet
  facet normal 3.960798e-01 0.000000e+00 9.182161e-01
    outer loop
      vertex   -4.819908e+00 3.237702e+01 1.085201e+02
      vertex   -4.819908e+00 3.037702e+01 1.085201e+02
      vertex   -4.286012e+00 3.237702e+01 1.082898e+02
    endloop
  endfacet
  facet normal 3.960798e-01 0.000000e+00 9.182161e-01
    outer loop
      vertex   -4.286012e+00 3.237702e+01 1.082898e+02
      vertex   -4.819908e+00 3.037702e+01 1.085201e+02
      vertex   -4.286012e+00 3.037702e+01 1.082898e+02
    endloop
  endfacet
  facet normal 2.868032e-01 0.000000e+00 9.579895e-01
    outer loop
      vertex   -4.286012e+00 3.237702e+01 1.082898e+02
      vertex   -4.286012e+00 3.037702e+01 1.082898e+02
      vertex   -3.728991e+00 3.237702e+01 1.081231e+02
    endloop
  endfacet
  facet normal 2.868032e-01 0.000000e+00 9.579895e-01
    outer loop
      vertex   -3.728991e+00 3.237702e+01 1.081231e+02
      vertex   -4.286012e+00 3.037702e+01 1.082898e+02
      vertex   -3.728991e+00 3.037702e+01 1.081231e+02
    endloop
  endfacet
  facet normal 1.736482e-01 0.000000e+00 9.848078e-01
    outer loop
      vertex   -3.728991e+00 3.237702e+01 1.081231e+02
      vertex   -3.728991e+00 3.037702e+01 1.081231e+02
      vertex   -3.156376e+00 3.237702e+01 1.080221e+02
    endloop
  endfacet
  facet normal 1.736482e-01 0.000000e+00 9.848078e-01
    outer loop
      vertex   -3.156376e+00 3.237702e+01 1.080221e+02
      vertex   -3.728991e+00 3.037702e+01 1.081231e+02
      vertex   -3.156376e+00 3.037702e+01 1.080221e+02
    endloop
  endfacet
  facet normal 5.814483e-02 0.000000e+00 9.983082e-01
    outer loop
      vertex   -3.156376e+00 3.237702e+01 1.080221e+02
      vertex   -3.156376e+00 3.037702e+01 1.080221e+02
      vertex   -2.575912e+00 3.237702e+01 1.079883e+02
    endloop
  endfacet
  facet normal 5.814483e-02 0.000000e+00 9.983082e-01
    outer loop
      vertex   -2.575912e+00 3.237702e+01 1.079883e+02
      vertex   -3.156376e+00 3.037702e+01 1.080221e+02
      vertex   -2.575912e+00 3.037702e+01 1.079883e+02
    endloop
  endfacet
  facet normal -5.814483e-02 0.000000e+00 9.983082e-01
    outer loop
      vertex   -2.575912e+00 3.237702e+01 1.079883e+02
      vertex   -2.575912e+00 3.037702e+01 1.079883e+02
      vertex   -1.995447e+00 3.237702e+01 1.080221e+02
    endloop
  endfacet
  facet normal -5.814483e-02 0.000000e+00 9.983082e-01
    outer loop
      vertex   -1.995447e+00 3.237702e+01 1.080221e+02
      vertex   -2.575912e+00 3.037702e+01 1.079883e+02
      vertex   -1.995447e+00 3.037702e+01 1.080221e+02
    endloop
  endfacet
  facet normal -1.736482e-01 0.000000e+00 9.848078e-01
    outer loop
      vertex   -1.995447e+00 3.237702e+01 1.080221e+02
      vertex   -1.995447e+00 3.037702e+01 1.080221e+02
      vertex   -1.422832e+00 3.237702e+01 1.081231e+02
    endloop
  endfacet
  facet normal -1.736482e-01 0.000000e+00 9.848078e-01
    outer loop
      vertex   -1.422832e+00 3.237702e+01 1.081231e+02
      vertex   -1.995447e+00 3.037702e+01 1.080221e+02
      vertex   -1.422832e+00 3.037702e+01 1.081231e+02
    endloop
  endfacet
  facet normal -2.868032e-01 0.000000e+00 9.579895e-01
    outer loop
      vertex   -1.422832e+00 3.237702e+01 1.081231e+02
      vertex   -1.422832e+00 3.037702e+01 1.081231e+02
      vertex   -8.658111e-01 3.237702e+01 1.082898e+02
    endloop
  endfacet
  facet normal -2.868032e-01 0.000000e+00 9.579895e-01
    outer loop
      vertex   -8.658111e-01 3.237702e+01 1.082898e+02
      vertex   -1.422832e+00 3.037702e+01 1.081231e+02
      vertex   -8.658111e-01 3.037702e+01 1.082898e+02
    endloop
  endfacet
  facet normal -3.960798e-01 0.000000e+00 9.182161e-01
    outer loop
      vertex   -8.658111e-01 3.237702e+01 1.082898e+02
      vertex   -8.658111e-01 3.037702e+01 1.082898e+02
      vertex   -3.319159e-01 3.237702e+01 1.085201e+02
    endloop
  endfacet
  facet normal -3.960798e-01 0.000000e+00 9.182161e-01
    outer loop
      vertex   -3.319159e-01 3.237702e+01 1.085201e+02
      vertex   -8.658111e-01 3.037702e+01 1.082898e+02
      vertex   -3.319159e-01 3.037702e+01 1.085201e+02
    endloop
  endfacet
  facet normal -5.000000e-01 0.000000e+00 8.660254e-01
    outer loop
      vertex   -3.319159e-01 3.237702e+01 1.085201e+02
      vertex   -3.319159e-01 3.037702e+01 1.085201e+02
      vertex   1.716331e-01 3.237702e+01 1.088109e+02
    endloop
  endfacet
  facet normal -5.000000e-01 0.000000e+00 8.660254e-01
    outer loop
      vertex   1.716331e-01 3.237702e+01 1.088109e+02
      vertex   -3.319159e-01 3.037702e+01 1.085201e+02
      vertex   1.716331e-01 3.037702e+01 1.088109e+02
    endloop
  endfacet
  facet normal -5.971586e-01 0.000000e+00 8.021232e-01
    outer loop
      vertex   1.716331e-01 3.237702e+01 1.088109e+02
      vertex   1.716331e-01 3.037702e+01 1.088109e+02
      vertex   6.380263e-01 3.237702e+01 1.091581e+02
    endloop
  endfacet
  facet normal -5.971586e-01 0.000000e+00 8.021232e-01
    outer loop
      vertex   6.380263e-01 3.237702e+01 1.091581e+02
      vertex   1.716331e-01 3.037702e+01 1.088109e+02
      vertex   6.380263e-01 3.037702e+01 1.091581e+02
    endloop
  endfacet
  facet normal -6.862416e-01 0.000000e+00 7.273736e-01
    outer loop
      vertex   6.380263e-01 3.237702e+01 1.091581e+02
      vertex   6.380263e-01 3.037702e+01 1.091581e+02
      vertex   1.060956e+00 3.237702e+01 1.095571e+02
    endloop
  endfacet
  facet normal -6.862416e-01 0.000000e+00 7.273736e-01
    outer loop
      vertex   1.060956e+00 3.237702e+01 1.095571e+02
      vertex   6.380263e-01 3.037702e+01 1.091581e+02
      vertex   1.060956e+00 3.037702e+01 1.095571e+02
    endloop
  endfacet
  facet normal -7.660444e-01 0.000000e+00 6.427876e-01
    outer loop
      vertex   1.060956e+00 3.237702e+01 1.095571e+02
      vertex   1.060956e+00 3.037702e+01 1.095571e+02
      vertex   1.434704e+00 3.237702e+01 1.100025e+02
    endloop
  endfacet
  facet normal -7.660444e-01 0.000000e+00 6.427876e-01
    outer loop
      vertex   1.434704e+00 3.237702e+01 1.100025e+02
      vertex   1.060956e+00 3.037702e+01 1.095571e+02
      vertex   1.434704e+00 3.037702e+01 1.100025e+02
    endloop
  endfacet
  facet normal -8.354878e-01 0.000000e+00 5.495090e-01
    outer loop
      vertex   1.434704e+00 3.237702e+01 1.100025e+02
      vertex   1.434704e+00 3.037702e+01 1.100025e+02
      vertex   1.754215e+00 3.237702e+01 1.104883e+02
    endloop
  endfacet
  facet normal -8.354878e-01 4.637889e-16 5.495090e-01
    outer loop
      vertex   1.754215e+00 3.237702e+01 1.104883e+02
      vertex   1.434704e+00 3.037702e+01 1.100025e+02
      vertex   1.754215e+00 3.037702e+01 1.104883e+02
    endloop
  endfacet
  facet normal -8.936326e-01 4.960658e-16 4.487992e-01
    outer loop
      vertex   1.754215e+00 3.237702e+01 1.104883e+02
      vertex   1.754215e+00 3.037702e+01 1.104883e+02
      vertex   2.015169e+00 3.237702e+01 1.110079e+02
    endloop
  endfacet
  facet normal -8.936326e-01 -1.984263e-16 4.487992e-01
    outer loop
      vertex   2.015169e+00 3.237702e+01 1.110079e+02
      vertex   1.754215e+00 3.037702e+01 1.104883e+02
      vertex   2.015169e+00 3.037702e+01 1.110079e+02
    endloop
  endfacet
  facet normal -9.396926e-01 -2.086537e-16 3.420201e-01
    outer loop
      vertex   2.015169e+00 3.237702e+01 1.110079e+02
      vertex   2.015169e+00 3.037702e+01 1.110079e+02
      vertex   2.214036e+00 3.237702e+01 1.115543e+02
    endloop
  endfacet
  facet normal -9.396926e-01 2.086537e-16 3.420201e-01
    outer loop
      vertex   2.214036e+00 3.237702e+01 1.115543e+02
      vertex   2.015169e+00 3.037702e+01 1.110079e+02
      vertex   2.214036e+00 3.037702e+01 1.115543e+02
    endloop
  endfacet
  facet normal -9.730449e-01 2.160594e-16 2.306159e-01
    outer loop
      vertex   2.214036e+00 3.237702e+01 1.115543e+02
      vertex   2.214036e+00 3.037702e+01 1.115543e+02
      vertex   2.348127e+00 3.237702e+01 1.121201e+02
    endloop
  endfacet
  facet normal -9.730449e-01 -2.160594e-16 2.306159e-01
    outer loop
      vertex   2.348127e+00 3.237702e+01 1.121201e+02
      vertex   2.214036e+00 3.037702e+01 1.115543e+02
      vertex   2.348127e+00 3.037702e+01 1.121201e+02
    endloop
  endfacet
  facet normal -9.932384e-01 -2.205432e-16 1.160929e-01
    outer loop
      vertex   2.348127e+00 3.237702e+01 1.121201e+02
      vertex   2.348127e+00 3.037702e+01 1.121201e+02
      vertex   2.415629e+00 3.237702e+01 1.126976e+02
    endloop
  endfacet
  facet normal -9.932384e-01 0.000000e+00 1.160929e-01
    outer loop
      vertex   2.415629e+00 3.237702e+01 1.126976e+02
      vertex   2.348127e+00 3.037702e+01 1.121201e+02
      vertex   2.415629e+00 3.037702e+01 1.126976e+02
    endloop
  endfacet
  facet normal -1.000000e+00 0.000000e+00 0.000000e+00
    outer loop
      vertex   2.415629e+00 3.237702e+01 1.126976e+02
      vertex   2.415629e+00 3.037702e+01 1.126976e+02
      vertex   2.415629e+00 3.237702e+01 1.132790e+02
    endloop
  endfacet
  facet normal -1.000000e+00 -0.000000e+00 0.000000e+00
    outer loop
      vertex   2.415629e+00 3.237702e+01 1.132790e+02
      vertex   2.415629e+00 3.037702e+01 1.126976e+02
      vertex   2.415629e+00 3.037702e+01 1.132790e+02
    endloop
  endfacet
  facet normal -9.932384e-01 -0.000000e+00 -1.160929e-01
    outer loop
      vertex   2.415629e+00 3.237702e+01 1.132790e+02
      vertex   2.415629e+00 3.037702e+01 1.132790e+02
      vertex   2.348127e+00 3.237702e+01 1.138565e+02
    endloop
  endfacet
  facet normal -9.932384e-01 -2.205432e-16 -1.160929e-01
    outer loop
      vertex   2.348127e+00 3.237702e+01 1.138565e+02
      vertex   2.415629e+00 3.037702e+01 1.132790e+02
      vertex   2.348127e+00 3.037702e+01 1.138565e+02
    endloop
  endfacet
  facet normal -9.730449e-01 -2.160594e-16 -2.306159e-01
    outer loop
      vertex   2.348127e+00 3.237702e+01 1.138565e+02
      vertex   2.348127e+00 3.037702e+01 1.138565e+02
      vertex   2.214036e+00 3.237702e+01 1.144223e+02
    endloop
  endfacet
  facet normal -9.730449e-01 2.160594e-16 -2.306159e-01
    outer loop
      vertex   2.214036e+00 3.237702e+01 1.144223e+02
      vertex   2.348127e+00 3.037702e+01 1.138565e+02
      vertex   2.214036e+00 3.037702e+01 1.144223e+02
    endloop
  endfacet
  facet normal -9.396926e-01 2.086537e-16 -3.420201e-01
    outer loop
      vertex   2.214036e+00 3.237702e+01 1.144223e+02
      vertex   2.214036e+00 3.037702e+01 1.144223e+02
      vertex   2.015169e+00 3.237702e+01 1.149687e+02
    endloop
  endfacet
  facet normal -9.396926e-01 -4.173074e-16 -3.420201e-01
    outer loop
      vertex   2.015169e+00 3.237702e+01 1.149687e+02
      vertex   2.214036e+00 3.037702e+01 1.144223e+02
      vertex   2.015169e+00 3.037702e+01 1.149687e+02
    endloop
  endfacet
  facet normal -8.936326e-01 -3.968526e-16 -4.487992e-01
    outer loop
      vertex   2.015169e+00 3.237702e+01 1.149687e+02
      vertex   2.015169e+00 3.037702e+01 1.149687e+02
      vertex   1.754215e+00 3.237702e+01 1.154883e+02
    endloop
  endfacet
  facet normal -8.936326e-01 -0.000000e+00 -4.487992e-01
    outer loop
      vertex   1.754215e+00 3.237702e+01 1.154883e+02
      vertex   2.015169e+00 3.037702e+01 1.149687e+02
      vertex   1.754215e+00 3.037702e+01 1.154883e+02
    endloop
  endfacet
  facet normal -8.354878e-01 -0.000000e+00 -5.495090e-01
    outer loop
      vertex   1.754215e+00 3.237702e+01 1.154883e+02
      vertex   1.754215e+00 3.037702e+01 1.154883e+02
      vertex   1.434704e+00 3.237702e+01 1.159741e+02
    endloop
  endfacet
  facet normal -8.354878e-01 -0.000000e+00 -5.495090e-01
    outer loop
      vertex   1.434704e+00 3.237702e+01 1.159741e+02
      vertex   1.754215e+00 3.037702e+01 1.154883e+02
      vertex   1.434704e+00 3.037702e+01 1.159741e+02
    endloop
  endfacet
  facet normal -7.660444e-01 -0.000000e+00 -6.427876e-01
    outer loop
      vertex   1.434704e+00 3.237702e+01 1.159741e+02
      vertex   1.434704e+00 3.037702e+01 1.159741e+02
      vertex   1.060956e+00 3.237702e+01 1.164195e+02
    endloop
  endfacet
  facet normal -7.660444e-01 5.953361e-16 -6.427876e-01
    outer loop
      vertex   1.060956e+00 3.237702e+01 1.164195e+02
      vertex   1.434704e+00 3.037702e+01 1.159741e+02
      vertex   1.060956e+00 3.037702e+01 1.164195e+02
    endloop
  endfacet
  facet normal -6.862416e-01 5.333169e-16 -7.273736e-01
    outer loop
      vertex   1.060956e+00 3.237702e+01 1.164195e+02
      vertex   1.060956e+00 3.037702e+01 1.164195e+02
      vertex   6.380263e-01 3.237702e+01 1.168185e+02
    endloop
  endfacet
  facet normal -6.862416e-01 -0.000000e+00 -7.273736e-01
    outer loop
      vertex   6.380263e-01 3.237702e+01 1.168185e+02
      vertex   1.060956e+00 3.037702e+01 1.164195e+02
      vertex   6.380263e-01 3.037702e+01 1.168185e+02
    endloop
  endfacet
  facet normal -5.971586e-01 -0.000000e+00 -8.021232e-01
    outer loop
      vertex   6.380263e-01 3.237702e+01 1.168185e+02
      vertex   6.380263e-01 3.037702e+01 1.168185e+02
      vertex   1.716331e-01 3.237702e+01 1.171657e+02
    endloop
  endfacet
  facet normal -5.971586e-01 6.629792e-16 -8.021232e-01
    outer loop
      vertex   1.716331e-01 3.237702e+01 1.171657e+02
      vertex   6.380263e-01 3.037702e+01 1.168185e+02
      vertex   1.716331e-01 3.037702e+01 1.171657e+02
    endloop
  endfacet
  facet normal -5.000000e-01 5.551115e-16 -8.660254e-01
    outer loop
      vertex   1.716331e-01 3.237702e+01 1.171657e+02
      vertex   1.716331e-01 3.037702e+01 1.171657e+02
      vertex   -3.319159e-01 3.237702e+01 1.174565e+02
    endloop
  endfacet
  facet normal -5.000000e-01 -0.000000e+00 -8.660254e-01
    outer loop
      vertex   -3.319159e-01 3.237702e+01 1.174565e+02
      vertex   1.716331e-01 3.037702e+01 1.171657e+02
      vertex   -3.319159e-01 3.037702e+01 1.174565e+02
    endloop
  endfacet
  facet normal -3.960798e-01 -0.000000e+00 -9.182161e-01
    outer loop
      vertex   -3.319159e-01 3.237702e+01 1.174565e+02
      vertex   -3.319159e-01 3.037702e+01 1.174565e+02
      vertex   -8.658111e-01 3.237702e+01 1.176868e+02
    endloop
  endfacet
  facet normal -3.960798e-01 3.957632e-16 -9.182161e-01
    outer loop
      vertex   -8.658111e-01 3.237702e+01 1.176868e+02
      vertex   -3.319159e-01 3.037702e+01 1.174565e+02
      vertex   -8.658111e-01 3.037702e+01 1.176868e+02
    endloop
  endfacet
  facet normal -2.868032e-01 2.865740e-16 -9.579895e-01
    outer loop
      vertex   -8.658111e-01 3.237702e+01 1.176868e+02
      vertex   -8.658111e-01 3.037702e+01 1.176868e+02
      vertex   -1.422832e+00 3.237702e+01 1.178535e+02
    endloop
  endfacet
  facet normal -2.868032e-01 -0.000000e+00 -9.579895e-01
    outer loop
      vertex   -1.422832e+00 3.237702e+01 1.178535e+02
      vertex   -8.658111e-01 3.037702e+01 1.176868e+02
      vertex   -1.422832e+00 3.037702e+01 1.178535e+02
    endloop
  endfacet
  facet normal -1.736482e-01 -0.000000e+00 -9.848078e-01
    outer loop
      vertex   -1.422832e+00 3.237702e+01 1.178535e+02
      vertex   -1.422832e+00 3.037702e+01 1.178535e+02
      vertex   -1.995447e+00 3.237702e+01 1.179545e+02
    endloop
  endfacet
  facet normal -1.736482e-01 1.927882e-16 -9.848078e-01
    outer loop
      vertex   -1.995447e+00 3.237702e+01 1.179545e+02
      vertex   -1.422832e+00 3.037702e+01 1.178535e+02
      vertex   -1.995447e+00 3.037702e+01 1.179545e+02
    endloop
  endfacet
  facet normal -9.801714e-02 -0.000000e+00 -9.951847e-01
    outer loop
      vertex   -9.234504e+00 3.237702e+01 1.067047e+02
      vertex   -9.234504e+00 3.037702e+01 1.067047e+02
      vertex   -9.575912e+00 3.237702e+01 1.067383e+02
    endloop
  endfacet
  facet normal -9.801714e-02 -0.000000e+00 -9.951847e-01
    outer loop
      vertex   -9.575912e+00 3.237702e+01 1.067383e+02
      vertex   -9.234504e+00 3.037702e+01 1.067047e+02
      vertex   -9.575912e+00 3.037702e+01 1.067383e+02
    endloop
  endfacet
  facet normal 9.801714e-02 0.000000e+00 -9.951847e-01
    outer loop
      vertex   -9.575912e+00 3.237702e+01 1.067383e+02
      vertex   -9.575912e+00 3.037702e+01 1.067383e+02
      vertex   -9.917320e+00 3.237702e+01 1.067047e+02
    endloop
  endfacet
  facet normal 9.801714e-02 0.000000e+00 -9.951847e-01
    outer loop
      vertex   -9.917320e+00 3.237702e+01 1.067047e+02
      vertex   -9.575912e+00 3.037702e+01 1.067383e+02
      vertex   -9.917320e+00 3.037702e+01 1.067047e+02
    endloop
  endfacet
  facet normal 2.902847e-01 0.000000e+00 -9.569403e-01
    outer loop
      vertex   -9.917320e+00 3.237702e+01 1.067047e+02
      vertex   -9.917320e+00 3.037702e+01 1.067047e+02
      vertex   -1.024561e+01 3.237702e+01 1.066051e+02
    endloop
  endfacet
  facet normal 2.902847e-01 0.000000e+00 -9.569403e-01
    outer loop
      vertex   -1.024561e+01 3.237702e+01 1.066051e+02
      vertex   -9.917320e+00 3.037702e+01 1.067047e+02
      vertex   -1.024561e+01 3.037702e+01 1.066051e+02
    endloop
  endfacet
  facet normal 4.713967e-01 0.000000e+00 -8.819213e-01
    outer loop
      vertex   -1.024561e+01 3.237702e+01 1.066051e+02
      vertex   -1.024561e+01 3.037702e+01 1.066051e+02
      vertex   -1.054816e+01 3.237702e+01 1.064434e+02
    endloop
  endfacet
  facet normal 4.713967e-01 0.000000e+00 -8.819213e-01
    outer loop
      vertex   -1.054816e+01 3.237702e+01 1.064434e+02
      vertex   -1.024561e+01 3.037702e+01 1.066051e+02
      vertex   -1.054816e+01 3.037702e+01 1.064434e+02
    endloop
  endfacet
  facet normal 6.343933e-01 0.000000e+00 -7.730105e-01
    outer loop
      vertex   -1.054816e+01 3.237702e+01 1.064434e+02
      vertex   -1.054816e+01 3.037702e+01 1.064434e+02
      vertex   -1.081335e+01 3.237702e+01 1.062257e+02
    endloop
  endfacet
  facet normal 6.343933e-01 0.000000e+00 -7.730105e-01
    outer loop
      vertex   -1.081335e+01 3.237702e+01 1.062257e+02
      vertex   -1.054816e+01 3.037702e+01 1.064434e+02
      vertex   -1.081335e+01 3.037702e+01 1.062257e+02
    endloop
  endfacet
  facet normal 7.730105e-01 0.000000e+00 -6.343933e-01
    outer loop
      vertex   -1.081335e+01 3.237702e+01 1.062257e+02
      vertex   -1.081335e+01 3.037702e+01 1.062257e+02
      vertex   -1.103098e+01 3.237702e+01 1.059606e+02
    endloop
  endfacet
  facet normal 7.730105e-01 0.000000e+00 -6.343933e-01
    outer loop
      vertex   -1.103098e+01 3.237702e+01 1.059606e+02
      vertex   -1.081335e+01 3.037702e+01 1.062257e+02
      vertex   -1.103098e+01 3.037702e+01 1.059606e+02
    endloop
  endfacet
  facet normal 8.819213e-01 0.000000e+00 -4.713967e-01
    outer loop
      vertex   -1.103098e+01 3.237702e+01 1.059606e+02
      vertex   -1.103098e+01 3.037702e+01 1.059606e+02
      vertex   -1.119270e+01 3.237702e+01 1.056580e+02
    endloop
  endfacet
  facet normal 8.819213e-01 0.000000e+00 -4.713967e-01
    outer loop
      vertex   -1.119270e+01 3.237702e+01 1.056580e+02
      vertex   -1.103098e+01 3.037702e+01 1.059606e+02
      vertex   -1.119270e+01 3.037702e+01 1.056580e+02
    endloop
  endfacet
  facet normal 9.569403e-01 0.000000e+00 -2.902847e-01
    outer loop
      vertex   -1.119270e+01 3.237702e+01 1.056580e+02
      vertex   -1.119270e+01 3.037702e+01 1.056580e+02
      vertex   -1.129229e+01 3.237702e+01 1.053297e+02
    endloop
  endfacet
  facet normal 9.569403e-01 0.000000e+00 -2.902847e-01
    outer loop
      vertex   -1.129229e+01 3.237702e+01 1.053297e+02
      vertex   -1.119270e+01 3.037702e+01 1.056580e+02
      vertex   -1.129229e+01 3.037702e+01 1.053297e+02
    endloop
  endfacet
  facet normal 9.951847e-01 0.000000e+00 -9.801714e-02
    outer loop
      vertex   -1.129229e+01 3.237702e+01 1.053297e+02
      vertex   -1.129229e+01 3.037702e+01 1.053297e+02
      vertex   -1.132591e+01 3.237702e+01 1.049883e+02
    endloop
  endfacet
  facet normal 9.951847e-01 0.000000e+00 -9.801714e-02
    outer loop
      vertex   -1.132591e+01 3.237702e+01 1.049883e+02
      vertex   -1.129229e+01 3.037702e+01 1.053297e+02
      vertex   -1.132591e+01 3.037702e+01 1.049883e+02
    endloop
  endfacet
  facet normal 9.951847e-01 0.000000e+00 9.801714e-02
    outer loop
      vertex   -1.132591e+01 3.237702e+01 1.049883e+02
      vertex   -1.132591e+01 3.037702e+01 1.049883e+02
      vertex   -1.129229e+01 3.237702e+01 1.046469e+02
    endloop
  endfacet
  facet normal 9.951847e-01 0.000000e+00 9.801714e-02
    outer loop
      vertex   -1.129229e+01 3.237702e+01 1.046469e+02
      vertex   -1.132591e+01 3.037702e+01 1.049883e+02
      vertex   -1.129229e+01 3.037702e+01 1.046469e+02
    endloop
  endfacet
  facet normal 9.569403e-01 0.000000e+00 2.902847e-01
    outer loop
      vertex   -1.129229e+01 3.237702e+01 1.046469e+02
      vertex   -1.129229e+01 3.037702e+01 1.046469e+02
      vertex   -1.119270e+01 3.237702e+01 1.043186e+02
    endloop
  endfacet
  facet normal 9.569403e-01 -8.499338e-16 2.902847e-01
    outer loop
      vertex   -1.119270e+01 3.237702e+01 1.043186e+02
      vertex   -1.129229e+01 3.037702e+01 1.046469e+02
      vertex   -1.119270e+01 3.037702e+01 1.043186e+02
    endloop
  endfacet
  facet normal 8.819213e-01 -7.833034e-16 4.713967e-01
    outer loop
      vertex   -1.119270e+01 3.237702e+01 1.043186e+02
      vertex   -1.119270e+01 3.037702e+01 1.043186e+02
      vertex   -1.103098e+01 3.237702e+01 1.040161e+02
    endloop
  endfacet
  facet normal 8.819213e-01 0.000000e+00 4.713967e-01
    outer loop
      vertex   -1.103098e+01 3.237702e+01 1.040161e+02
      vertex   -1.119270e+01 3.037702e+01 1.043186e+02
      vertex   -1.103098e+01 3.037702e+01 1.040161e+02
    endloop
  endfacet
  facet normal 7.730105e-01 0.000000e+00 6.343933e-01
    outer loop
      vertex   -1.103098e+01 3.237702e+01 1.040161e+02
      vertex   -1.103098e+01 3.037702e+01 1.040161e+02
      vertex   -1.081335e+01 3.237702e+01 1.037509e+02
    endloop
  endfacet
  facet normal 7.730105e-01 0.000000e+00 6.343933e-01
    outer loop
      vertex   -1.081335e+01 3.237702e+01 1.037509e+02
      vertex   -1.103098e+01 3.037702e+01 1.040161e+02
      vertex   -1.081335e+01 3.037702e+01 1.037509e+02
    endloop
  endfacet
  facet normal 6.343933e-01 0.000000e+00 7.730105e-01
    outer loop
      vertex   -1.081335e+01 3.237702e+01 1.037509e+02
      vertex   -1.081335e+01 3.037702e+01 1.037509e+02
      vertex   -1.054816e+01 3.237702e+01 1.035332e+02
    endloop
  endfacet
  facet normal 6.343933e-01 0.000000e+00 7.730105e-01
    outer loop
      vertex   -1.054816e+01 3.237702e+01 1.035332e+02
      vertex   -1.081335e+01 3.037702e+01 1.037509e+02
      vertex   -1.054816e+01 3.037702e+01 1.035332e+02
    endloop
  endfacet
  facet normal 4.713967e-01 0.000000e+00 8.819213e-01
    outer loop
      vertex   -1.054816e+01 3.237702e+01 1.035332e+02
      vertex   -1.054816e+01 3.037702e+01 1.035332e+02
      vertex   -1.024561e+01 3.237702e+01 1.033715e+02
    endloop
  endfacet
  facet normal 4.713967e-01 0.000000e+00 8.819213e-01
    outer loop
      vertex   -1.024561e+01 3.237702e+01 1.033715e+02
      vertex   -1.054816e+01 3.037702e+01 1.035332e+02
      vertex   -1.024561e+01 3.037702e+01 1.033715e+02
    endloop
  endfacet
  facet normal 2.902847e-01 0.000000e+00 9.569403e-01
    outer loop
      vertex   -1.024561e+01 3.237702e+01 1.033715e+02
      vertex   -1.024561e+01 3.037702e+01 1.033715e+02
      vertex   -9.917320e+00 3.237702e+01 1.032719e+02
    endloop
  endfacet
  facet normal 2.902847e-01 0.000000e+00 9.569403e-01
    outer loop
      vertex   -9.917320e+00 3.237702e+01 1.032719e+02
      vertex   -1.024561e+01 3.037702e+01 1.033715e+02
      vertex   -9.917320e+00 3.037702e+01 1.032719e+02
    endloop
  endfacet
  facet normal 9.801714e-02 0.000000e+00 9.951847e-01
    outer loop
      vertex   -9.917320e+00 3.237702e+01 1.032719e+02
      vertex   -9.917320e+00 3.037702e+01 1.032719e+02
      vertex   -9.575912e+00 3.237702e+01 1.032383e+02
    endloop
  endfacet
  facet normal 9.801714e-02 0.000000e+00 9.951847e-01
    outer loop
      vertex   -9.575912e+00 3.237702e+01 1.032383e+02
      vertex   -9.917320e+00 3.037702e+01 1.032719e+02
      vertex   -9.575912e+00 3.037702e+01 1.032383e+02
    endloop
  endfacet
  facet normal -9.801714e-02 0.000000e+00 9.951847e-01
    outer loop
      vertex   -9.575912e+00 3.237702e+01 1.032383e+02
      vertex   -9.575912e+00 3.037702e+01 1.032383e+02
      vertex   -9.234504e+00 3.237702e+01 1.032719e+02
    endloop
  endfacet
  facet normal -9.801714e-02 0.000000e+00 9.951847e-01
    outer loop
      vertex   -9.234504e+00 3.237702e+01 1.032719e+02
      vertex   -9.575912e+00 3.037702e+01 1.032383e+02
      vertex   -9.234504e+00 3.037702e+01 1.032719e+02
    endloop
  endfacet
  facet normal -2.902847e-01 0.000000e+00 9.569403e-01
    outer loop
      vertex   -9.234504e+00 3.237702e+01 1.032719e+02
      vertex   -9.234504e+00 3.037702e+01 1.032719e+02
      vertex   -8.906216e+00 3.237702e+01 1.033715e+02
    endloop
  endfacet
  facet normal -2.902847e-01 0.000000e+00 9.569403e-01
    outer loop
      vertex   -8.906216e+00 3.237702e+01 1.033715e+02
      vertex   -9.234504e+00 3.037702e+01 1.032719e+02
      vertex   -8.906216e+00 3.037702e+01 1.033715e+02
    endloop
  endfacet
  facet normal -4.713967e-01 0.000000e+00 8.819213e-01
    outer loop
      vertex   -8.906216e+00 3.237702e+01 1.033715e+02
      vertex   -8.906216e+00 3.037702e+01 1.033715e+02
      vertex   -8.603664e+00 3.237702e+01 1.035332e+02
    endloop
  endfacet
  facet normal -4.713967e-01 0.000000e+00 8.819213e-01
    outer loop
      vertex   -8.603664e+00 3.237702e+01 1.035332e+02
      vertex   -8.906216e+00 3.037702e+01 1.033715e+02
      vertex   -8.603664e+00 3.037702e+01 1.035332e+02
    endloop
  endfacet
  facet normal -6.343933e-01 0.000000e+00 7.730105e-01
    outer loop
      vertex   -8.603664e+00 3.237702e+01 1.035332e+02
      vertex   -8.603664e+00 3.037702e+01 1.035332e+02
      vertex   -8.338475e+00 3.237702e+01 1.037509e+02
    endloop
  endfacet
  facet normal -6.343933e-01 0.000000e+00 7.730105e-01
    outer loop
      vertex   -8.338475e+00 3.237702e+01 1.037509e+02
      vertex   -8.603664e+00 3.037702e+01 1.035332e+02
      vertex   -8.338475e+00 3.037702e+01 1.037509e+02
    endloop
  endfacet
  facet normal -7.730105e-01 0.000000e+00 6.343933e-01
    outer loop
      vertex   -8.338475e+00 3.237702e+01 1.037509e+02
      vertex   -8.338475e+00 3.037702e+01 1.037509e+02
      vertex   -8.120840e+00 3.237702e+01 1.040161e+02
    endloop
  endfacet
  facet normal -7.730105e-01 0.000000e+00 6.343933e-01
    outer loop
      vertex   -8.120840e+00 3.237702e+01 1.040161e+02
      vertex   -8.338475e+00 3.037702e+01 1.037509e+02
      vertex   -8.120840e+00 3.037702e+01 1.040161e+02
    endloop
  endfacet
  facet normal -8.819213e-01 0.000000e+00 4.713967e-01
    outer loop
      vertex   -8.120840e+00 3.237702e+01 1.040161e+02
      vertex   -8.120840e+00 3.037702e+01 1.040161e+02
      vertex   -7.959123e+00 3.237702e+01 1.043186e+02
    endloop
  endfacet
  facet normal -8.819213e-01 0.000000e+00 4.713967e-01
    outer loop
      vertex   -7.959123e+00 3.237702e+01 1.043186e+02
      vertex   -8.120840e+00 3.037702e+01 1.040161e+02
      vertex   -7.959123e+00 3.037702e+01 1.043186e+02
    endloop
  endfacet
  facet normal -9.569403e-01 0.000000e+00 2.902847e-01
    outer loop
      vertex   -7.959123e+00 3.237702e+01 1.043186e+02
      vertex   -7.959123e+00 3.037702e+01 1.043186e+02
      vertex   -7.859538e+00 3.237702e+01 1.046469e+02
    endloop
  endfacet
  facet normal -9.569403e-01 0.000000e+00 2.902847e-01
    outer loop
      vertex   -7.859538e+00 3.237702e+01 1.046469e+02
      vertex   -7.959123e+00 3.037702e+01 1.043186e+02
      vertex   -7.859538e+00 3.037702e+01 1.046469e+02
    endloop
  endfacet
  facet normal -9.951847e-01 0.000000e+00 9.801714e-02
    outer loop
      vertex   -7.859538e+00 3.237702e+01 1.046469e+02
      vertex   -7.859538e+00 3.037702e+01 1.046469e+02
      vertex   -7.825912e+00 3.237702e+01 1.049883e+02
    endloop
  endfacet
  facet normal -9.951847e-01 0.000000e+00 9.801714e-02
    outer loop
      vertex   -7.825912e+00 3.237702e+01 1.049883e+02
      vertex   -7.859538e+00 3.037702e+01 1.046469e+02
      vertex   -7.825912e+00 3.037702e+01 1.049883e+02
    endloop
  endfacet
  facet normal -9.951847e-01 -0.000000e+00 -9.801714e-02
    outer loop
      vertex   -7.825912e+00 3.237702e+01 1.049883e+02
      vertex   -7.825912e+00 3.037702e+01 1.049883e+02
      vertex   -7.859538e+00 3.237702e+01 1.053297e+02
    endloop
  endfacet
  facet normal -9.951847e-01 -0.000000e+00 -9.801714e-02
    outer loop
      vertex   -7.859538e+00 3.237702e+01 1.053297e+02
      vertex   -7.825912e+00 3.037702e+01 1.049883e+02
      vertex   -7.859538e+00 3.037702e+01 1.053297e+02
    endloop
  endfacet
  facet normal -9.569403e-01 -0.000000e+00 -2.902847e-01
    outer loop
      vertex   -7.859538e+00 3.237702e+01 1.053297e+02
      vertex   -7.859538e+00 3.037702e+01 1.053297e+02
      vertex   -7.959123e+00 3.237702e+01 1.056580e+02
    endloop
  endfacet
  facet normal -9.569403e-01 -0.000000e+00 -2.902847e-01
    outer loop
      vertex   -7.959123e+00 3.237702e+01 1.056580e+02
      vertex   -7.859538e+00 3.037702e+01 1.053297e+02
      vertex   -7.959123e+00 3.037702e+01 1.056580e+02
    endloop
  endfacet
  facet normal -8.819213e-01 -0.000000e+00 -4.713967e-01
    outer loop
      vertex   -7.959123e+00 3.237702e+01 1.056580e+02
      vertex   -7.959123e+00 3.037702e+01 1.056580e+02
      vertex   -8.120840e+00 3.237702e+01 1.059606e+02
    endloop
  endfacet
  facet normal -8.819213e-01 -0.000000e+00 -4.713967e-01
    outer loop
      vertex   -8.120840e+00 3.237702e+01 1.059606e+02
      vertex   -7.959123e+00 3.037702e+01 1.056580e+02
      vertex   -8.120840e+00 3.037702e+01 1.059606e+02
    endloop
  endfacet
  facet normal -7.730105e-01 -0.000000e+00 -6.343933e-01
    outer loop
      vertex   -8.120840e+00 3.237702e+01 1.059606e+02
      vertex   -8.120840e+00 3.037702e+01 1.059606e+02
      vertex   -8.338475e+00 3.237702e+01 1.062257e+02
    endloop
  endfacet
  facet normal -7.730105e-01 -0.000000e+00 -6.343933e-01
    outer loop
      vertex   -8.338475e+00 3.237702e+01 1.062257e+02
      vertex   -8.120840e+00 3.037702e+01 1.059606e+02
      vertex   -8.338475e+00 3.037702e+01 1.062257e+02
    endloop
  endfacet
  facet normal -6.343933e-01 -0.000000e+00 -7.730105e-01
    outer loop
      vertex   -8.338475e+00 3.237702e+01 1.062257e+02
      vertex   -8.338475e+00 3.037702e+01 1.062257e+02
      vertex   -8.603664e+00 3.237702e+01 1.064434e+02
    endloop
  endfacet
  facet normal -6.343933e-01 -0.000000e+00 -7.730105e-01
    outer loop
      vertex   -8.603664e+00 3.237702e+01 1.064434e+02
      vertex   -8.338475e+00 3.037702e+01 1.062257e+02
      vertex   -8.603664e+00 3.037702e+01 1.064434e+02
    endloop
  endfacet
  facet normal -4.713967e-01 -0.000000e+00 -8.819213e-01
    outer loop
      vertex   -8.603664e+00 3.237702e+01 1.064434e+02
      vertex   -8.603664e+00 3.037702e+01 1.064434e+02
      vertex   -8.906216e+00 3.237702e+01 1.066051e+02
    endloop
  endfacet
  facet normal -4.713967e-01 -0.000000e+00 -8.819213e-01
    outer loop
      vertex   -8.906216e+00 3.237702e+01 1.066051e+02
      vertex   -8.603664e+00 3.037702e+01 1.064434e+02
      vertex   -8.906216e+00 3.037702e+01 1.066051e+02
    endloop
  endfacet
  facet normal -2.902847e-01 -0.000000e+00 -9.569403e-01
    outer loop
      vertex   -8.906216e+00 3.237702e+01 1.066051e+02
      vertex   -8.906216e+00 3.037702e+01 1.066051e+02
      vertex   -9.234504e+00 3.237702e+01 1.067047e+02
    endloop
  endfacet
  facet normal -2.902847e-01 -0.000000e+00 -9.569403e-01
    outer loop
      vertex   -9.234504e+00 3.237702e+01 1.067047e+02
      vertex   -8.906216e+00 3.037702e+01 1.066051e+02
      vertex   -9.234504e+00 3.037702e+01 1.067047e+02
    endloop
  endfacet
  facet normal -9.801714e-02 -0.000000e+00 -9.951847e-01
    outer loop
      vertex   4.765496e+00 3.237702e+01 1.227047e+02
      vertex   4.765496e+00 3.037702e+01 1.227047e+02
      vertex   4.424088e+00 3.237702e+01 1.227383e+02
    endloop
  endfacet
  facet normal -9.801714e-02 -0.000000e+00 -9.951847e-01
    outer loop
      vertex   4.424088e+00 3.237702e+01 1.227383e+02
      vertex   4.765496e+00 3.037702e+01 1.227047e+02
      vertex   4.424088e+00 3.037702e+01 1.227383e+02
    endloop
  endfacet
  facet normal 9.801714e-02 0.000000e+00 -9.951847e-01
    outer loop
      vertex   4.424088e+00 3.237702e+01 1.227383e+02
      vertex   4.424088e+00 3.037702e+01 1.227383e+02
      vertex   4.082680e+00 3.237702e+01 1.227047e+02
    endloop
  endfacet
  facet normal 9.801714e-02 0.000000e+00 -9.951847e-01
    outer loop
      vertex   4.082680e+00 3.237702e+01 1.227047e+02
      vertex   4.424088e+00 3.037702e+01 1.227383e+02
      vertex   4.082680e+00 3.037702e+01 1.227047e+02
    endloop
  endfacet
  facet normal 2.902847e-01 0.000000e+00 -9.569403e-01
    outer loop
      vertex   4.082680e+00 3.237702e+01 1.227047e+02
      vertex   4.082680e+00 3.037702e+01 1.227047e+02
      vertex   3.754392e+00 3.237702e+01 1.226051e+02
    endloop
  endfacet
  facet normal 2.902847e-01 1.289123e-16 -9.569403e-01
    outer loop
      vertex   3.754392e+00 3.237702e+01 1.226051e+02
      vertex   4.082680e+00 3.037702e+01 1.227047e+02
      vertex   3.754392e+00 3.037702e+01 1.226051e+02
    endloop
  endfacet
  facet normal 4.713967e-01 2.093422e-16 -8.819213e-01
    outer loop
      vertex   3.754392e+00 3.237702e+01 1.226051e+02
      vertex   3.754392e+00 3.037702e+01 1.226051e+02
      vertex   3.451840e+00 3.237702e+01 1.224434e+02
    endloop
  endfacet
  facet normal 4.713967e-01 0.000000e+00 -8.819213e-01
    outer loop
      vertex   3.451840e+00 3.237702e+01 1.224434e+02
      vertex   3.754392e+00 3.037702e+01 1.226051e+02
      vertex   3.451840e+00 3.037702e+01 1.224434e+02
    endloop
  endfacet
  facet normal 6.343933e-01 0.000000e+00 -7.730105e-01
    outer loop
      vertex   3.451840e+00 3.237702e+01 1.224434e+02
      vertex   3.451840e+00 3.037702e+01 1.224434e+02
      vertex   3.186651e+00 3.237702e+01 1.222257e+02
    endloop
  endfacet
  facet normal 6.343933e-01 0.000000e+00 -7.730105e-01
    outer loop
      vertex   3.186651e+00 3.237702e+01 1.222257e+02
      vertex   3.451840e+00 3.037702e+01 1.224434e+02
      vertex   3.186651e+00 3.037702e+01 1.222257e+02
    endloop
  endfacet
  facet normal 7.730105e-01 0.000000e+00 -6.343933e-01
    outer loop
      vertex   3.186651e+00 3.237702e+01 1.222257e+02
      vertex   3.186651e+00 3.037702e+01 1.222257e+02
      vertex   2.969016e+00 3.237702e+01 1.219606e+02
    endloop
  endfacet
  facet normal 7.730105e-01 0.000000e+00 -6.343933e-01
    outer loop
      vertex   2.969016e+00 3.237702e+01 1.219606e+02
      vertex   3.186651e+00 3.037702e+01 1.222257e+02
      vertex   2.969016e+00 3.037702e+01 1.219606e+02
    endloop
  endfacet
  facet normal 8.819213e-01 0.000000e+00 -4.713967e-01
    outer loop
      vertex   2.969016e+00 3.237702e+01 1.219606e+02
      vertex   2.969016e+00 3.037702e+01 1.219606e+02
      vertex   2.807299e+00 3.237702e+01 1.216580e+02
    endloop
  endfacet
  facet normal 8.819213e-01 0.000000e+00 -4.713967e-01
    outer loop
      vertex   2.807299e+00 3.237702e+01 1.216580e+02
      vertex   2.969016e+00 3.037702e+01 1.219606e+02
      vertex   2.807299e+00 3.037702e+01 1.216580e+02
    endloop
  endfacet
  facet normal 9.569403e-01 0.000000e+00 -2.902847e-01
    outer loop
      vertex   2.807299e+00 3.237702e+01 1.216580e+02
      vertex   2.807299e+00 3.037702e+01 1.216580e+02
      vertex   2.707714e+00 3.237702e+01 1.213297e+02
    endloop
  endfacet
  facet normal 9.569403e-01 0.000000e+00 -2.902847e-01
    outer loop
      vertex   2.707714e+00 3.237702e+01 1.213297e+02
      vertex   2.807299e+00 3.037702e+01 1.216580e+02
      vertex   2.707714e+00 3.037702e+01 1.213297e+02
    endloop
  endfacet
  facet normal 9.951847e-01 0.000000e+00 -9.801714e-02
    outer loop
      vertex   2.707714e+00 3.237702e+01 1.213297e+02
      vertex   2.707714e+00 3.037702e+01 1.213297e+02
      vertex   2.674088e+00 3.237702e+01 1.209883e+02
    endloop
  endfacet
  facet normal 9.951847e-01 0.000000e+00 -9.801714e-02
    outer loop
      vertex   2.674088e+00 3.237702e+01 1.209883e+02
      vertex   2.707714e+00 3.037702e+01 1.213297e+02
      vertex   2.674088e+00 3.037702e+01 1.209883e+02
    endloop
  endfacet
  facet normal 9.951847e-01 0.000000e+00 9.801714e-02
    outer loop
      vertex   2.674088e+00 3.237702e+01 1.209883e+02
      vertex   2.674088e+00 3.037702e+01 1.209883e+02
      vertex   2.707714e+00 3.237702e+01 1.206469e+02
    endloop
  endfacet
  facet normal 9.951847e-01 0.000000e+00 9.801714e-02
    outer loop
      vertex   2.707714e+00 3.237702e+01 1.206469e+02
      vertex   2.674088e+00 3.037702e+01 1.209883e+02
      vertex   2.707714e+00 3.037702e+01 1.206469e+02
    endloop
  endfacet
  facet normal 9.569403e-01 0.000000e+00 2.902847e-01
    outer loop
      vertex   2.707714e+00 3.237702e+01 1.206469e+02
      vertex   2.707714e+00 3.037702e+01 1.206469e+02
      vertex   2.807299e+00 3.237702e+01 1.203186e+02
    endloop
  endfacet
  facet normal 9.569403e-01 0.000000e+00 2.902847e-01
    outer loop
      vertex   2.807299e+00 3.237702e+01 1.203186e+02
      vertex   2.707714e+00 3.037702e+01 1.206469e+02
      vertex   2.807299e+00 3.037702e+01 1.203186e+02
    endloop
  endfacet
  facet normal 8.819213e-01 0.000000e+00 4.713967e-01
    outer loop
      vertex   2.807299e+00 3.237702e+01 1.203186e+02
      vertex   2.807299e+00 3.037702e+01 1.203186e+02
      vertex   2.969016e+00 3.237702e+01 1.200161e+02
    endloop
  endfacet
  facet normal 8.819213e-01 0.000000e+00 4.713967e-01
    outer loop
      vertex   2.969016e+00 3.237702e+01 1.200161e+02
      vertex   2.807299e+00 3.037702e+01 1.203186e+02
      vertex   2.969016e+00 3.037702e+01 1.200161e+02
    endloop
  endfacet
  facet normal 7.730105e-01 0.000000e+00 6.343933e-01
    outer loop
      vertex   2.969016e+00 3.237702e+01 1.200161e+02
      vertex   2.969016e+00 3.037702e+01 1.200161e+02
      vertex   3.186651e+00 3.237702e+01 1.197509e+02
    endloop
  endfacet
  facet normal 7.730105e-01 0.000000e+00 6.343933e-01
    outer loop
      vertex   3.186651e+00 3.237702e+01 1.197509e+02
      vertex   2.969016e+00 3.037702e+01 1.200161e+02
      vertex   3.186651e+00 3.037702e+01 1.197509e+02
    endloop
  endfacet
  facet normal 6.343933e-01 0.000000e+00 7.730105e-01
    outer loop
      vertex   3.186651e+00 3.237702e+01 1.197509e+02
      vertex   3.186651e+00 3.037702e+01 1.197509e+02
      vertex   3.451840e+00 3.237702e+01 1.195332e+02
    endloop
  endfacet
  facet normal 6.343933e-01 0.000000e+00 7.730105e-01
    outer loop
      vertex   3.451840e+00 3.237702e+01 1.195332e+02
      vertex   3.186651e+00 3.037702e+01 1.197509e+02
      vertex   3.451840e+00 3.037702e+01 1.195332e+02
    endloop
  endfacet
  facet normal 4.713967e-01 0.000000e+00 8.819213e-01
    outer loop
      vertex   3.451840e+00 3.237702e+01 1.195332e+02
      vertex   3.451840e+00 3.037702e+01 1.195332e+02
      vertex   3.754392e+00 3.237702e+01 1.193715e+02
    endloop
  endfacet
  facet normal 4.713967e-01 0.000000e+00 8.819213e-01
    outer loop
      vertex   3.754392e+00 3.237702e+01 1.193715e+02
      vertex   3.451840e+00 3.037702e+01 1.195332e+02
      vertex   3.754392e+00 3.037702e+01 1.193715e+02
    endloop
  endfacet
  facet normal 2.902847e-01 0.000000e+00 9.569403e-01
    outer loop
      vertex   3.754392e+00 3.237702e+01 1.193715e+02
      vertex   3.754392e+00 3.037702e+01 1.193715e+02
      vertex   4.082680e+00 3.237702e+01 1.192719e+02
    endloop
  endfacet
  facet normal 2.902847e-01 0.000000e+00 9.569403e-01
    outer loop
      vertex   4.082680e+00 3.237702e+01 1.192719e+02
      vertex   3.754392e+00 3.037702e+01 1.193715e+02
      vertex   4.082680e+00 3.037702e+01 1.192719e+02
    endloop
  endfacet
  facet normal 9.801714e-02 0.000000e+00 9.951847e-01
    outer loop
      vertex   4.082680e+00 3.237702e+01 1.192719e+02
      vertex   4.082680e+00 3.037702e+01 1.192719e+02
      vertex   4.424088e+00 3.237702e+01 1.192383e+02
    endloop
  endfacet
  facet normal 9.801714e-02 0.000000e+00 9.951847e-01
    outer loop
      vertex   4.424088e+00 3.237702e+01 1.192383e+02
      vertex   4.082680e+00 3.037702e+01 1.192719e+02
      vertex   4.424088e+00 3.037702e+01 1.192383e+02
    endloop
  endfacet
  facet normal -9.801714e-02 0.000000e+00 9.951847e-01
    outer loop
      vertex   4.424088e+00 3.237702e+01 1.192383e+02
      vertex   4.424088e+00 3.037702e+01 1.192383e+02
      vertex   4.765496e+00 3.237702e+01 1.192719e+02
    endloop
  endfacet
  facet normal -9.801714e-02 0.000000e+00 9.951847e-01
    outer loop
      vertex   4.765496e+00 3.237702e+01 1.192719e+02
      vertex   4.424088e+00 3.037702e+01 1.192383e+02
      vertex   4.765496e+00 3.037702e+01 1.192719e+02
    endloop
  endfacet
  facet normal -2.902847e-01 0.000000e+00 9.569403e-01
    outer loop
      vertex   4.765496e+00 3.237702e+01 1.192719e+02
      vertex   4.765496e+00 3.037702e+01 1.192719e+02
      vertex   5.093784e+00 3.237702e+01 1.193715e+02
    endloop
  endfacet
  facet normal -2.902847e-01 0.000000e+00 9.569403e-01
    outer loop
      vertex   5.093784e+00 3.237702e+01 1.193715e+02
      vertex   4.765496e+00 3.037702e+01 1.192719e+02
      vertex   5.093784e+00 3.037702e+01 1.193715e+02
    endloop
  endfacet
  facet normal -4.713967e-01 0.000000e+00 8.819213e-01
    outer loop
      vertex   5.093784e+00 3.237702e+01 1.193715e+02
      vertex   5.093784e+00 3.037702e+01 1.193715e+02
      vertex   5.396336e+00 3.237702e+01 1.195332e+02
    endloop
  endfacet
  facet normal -4.713967e-01 0.000000e+00 8.819213e-01
    outer loop
      vertex   5.396336e+00 3.237702e+01 1.195332e+02
      vertex   5.093784e+00 3.037702e+01 1.193715e+02
      vertex   5.396336e+00 3.037702e+01 1.195332e+02
    endloop
  endfacet
  facet normal -6.343933e-01 0.000000e+00 7.730105e-01
    outer loop
      vertex   5.396336e+00 3.237702e+01 1.195332e+02
      vertex   5.396336e+00 3.037702e+01 1.195332e+02
      vertex   5.661525e+00 3.237702e+01 1.197509e+02
    endloop
  endfacet
  facet normal -6.343933e-01 0.000000e+00 7.730105e-01
    outer loop
      vertex   5.661525e+00 3.237702e+01 1.197509e+02
      vertex   5.396336e+00 3.037702e+01 1.195332e+02
      vertex   5.661525e+00 3.037702e+01 1.197509e+02
    endloop
  endfacet
  facet normal -7.730105e-01 0.000000e+00 6.343933e-01
    outer loop
      vertex   5.661525e+00 3.237702e+01 1.197509e+02
      vertex   5.661525e+00 3.037702e+01 1.197509e+02
      vertex   5.879160e+00 3.237702e+01 1.200161e+02
    endloop
  endfacet
  facet normal -7.730105e-01 0.000000e+00 6.343933e-01
    outer loop
      vertex   5.879160e+00 3.237702e+01 1.200161e+02
      vertex   5.661525e+00 3.037702e+01 1.197509e+02
      vertex   5.879160e+00 3.037702e+01 1.200161e+02
    endloop
  endfacet
  facet normal -8.819213e-01 0.000000e+00 4.713967e-01
    outer loop
      vertex   5.879160e+00 3.237702e+01 1.200161e+02
      vertex   5.879160e+00 3.037702e+01 1.200161e+02
      vertex   6.040877e+00 3.237702e+01 1.203186e+02
    endloop
  endfacet
  facet normal -8.819213e-01 0.000000e+00 4.713967e-01
    outer loop
      vertex   6.040877e+00 3.237702e+01 1.203186e+02
      vertex   5.879160e+00 3.037702e+01 1.200161e+02
      vertex   6.040877e+00 3.037702e+01 1.203186e+02
    endloop
  endfacet
  facet normal -9.569403e-01 0.000000e+00 2.902847e-01
    outer loop
      vertex   6.040877e+00 3.237702e+01 1.203186e+02
      vertex   6.040877e+00 3.037702e+01 1.203186e+02
      vertex   6.140462e+00 3.237702e+01 1.206469e+02
    endloop
  endfacet
  facet normal -9.569403e-01 0.000000e+00 2.902847e-01
    outer loop
      vertex   6.140462e+00 3.237702e+01 1.206469e+02
      vertex   6.040877e+00 3.037702e+01 1.203186e+02
      vertex   6.140462e+00 3.037702e+01 1.206469e+02
    endloop
  endfacet
  facet normal -9.951847e-01 0.000000e+00 9.801714e-02
    outer loop
      vertex   6.140462e+00 3.237702e+01 1.206469e+02
      vertex   6.140462e+00 3.037702e+01 1.206469e+02
      vertex   6.174088e+00 3.237702e+01 1.209883e+02
    endloop
  endfacet
  facet normal -9.951847e-01 0.000000e+00 9.801714e-02
    outer loop
      vertex   6.174088e+00 3.237702e+01 1.209883e+02
      vertex   6.140462e+00 3.037702e+01 1.206469e+02
      vertex   6.174088e+00 3.037702e+01 1.209883e+02
    endloop
  endfacet
  facet normal -9.951847e-01 -0.000000e+00 -9.801714e-02
    outer loop
      vertex   6.174088e+00 3.237702e+01 1.209883e+02
      vertex   6.174088e+00 3.037702e+01 1.209883e+02
      vertex   6.140462e+00 3.237702e+01 1.213297e+02
    endloop
  endfacet
  facet normal -9.951847e-01 -0.000000e+00 -9.801714e-02
    outer loop
      vertex   6.140462e+00 3.237702e+01 1.213297e+02
      vertex   6.174088e+00 3.037702e+01 1.209883e+02
      vertex   6.140462e+00 3.037702e+01 1.213297e+02
    endloop
  endfacet
  facet normal -9.569403e-01 -0.000000e+00 -2.902847e-01
    outer loop
      vertex   6.140462e+00 3.237702e+01 1.213297e+02
      vertex   6.140462e+00 3.037702e+01 1.213297e+02
      vertex   6.040877e+00 3.237702e+01 1.216580e+02
    endloop
  endfacet
  facet normal -9.569403e-01 -0.000000e+00 -2.902847e-01
    outer loop
      vertex   6.040877e+00 3.237702e+01 1.216580e+02
      vertex   6.140462e+00 3.037702e+01 1.213297e+02
      vertex   6.040877e+00 3.037702e+01 1.216580e+02
    endloop
  endfacet
  facet normal -8.819213e-01 -0.000000e+00 -4.713967e-01
    outer loop
      vertex   6.040877e+00 3.237702e+01 1.216580e+02
      vertex   6.040877e+00 3.037702e+01 1.216580e+02
      vertex   5.879160e+00 3.237702e+01 1.219606e+02
    endloop
  endfacet
  facet normal -8.819213e-01 -0.000000e+00 -4.713967e-01
    outer loop
      vertex   5.879160e+00 3.237702e+01 1.219606e+02
      vertex   6.040877e+00 3.037702e+01 1.216580e+02
      vertex   5.879160e+00 3.037702e+01 1.219606e+02
    endloop
  endfacet
  facet normal -7.730105e-01 -0.000000e+00 -6.343933e-01
    outer loop
      vertex   5.879160e+00 3.237702e+01 1.219606e+02
      vertex   5.879160e+00 3.037702e+01 1.219606e+02
      vertex   5.661525e+00 3.237702e+01 1.222257e+02
    endloop
  endfacet
  facet normal -7.730105e-01 -0.000000e+00 -6.343933e-01
    outer loop
      vertex   5.661525e+00 3.237702e+01 1.222257e+02
      vertex   5.879160e+00 3.037702e+01 1.219606e+02
      vertex   5.661525e+00 3.037702e+01 1.222257e+02
    endloop
  endfacet
  facet normal -6.343933e-01 -0.000000e+00 -7.730105e-01
    outer loop
      vertex   5.661525e+00 3.237702e+01 1.222257e+02
      vertex   5.661525e+00 3.037702e+01 1.222257e+02
      vertex   5.396336e+00 3.237702e+01 1.224434e+02
    endloop
  endfacet
  facet normal -6.343933e-01 -0.000000e+00 -7.730105e-01
    outer loop
      vertex   5.396336e+00 3.237702e+01 1.224434e+02
      vertex   5.661525e+00 3.037702e+01 1.222257e+02
      vertex   5.396336e+00 3.037702e+01 1.224434e+02
    endloop
  endfacet
  facet normal -4.713967e-01 -0.000000e+00 -8.819213e-01
    outer loop
      vertex   5.396336e+00 3.237702e+01 1.224434e+02
      vertex   5.396336e+00 3.037702e+01 1.224434e+02
      vertex   5.093784e+00 3.237702e+01 1.226051e+02
    endloop
  endfacet
  facet normal -4.713967e-01 -0.000000e+00 -8.819213e-01
    outer loop
      vertex   5.093784e+00 3.237702e+01 1.226051e+02
      vertex   5.396336e+00 3.037702e+01 1.224434e+02
      vertex   5.093784e+00 3.037702e+01 1.226051e+02
    endloop
  endfacet
  facet normal -2.902847e-01 -0.000000e+00 -9.569403e-01
    outer loop
      vertex   5.093784e+00 3.237702e+01 1.226051e+02
      vertex   5.093784e+00 3.037702e+01 1.226051e+02
      vertex   4.765496e+00 3.237702e+01 1.227047e+02
    endloop
  endfacet
  facet normal -2.902847e-01 -0.000000e+00 -9.569403e-01
    outer loop
      vertex   4.765496e+00 3.237702e+01 1.227047e+02
      vertex   5.093784e+00 3.037702e+01 1.226051e+02
      vertex   4.765496e+00 3.037702e+01 1.227047e+02
    endloop
  endfacet
  facet normal -9.801714e-02 -0.000000e+00 -9.951847e-01
    outer loop
      vertex   -9.234504e+00 3.237702e+01 1.227047e+02
      vertex   -9.234504e+00 3.037702e+01 1.227047e+02
      vertex   -9.575912e+00 3.237702e+01 1.227383e+02
    endloop
  endfacet
  facet normal -9.801714e-02 -0.000000e+00 -9.951847e-01
    outer loop
      vertex   -9.575912e+00 3.237702e+01 1.227383e+02
      vertex   -9.234504e+00 3.037702e+01 1.227047e+02
      vertex   -9.575912e+00 3.037702e+01 1.227383e+02
    endloop
  endfacet
  facet normal 9.801714e-02 0.000000e+00 -9.951847e-01
    outer loop
      vertex   -9.575912e+00 3.237702e+01 1.227383e+02
      vertex   -9.575912e+00 3.037702e+01 1.227383e+02
      vertex   -9.917320e+00 3.237702e+01 1.227047e+02
    endloop
  endfacet
  facet normal 9.801714e-02 0.000000e+00 -9.951847e-01
    outer loop
      vertex   -9.917320e+00 3.237702e+01 1.227047e+02
      vertex   -9.575912e+00 3.037702e+01 1.227383e+02
      vertex   -9.917320e+00 3.037702e+01 1.227047e+02
    endloop
  endfacet
  facet normal 2.902847e-01 0.000000e+00 -9.569403e-01
    outer loop
      vertex   -9.917320e+00 3.237702e+01 1.227047e+02
      vertex   -9.917320e+00 3.037702e+01 1.227047e+02
      vertex   -1.024561e+01 3.237702e+01 1.226051e+02
    endloop
  endfacet
  facet normal 2.902847e-01 0.000000e+00 -9.569403e-01
    outer loop
      vertex   -1.024561e+01 3.237702e+01 1.226051e+02
      vertex   -9.917320e+00 3.037702e+01 1.227047e+02
      vertex   -1.024561e+01 3.037702e+01 1.226051e+02
    endloop
  endfacet
  facet normal 4.713967e-01 0.000000e+00 -8.819213e-01
    outer loop
      vertex   -1.024561e+01 3.237702e+01 1.226051e+02
      vertex   -1.024561e+01 3.037702e+01 1.226051e+02
      vertex   -1.054816e+01 3.237702e+01 1.224434e+02
    endloop
  endfacet
  facet normal 4.713967e-01 0.000000e+00 -8.819213e-01
    outer loop
      vertex   -1.054816e+01 3.237702e+01 1.224434e+02
      vertex   -1.024561e+01 3.037702e+01 1.226051e+02
      vertex   -1.054816e+01 3.037702e+01 1.224434e+02
    endloop
  endfacet
  facet normal 6.343933e-01 0.000000e+00 -7.730105e-01
    outer loop
      vertex   -1.054816e+01 3.237702e+01 1.224434e+02
      vertex   -1.054816e+01 3.037702e+01 1.224434e+02
      vertex   -1.081335e+01 3.237702e+01 1.222257e+02
    endloop
  endfacet
  facet normal 6.343933e-01 0.000000e+00 -7.730105e-01
    outer loop
      vertex   -1.081335e+01 3.237702e+01 1.222257e+02
      vertex   -1.054816e+01 3.037702e+01 1.224434e+02
      vertex   -1.081335e+01 3.037702e+01 1.222257e+02
    endloop
  endfacet
  facet normal 7.730105e-01 0.000000e+00 -6.343933e-01
    outer loop
      vertex   -1.081335e+01 3.237702e+01 1.222257e+02
      vertex   -1.081335e+01 3.037702e+01 1.222257e+02
      vertex   -1.103098e+01 3.237702e+01 1.219606e+02
    endloop
  endfacet
  facet normal 7.730105e-01 0.000000e+00 -6.343933e-01
    outer loop
      vertex   -1.103098e+01 3.237702e+01 1.219606e+02
      vertex   -1.081335e+01 3.037702e+01 1.222257e+02
      vertex   -1.103098e+01 3.037702e+01 1.219606e+02
    endloop
  endfacet
  facet normal 8.819213e-01 0.000000e+00 -4.713967e-01
    outer loop
      vertex   -1.103098e+01 3.237702e+01 1.219606e+02
      vertex   -1.103098e+01 3.037702e+01 1.219606e+02
      vertex   -1.119270e+01 3.237702e+01 1.216580e+02
    endloop
  endfacet
  facet normal 8.819213e-01 0.000000e+00 -4.713967e-01
    outer loop
      vertex   -1.119270e+01 3.237702e+01 1.216580e+02
      vertex   -1.103098e+01 3.037702e+01 1.219606e+02
      vertex   -1.119270e+01 3.037702e+01 1.216580e+02
    endloop
  endfacet
  facet normal 9.569403e-01 0.000000e+00 -2.902847e-01
    outer loop
      vertex   -1.119270e+01 3.237702e+01 1.216580e+02
      vertex   -1.119270e+01 3.037702e+01 1.216580e+02
      vertex   -1.129229e+01 3.237702e+01 1.213297e+02
    endloop
  endfacet
  facet normal 9.569403e-01 0.000000e+00 -2.902847e-01
    outer loop
      vertex   -1.129229e+01 3.237702e+01 1.213297e+02
      vertex   -1.119270e+01 3.037702e+01 1.216580e+02
      vertex   -1.129229e+01 3.037702e+01 1.213297e+02
    endloop
  endfacet
  facet normal 9.951847e-01 0.000000e+00 -9.801714e-02
    outer loop
      vertex   -1.129229e+01 3.237702e+01 1.213297e+02
      vertex   -1.129229e+01 3.037702e+01 1.213297e+02
      vertex   -1.132591e+01 3.237702e+01 1.209883e+02
    endloop
  endfacet
  facet normal 9.951847e-01 0.000000e+00 -9.801714e-02
    outer loop
      vertex   -1.132591e+01 3.237702e+01 1.209883e+02
      vertex   -1.129229e+01 3.037702e+01 1.213297e+02
      vertex   -1.132591e+01 3.037702e+01 1.209883e+02
    endloop
  endfacet
  facet normal 9.951847e-01 0.000000e+00 9.801714e-02
    outer loop
      vertex   -1.132591e+01 3.237702e+01 1.209883e+02
      vertex   -1.132591e+01 3.037702e+01 1.209883e+02
      vertex   -1.129229e+01 3.237702e+01 1.206469e+02
    endloop
  endfacet
  facet normal 9.951847e-01 0.000000e+00 9.801714e-02
    outer loop
      vertex   -1.129229e+01 3.237702e+01 1.206469e+02
      vertex   -1.132591e+01 3.037702e+01 1.209883e+02
      vertex   -1.129229e+01 3.037702e+01 1.206469e+02
    endloop
  endfacet
  facet normal 9.569403e-01 0.000000e+00 2.902847e-01
    outer loop
      vertex   -1.129229e+01 3.237702e+01 1.206469e+02
      vertex   -1.129229e+01 3.037702e+01 1.206469e+02
      vertex   -1.119270e+01 3.237702e+01 1.203186e+02
    endloop
  endfacet
  facet normal 9.569403e-01 -8.499338e-16 2.902847e-01
    outer loop
      vertex   -1.119270e+01 3.237702e+01 1.203186e+02
      vertex   -1.129229e+01 3.037702e+01 1.206469e+02
      vertex   -1.119270e+01 3.037702e+01 1.203186e+02
    endloop
  endfacet
  facet normal 8.819213e-01 -7.833034e-16 4.713967e-01
    outer loop
      vertex   -1.119270e+01 3.237702e+01 1.203186e+02
      vertex   -1.119270e+01 3.037702e+01 1.203186e+02
      vertex   -1.103098e+01 3.237702e+01 1.200161e+02
    endloop
  endfacet
  facet normal 8.819213e-01 0.000000e+00 4.713967e-01
    outer loop
      vertex   -1.103098e+01 3.237702e+01 1.200161e+02
      vertex   -1.119270e+01 3.037702e+01 1.203186e+02
      vertex   -1.103098e+01 3.037702e+01 1.200161e+02
    endloop
  endfacet
  facet normal 7.730105e-01 0.000000e+00 6.343933e-01
    outer loop
      vertex   -1.103098e+01 3.237702e+01 1.200161e+02
      vertex   -1.103098e+01 3.037702e+01 1.200161e+02
      vertex   -1.081335e+01 3.237702e+01 1.197509e+02
    endloop
  endfacet
  facet normal 7.730105e-01 0.000000e+00 6.343933e-01
    outer loop
      vertex   -1.081335e+01 3.237702e+01 1.197509e+02
      vertex   -1.103098e+01 3.037702e+01 1.200161e+02
      vertex   -1.081335e+01 3.037702e+01 1.197509e+02
    endloop
  endfacet
  facet normal 6.343933e-01 0.000000e+00 7.730105e-01
    outer loop
      vertex   -1.081335e+01 3.237702e+01 1.197509e+02
      vertex   -1.081335e+01 3.037702e+01 1.197509e+02
      vertex   -1.054816e+01 3.237702e+01 1.195332e+02
    endloop
  endfacet
  facet normal 6.343933e-01 0.000000e+00 7.730105e-01
    outer loop
      vertex   -1.054816e+01 3.237702e+01 1.195332e+02
      vertex   -1.081335e+01 3.037702e+01 1.197509e+02
      vertex   -1.054816e+01 3.037702e+01 1.195332e+02
    endloop
  endfacet
  facet normal 4.713967e-01 0.000000e+00 8.819213e-01
    outer loop
      vertex   -1.054816e+01 3.237702e+01 1.195332e+02
      vertex   -1.054816e+01 3.037702e+01 1.195332e+02
      vertex   -1.024561e+01 3.237702e+01 1.193715e+02
    endloop
  endfacet
  facet normal 4.713967e-01 0.000000e+00 8.819213e-01
    outer loop
      vertex   -1.024561e+01 3.237702e+01 1.193715e+02
      vertex   -1.054816e+01 3.037702e+01 1.195332e+02
      vertex   -1.024561e+01 3.037702e+01 1.193715e+02
    endloop
  endfacet
  facet normal 2.902847e-01 0.000000e+00 9.569403e-01
    outer loop
      vertex   -1.024561e+01 3.237702e+01 1.193715e+02
      vertex   -1.024561e+01 3.037702e+01 1.193715e+02
      vertex   -9.917320e+00 3.237702e+01 1.192719e+02
    endloop
  endfacet
  facet normal 2.902847e-01 0.000000e+00 9.569403e-01
    outer loop
      vertex   -9.917320e+00 3.237702e+01 1.192719e+02
      vertex   -1.024561e+01 3.037702e+01 1.193715e+02
      vertex   -9.917320e+00 3.037702e+01 1.192719e+02
    endloop
  endfacet
  facet normal 9.801714e-02 0.000000e+00 9.951847e-01
    outer loop
      vertex   -9.917320e+00 3.237702e+01 1.192719e+02
      vertex   -9.917320e+00 3.037702e+01 1.192719e+02
      vertex   -9.575912e+00 3.237702e+01 1.192383e+02
    endloop
  endfacet
  facet normal 9.801714e-02 0.000000e+00 9.951847e-01
    outer loop
      vertex   -9.575912e+00 3.237702e+01 1.192383e+02
      vertex   -9.917320e+00 3.037702e+01 1.192719e+02
      vertex   -9.575912e+00 3.037702e+01 1.192383e+02
    endloop
  endfacet
  facet normal -9.801714e-02 0.000000e+00 9.951847e-01
    outer loop
      vertex   -9.575912e+00 3.237702e+01 1.192383e+02
      vertex   -9.575912e+00 3.037702e+01 1.192383e+02
      vertex   -9.234504e+00 3.237702e+01 1.192719e+02
    endloop
  endfacet
  facet normal -9.801714e-02 0.000000e+00 9.951847e-01
    outer loop
      vertex   -9.234504e+00 3.237702e+01 1.192719e+02
      vertex   -9.575912e+00 3.037702e+01 1.192383e+02
      vertex   -9.234504e+00 3.037702e+01 1.192719e+02
    endloop
  endfacet
  facet normal -2.902847e-01 0.000000e+00 9.569403e-01
    outer loop
      vertex   -9.234504e+00 3.237702e+01 1.192719e+02
      vertex   -9.234504e+00 3.037702e+01 1.192719e+02
      vertex   -8.906216e+00 3.237702e+01 1.193715e+02
    endloop
  endfacet
  facet normal -2.902847e-01 0.000000e+00 9.569403e-01
    outer loop
      vertex   -8.906216e+00 3.237702e+01 1.193715e+02
      vertex   -9.234504e+00 3.037702e+01 1.192719e+02
      vertex   -8.906216e+00 3.037702e+01 1.193715e+02
    endloop
  endfacet
  facet normal -4.713967e-01 0.000000e+00 8.819213e-01
    outer loop
      vertex   -8.906216e+00 3.237702e+01 1.193715e+02
      vertex   -8.906216e+00 3.037702e+01 1.193715e+02
      vertex   -8.603664e+00 3.237702e+01 1.195332e+02
    endloop
  endfacet
  facet normal -4.713967e-01 0.000000e+00 8.819213e-01
    outer loop
      vertex   -8.603664e+00 3.237702e+01 1.195332e+02
      vertex   -8.906216e+00 3.037702e+01 1.193715e+02
      vertex   -8.603664e+00 3.037702e+01 1.195332e+02
    endloop
  endfacet
  facet normal -6.343933e-01 0.000000e+00 7.730105e-01
    outer loop
      vertex   -8.603664e+00 3.237702e+01 1.195332e+02
      vertex   -8.603664e+00 3.037702e+01 1.195332e+02
      vertex   -8.338475e+00 3.237702e+01 1.197509e+02
    endloop
  endfacet
  facet normal -6.343933e-01 0.000000e+00 7.730105e-01
    outer loop
      vertex   -8.338475e+00 3.237702e+01 1.197509e+02
      vertex   -8.603664e+00 3.037702e+01 1.195332e+02
      vertex   -8.338475e+00 3.037702e+01 1.197509e+02
    endloop
  endfacet
  facet normal -7.730105e-01 0.000000e+00 6.343933e-01
    outer loop
      vertex   -8.338475e+00 3.237702e+01 1.197509e+02
      vertex   -8.338475e+00 3.037702e+01 1.197509e+02
      vertex   -8.120840e+00 3.237702e+01 1.200161e+02
    endloop
  endfacet
  facet normal -7.730105e-01 0.000000e+00 6.343933e-01
    outer loop
      vertex   -8.120840e+00 3.237702e+01 1.200161e+02
      vertex   -8.338475e+00 3.037702e+01 1.197509e+02
      vertex   -8.120840e+00 3.037702e+01 1.200161e+02
    endloop
  endfacet
  facet normal -8.819213e-01 0.000000e+00 4.713967e-01
    outer loop
      vertex   -8.120840e+00 3.237702e+01 1.200161e+02
      vertex   -8.120840e+00 3.037702e+01 1.200161e+02
      vertex   -7.959123e+00 3.237702e+01 1.203186e+02
    endloop
  endfacet
  facet normal -8.819213e-01 0.000000e+00 4.713967e-01
    outer loop
      vertex   -7.959123e+00 3.237702e+01 1.203186e+02
      vertex   -8.120840e+00 3.037702e+01 1.200161e+02
      vertex   -7.959123e+00 3.037702e+01 1.203186e+02
    endloop
  endfacet
  facet normal -9.569403e-01 0.000000e+00 2.902847e-01
    outer loop
      vertex   -7.959123e+00 3.237702e+01 1.203186e+02
      vertex   -7.959123e+00 3.037702e+01 1.203186e+02
      vertex   -7.859538e+00 3.237702e+01 1.206469e+02
    endloop
  endfacet
  facet normal -9.569403e-01 0.000000e+00 2.902847e-01
    outer loop
      vertex   -7.859538e+00 3.237702e+01 1.206469e+02
      vertex   -7.959123e+00 3.037702e+01 1.203186e+02
      vertex   -7.859538e+00 3.037702e+01 1.206469e+02
    endloop
  endfacet
  facet normal -9.951847e-01 0.000000e+00 9.801714e-02
    outer loop
      vertex   -7.859538e+00 3.237702e+01 1.206469e+02
      vertex   -7.859538e+00 3.037702e+01 1.206469e+02
      vertex   -7.825912e+00 3.237702e+01 1.209883e+02
    endloop
  endfacet
  facet normal -9.951847e-01 0.000000e+00 9.801714e-02
    outer loop
      vertex   -7.825912e+00 3.237702e+01 1.209883e+02
      vertex   -7.859538e+00 3.037702e+01 1.206469e+02
      vertex   -7.825912e+00 3.037702e+01 1.209883e+02
    endloop
  endfacet
  facet normal -9.951847e-01 -0.000000e+00 -9.801714e-02
    outer loop
      vertex   -7.825912e+00 3.237702e+01 1.209883e+02
      vertex   -7.825912e+00 3.037702e+01 1.209883e+02
      vertex   -7.859538e+00 3.237702e+01 1.213297e+02
    endloop
  endfacet
  facet normal -9.951847e-01 -0.000000e+00 -9.801714e-02
    outer loop
      vertex   -7.859538e+00 3.237702e+01 1.213297e+02
      vertex   -7.825912e+00 3.037702e+01 1.209883e+02
      vertex   -7.859538e+00 3.037702e+01 1.213297e+02
    endloop
  endfacet
  facet normal -9.569403e-01 -0.000000e+00 -2.902847e-01
    outer loop
      vertex   -7.859538e+00 3.237702e+01 1.213297e+02
      vertex   -7.859538e+00 3.037702e+01 1.213297e+02
      vertex   -7.959123e+00 3.237702e+01 1.216580e+02
    endloop
  endfacet
  facet normal -9.569403e-01 -0.000000e+00 -2.902847e-01
    outer loop
      vertex   -7.959123e+00 3.237702e+01 1.216580e+02
      vertex   -7.859538e+00 3.037702e+01 1.213297e+02
      vertex   -7.959123e+00 3.037702e+01 1.216580e+02
    endloop
  endfacet
  facet normal -8.819213e-01 -0.000000e+00 -4.713967e-01
    outer loop
      vertex   -7.959123e+00 3.237702e+01 1.216580e+02
      vertex   -7.959123e+00 3.037702e+01 1.216580e+02
      vertex   -8.120840e+00 3.237702e+01 1.219606e+02
    endloop
  endfacet
  facet normal -8.819213e-01 -0.000000e+00 -4.713967e-01
    outer loop
      vertex   -8.120840e+00 3.237702e+01 1.219606e+02
      vertex   -7.959123e+00 3.037702e+01 1.216580e+02
      vertex   -8.120840e+00 3.037702e+01 1.219606e+02
    endloop
  endfacet
  facet normal -7.730105e-01 -0.000000e+00 -6.343933e-01
    outer loop
      vertex   -8.120840e+00 3.237702e+01 1.219606e+02
      vertex   -8.120840e+00 3.037702e+01 1.219606e+02
      vertex   -8.338475e+00 3.237702e+01 1.222257e+02
    endloop
  endfacet
  facet normal -7.730105e-01 -0.000000e+00 -6.343933e-01
    outer loop
      vertex   -8.338475e+00 3.237702e+01 1.222257e+02
      vertex   -8.120840e+00 3.037702e+01 1.219606e+02
      vertex   -8.338475e+00 3.037702e+01 1.222257e+02
    endloop
  endfacet
  facet normal -6.343933e-01 -0.000000e+00 -7.730105e-01
    outer loop
      vertex   -8.338475e+00 3.237702e+01 1.222257e+02
      vertex   -8.338475e+00 3.037702e+01 1.222257e+02
      vertex   -8.603664e+00 3.237702e+01 1.224434e+02
    endloop
  endfacet
  facet normal -6.343933e-01 -0.000000e+00 -7.730105e-01
    outer loop
      vertex   -8.603664e+00 3.237702e+01 1.224434e+02
      vertex   -8.338475e+00 3.037702e+01 1.222257e+02
      vertex   -8.603664e+00 3.037702e+01 1.224434e+02
    endloop
  endfacet
  facet normal -4.713967e-01 -0.000000e+00 -8.819213e-01
    outer loop
      vertex   -8.603664e+00 3.237702e+01 1.224434e+02
      vertex   -8.603664e+00 3.037702e+01 1.224434e+02
      vertex   -8.906216e+00 3.237702e+01 1.226051e+02
    endloop
  endfacet
  facet normal -4.713967e-01 -0.000000e+00 -8.819213e-01
    outer loop
      vertex   -8.906216e+00 3.237702e+01 1.226051e+02
      vertex   -8.603664e+00 3.037702e+01 1.224434e+02
      vertex   -8.906216e+00 3.037702e+01 1.226051e+02
    endloop
  endfacet
  facet normal -2.902847e-01 -0.000000e+00 -9.569403e-01
    outer loop
      vertex   -8.906216e+00 3.237702e+01 1.226051e+02
      vertex   -8.906216e+00 3.037702e+01 1.226051e+02
      vertex   -9.234504e+00 3.237702e+01 1.227047e+02
    endloop
  endfacet
  facet normal -2.902847e-01 -0.000000e+00 -9.569403e-01
    outer loop
      vertex   -9.234504e+00 3.237702e+01 1.227047e+02
      vertex   -8.906216e+00 3.037702e+01 1.226051e+02
      vertex   -9.234504e+00 3.037702e+01 1.227047e+02
    endloop
  endfacet
  facet normal -9.801714e-02 -0.000000e+00 -9.951847e-01
    outer loop
      vertex   4.765496e+00 3.237702e+01 1.067047e+02
      vertex   4.765496e+00 3.037702e+01 1.067047e+02
      vertex   4.424088e+00 3.237702e+01 1.067383e+02
    endloop
  endfacet
  facet normal -9.801714e-02 -0.000000e+00 -9.951847e-01
    outer loop
      vertex   4.424088e+00 3.237702e+01 1.067383e+02
      vertex   4.765496e+00 3.037702e+01 1.067047e+02
      vertex   4.424088e+00 3.037702e+01 1.067383e+02
    endloop
  endfacet
  facet normal 9.801714e-02 0.000000e+00 -9.951847e-01
    outer loop
      vertex   4.424088e+00 3.237702e+01 1.067383e+02
      vertex   4.424088e+00 3.037702e+01 1.067383e+02
      vertex   4.082680e+00 3.237702e+01 1.067047e+02
    endloop
  endfacet
  facet normal 9.801714e-02 0.000000e+00 -9.951847e-01
    outer loop
      vertex   4.082680e+00 3.237702e+01 1.067047e+02
      vertex   4.424088e+00 3.037702e+01 1.067383e+02
      vertex   4.082680e+00 3.037702e+01 1.067047e+02
    endloop
  endfacet
  facet normal 2.902847e-01 0.000000e+00 -9.569403e-01
    outer loop
      vertex   4.082680e+00 3.237702e+01 1.067047e+02
      vertex   4.082680e+00 3.037702e+01 1.067047e+02
      vertex   3.754392e+00 3.237702e+01 1.066051e+02
    endloop
  endfacet
  facet normal 2.902847e-01 1.289123e-16 -9.569403e-01
    outer loop
      vertex   3.754392e+00 3.237702e+01 1.066051e+02
      vertex   4.082680e+00 3.037702e+01 1.067047e+02
      vertex   3.754392e+00 3.037702e+01 1.066051e+02
    endloop
  endfacet
  facet normal 4.713967e-01 2.093422e-16 -8.819213e-01
    outer loop
      vertex   3.754392e+00 3.237702e+01 1.066051e+02
      vertex   3.754392e+00 3.037702e+01 1.066051e+02
      vertex   3.451840e+00 3.237702e+01 1.064434e+02
    endloop
  endfacet
  facet normal 4.713967e-01 0.000000e+00 -8.819213e-01
    outer loop
      vertex   3.451840e+00 3.237702e+01 1.064434e+02
      vertex   3.754392e+00 3.037702e+01 1.066051e+02
      vertex   3.451840e+00 3.037702e+01 1.064434e+02
    endloop
  endfacet
  facet normal 6.343933e-01 0.000000e+00 -7.730105e-01
    outer loop
      vertex   3.451840e+00 3.237702e+01 1.064434e+02
      vertex   3.451840e+00 3.037702e+01 1.064434e+02
      vertex   3.186651e+00 3.237702e+01 1.062257e+02
    endloop
  endfacet
  facet normal 6.343933e-01 0.000000e+00 -7.730105e-01
    outer loop
      vertex   3.186651e+00 3.237702e+01 1.062257e+02
      vertex   3.451840e+00 3.037702e+01 1.064434e+02
      vertex   3.186651e+00 3.037702e+01 1.062257e+02
    endloop
  endfacet
  facet normal 7.730105e-01 0.000000e+00 -6.343933e-01
    outer loop
      vertex   3.186651e+00 3.237702e+01 1.062257e+02
      vertex   3.186651e+00 3.037702e+01 1.062257e+02
      vertex   2.969016e+00 3.237702e+01 1.059606e+02
    endloop
  endfacet
  facet normal 7.730105e-01 0.000000e+00 -6.343933e-01
    outer loop
      vertex   2.969016e+00 3.237702e+01 1.059606e+02
      vertex   3.186651e+00 3.037702e+01 1.062257e+02
      vertex   2.969016e+00 3.037702e+01 1.059606e+02
    endloop
  endfacet
  facet normal 8.819213e-01 0.000000e+00 -4.713967e-01
    outer loop
      vertex   2.969016e+00 3.237702e+01 1.059606e+02
      vertex   2.969016e+00 3.037702e+01 1.059606e+02
      vertex   2.807299e+00 3.237702e+01 1.056580e+02
    endloop
  endfacet
  facet normal 8.819213e-01 0.000000e+00 -4.713967e-01
    outer loop
      vertex   2.807299e+00 3.237702e+01 1.056580e+02
      vertex   2.969016e+00 3.037702e+01 1.059606e+02
      vertex   2.807299e+00 3.037702e+01 1.056580e+02
    endloop
  endfacet
  facet normal 9.569403e-01 0.000000e+00 -2.902847e-01
    outer loop
      vertex   2.807299e+00 3.237702e+01 1.056580e+02
      vertex   2.807299e+00 3.037702e+01 1.056580e+02
      vertex   2.707714e+00 3.237702e+01 1.053297e+02
    endloop
  endfacet
  facet normal 9.569403e-01 0.000000e+00 -2.902847e-01
    outer loop
      vertex   2.707714e+00 3.237702e+01 1.053297e+02
      vertex   2.807299e+00 3.037702e+01 1.056580e+02
      vertex   2.707714e+00 3.037702e+01 1.053297e+02
    endloop
  endfacet
  facet normal 9.951847e-01 0.000000e+00 -9.801714e-02
    outer loop
      vertex   2.707714e+00 3.237702e+01 1.053297e+02
      vertex   2.707714e+00 3.037702e+01 1.053297e+02
      vertex   2.674088e+00 3.237702e+01 1.049883e+02
    endloop
  endfacet
  facet normal 9.951847e-01 0.000000e+00 -9.801714e-02
    outer loop
      vertex   2.674088e+00 3.237702e+01 1.049883e+02
      vertex   2.707714e+00 3.037702e+01 1.053297e+02
      vertex   2.674088e+00 3.037702e+01 1.049883e+02
    endloop
  endfacet
  facet normal 9.951847e-01 0.000000e+00 9.801714e-02
    outer loop
      vertex   2.674088e+00 3.237702e+01 1.049883e+02
      vertex   2.674088e+00 3.037702e+01 1.049883e+02
      vertex   2.707714e+00 3.237702e+01 1.046469e+02
    endloop
  endfacet
  facet normal 9.951847e-01 0.000000e+00 9.801714e-02
    outer loop
      vertex   2.707714e+00 3.237702e+01 1.046469e+02
      vertex   2.674088e+00 3.037702e+01 1.049883e+02
      vertex   2.707714e+00 3.037702e+01 1.046469e+02
    endloop
  endfacet
  facet normal 9.569403e-01 0.000000e+00 2.902847e-01
    outer loop
      vertex   2.707714e+00 3.237702e+01 1.046469e+02
      vertex   2.707714e+00 3.037702e+01 1.046469e+02
      vertex   2.807299e+00 3.237702e+01 1.043186e+02
    endloop
  endfacet
  facet normal 9.569403e-01 0.000000e+00 2.902847e-01
    outer loop
      vertex   2.807299e+00 3.237702e+01 1.043186e+02
      vertex   2.707714e+00 3.037702e+01 1.046469e+02
      vertex   2.807299e+00 3.037702e+01 1.043186e+02
    endloop
  endfacet
  facet normal 8.819213e-01 0.000000e+00 4.713967e-01
    outer loop
      vertex   2.807299e+00 3.237702e+01 1.043186e+02
      vertex   2.807299e+00 3.037702e+01 1.043186e+02
      vertex   2.969016e+00 3.237702e+01 1.040161e+02
    endloop
  endfacet
  facet normal 8.819213e-01 0.000000e+00 4.713967e-01
    outer loop
      vertex   2.969016e+00 3.237702e+01 1.040161e+02
      vertex   2.807299e+00 3.037702e+01 1.043186e+02
      vertex   2.969016e+00 3.037702e+01 1.040161e+02
    endloop
  endfacet
  facet normal 7.730105e-01 0.000000e+00 6.343933e-01
    outer loop
      vertex   2.969016e+00 3.237702e+01 1.040161e+02
      vertex   2.969016e+00 3.037702e+01 1.040161e+02
      vertex   3.186651e+00 3.237702e+01 1.037509e+02
    endloop
  endfacet
  facet normal 7.730105e-01 0.000000e+00 6.343933e-01
    outer loop
      vertex   3.186651e+00 3.237702e+01 1.037509e+02
      vertex   2.969016e+00 3.037702e+01 1.040161e+02
      vertex   3.186651e+00 3.037702e+01 1.037509e+02
    endloop
  endfacet
  facet normal 6.343933e-01 0.000000e+00 7.730105e-01
    outer loop
      vertex   3.186651e+00 3.237702e+01 1.037509e+02
      vertex   3.186651e+00 3.037702e+01 1.037509e+02
      vertex   3.451840e+00 3.237702e+01 1.035332e+02
    endloop
  endfacet
  facet normal 6.343933e-01 0.000000e+00 7.730105e-01
    outer loop
      vertex   3.451840e+00 3.237702e+01 1.035332e+02
      vertex   3.186651e+00 3.037702e+01 1.037509e+02
      vertex   3.451840e+00 3.037702e+01 1.035332e+02
    endloop
  endfacet
  facet normal 4.713967e-01 0.000000e+00 8.819213e-01
    outer loop
      vertex   3.451840e+00 3.237702e+01 1.035332e+02
      vertex   3.451840e+00 3.037702e+01 1.035332e+02
      vertex   3.754392e+00 3.237702e+01 1.033715e+02
    endloop
  endfacet
  facet normal 4.713967e-01 0.000000e+00 8.819213e-01
    outer loop
      vertex   3.754392e+00 3.237702e+01 1.033715e+02
      vertex   3.451840e+00 3.037702e+01 1.035332e+02
      vertex   3.754392e+00 3.037702e+01 1.033715e+02
    endloop
  endfacet
  facet normal 2.902847e-01 0.000000e+00 9.569403e-01
    outer loop
      vertex   3.754392e+00 3.237702e+01 1.033715e+02
      vertex   3.754392e+00 3.037702e+01 1.033715e+02
      vertex   4.082680e+00 3.237702e+01 1.032719e+02
    endloop
  endfacet
  facet normal 2.902847e-01 0.000000e+00 9.569403e-01
    outer loop
      vertex   4.082680e+00 3.237702e+01 1.032719e+02
      vertex   3.754392e+00 3.037702e+01 1.033715e+02
      vertex   4.082680e+00 3.037702e+01 1.032719e+02
    endloop
  endfacet
  facet normal 9.801714e-02 0.000000e+00 9.951847e-01
    outer loop
      vertex   4.082680e+00 3.237702e+01 1.032719e+02
      vertex   4.082680e+00 3.037702e+01 1.032719e+02
      vertex   4.424088e+00 3.237702e+01 1.032383e+02
    endloop
  endfacet
  facet normal 9.801714e-02 0.000000e+00 9.951847e-01
    outer loop
      vertex   4.424088e+00 3.237702e+01 1.032383e+02
      vertex   4.082680e+00 3.037702e+01 1.032719e+02
      vertex   4.424088e+00 3.037702e+01 1.032383e+02
    endloop
  endfacet
  facet normal -9.801714e-02 0.000000e+00 9.951847e-01
    outer loop
      vertex   4.424088e+00 3.237702e+01 1.032383e+02
      vertex   4.424088e+00 3.037702e+01 1.032383e+02
      vertex   4.765496e+00 3.237702e+01 1.032719e+02
    endloop
  endfacet
  facet normal -9.801714e-02 0.000000e+00 9.951847e-01
    outer loop
      vertex   4.765496e+00 3.237702e+01 1.032719e+02
      vertex   4.424088e+00 3.037702e+01 1.032383e+02
      vertex   4.765496e+00 3.037702e+01 1.032719e+02
    endloop
  endfacet
  facet normal -2.902847e-01 0.000000e+00 9.569403e-01
    outer loop
      vertex   4.765496e+00 3.237702e+01 1.032719e+02
      vertex   4.765496e+00 3.037702e+01 1.032719e+02
      vertex   5.093784e+00 3.237702e+01 1.033715e+02
    endloop
  endfacet
  facet normal -2.902847e-01 0.000000e+00 9.569403e-01
    outer loop
      vertex   5.093784e+00 3.237702e+01 1.033715e+02
      vertex   4.765496e+00 3.037702e+01 1.032719e+02
      vertex   5.093784e+00 3.037702e+01 1.033715e+02
    endloop
  endfacet
  facet normal -4.713967e-01 0.000000e+00 8.819213e-01
    outer loop
      vertex   5.093784e+00 3.237702e+01 1.033715e+02
      vertex   5.093784e+00 3.037702e+01 1.033715e+02
      vertex   5.396336e+00 3.237702e+01 1.035332e+02
    endloop
  endfacet
  facet normal -4.713967e-01 0.000000e+00 8.819213e-01
    outer loop
      vertex   5.396336e+00 3.237702e+01 1.035332e+02
      vertex   5.093784e+00 3.037702e+01 1.033715e+02
      vertex   5.396336e+00 3.037702e+01 1.035332e+02
    endloop
  endfacet
  facet normal -6.343933e-01 0.000000e+00 7.730105e-01
    outer loop
      vertex   5.396336e+00 3.237702e+01 1.035332e+02
      vertex   5.396336e+00 3.037702e+01 1.035332e+02
      vertex   5.661525e+00 3.237702e+01 1.037509e+02
    endloop
  endfacet
  facet normal -6.343933e-01 0.000000e+00 7.730105e-01
    outer loop
      vertex   5.661525e+00 3.237702e+01 1.037509e+02
      vertex   5.396336e+00 3.037702e+01 1.035332e+02
      vertex   5.661525e+00 3.037702e+01 1.037509e+02
    endloop
  endfacet
  facet normal -7.730105e-01 0.000000e+00 6.343933e-01
    outer loop
      vertex   5.661525e+00 3.237702e+01 1.037509e+02
      vertex   5.661525e+00 3.037702e+01 1.037509e+02
      vertex   5.879160e+00 3.237702e+01 1.040161e+02
    endloop
  endfacet
  facet normal -7.730105e-01 0.000000e+00 6.343933e-01
    outer loop
      vertex   5.879160e+00 3.237702e+01 1.040161e+02
      vertex   5.661525e+00 3.037702e+01 1.037509e+02
      vertex   5.879160e+00 3.037702e+01 1.040161e+02
    endloop
  endfacet
  facet normal -8.819213e-01 0.000000e+00 4.713967e-01
    outer loop
      vertex   5.879160e+00 3.237702e+01 1.040161e+02
      vertex   5.879160e+00 3.037702e+01 1.040161e+02
      vertex   6.040877e+00 3.237702e+01 1.043186e+02
    endloop
  endfacet
  facet normal -8.819213e-01 0.000000e+00 4.713967e-01
    outer loop
      vertex   6.040877e+00 3.237702e+01 1.043186e+02
      vertex   5.879160e+00 3.037702e+01 1.040161e+02
      vertex   6.040877e+00 3.037702e+01 1.043186e+02
    endloop
  endfacet
  facet normal -9.569403e-01 0.000000e+00 2.902847e-01
    outer loop
      vertex   6.040877e+00 3.237702e+01 1.043186e+02
      vertex   6.040877e+00 3.037702e+01 1.043186e+02
      vertex   6.140462e+00 3.237702e+01 1.046469e+02
    endloop
  endfacet
  facet normal -9.569403e-01 0.000000e+00 2.902847e-01
    outer loop
      vertex   6.140462e+00 3.237702e+01 1.046469e+02
      vertex   6.040877e+00 3.037702e+01 1.043186e+02
      vertex   6.140462e+00 3.037702e+01 1.046469e+02
    endloop
  endfacet
  facet normal -9.951847e-01 0.000000e+00 9.801714e-02
    outer loop
      vertex   6.140462e+00 3.237702e+01 1.046469e+02
      vertex   6.140462e+00 3.037702e+01 1.046469e+02
      vertex   6.174088e+00 3.237702e+01 1.049883e+02
    endloop
  endfacet
  facet normal -9.951847e-01 0.000000e+00 9.801714e-02
    outer loop
      vertex   6.174088e+00 3.237702e+01 1.049883e+02
      vertex   6.140462e+00 3.037702e+01 1.046469e+02
      vertex   6.174088e+00 3.037702e+01 1.049883e+02
    endloop
  endfacet
  facet normal -9.951847e-01 -0.000000e+00 -9.801714e-02
    outer loop
      vertex   6.174088e+00 3.237702e+01 1.049883e+02
      vertex   6.174088e+00 3.037702e+01 1.049883e+02
      vertex   6.140462e+00 3.237702e+01 1.053297e+02
    endloop
  endfacet
  facet normal -9.951847e-01 -0.000000e+00 -9.801714e-02
    outer loop
      vertex   6.140462e+00 3.237702e+01 1.053297e+02
      vertex   6.174088e+00 3.037702e+01 1.049883e+02
      vertex   6.140462e+00 3.037702e+01 1.053297e+02
    endloop
  endfacet
  facet normal -9.569403e-01 -0.000000e+00 -2.902847e-01
    outer loop
      vertex   6.140462e+00 3.237702e+01 1.053297e+02
      vertex   6.140462e+00 3.037702e+01 1.053297e+02
      vertex   6.040877e+00 3.237702e+01 1.056580e+02
    endloop
  endfacet
  facet normal -9.569403e-01 -0.000000e+00 -2.902847e-01
    outer loop
      vertex   6.040877e+00 3.237702e+01 1.056580e+02
      vertex   6.140462e+00 3.037702e+01 1.053297e+02
      vertex   6.040877e+00 3.037702e+01 1.056580e+02
    endloop
  endfacet
  facet normal -8.819213e-01 -0.000000e+00 -4.713967e-01
    outer loop
      vertex   6.040877e+00 3.237702e+01 1.056580e+02
      vertex   6.040877e+00 3.037702e+01 1.056580e+02
      vertex   5.879160e+00 3.237702e+01 1.059606e+02
    endloop
  endfacet
  facet normal -8.819213e-01 -0.000000e+00 -4.713967e-01
    outer loop
      vertex   5.879160e+00 3.237702e+01 1.059606e+02
      vertex   6.040877e+00 3.037702e+01 1.056580e+02
      vertex   5.879160e+00 3.037702e+01 1.059606e+02
    endloop
  endfacet
  facet normal -7.730105e-01 -0.000000e+00 -6.343933e-01
    outer loop
      vertex   5.879160e+00 3.237702e+01 1.059606e+02
      vertex   5.879160e+00 3.037702e+01 1.059606e+02
      vertex   5.661525e+00 3.237702e+01 1.062257e+02
    endloop
  endfacet
  facet normal -7.730105e-01 -0.000000e+00 -6.343933e-01
    outer loop
      vertex   5.661525e+00 3.237702e+01 1.062257e+02
      vertex   5.879160e+00 3.037702e+01 1.059606e+02
      vertex   5.661525e+00 3.037702e+01 1.062257e+02
    endloop
  endfacet
  facet normal -6.343933e-01 -0.000000e+00 -7.730105e-01
    outer loop
      vertex   5.661525e+00 3.237702e+01 1.062257e+02
      vertex   5.661525e+00 3.037702e+01 1.062257e+02
      vertex   5.396336e+00 3.237702e+01 1.064434e+02
    endloop
  endfacet
  facet normal -6.343933e-01 -0.000000e+00 -7.730105e-01
    outer loop
      vertex   5.396336e+00 3.237702e+01 1.064434e+02
      vertex   5.661525e+00 3.037702e+01 1.062257e+02
      vertex   5.396336e+00 3.037702e+01 1.064434e+02
    endloop
  endfacet
  facet normal -4.713967e-01 -0.000000e+00 -8.819213e-01
    outer loop
      vertex   5.396336e+00 3.237702e+01 1.064434e+02
      vertex   5.396336e+00 3.037702e+01 1.064434e+02
      vertex   5.093784e+00 3.237702e+01 1.066051e+02
    endloop
  endfacet
  facet normal -4.713967e-01 -0.000000e+00 -8.819213e-01
    outer loop
      vertex   5.093784e+00 3.237702e+01 1.066051e+02
      vertex   5.396336e+00 3.037702e+01 1.064434e+02
      vertex   5.093784e+00 3.037702e+01 1.066051e+02
    endloop
  endfacet
  facet normal -2.902847e-01 -0.000000e+00 -9.569403e-01
    outer loop
      vertex   5.093784e+00 3.237702e+01 1.066051e+02
      vertex   5.093784e+00 3.037702e+01 1.066051e+02
      vertex   4.765496e+00 3.237702e+01 1.067047e+02
    endloop
  endfacet
  facet normal -2.902847e-01 -0.000000e+00 -9.569403e-01
    outer loop
      vertex   4.765496e+00 3.237702e+01 1.067047e+02
      vertex   5.093784e+00 3.037702e+01 1.066051e+02
      vertex   4.765496e+00 3.037702e+01 1.067047e+02
    endloop
  endfacet
  facet normal -0.000000e+00 1.000000e+00 -0.000000e+00
    outer loop
      vertex   -1.550286e+01 3.237702e+01 9.976884e+01
      vertex   -1.592111e+01 3.237702e+01 9.985982e+01
      vertex   -1.507591e+01 3.237702e+01 9.973830e+01
    endloop
  endfacet
  facet normal 0.000000e+00 1.000000e+00 0.000000e+00
    outer loop
      vertex   -1.507591e+01 3.237702e+01 9.973830e+01
      vertex   -1.592111e+01 3.237702e+01 9.985982e+01
      vertex   -1.632216e+01 3.237702e+01 1.000094e+02
    endloop
  endfacet
  facet normal 0.000000e+00 1.000000e+00 0.000000e+00
    outer loop
      vertex   -1.507591e+01 3.237702e+01 9.973830e+01
      vertex   -1.632216e+01 3.237702e+01 1.000094e+02
      vertex   -1.669783e+01 3.237702e+01 1.002145e+02
    endloop
  endfacet
  facet normal -0.000000e+00 1.000000e+00 -0.000000e+00
    outer loop
      vertex   -1.669783e+01 3.237702e+01 1.002145e+02
      vertex   -1.704049e+01 3.237702e+01 1.004711e+02
      vertex   -1.507591e+01 3.237702e+01 9.973830e+01
    endloop
  endfacet
  facet normal 0.000000e+00 1.000000e+00 0.000000e+00
    outer loop
      vertex   -1.507591e+01 3.237702e+01 9.973830e+01
      vertex   -1.704049e+01 3.237702e+01 1.004711e+02
      vertex   -1.734316e+01 3.237702e+01 1.007737e+02
    endloop
  endfacet
  facet normal 0.000000e+00 1.000000e+00 0.000000e+00
    outer loop
      vertex   -1.507591e+01 3.237702e+01 9.973830e+01
      vertex   -1.734316e+01 3.237702e+01 1.007737e+02
      vertex   -1.759967e+01 3.237702e+01 1.011164e+02
    endloop
  endfacet
  facet normal -0.000000e+00 1.000000e+00 -0.000000e+00
    outer loop
      vertex   -1.759967e+01 3.237702e+01 1.011164e+02
      vertex   -1.780481e+01 3.237702e+01 1.014921e+02
      vertex   -1.507591e+01 3.237702e+01 9.973830e+01
    endloop
  endfacet
  facet normal 0.000000e+00 1.000000e+00 0.000000e+00
    outer loop
      vertex   -1.507591e+01 3.237702e+01 9.973830e+01
      vertex   -1.780481e+01 3.237702e+01 1.014921e+02
      vertex   -1.795439e+01 3.237702e+01 1.018931e+02
    endloop
  endfacet
  facet normal 0.000000e+00 1.000000e+00 0.000000e+00
    outer loop
      vertex   -1.507591e+01 3.237702e+01 9.973830e+01
      vertex   -1.795439e+01 3.237702e+01 1.018931e+02
      vertex   -1.804538e+01 3.237702e+01 1.023114e+02
    endloop
  endfacet
  facet normal -0.000000e+00 1.000000e+00 -0.000000e+00
    outer loop
      vertex   -1.804538e+01 3.237702e+01 1.023114e+02
      vertex   -1.807591e+01 3.237702e+01 1.027383e+02
      vertex   -1.507591e+01 3.237702e+01 9.973830e+01
    endloop
  endfacet
  facet normal 8.537427e-16 1.000000e+00 8.537427e-16
    outer loop
      vertex   -1.507591e+01 3.237702e+01 9.973830e+01
      vertex   -1.807591e+01 3.237702e+01 1.027383e+02
      vertex   -1.103098e+01 3.237702e+01 1.040161e+02
    endloop
  endfacet
  facet normal 9.404201e-16 1.000000e+00 7.717828e-16
    outer loop
      vertex   -1.507591e+01 3.237702e+01 9.973830e+01
      vertex   -1.103098e+01 3.237702e+01 1.040161e+02
      vertex   -1.081335e+01 3.237702e+01 1.037509e+02
    endloop
  endfacet
  facet normal 6.454874e-16 1.000000e+00 6.932124e-16
    outer loop
      vertex   -1.807591e+01 3.237702e+01 1.232383e+02
      vertex   -1.081335e+01 3.237702e+01 1.062257e+02
      vertex   -1.807591e+01 3.237702e+01 1.027383e+02
    endloop
  endfacet
  facet normal 1.614687e-15 1.000000e+00 -1.325140e-15
    outer loop
      vertex   -1.807591e+01 3.237702e+01 1.027383e+02
      vertex   -1.081335e+01 3.237702e+01 1.062257e+02
      vertex   -1.103098e+01 3.237702e+01 1.059606e+02
    endloop
  endfacet
  facet normal 1.334954e-15 1.000000e+00 -7.135478e-16
    outer loop
      vertex   -1.807591e+01 3.237702e+01 1.027383e+02
      vertex   -1.103098e+01 3.237702e+01 1.059606e+02
      vertex   -1.119270e+01 3.237702e+01 1.056580e+02
    endloop
  endfacet
  facet normal -0.000000e+00 1.000000e+00 0.000000e+00
    outer loop
      vertex   -1.804538e+01 3.237702e+01 1.236652e+02
      vertex   -1.507591e+01 3.237702e+01 1.262383e+02
      vertex   -1.807591e+01 3.237702e+01 1.232383e+02
    endloop
  endfacet
  facet normal -0.000000e+00 1.000000e+00 0.000000e+00
    outer loop
      vertex   -1.807591e+01 3.237702e+01 1.232383e+02
      vertex   -1.507591e+01 3.237702e+01 1.262383e+02
      vertex   -1.103098e+01 3.237702e+01 1.219606e+02
    endloop
  endfacet
  facet normal 0.000000e+00 1.000000e+00 0.000000e+00
    outer loop
      vertex   -1.807591e+01 3.237702e+01 1.232383e+02
      vertex   -1.103098e+01 3.237702e+01 1.219606e+02
      vertex   -1.119270e+01 3.237702e+01 1.216580e+02
    endloop
  endfacet
  facet normal 0.000000e+00 1.000000e+00 0.000000e+00
    outer loop
      vertex   -1.804538e+01 3.237702e+01 1.236652e+02
      vertex   -1.795439e+01 3.237702e+01 1.240835e+02
      vertex   -1.507591e+01 3.237702e+01 1.262383e+02
    endloop
  endfacet
  facet normal 0.000000e+00 1.000000e+00 0.000000e+00
    outer loop
      vertex   -1.507591e+01 3.237702e+01 1.262383e+02
      vertex   -1.795439e+01 3.237702e+01 1.240835e+02
      vertex   -1.780481e+01 3.237702e+01 1.244845e+02
    endloop
  endfacet
  facet normal 0.000000e+00 1.000000e+00 0.000000e+00
    outer loop
      vertex   -1.507591e+01 3.237702e+01 1.262383e+02
      vertex   -1.780481e+01 3.237702e+01 1.244845e+02
      vertex   -1.759967e+01 3.237702e+01 1.248602e+02
    endloop
  endfacet
  facet normal 0.000000e+00 1.000000e+00 0.000000e+00
    outer loop
      vertex   -1.759967e+01 3.237702e+01 1.248602e+02
      vertex   -1.734316e+01 3.237702e+01 1.252029e+02
      vertex   -1.507591e+01 3.237702e+01 1.262383e+02
    endloop
  endfacet
  facet normal 0.000000e+00 1.000000e+00 0.000000e+00
    outer loop
      vertex   -1.507591e+01 3.237702e+01 1.262383e+02
      vertex   -1.734316e+01 3.237702e+01 1.252029e+02
      vertex   -1.704049e+01 3.237702e+01 1.255056e+02
    endloop
  endfacet
  facet normal 0.000000e+00 1.000000e+00 0.000000e+00
    outer loop
      vertex   -1.507591e+01 3.237702e+01 1.262383e+02
      vertex   -1.704049e+01 3.237702e+01 1.255056e+02
      vertex   -1.669783e+01 3.237702e+01 1.257621e+02
    endloop
  endfacet
  facet normal 0.000000e+00 1.000000e+00 0.000000e+00
    outer loop
      vertex   -1.669783e+01 3.237702e+01 1.257621e+02
      vertex   -1.632216e+01 3.237702e+01 1.259672e+02
      vertex   -1.507591e+01 3.237702e+01 1.262383e+02
    endloop
  endfacet
  facet normal 0.000000e+00 1.000000e+00 0.000000e+00
    outer loop
      vertex   -1.507591e+01 3.237702e+01 1.262383e+02
      vertex   -1.632216e+01 3.237702e+01 1.259672e+02
      vertex   -1.592111e+01 3.237702e+01 1.261168e+02
    endloop
  endfacet
  facet normal 0.000000e+00 1.000000e+00 0.000000e+00
    outer loop
      vertex   -1.507591e+01 3.237702e+01 1.262383e+02
      vertex   -1.592111e+01 3.237702e+01 1.261168e+02
      vertex   -1.550286e+01 3.237702e+01 1.262078e+02
    endloop
  endfacet
  facet normal 0.000000e+00 1.000000e+00 0.000000e+00
    outer loop
      vertex   1.292409e+01 3.237702e+01 1.262383e+02
      vertex   4.082680e+00 3.237702e+01 1.227047e+02
      vertex   -1.507591e+01 3.237702e+01 1.262383e+02
    endloop
  endfacet
  facet normal 0.000000e+00 1.000000e+00 0.000000e+00
    outer loop
      vertex   -1.507591e+01 3.237702e+01 1.262383e+02
      vertex   4.082680e+00 3.237702e+01 1.227047e+02
      vertex   3.754392e+00 3.237702e+01 1.226051e+02
    endloop
  endfacet
  facet normal 0.000000e+00 1.000000e+00 0.000000e+00
    outer loop
      vertex   -1.507591e+01 3.237702e+01 1.262383e+02
      vertex   3.754392e+00 3.237702e+01 1.226051e+02
      vertex   -8.906216e+00 3.237702e+01 1.226051e+02
    endloop
  endfacet
  facet normal -0.000000e+00 1.000000e+00 0.000000e+00
    outer loop
      vertex   -8.906216e+00 3.237702e+01 1.226051e+02
      vertex   3.754392e+00 3.237702e+01 1.226051e+02
      vertex   -8.603664e+00 3.237702e+01 1.224434e+02
    endloop
  endfacet
  facet normal 0.000000e+00 1.000000e+00 0.000000e+00
    outer loop
      vertex   -8.603664e+00 3.237702e+01 1.224434e+02
      vertex   3.754392e+00 3.237702e+01 1.226051e+02
      vertex   3.451840e+00 3.237702e+01 1.224434e+02
    endloop
  endfacet
  facet normal -0.000000e+00 1.000000e+00 0.000000e+00
    outer loop
      vertex   -8.603664e+00 3.237702e+01 1.224434e+02
      vertex   3.451840e+00 3.237702e+01 1.224434e+02
      vertex   3.186651e+00 3.237702e+01 1.222257e+02
    endloop
  endfacet
  facet normal -4.736364e-16 1.000000e+00 5.362587e-16
    outer loop
      vertex   1.292409e+01 3.237702e+01 9.973830e+01
      vertex   5.879160e+00 3.237702e+01 1.200161e+02
      vertex   1.292409e+01 3.237702e+01 1.262383e+02
    endloop
  endfacet
  facet normal 0.000000e+00 1.000000e+00 0.000000e+00
    outer loop
      vertex   1.292409e+01 3.237702e+01 1.262383e+02
      vertex   5.879160e+00 3.237702e+01 1.200161e+02
      vertex   6.040877e+00 3.237702e+01 1.203186e+02
    endloop
  endfacet
  facet normal 0.000000e+00 1.000000e+00 0.000000e+00
    outer loop
      vertex   1.292409e+01 3.237702e+01 1.262383e+02
      vertex   6.040877e+00 3.237702e+01 1.203186e+02
      vertex   6.140462e+00 3.237702e+01 1.206469e+02
    endloop
  endfacet
  facet normal -0.000000e+00 1.000000e+00 2.010804e-15
    outer loop
      vertex   -1.507591e+01 3.237702e+01 9.973830e+01
      vertex   4.082680e+00 3.237702e+01 1.032719e+02
      vertex   1.292409e+01 3.237702e+01 9.973830e+01
    endloop
  endfacet
  facet normal 2.628126e-16 1.000000e+00 2.668381e-15
    outer loop
      vertex   1.292409e+01 3.237702e+01 9.973830e+01
      vertex   4.082680e+00 3.237702e+01 1.032719e+02
      vertex   4.424088e+00 3.237702e+01 1.032383e+02
    endloop
  endfacet
  facet normal -1.613546e-16 1.000000e+00 1.638261e-15
    outer loop
      vertex   1.292409e+01 3.237702e+01 9.973830e+01
      vertex   4.424088e+00 3.237702e+01 1.032383e+02
      vertex   4.765496e+00 3.237702e+01 1.032719e+02
    endloop
  endfacet
  facet normal 0.000000e+00 1.000000e+00 -0.000000e+00
    outer loop
      vertex   -3.156376e+00 3.237702e+01 1.179545e+02
      vertex   -7.859538e+00 3.237702e+01 1.213297e+02
      vertex   -2.575912e+00 3.237702e+01 1.179883e+02
    endloop
  endfacet
  facet normal 0.000000e+00 1.000000e+00 0.000000e+00
    outer loop
      vertex   -2.575912e+00 3.237702e+01 1.179883e+02
      vertex   -7.859538e+00 3.237702e+01 1.213297e+02
      vertex   -7.959123e+00 3.237702e+01 1.216580e+02
    endloop
  endfacet
  facet normal 0.000000e+00 1.000000e+00 -0.000000e+00
    outer loop
      vertex   -2.575912e+00 3.237702e+01 1.179883e+02
      vertex   -7.959123e+00 3.237702e+01 1.216580e+02
      vertex   2.807299e+00 3.237702e+01 1.216580e+02
    endloop
  endfacet
  facet normal 0.000000e+00 1.000000e+00 0.000000e+00
    outer loop
      vertex   2.807299e+00 3.237702e+01 1.216580e+02
      vertex   -7.959123e+00 3.237702e+01 1.216580e+02
      vertex   -8.120840e+00 3.237702e+01 1.219606e+02
    endloop
  endfacet
  facet normal 0.000000e+00 1.000000e+00 -0.000000e+00
    outer loop
      vertex   2.807299e+00 3.237702e+01 1.216580e+02
      vertex   -8.120840e+00 3.237702e+01 1.219606e+02
      vertex   2.969016e+00 3.237702e+01 1.219606e+02
    endloop
  endfacet
  facet normal 0.000000e+00 1.000000e+00 0.000000e+00
    outer loop
      vertex   2.969016e+00 3.237702e+01 1.219606e+02
      vertex   -8.120840e+00 3.237702e+01 1.219606e+02
      vertex   -8.338475e+00 3.237702e+01 1.222257e+02
    endloop
  endfacet
  facet normal 0.000000e+00 1.000000e+00 -0.000000e+00
    outer loop
      vertex   2.969016e+00 3.237702e+01 1.219606e+02
      vertex   -8.338475e+00 3.237702e+01 1.222257e+02
      vertex   3.186651e+00 3.237702e+01 1.222257e+02
    endloop
  endfacet
  facet normal 0.000000e+00 1.000000e+00 0.000000e+00
    outer loop
      vertex   3.186651e+00 3.237702e+01 1.222257e+02
      vertex   -8.338475e+00 3.237702e+01 1.222257e+02
      vertex   -8.603664e+00 3.237702e+01 1.224434e+02
    endloop
  endfacet
  facet normal 0.000000e+00 1.000000e+00 0.000000e+00
    outer loop
      vertex   -7.859538e+00 3.237702e+01 1.213297e+02
      vertex   -3.156376e+00 3.237702e+01 1.179545e+02
      vertex   -7.825912e+00 3.237702e+01 1.209883e+02
    endloop
  endfacet
  facet normal 0.000000e+00 1.000000e+00 0.000000e+00
    outer loop
      vertex   -7.825912e+00 3.237702e+01 1.209883e+02
      vertex   -3.156376e+00 3.237702e+01 1.179545e+02
      vertex   -3.728991e+00 3.237702e+01 1.178535e+02
    endloop
  endfacet
  facet normal 0.000000e+00 1.000000e+00 0.000000e+00
    outer loop
      vertex   -7.825912e+00 3.237702e+01 1.209883e+02
      vertex   -3.728991e+00 3.237702e+01 1.178535e+02
      vertex   -7.859538e+00 3.237702e+01 1.206469e+02
    endloop
  endfacet
  facet normal 0.000000e+00 1.000000e+00 0.000000e+00
    outer loop
      vertex   -7.859538e+00 3.237702e+01 1.206469e+02
      vertex   -3.728991e+00 3.237702e+01 1.178535e+02
      vertex   -4.286012e+00 3.237702e+01 1.176868e+02
    endloop
  endfacet
  facet normal 0.000000e+00 1.000000e+00 0.000000e+00
    outer loop
      vertex   -7.859538e+00 3.237702e+01 1.206469e+02
      vertex   -4.286012e+00 3.237702e+01 1.176868e+02
      vertex   -7.959123e+00 3.237702e+01 1.203186e+02
    endloop
  endfacet
  facet normal 0.000000e+00 1.000000e+00 0.000000e+00
    outer loop
      vertex   -7.959123e+00 3.237702e+01 1.203186e+02
      vertex   -4.286012e+00 3.237702e+01 1.176868e+02
      vertex   -4.819908e+00 3.237702e+01 1.174565e+02
    endloop
  endfacet
  facet normal 0.000000e+00 1.000000e+00 0.000000e+00
    outer loop
      vertex   -7.959123e+00 3.237702e+01 1.203186e+02
      vertex   -4.819908e+00 3.237702e+01 1.174565e+02
      vertex   -8.120840e+00 3.237702e+01 1.200161e+02
    endloop
  endfacet
  facet normal 0.000000e+00 1.000000e+00 0.000000e+00
    outer loop
      vertex   -8.120840e+00 3.237702e+01 1.200161e+02
      vertex   -4.819908e+00 3.237702e+01 1.174565e+02
      vertex   -5.323457e+00 3.237702e+01 1.171657e+02
    endloop
  endfacet
  facet normal 0.000000e+00 1.000000e+00 0.000000e+00
    outer loop
      vertex   -8.120840e+00 3.237702e+01 1.200161e+02
      vertex   -5.323457e+00 3.237702e+01 1.171657e+02
      vertex   -8.338475e+00 3.237702e+01 1.197509e+02
    endloop
  endfacet
  facet normal 8.154499e-15 1.000000e+00 9.510555e-15
    outer loop
      vertex   -8.338475e+00 3.237702e+01 1.197509e+02
      vertex   -5.323457e+00 3.237702e+01 1.171657e+02
      vertex   -5.789850e+00 3.237702e+01 1.168185e+02
    endloop
  endfacet
  facet normal -1.160696e-15 1.000000e+00 1.414313e-15
    outer loop
      vertex   -8.338475e+00 3.237702e+01 1.197509e+02
      vertex   -5.789850e+00 3.237702e+01 1.168185e+02
      vertex   -8.603664e+00 3.237702e+01 1.195332e+02
    endloop
  endfacet
  facet normal -9.002563e-16 1.000000e+00 1.684261e-15
    outer loop
      vertex   -8.603664e+00 3.237702e+01 1.195332e+02
      vertex   -5.789850e+00 3.237702e+01 1.168185e+02
      vertex   -8.906216e+00 3.237702e+01 1.193715e+02
    endloop
  endfacet
  facet normal -1.220366e-15 1.000000e+00 1.293512e-15
    outer loop
      vertex   -8.906216e+00 3.237702e+01 1.193715e+02
      vertex   -5.789850e+00 3.237702e+01 1.168185e+02
      vertex   -6.212780e+00 3.237702e+01 1.164195e+02
    endloop
  endfacet
  facet normal -5.718707e-16 1.000000e+00 1.885205e-15
    outer loop
      vertex   -8.906216e+00 3.237702e+01 1.193715e+02
      vertex   -6.212780e+00 3.237702e+01 1.164195e+02
      vertex   -9.234504e+00 3.237702e+01 1.192719e+02
    endloop
  endfacet
  facet normal -1.312130e-15 1.000000e+00 1.101008e-15
    outer loop
      vertex   -9.234504e+00 3.237702e+01 1.192719e+02
      vertex   -6.212780e+00 3.237702e+01 1.164195e+02
      vertex   -6.586528e+00 3.237702e+01 1.159741e+02
    endloop
  endfacet
  facet normal -1.966550e-16 1.000000e+00 1.996672e-15
    outer loop
      vertex   -9.234504e+00 3.237702e+01 1.192719e+02
      vertex   -6.586528e+00 3.237702e+01 1.159741e+02
      vertex   -9.575912e+00 3.237702e+01 1.192383e+02
    endloop
  endfacet
  facet normal -1.383378e-15 1.000000e+00 9.098622e-16
    outer loop
      vertex   -9.575912e+00 3.237702e+01 1.192383e+02
      vertex   -6.586528e+00 3.237702e+01 1.159741e+02
      vertex   -6.906039e+00 3.237702e+01 1.154883e+02
    endloop
  endfacet
  facet normal -1.560537e-15 1.000000e+00 7.837311e-16
    outer loop
      vertex   -9.575912e+00 3.237702e+01 1.192383e+02
      vertex   -6.906039e+00 3.237702e+01 1.154883e+02
      vertex   -7.166992e+00 3.237702e+01 1.149687e+02
    endloop
  endfacet
  facet normal 1.735526e-16 1.000000e+00 1.762109e-15
    outer loop
      vertex   -9.575912e+00 3.237702e+01 1.192383e+02
      vertex   -7.166992e+00 3.237702e+01 1.149687e+02
      vertex   -9.917320e+00 3.237702e+01 1.192719e+02
    endloop
  endfacet
  facet normal -1.646080e-15 1.000000e+00 5.991242e-16
    outer loop
      vertex   -9.917320e+00 3.237702e+01 1.192719e+02
      vertex   -7.166992e+00 3.237702e+01 1.149687e+02
      vertex   -7.365859e+00 3.237702e+01 1.144223e+02
    endloop
  endfacet
  facet normal 5.288523e-16 1.000000e+00 1.743393e-15
    outer loop
      vertex   -9.917320e+00 3.237702e+01 1.192719e+02
      vertex   -7.365859e+00 3.237702e+01 1.144223e+02
      vertex   -1.024561e+01 3.237702e+01 1.193715e+02
    endloop
  endfacet
  facet normal -1.753245e-15 1.000000e+00 4.155267e-16
    outer loop
      vertex   -1.024561e+01 3.237702e+01 1.193715e+02
      vertex   -7.365859e+00 3.237702e+01 1.144223e+02
      vertex   -7.499951e+00 3.237702e+01 1.138565e+02
    endloop
  endfacet
  facet normal 9.383663e-16 1.000000e+00 1.755560e-15
    outer loop
      vertex   -1.024561e+01 3.237702e+01 1.193715e+02
      vertex   -7.499951e+00 3.237702e+01 1.138565e+02
      vertex   -1.054816e+01 3.237702e+01 1.195332e+02
    endloop
  endfacet
  facet normal -1.914323e-15 1.000000e+00 2.237522e-16
    outer loop
      vertex   -1.054816e+01 3.237702e+01 1.195332e+02
      vertex   -7.499951e+00 3.237702e+01 1.138565e+02
      vertex   -7.567453e+00 3.237702e+01 1.132790e+02
    endloop
  endfacet
  facet normal 1.531321e-15 1.000000e+00 1.865921e-15
    outer loop
      vertex   -1.054816e+01 3.237702e+01 1.195332e+02
      vertex   -7.567453e+00 3.237702e+01 1.132790e+02
      vertex   -1.081335e+01 3.237702e+01 1.197509e+02
    endloop
  endfacet
  facet normal -2.189050e-15 1.000000e+00 0.000000e+00
    outer loop
      vertex   -1.081335e+01 3.237702e+01 1.197509e+02
      vertex   -7.567453e+00 3.237702e+01 1.132790e+02
      vertex   -7.567453e+00 3.237702e+01 1.126976e+02
    endloop
  endfacet
  facet normal -1.047471e-15 1.000000e+00 5.253502e-16
    outer loop
      vertex   -1.081335e+01 3.237702e+01 1.197509e+02
      vertex   -7.567453e+00 3.237702e+01 1.126976e+02
      vertex   -1.081335e+01 3.237702e+01 1.062257e+02
    endloop
  endfacet
  facet normal 0.000000e+00 1.000000e+00 0.000000e+00
    outer loop
      vertex   -1.081335e+01 3.237702e+01 1.062257e+02
      vertex   -7.567453e+00 3.237702e+01 1.126976e+02
      vertex   -1.054816e+01 3.237702e+01 1.064434e+02
    endloop
  endfacet
  facet normal 0.000000e+00 1.000000e+00 0.000000e+00
    outer loop
      vertex   -1.054816e+01 3.237702e+01 1.064434e+02
      vertex   -7.567453e+00 3.237702e+01 1.126976e+02
      vertex   -7.499951e+00 3.237702e+01 1.121201e+02
    endloop
  endfacet
  facet normal 0.000000e+00 1.000000e+00 0.000000e+00
    outer loop
      vertex   -1.054816e+01 3.237702e+01 1.064434e+02
      vertex   -7.499951e+00 3.237702e+01 1.121201e+02
      vertex   -1.024561e+01 3.237702e+01 1.066051e+02
    endloop
  endfacet
  facet normal 0.000000e+00 1.000000e+00 0.000000e+00
    outer loop
      vertex   -1.024561e+01 3.237702e+01 1.066051e+02
      vertex   -7.499951e+00 3.237702e+01 1.121201e+02
      vertex   -7.365859e+00 3.237702e+01 1.115543e+02
    endloop
  endfacet
  facet normal 0.000000e+00 1.000000e+00 0.000000e+00
    outer loop
      vertex   -1.024561e+01 3.237702e+01 1.066051e+02
      vertex   -7.365859e+00 3.237702e+01 1.115543e+02
      vertex   -9.917320e+00 3.237702e+01 1.067047e+02
    endloop
  endfacet
  facet normal 0.000000e+00 1.000000e+00 0.000000e+00
    outer loop
      vertex   -9.917320e+00 3.237702e+01 1.067047e+02
      vertex   -7.365859e+00 3.237702e+01 1.115543e+02
      vertex   -7.166992e+00 3.237702e+01 1.110079e+02
    endloop
  endfacet
  facet normal 0.000000e+00 1.000000e+00 0.000000e+00
    outer loop
      vertex   -9.917320e+00 3.237702e+01 1.067047e+02
      vertex   -7.166992e+00 3.237702e+01 1.110079e+02
      vertex   -9.575912e+00 3.237702e+01 1.067383e+02
    endloop
  endfacet
  facet normal 0.000000e+00 1.000000e+00 0.000000e+00
    outer loop
      vertex   -9.575912e+00 3.237702e+01 1.067383e+02
      vertex   -7.166992e+00 3.237702e+01 1.110079e+02
      vertex   -6.906039e+00 3.237702e+01 1.104883e+02
    endloop
  endfacet
  facet normal 0.000000e+00 1.000000e+00 0.000000e+00
    outer loop
      vertex   -9.575912e+00 3.237702e+01 1.067383e+02
      vertex   -6.906039e+00 3.237702e+01 1.104883e+02
      vertex   -6.586528e+00 3.237702e+01 1.100025e+02
    endloop
  endfacet
  facet normal -0.000000e+00 1.000000e+00 0.000000e+00
    outer loop
      vertex   -9.575912e+00 3.237702e+01 1.067383e+02
      vertex   -6.586528e+00 3.237702e+01 1.100025e+02
      vertex   -9.234504e+00 3.237702e+01 1.067047e+02
    endloop
  endfacet
  facet normal 0.000000e+00 1.000000e+00 0.000000e+00
    outer loop
      vertex   -9.234504e+00 3.237702e+01 1.067047e+02
      vertex   -6.586528e+00 3.237702e+01 1.100025e+02
      vertex   -6.212780e+00 3.237702e+01 1.095571e+02
    endloop
  endfacet
  facet normal -0.000000e+00 1.000000e+00 0.000000e+00
    outer loop
      vertex   -9.234504e+00 3.237702e+01 1.067047e+02
      vertex   -6.212780e+00 3.237702e+01 1.095571e+02
      vertex   -8.906216e+00 3.237702e+01 1.066051e+02
    endloop
  endfacet
  facet normal 0.000000e+00 1.000000e+00 0.000000e+00
    outer loop
      vertex   -8.906216e+00 3.237702e+01 1.066051e+02
      vertex   -6.212780e+00 3.237702e+01 1.095571e+02
      vertex   -5.789850e+00 3.237702e+01 1.091581e+02
    endloop
  endfacet
  facet normal -0.000000e+00 1.000000e+00 0.000000e+00
    outer loop
      vertex   -8.906216e+00 3.237702e+01 1.066051e+02
      vertex   -5.789850e+00 3.237702e+01 1.091581e+02
      vertex   -8.603664e+00 3.237702e+01 1.064434e+02
    endloop
  endfacet
  facet normal -0.000000e+00 1.000000e+00 0.000000e+00
    outer loop
      vertex   -8.603664e+00 3.237702e+01 1.064434e+02
      vertex   -5.789850e+00 3.237702e+01 1.091581e+02
      vertex   -8.338475e+00 3.237702e+01 1.062257e+02
    endloop
  endfacet
  facet normal 0.000000e+00 1.000000e+00 0.000000e+00
    outer loop
      vertex   -8.338475e+00 3.237702e+01 1.062257e+02
      vertex   -5.789850e+00 3.237702e+01 1.091581e+02
      vertex   -5.323457e+00 3.237702e+01 1.088109e+02
    endloop
  endfacet
  facet normal -0.000000e+00 1.000000e+00 0.000000e+00
    outer loop
      vertex   -8.338475e+00 3.237702e+01 1.062257e+02
      vertex   -5.323457e+00 3.237702e+01 1.088109e+02
      vertex   -8.120840e+00 3.237702e+01 1.059606e+02
    endloop
  endfacet
  facet normal 0.000000e+00 1.000000e+00 0.000000e+00
    outer loop
      vertex   -8.120840e+00 3.237702e+01 1.059606e+02
      vertex   -5.323457e+00 3.237702e+01 1.088109e+02
      vertex   -4.819908e+00 3.237702e+01 1.085201e+02
    endloop
  endfacet
  facet normal -0.000000e+00 1.000000e+00 0.000000e+00
    outer loop
      vertex   -8.120840e+00 3.237702e+01 1.059606e+02
      vertex   -4.819908e+00 3.237702e+01 1.085201e+02
      vertex   -7.959123e+00 3.237702e+01 1.056580e+02
    endloop
  endfacet
  facet normal 0.000000e+00 1.000000e+00 0.000000e+00
    outer loop
      vertex   -7.959123e+00 3.237702e+01 1.056580e+02
      vertex   -4.819908e+00 3.237702e+01 1.085201e+02
      vertex   -4.286012e+00 3.237702e+01 1.082898e+02
    endloop
  endfacet
  facet normal -0.000000e+00 1.000000e+00 0.000000e+00
    outer loop
      vertex   -7.959123e+00 3.237702e+01 1.056580e+02
      vertex   -4.286012e+00 3.237702e+01 1.082898e+02
      vertex   -7.859538e+00 3.237702e+01 1.053297e+02
    endloop
  endfacet
  facet normal 0.000000e+00 1.000000e+00 0.000000e+00
    outer loop
      vertex   -7.859538e+00 3.237702e+01 1.053297e+02
      vertex   -4.286012e+00 3.237702e+01 1.082898e+02
      vertex   -3.728991e+00 3.237702e+01 1.081231e+02
    endloop
  endfacet
  facet normal -0.000000e+00 1.000000e+00 0.000000e+00
    outer loop
      vertex   -7.859538e+00 3.237702e+01 1.053297e+02
      vertex   -3.728991e+00 3.237702e+01 1.081231e+02
      vertex   -7.825912e+00 3.237702e+01 1.049883e+02
    endloop
  endfacet
  facet normal 0.000000e+00 1.000000e+00 0.000000e+00
    outer loop
      vertex   -7.825912e+00 3.237702e+01 1.049883e+02
      vertex   -3.728991e+00 3.237702e+01 1.081231e+02
      vertex   -3.156376e+00 3.237702e+01 1.080221e+02
    endloop
  endfacet
  facet normal -0.000000e+00 1.000000e+00 0.000000e+00
    outer loop
      vertex   -7.825912e+00 3.237702e+01 1.049883e+02
      vertex   -3.156376e+00 3.237702e+01 1.080221e+02
      vertex   -7.859538e+00 3.237702e+01 1.046469e+02
    endloop
  endfacet
  facet normal 0.000000e+00 1.000000e+00 0.000000e+00
    outer loop
      vertex   -7.859538e+00 3.237702e+01 1.046469e+02
      vertex   -3.156376e+00 3.237702e+01 1.080221e+02
      vertex   -2.575912e+00 3.237702e+01 1.079883e+02
    endloop
  endfacet
  facet normal -0.000000e+00 1.000000e+00 0.000000e+00
    outer loop
      vertex   -7.859538e+00 3.237702e+01 1.046469e+02
      vertex   -2.575912e+00 3.237702e+01 1.079883e+02
      vertex   -7.959123e+00 3.237702e+01 1.043186e+02
    endloop
  endfacet
  facet normal 0.000000e+00 1.000000e+00 0.000000e+00
    outer loop
      vertex   -7.959123e+00 3.237702e+01 1.043186e+02
      vertex   -2.575912e+00 3.237702e+01 1.079883e+02
      vertex   2.807299e+00 3.237702e+01 1.043186e+02
    endloop
  endfacet
  facet normal -0.000000e+00 1.000000e+00 0.000000e+00
    outer loop
      vertex   -7.959123e+00 3.237702e+01 1.043186e+02
      vertex   2.807299e+00 3.237702e+01 1.043186e+02
      vertex   -8.120840e+00 3.237702e+01 1.040161e+02
    endloop
  endfacet
  facet normal 0.000000e+00 1.000000e+00 0.000000e+00
    outer loop
      vertex   -8.120840e+00 3.237702e+01 1.040161e+02
      vertex   2.807299e+00 3.237702e+01 1.043186e+02
      vertex   2.969016e+00 3.237702e+01 1.040161e+02
    endloop
  endfacet
  facet normal -0.000000e+00 1.000000e+00 0.000000e+00
    outer loop
      vertex   -8.120840e+00 3.237702e+01 1.040161e+02
      vertex   2.969016e+00 3.237702e+01 1.040161e+02
      vertex   -8.338475e+00 3.237702e+01 1.037509e+02
    endloop
  endfacet
  facet normal 0.000000e+00 1.000000e+00 0.000000e+00
    outer loop
      vertex   -8.338475e+00 3.237702e+01 1.037509e+02
      vertex   2.969016e+00 3.237702e+01 1.040161e+02
      vertex   3.186651e+00 3.237702e+01 1.037509e+02
    endloop
  endfacet
  facet normal -0.000000e+00 1.000000e+00 0.000000e+00
    outer loop
      vertex   -8.338475e+00 3.237702e+01 1.037509e+02
      vertex   3.186651e+00 3.237702e+01 1.037509e+02
      vertex   -8.603664e+00 3.237702e+01 1.035332e+02
    endloop
  endfacet
  facet normal 0.000000e+00 1.000000e+00 0.000000e+00
    outer loop
      vertex   -8.603664e+00 3.237702e+01 1.035332e+02
      vertex   3.186651e+00 3.237702e+01 1.037509e+02
      vertex   3.451840e+00 3.237702e+01 1.035332e+02
    endloop
  endfacet
  facet normal -0.000000e+00 1.000000e+00 0.000000e+00
    outer loop
      vertex   -8.603664e+00 3.237702e+01 1.035332e+02
      vertex   3.451840e+00 3.237702e+01 1.035332e+02
      vertex   3.754392e+00 3.237702e+01 1.033715e+02
    endloop
  endfacet
  facet normal 0.000000e+00 1.000000e+00 0.000000e+00
    outer loop
      vertex   2.807299e+00 3.237702e+01 1.043186e+02
      vertex   -2.575912e+00 3.237702e+01 1.079883e+02
      vertex   2.707714e+00 3.237702e+01 1.046469e+02
    endloop
  endfacet
  facet normal 0.000000e+00 1.000000e+00 0.000000e+00
    outer loop
      vertex   2.707714e+00 3.237702e+01 1.046469e+02
      vertex   -2.575912e+00 3.237702e+01 1.079883e+02
      vertex   -1.995447e+00 3.237702e+01 1.080221e+02
    endloop
  endfacet
  facet normal 0.000000e+00 1.000000e+00 0.000000e+00
    outer loop
      vertex   2.707714e+00 3.237702e+01 1.046469e+02
      vertex   -1.995447e+00 3.237702e+01 1.080221e+02
      vertex   2.674088e+00 3.237702e+01 1.049883e+02
    endloop
  endfacet
  facet normal 0.000000e+00 1.000000e+00 0.000000e+00
    outer loop
      vertex   2.674088e+00 3.237702e+01 1.049883e+02
      vertex   -1.995447e+00 3.237702e+01 1.080221e+02
      vertex   -1.422832e+00 3.237702e+01 1.081231e+02
    endloop
  endfacet
  facet normal 0.000000e+00 1.000000e+00 -0.000000e+00
    outer loop
      vertex   2.674088e+00 3.237702e+01 1.049883e+02
      vertex   -1.422832e+00 3.237702e+01 1.081231e+02
      vertex   2.707714e+00 3.237702e+01 1.053297e+02
    endloop
  endfacet
  facet normal 0.000000e+00 1.000000e+00 0.000000e+00
    outer loop
      vertex   2.707714e+00 3.237702e+01 1.053297e+02
      vertex   -1.422832e+00 3.237702e+01 1.081231e+02
      vertex   -8.658111e-01 3.237702e+01 1.082898e+02
    endloop
  endfacet
  facet normal 0.000000e+00 1.000000e+00 -0.000000e+00
    outer loop
      vertex   2.707714e+00 3.237702e+01 1.053297e+02
      vertex   -8.658111e-01 3.237702e+01 1.082898e+02
      vertex   2.807299e+00 3.237702e+01 1.056580e+02
    endloop
  endfacet
  facet normal 0.000000e+00 1.000000e+00 0.000000e+00
    outer loop
      vertex   2.807299e+00 3.237702e+01 1.056580e+02
      vertex   -8.658111e-01 3.237702e+01 1.082898e+02
      vertex   -3.319159e-01 3.237702e+01 1.085201e+02
    endloop
  endfacet
  facet normal 0.000000e+00 1.000000e+00 -0.000000e+00
    outer loop
      vertex   2.807299e+00 3.237702e+01 1.056580e+02
      vertex   -3.319159e-01 3.237702e+01 1.085201e+02
      vertex   2.969016e+00 3.237702e+01 1.059606e+02
    endloop
  endfacet
  facet normal 0.000000e+00 1.000000e+00 0.000000e+00
    outer loop
      vertex   2.969016e+00 3.237702e+01 1.059606e+02
      vertex   -3.319159e-01 3.237702e+01 1.085201e+02
      vertex   1.716331e-01 3.237702e+01 1.088109e+02
    endloop
  endfacet
  facet normal 0.000000e+00 1.000000e+00 -0.000000e+00
    outer loop
      vertex   2.969016e+00 3.237702e+01 1.059606e+02
      vertex   1.716331e-01 3.237702e+01 1.088109e+02
      vertex   3.186651e+00 3.237702e+01 1.062257e+02
    endloop
  endfacet
  facet normal 0.000000e+00 1.000000e+00 0.000000e+00
    outer loop
      vertex   3.186651e+00 3.237702e+01 1.062257e+02
      vertex   1.716331e-01 3.237702e+01 1.088109e+02
      vertex   6.380263e-01 3.237702e+01 1.091581e+02
    endloop
  endfacet
  facet normal 0.000000e+00 1.000000e+00 -0.000000e+00
    outer loop
      vertex   3.186651e+00 3.237702e+01 1.062257e+02
      vertex   6.380263e-01 3.237702e+01 1.091581e+02
      vertex   3.451840e+00 3.237702e+01 1.064434e+02
    endloop
  endfacet
  facet normal 0.000000e+00 1.000000e+00 -0.000000e+00
    outer loop
      vertex   3.451840e+00 3.237702e+01 1.064434e+02
      vertex   6.380263e-01 3.237702e+01 1.091581e+02
      vertex   3.754392e+00 3.237702e+01 1.066051e+02
    endloop
  endfacet
  facet normal 0.000000e+00 1.000000e+00 0.000000e+00
    outer loop
      vertex   3.754392e+00 3.237702e+01 1.066051e+02
      vertex   6.380263e-01 3.237702e+01 1.091581e+02
      vertex   1.060956e+00 3.237702e+01 1.095571e+02
    endloop
  endfacet
  facet normal 0.000000e+00 1.000000e+00 -0.000000e+00
    outer loop
      vertex   3.754392e+00 3.237702e+01 1.066051e+02
      vertex   1.060956e+00 3.237702e+01 1.095571e+02
      vertex   4.082680e+00 3.237702e+01 1.067047e+02
    endloop
  endfacet
  facet normal 0.000000e+00 1.000000e+00 0.000000e+00
    outer loop
      vertex   4.082680e+00 3.237702e+01 1.067047e+02
      vertex   1.060956e+00 3.237702e+01 1.095571e+02
      vertex   1.434704e+00 3.237702e+01 1.100025e+02
    endloop
  endfacet
  facet normal 0.000000e+00 1.000000e+00 -0.000000e+00
    outer loop
      vertex   4.082680e+00 3.237702e+01 1.067047e+02
      vertex   1.434704e+00 3.237702e+01 1.100025e+02
      vertex   4.424088e+00 3.237702e+01 1.067383e+02
    endloop
  endfacet
  facet normal 0.000000e+00 1.000000e+00 0.000000e+00
    outer loop
      vertex   4.424088e+00 3.237702e+01 1.067383e+02
      vertex   1.434704e+00 3.237702e+01 1.100025e+02
      vertex   1.754215e+00 3.237702e+01 1.104883e+02
    endloop
  endfacet
  facet normal 0.000000e+00 1.000000e+00 0.000000e+00
    outer loop
      vertex   4.424088e+00 3.237702e+01 1.067383e+02
      vertex   1.754215e+00 3.237702e+01 1.104883e+02
      vertex   2.015169e+00 3.237702e+01 1.110079e+02
    endloop
  endfacet
  facet normal -0.000000e+00 1.000000e+00 -0.000000e+00
    outer loop
      vertex   4.424088e+00 3.237702e+01 1.067383e+02
      vertex   2.015169e+00 3.237702e+01 1.110079e+02
      vertex   4.765496e+00 3.237702e+01 1.067047e+02
    endloop
  endfacet
  facet normal 0.000000e+00 1.000000e+00 0.000000e+00
    outer loop
      vertex   4.765496e+00 3.237702e+01 1.067047e+02
      vertex   2.015169e+00 3.237702e+01 1.110079e+02
      vertex   2.214036e+00 3.237702e+01 1.115543e+02
    endloop
  endfacet
  facet normal -0.000000e+00 1.000000e+00 -0.000000e+00
    outer loop
      vertex   4.765496e+00 3.237702e+01 1.067047e+02
      vertex   2.214036e+00 3.237702e+01 1.115543e+02
      vertex   5.093784e+00 3.237702e+01 1.066051e+02
    endloop
  endfacet
  facet normal 0.000000e+00 1.000000e+00 0.000000e+00
    outer loop
      vertex   5.093784e+00 3.237702e+01 1.066051e+02
      vertex   2.214036e+00 3.237702e+01 1.115543e+02
      vertex   2.348127e+00 3.237702e+01 1.121201e+02
    endloop
  endfacet
  facet normal -0.000000e+00 1.000000e+00 -0.000000e+00
    outer loop
      vertex   5.093784e+00 3.237702e+01 1.066051e+02
      vertex   2.348127e+00 3.237702e+01 1.121201e+02
      vertex   5.396336e+00 3.237702e+01 1.064434e+02
    endloop
  endfacet
  facet normal 0.000000e+00 1.000000e+00 0.000000e+00
    outer loop
      vertex   5.396336e+00 3.237702e+01 1.064434e+02
      vertex   2.348127e+00 3.237702e+01 1.121201e+02
      vertex   2.415629e+00 3.237702e+01 1.126976e+02
    endloop
  endfacet
  facet normal -0.000000e+00 1.000000e+00 -0.000000e+00
    outer loop
      vertex   5.396336e+00 3.237702e+01 1.064434e+02
      vertex   2.415629e+00 3.237702e+01 1.126976e+02
      vertex   5.661525e+00 3.237702e+01 1.062257e+02
    endloop
  endfacet
  facet normal 0.000000e+00 1.000000e+00 0.000000e+00
    outer loop
      vertex   5.661525e+00 3.237702e+01 1.062257e+02
      vertex   2.415629e+00 3.237702e+01 1.126976e+02
      vertex   2.415629e+00 3.237702e+01 1.132790e+02
    endloop
  endfacet
  facet normal 1.141579e-15 1.000000e+00 5.253502e-16
    outer loop
      vertex   5.661525e+00 3.237702e+01 1.062257e+02
      vertex   2.415629e+00 3.237702e+01 1.132790e+02
      vertex   5.661525e+00 3.237702e+01 1.197509e+02
    endloop
  endfacet
  facet normal -1.531321e-15 1.000000e+00 1.865921e-15
    outer loop
      vertex   5.661525e+00 3.237702e+01 1.197509e+02
      vertex   2.415629e+00 3.237702e+01 1.132790e+02
      vertex   5.396336e+00 3.237702e+01 1.195332e+02
    endloop
  endfacet
  facet normal 1.914323e-15 1.000000e+00 2.237522e-16
    outer loop
      vertex   5.396336e+00 3.237702e+01 1.195332e+02
      vertex   2.415629e+00 3.237702e+01 1.132790e+02
      vertex   2.348127e+00 3.237702e+01 1.138565e+02
    endloop
  endfacet
  facet normal -9.383663e-16 1.000000e+00 1.755560e-15
    outer loop
      vertex   5.396336e+00 3.237702e+01 1.195332e+02
      vertex   2.348127e+00 3.237702e+01 1.138565e+02
      vertex   5.093784e+00 3.237702e+01 1.193715e+02
    endloop
  endfacet
  facet normal 1.753245e-15 1.000000e+00 4.155267e-16
    outer loop
      vertex   5.093784e+00 3.237702e+01 1.193715e+02
      vertex   2.348127e+00 3.237702e+01 1.138565e+02
      vertex   2.214036e+00 3.237702e+01 1.144223e+02
    endloop
  endfacet
  facet normal -5.288523e-16 1.000000e+00 1.743393e-15
    outer loop
      vertex   5.093784e+00 3.237702e+01 1.193715e+02
      vertex   2.214036e+00 3.237702e+01 1.144223e+02
      vertex   4.765496e+00 3.237702e+01 1.192719e+02
    endloop
  endfacet
  facet normal 1.646080e-15 1.000000e+00 5.991242e-16
    outer loop
      vertex   4.765496e+00 3.237702e+01 1.192719e+02
      vertex   2.214036e+00 3.237702e+01 1.144223e+02
      vertex   2.015169e+00 3.237702e+01 1.149687e+02
    endloop
  endfacet
  facet normal -1.735526e-16 1.000000e+00 1.762109e-15
    outer loop
      vertex   4.765496e+00 3.237702e+01 1.192719e+02
      vertex   2.015169e+00 3.237702e+01 1.149687e+02
      vertex   4.424088e+00 3.237702e+01 1.192383e+02
    endloop
  endfacet
  facet normal 1.560537e-15 1.000000e+00 7.837311e-16
    outer loop
      vertex   4.424088e+00 3.237702e+01 1.192383e+02
      vertex   2.015169e+00 3.237702e+01 1.149687e+02
      vertex   1.754215e+00 3.237702e+01 1.154883e+02
    endloop
  endfacet
  facet normal 1.383378e-15 1.000000e+00 9.098622e-16
    outer loop
      vertex   4.424088e+00 3.237702e+01 1.192383e+02
      vertex   1.754215e+00 3.237702e+01 1.154883e+02
      vertex   1.434704e+00 3.237702e+01 1.159741e+02
    endloop
  endfacet
  facet normal 1.966550e-16 1.000000e+00 1.996672e-15
    outer loop
      vertex   4.424088e+00 3.237702e+01 1.192383e+02
      vertex   1.434704e+00 3.237702e+01 1.159741e+02
      vertex   4.082680e+00 3.237702e+01 1.192719e+02
    endloop
  endfacet
  facet normal 1.312130e-15 1.000000e+00 1.101008e-15
    outer loop
      vertex   4.082680e+00 3.237702e+01 1.192719e+02
      vertex   1.434704e+00 3.237702e+01 1.159741e+02
      vertex   1.060956e+00 3.237702e+01 1.164195e+02
    endloop
  endfacet
  facet normal 5.718707e-16 1.000000e+00 1.885205e-15
    outer loop
      vertex   4.082680e+00 3.237702e+01 1.192719e+02
      vertex   1.060956e+00 3.237702e+01 1.164195e+02
      vertex   3.754392e+00 3.237702e+01 1.193715e+02
    endloop
  endfacet
  facet normal 1.220366e-15 1.000000e+00 1.293512e-15
    outer loop
      vertex   3.754392e+00 3.237702e+01 1.193715e+02
      vertex   1.060956e+00 3.237702e+01 1.164195e+02
      vertex   6.380263e-01 3.237702e+01 1.168185e+02
    endloop
  endfacet
  facet normal 9.002563e-16 1.000000e+00 1.684261e-15
    outer loop
      vertex   3.754392e+00 3.237702e+01 1.193715e+02
      vertex   6.380263e-01 3.237702e+01 1.168185e+02
      vertex   3.451840e+00 3.237702e+01 1.195332e+02
    endloop
  endfacet
  facet normal 1.160696e-15 1.000000e+00 1.414313e-15
    outer loop
      vertex   3.451840e+00 3.237702e+01 1.195332e+02
      vertex   6.380263e-01 3.237702e+01 1.168185e+02
      vertex   3.186651e+00 3.237702e+01 1.197509e+02
    endloop
  endfacet
  facet normal -8.154499e-15 1.000000e+00 9.510555e-15
    outer loop
      vertex   3.186651e+00 3.237702e+01 1.197509e+02
      vertex   6.380263e-01 3.237702e+01 1.168185e+02
      vertex   1.716331e-01 3.237702e+01 1.171657e+02
    endloop
  endfacet
  facet normal 0.000000e+00 1.000000e+00 0.000000e+00
    outer loop
      vertex   3.186651e+00 3.237702e+01 1.197509e+02
      vertex   1.716331e-01 3.237702e+01 1.171657e+02
      vertex   2.969016e+00 3.237702e+01 1.200161e+02
    endloop
  endfacet
  facet normal 0.000000e+00 1.000000e+00 0.000000e+00
    outer loop
      vertex   2.969016e+00 3.237702e+01 1.200161e+02
      vertex   1.716331e-01 3.237702e+01 1.171657e+02
      vertex   -3.319159e-01 3.237702e+01 1.174565e+02
    endloop
  endfacet
  facet normal 0.000000e+00 1.000000e+00 0.000000e+00
    outer loop
      vertex   2.969016e+00 3.237702e+01 1.200161e+02
      vertex   -3.319159e-01 3.237702e+01 1.174565e+02
      vertex   2.807299e+00 3.237702e+01 1.203186e+02
    endloop
  endfacet
  facet normal 0.000000e+00 1.000000e+00 0.000000e+00
    outer loop
      vertex   2.807299e+00 3.237702e+01 1.203186e+02
      vertex   -3.319159e-01 3.237702e+01 1.174565e+02
      vertex   -8.658111e-01 3.237702e+01 1.176868e+02
    endloop
  endfacet
  facet normal 0.000000e+00 1.000000e+00 0.000000e+00
    outer loop
      vertex   2.807299e+00 3.237702e+01 1.203186e+02
      vertex   -8.658111e-01 3.237702e+01 1.176868e+02
      vertex   2.707714e+00 3.237702e+01 1.206469e+02
    endloop
  endfacet
  facet normal 0.000000e+00 1.000000e+00 0.000000e+00
    outer loop
      vertex   2.707714e+00 3.237702e+01 1.206469e+02
      vertex   -8.658111e-01 3.237702e+01 1.176868e+02
      vertex   -1.422832e+00 3.237702e+01 1.178535e+02
    endloop
  endfacet
  facet normal 0.000000e+00 1.000000e+00 0.000000e+00
    outer loop
      vertex   2.707714e+00 3.237702e+01 1.206469e+02
      vertex   -1.422832e+00 3.237702e+01 1.178535e+02
      vertex   2.674088e+00 3.237702e+01 1.209883e+02
    endloop
  endfacet
  facet normal 0.000000e+00 1.000000e+00 0.000000e+00
    outer loop
      vertex   2.674088e+00 3.237702e+01 1.209883e+02
      vertex   -1.422832e+00 3.237702e+01 1.178535e+02
      vertex   -1.995447e+00 3.237702e+01 1.179545e+02
    endloop
  endfacet
  facet normal 0.000000e+00 1.000000e+00 -0.000000e+00
    outer loop
      vertex   2.674088e+00 3.237702e+01 1.209883e+02
      vertex   -1.995447e+00 3.237702e+01 1.179545e+02
      vertex   2.707714e+00 3.237702e+01 1.213297e+02
    endloop
  endfacet
  facet normal 0.000000e+00 1.000000e+00 0.000000e+00
    outer loop
      vertex   2.707714e+00 3.237702e+01 1.213297e+02
      vertex   -1.995447e+00 3.237702e+01 1.179545e+02
      vertex   -2.575912e+00 3.237702e+01 1.179883e+02
    endloop
  endfacet
  facet normal 0.000000e+00 1.000000e+00 -0.000000e+00
    outer loop
      vertex   2.707714e+00 3.237702e+01 1.213297e+02
      vertex   -2.575912e+00 3.237702e+01 1.179883e+02
      vertex   2.807299e+00 3.237702e+01 1.216580e+02
    endloop
  endfacet
  facet normal 1.184725e-15 1.000000e+00 -3.593825e-16
    outer loop
      vertex   -1.119270e+01 3.237702e+01 1.056580e+02
      vertex   -1.129229e+01 3.237702e+01 1.053297e+02
      vertex   -1.807591e+01 3.237702e+01 1.027383e+02
    endloop
  endfacet
  facet normal 1.088388e-15 1.000000e+00 -1.071969e-16
    outer loop
      vertex   -1.807591e+01 3.237702e+01 1.027383e+02
      vertex   -1.129229e+01 3.237702e+01 1.053297e+02
      vertex   -1.132591e+01 3.237702e+01 1.049883e+02
    endloop
  endfacet
  facet normal 1.019195e-15 1.000000e+00 1.003820e-16
    outer loop
      vertex   -1.807591e+01 3.237702e+01 1.027383e+02
      vertex   -1.132591e+01 3.237702e+01 1.049883e+02
      vertex   -1.129229e+01 3.237702e+01 1.046469e+02
    endloop
  endfacet
  facet normal 9.650716e-16 1.000000e+00 2.927513e-16
    outer loop
      vertex   -1.129229e+01 3.237702e+01 1.046469e+02
      vertex   -1.119270e+01 3.237702e+01 1.043186e+02
      vertex   -1.807591e+01 3.237702e+01 1.027383e+02
    endloop
  endfacet
  facet normal 9.194511e-16 1.000000e+00 4.914569e-16
    outer loop
      vertex   -1.807591e+01 3.237702e+01 1.027383e+02
      vertex   -1.119270e+01 3.237702e+01 1.043186e+02
      vertex   -1.103098e+01 3.237702e+01 1.040161e+02
    endloop
  endfacet
  facet normal 7.763895e-16 1.000000e+00 9.460333e-16
    outer loop
      vertex   -1.081335e+01 3.237702e+01 1.037509e+02
      vertex   -1.054816e+01 3.237702e+01 1.035332e+02
      vertex   -1.507591e+01 3.237702e+01 9.973830e+01
    endloop
  endfacet
  facet normal 6.110848e-16 1.000000e+00 1.143259e-15
    outer loop
      vertex   -1.507591e+01 3.237702e+01 9.973830e+01
      vertex   -1.054816e+01 3.237702e+01 1.035332e+02
      vertex   -1.024561e+01 3.237702e+01 1.033715e+02
    endloop
  endfacet
  facet normal 4.227560e-16 1.000000e+00 1.393640e-15
    outer loop
      vertex   -1.507591e+01 3.237702e+01 9.973830e+01
      vertex   -1.024561e+01 3.237702e+01 1.033715e+02
      vertex   -9.917320e+00 3.237702e+01 1.032719e+02
    endloop
  endfacet
  facet normal 1.731507e-16 1.000000e+00 1.758028e-15
    outer loop
      vertex   -9.917320e+00 3.237702e+01 1.032719e+02
      vertex   -9.575912e+00 3.237702e+01 1.032383e+02
      vertex   -1.507591e+01 3.237702e+01 9.973830e+01
    endloop
  endfacet
  facet normal -2.365629e-16 1.000000e+00 2.401864e-15
    outer loop
      vertex   -1.507591e+01 3.237702e+01 9.973830e+01
      vertex   -9.575912e+00 3.237702e+01 1.032383e+02
      vertex   -9.234504e+00 3.237702e+01 1.032719e+02
    endloop
  endfacet
  facet normal -1.223514e-15 1.000000e+00 4.033384e-15
    outer loop
      vertex   -1.507591e+01 3.237702e+01 9.973830e+01
      vertex   -9.234504e+00 3.237702e+01 1.032719e+02
      vertex   -8.906216e+00 3.237702e+01 1.033715e+02
    endloop
  endfacet
  facet normal 0.000000e+00 1.000000e+00 1.955688e-15
    outer loop
      vertex   -1.507591e+01 3.237702e+01 9.973830e+01
      vertex   -8.906216e+00 3.237702e+01 1.033715e+02
      vertex   3.754392e+00 3.237702e+01 1.033715e+02
    endloop
  endfacet
  facet normal 0.000000e+00 1.000000e+00 0.000000e+00
    outer loop
      vertex   3.754392e+00 3.237702e+01 1.033715e+02
      vertex   -8.906216e+00 3.237702e+01 1.033715e+02
      vertex   -8.603664e+00 3.237702e+01 1.035332e+02
    endloop
  endfacet
  facet normal 0.000000e+00 1.000000e+00 -0.000000e+00
    outer loop
      vertex   4.765496e+00 3.237702e+01 1.227047e+02
      vertex   4.424088e+00 3.237702e+01 1.227383e+02
      vertex   1.292409e+01 3.237702e+01 1.262383e+02
    endloop
  endfacet
  facet normal 0.000000e+00 1.000000e+00 0.000000e+00
    outer loop
      vertex   1.292409e+01 3.237702e+01 1.262383e+02
      vertex   4.424088e+00 3.237702e+01 1.227383e+02
      vertex   4.082680e+00 3.237702e+01 1.227047e+02
    endloop
  endfacet
  facet normal 6.401410e-16 1.000000e+00 5.253502e-16
    outer loop
      vertex   5.661525e+00 3.237702e+01 1.062257e+02
      vertex   5.661525e+00 3.237702e+01 1.197509e+02
      vertex   5.879160e+00 3.237702e+01 1.059606e+02
    endloop
  endfacet
  facet normal -6.159856e-16 1.000000e+00 5.055263e-16
    outer loop
      vertex   5.879160e+00 3.237702e+01 1.059606e+02
      vertex   5.661525e+00 3.237702e+01 1.197509e+02
      vertex   5.879160e+00 3.237702e+01 1.200161e+02
    endloop
  endfacet
  facet normal -5.620948e-16 1.000000e+00 5.055263e-16
    outer loop
      vertex   5.879160e+00 3.237702e+01 1.059606e+02
      vertex   5.879160e+00 3.237702e+01 1.200161e+02
      vertex   1.292409e+01 3.237702e+01 9.973830e+01
    endloop
  endfacet
  facet normal 0.000000e+00 1.000000e+00 0.000000e+00
    outer loop
      vertex   6.140462e+00 3.237702e+01 1.206469e+02
      vertex   6.174088e+00 3.237702e+01 1.209883e+02
      vertex   1.292409e+01 3.237702e+01 1.262383e+02
    endloop
  endfacet
  facet normal 0.000000e+00 1.000000e+00 0.000000e+00
    outer loop
      vertex   1.292409e+01 3.237702e+01 1.262383e+02
      vertex   6.174088e+00 3.237702e+01 1.209883e+02
      vertex   6.140462e+00 3.237702e+01 1.213297e+02
    endloop
  endfacet
  facet normal 0.000000e+00 1.000000e+00 0.000000e+00
    outer loop
      vertex   1.292409e+01 3.237702e+01 1.262383e+02
      vertex   6.140462e+00 3.237702e+01 1.213297e+02
      vertex   6.040877e+00 3.237702e+01 1.216580e+02
    endloop
  endfacet
  facet normal 0.000000e+00 1.000000e+00 -0.000000e+00
    outer loop
      vertex   6.040877e+00 3.237702e+01 1.216580e+02
      vertex   5.879160e+00 3.237702e+01 1.219606e+02
      vertex   1.292409e+01 3.237702e+01 1.262383e+02
    endloop
  endfacet
  facet normal 0.000000e+00 1.000000e+00 0.000000e+00
    outer loop
      vertex   1.292409e+01 3.237702e+01 1.262383e+02
      vertex   5.879160e+00 3.237702e+01 1.219606e+02
      vertex   5.661525e+00 3.237702e+01 1.222257e+02
    endloop
  endfacet
  facet normal 0.000000e+00 1.000000e+00 0.000000e+00
    outer loop
      vertex   1.292409e+01 3.237702e+01 1.262383e+02
      vertex   5.661525e+00 3.237702e+01 1.222257e+02
      vertex   5.396336e+00 3.237702e+01 1.224434e+02
    endloop
  endfacet
  facet normal 0.000000e+00 1.000000e+00 -0.000000e+00
    outer loop
      vertex   5.396336e+00 3.237702e+01 1.224434e+02
      vertex   5.093784e+00 3.237702e+01 1.226051e+02
      vertex   1.292409e+01 3.237702e+01 1.262383e+02
    endloop
  endfacet
  facet normal 0.000000e+00 1.000000e+00 0.000000e+00
    outer loop
      vertex   1.292409e+01 3.237702e+01 1.262383e+02
      vertex   5.093784e+00 3.237702e+01 1.226051e+02
      vertex   4.765496e+00 3.237702e+01 1.227047e+02
    endloop
  endfacet
  facet normal 0.000000e+00 1.000000e+00 0.000000e+00
    outer loop
      vertex   -9.234504e+00 3.237702e+01 1.227047e+02
      vertex   -9.575912e+00 3.237702e+01 1.227383e+02
      vertex   -1.507591e+01 3.237702e+01 1.262383e+02
    endloop
  endfacet
  facet normal 0.000000e+00 1.000000e+00 0.000000e+00
    outer loop
      vertex   -1.507591e+01 3.237702e+01 1.262383e+02
      vertex   -9.575912e+00 3.237702e+01 1.227383e+02
      vertex   -9.917320e+00 3.237702e+01 1.227047e+02
    endloop
  endfacet
  facet normal 0.000000e+00 1.000000e+00 0.000000e+00
    outer loop
      vertex   -1.507591e+01 3.237702e+01 1.262383e+02
      vertex   -9.917320e+00 3.237702e+01 1.227047e+02
      vertex   -1.024561e+01 3.237702e+01 1.226051e+02
    endloop
  endfacet
  facet normal 0.000000e+00 1.000000e+00 0.000000e+00
    outer loop
      vertex   -1.024561e+01 3.237702e+01 1.226051e+02
      vertex   -1.054816e+01 3.237702e+01 1.224434e+02
      vertex   -1.507591e+01 3.237702e+01 1.262383e+02
    endloop
  endfacet
  facet normal 0.000000e+00 1.000000e+00 0.000000e+00
    outer loop
      vertex   -1.507591e+01 3.237702e+01 1.262383e+02
      vertex   -1.054816e+01 3.237702e+01 1.224434e+02
      vertex   -1.081335e+01 3.237702e+01 1.222257e+02
    endloop
  endfacet
  facet normal 0.000000e+00 1.000000e+00 0.000000e+00
    outer loop
      vertex   -1.507591e+01 3.237702e+01 1.262383e+02
      vertex   -1.081335e+01 3.237702e+01 1.222257e+02
      vertex   -1.103098e+01 3.237702e+01 1.219606e+02
    endloop
  endfacet
  facet normal 0.000000e+00 1.000000e+00 0.000000e+00
    outer loop
      vertex   -1.119270e+01 3.237702e+01 1.216580e+02
      vertex   -1.129229e+01 3.237702e+01 1.213297e+02
      vertex   -1.807591e+01 3.237702e+01 1.232383e+02
    endloop
  endfacet
  facet normal 0.000000e+00 1.000000e+00 0.000000e+00
    outer loop
      vertex   -1.807591e+01 3.237702e+01 1.232383e+02
      vertex   -1.129229e+01 3.237702e+01 1.213297e+02
      vertex   -1.132591e+01 3.237702e+01 1.209883e+02
    endloop
  endfacet
  facet normal 0.000000e+00 1.000000e+00 0.000000e+00
    outer loop
      vertex   -1.807591e+01 3.237702e+01 1.232383e+02
      vertex   -1.132591e+01 3.237702e+01 1.209883e+02
      vertex   -1.129229e+01 3.237702e+01 1.206469e+02
    endloop
  endfacet
  facet normal 0.000000e+00 1.000000e+00 0.000000e+00
    outer loop
      vertex   -1.129229e+01 3.237702e+01 1.206469e+02
      vertex   -1.119270e+01 3.237702e+01 1.203186e+02
      vertex   -1.807591e+01 3.237702e+01 1.232383e+02
    endloop
  endfacet
  facet normal 0.000000e+00 1.000000e+00 0.000000e+00
    outer loop
      vertex   -1.807591e+01 3.237702e+01 1.232383e+02
      vertex   -1.119270e+01 3.237702e+01 1.203186e+02
      vertex   -1.103098e+01 3.237702e+01 1.200161e+02
    endloop
  endfacet
  facet normal 0.000000e+00 1.000000e+00 0.000000e+00
    outer loop
      vertex   -1.807591e+01 3.237702e+01 1.232383e+02
      vertex   -1.103098e+01 3.237702e+01 1.200161e+02
      vertex   -1.081335e+01 3.237702e+01 1.197509e+02
    endloop
  endfacet
  facet normal 0.000000e+00 1.000000e+00 0.000000e+00
    outer loop
      vertex   -8.906216e+00 3.237702e+01 1.226051e+02
      vertex   -9.234504e+00 3.237702e+01 1.227047e+02
      vertex   -1.507591e+01 3.237702e+01 1.262383e+02
    endloop
  endfacet
  facet normal 2.306403e-16 1.000000e+00 7.603192e-16
    outer loop
      vertex   3.754392e+00 3.237702e+01 1.033715e+02
      vertex   4.082680e+00 3.237702e+01 1.032719e+02
      vertex   -1.507591e+01 3.237702e+01 9.973830e+01
    endloop
  endfacet
  facet normal -3.587260e-16 1.000000e+00 1.182561e-15
    outer loop
      vertex   4.765496e+00 3.237702e+01 1.032719e+02
      vertex   5.093784e+00 3.237702e+01 1.033715e+02
      vertex   1.292409e+01 3.237702e+01 9.973830e+01
    endloop
  endfacet
  facet normal -4.857560e-16 1.000000e+00 9.087856e-16
    outer loop
      vertex   1.292409e+01 3.237702e+01 9.973830e+01
      vertex   5.093784e+00 3.237702e+01 1.033715e+02
      vertex   5.396336e+00 3.237702e+01 1.035332e+02
    endloop
  endfacet
  facet normal -5.847181e-16 1.000000e+00 7.124811e-16
    outer loop
      vertex   1.292409e+01 3.237702e+01 9.973830e+01
      vertex   5.396336e+00 3.237702e+01 1.035332e+02
      vertex   5.661525e+00 3.237702e+01 1.037509e+02
    endloop
  endfacet
  facet normal -6.731436e-16 1.000000e+00 5.524347e-16
    outer loop
      vertex   5.661525e+00 3.237702e+01 1.037509e+02
      vertex   5.879160e+00 3.237702e+01 1.040161e+02
      vertex   1.292409e+01 3.237702e+01 9.973830e+01
    endloop
  endfacet
  facet normal -7.614507e-16 1.000000e+00 4.070039e-16
    outer loop
      vertex   1.292409e+01 3.237702e+01 9.973830e+01
      vertex   5.879160e+00 3.237702e+01 1.040161e+02
      vertex   6.040877e+00 3.237702e+01 1.043186e+02
    endloop
  endfacet
  facet normal -8.589078e-16 1.000000e+00 2.605468e-16
    outer loop
      vertex   1.292409e+01 3.237702e+01 9.973830e+01
      vertex   6.040877e+00 3.237702e+01 1.043186e+02
      vertex   6.140462e+00 3.237702e+01 1.046469e+02
    endloop
  endfacet
  facet normal -9.777555e-16 1.000000e+00 9.630051e-17
    outer loop
      vertex   6.140462e+00 3.237702e+01 1.046469e+02
      vertex   6.174088e+00 3.237702e+01 1.049883e+02
      vertex   1.292409e+01 3.237702e+01 9.973830e+01
    endloop
  endfacet
  facet normal -1.139984e-15 1.000000e+00 -1.122786e-16
    outer loop
      vertex   1.292409e+01 3.237702e+01 9.973830e+01
      vertex   6.174088e+00 3.237702e+01 1.049883e+02
      vertex   6.140462e+00 3.237702e+01 1.053297e+02
    endloop
  endfacet
  facet normal -1.396647e-15 1.000000e+00 -4.236682e-16
    outer loop
      vertex   1.292409e+01 3.237702e+01 9.973830e+01
      vertex   6.140462e+00 3.237702e+01 1.053297e+02
      vertex   6.040877e+00 3.237702e+01 1.056580e+02
    endloop
  endfacet
  facet normal -1.910540e-15 1.000000e+00 -1.021205e-15
    outer loop
      vertex   6.040877e+00 3.237702e+01 1.056580e+02
      vertex   5.879160e+00 3.237702e+01 1.059606e+02
      vertex   1.292409e+01 3.237702e+01 9.973830e+01
    endloop
  endfacet
  facet normal 2.522698e-16 1.000000e+00 5.253502e-16
    outer loop
      vertex   -1.081335e+01 3.237702e+01 1.062257e+02
      vertex   -1.807591e+01 3.237702e+01 1.232383e+02
      vertex   -1.081335e+01 3.237702e+01 1.197509e+02
    endloop
  endfacet
  facet normal -1.000000e+00 -3.758514e-15 0.000000e+00
    outer loop
      vertex   1.292409e+01 1.168178e+01 9.977206e+01
      vertex   1.292409e+01 1.262702e+01 1.034383e+02
      vertex   1.292409e+01 1.262702e+01 9.973830e+01
    endloop
  endfacet
  facet normal -1.000000e+00 0.000000e+00 0.000000e+00
    outer loop
      vertex   1.292409e+01 1.262702e+01 9.973830e+01
      vertex   1.292409e+01 1.262702e+01 1.034383e+02
      vertex   1.292409e+01 1.294929e+01 1.034722e+02
    endloop
  endfacet
  facet normal -1.000000e+00 0.000000e+00 0.000000e+00
    outer loop
      vertex   1.292409e+01 1.262702e+01 9.973830e+01
      vertex   1.292409e+01 1.294929e+01 1.034722e+02
      vertex   1.292409e+01 1.325747e+01 1.035723e+02
    endloop
  endfacet
  facet normal -1.000000e+00 -9.916249e-17 -9.434681e-16
    outer loop
      vertex   1.292409e+01 1.262702e+01 1.034383e+02
      vertex   1.292409e+01 1.168178e+01 9.977206e+01
      vertex   1.292409e+01 1.230476e+01 1.034722e+02
    endloop
  endfacet
  facet normal -1.000000e+00 -1.013929e-16 -9.430925e-16
    outer loop
      vertex   1.292409e+01 1.230476e+01 1.034722e+02
      vertex   1.292409e+01 1.168178e+01 9.977206e+01
      vertex   1.292409e+01 1.074135e+01 9.987317e+01
    endloop
  endfacet
  facet normal -1.000000e+00 -2.810689e-16 -8.650413e-16
    outer loop
      vertex   1.292409e+01 1.230476e+01 1.034722e+02
      vertex   1.292409e+01 1.074135e+01 9.987317e+01
      vertex   1.292409e+01 1.199658e+01 1.035723e+02
    endloop
  endfacet
  facet normal -1.000000e+00 -1.632818e-16 -9.050100e-16
    outer loop
      vertex   1.292409e+01 1.199658e+01 1.035723e+02
      vertex   1.292409e+01 1.074135e+01 9.987317e+01
      vertex   1.292409e+01 9.810534e+00 1.000411e+02
    endloop
  endfacet
  facet normal -1.000000e+00 -4.279209e-16 -7.411808e-16
    outer loop
      vertex   1.292409e+01 1.199658e+01 1.035723e+02
      vertex   1.292409e+01 9.810534e+00 1.000411e+02
      vertex   1.292409e+01 1.171596e+01 1.037343e+02
    endloop
  endfacet
  facet normal -1.000000e+00 1.495776e-15 -1.733664e-15
    outer loop
      vertex   1.292409e+01 1.171596e+01 1.037343e+02
      vertex   1.292409e+01 9.810534e+00 1.000411e+02
      vertex   1.292409e+01 8.894068e+00 1.002750e+02
    endloop
  endfacet
  facet normal -1.000000e+00 -2.665667e-16 -2.960523e-16
    outer loop
      vertex   1.292409e+01 1.171596e+01 1.037343e+02
      vertex   1.292409e+01 8.894068e+00 1.002750e+02
      vertex   1.292409e+01 1.147515e+01 1.039512e+02
    endloop
  endfacet
  facet normal -1.000000e+00 -1.303644e-16 -3.916825e-16
    outer loop
      vertex   1.292409e+01 1.147515e+01 1.039512e+02
      vertex   1.292409e+01 8.894068e+00 1.002750e+02
      vertex   1.292409e+01 7.996624e+00 1.005737e+02
    endloop
  endfacet
  facet normal -1.000000e+00 -2.994344e-16 -2.175518e-16
    outer loop
      vertex   1.292409e+01 1.147515e+01 1.039512e+02
      vertex   1.292409e+01 7.996624e+00 1.005737e+02
      vertex   1.292409e+01 1.128468e+01 1.042133e+02
    endloop
  endfacet
  facet normal -1.000000e+00 -1.471128e-16 -3.551617e-16
    outer loop
      vertex   1.292409e+01 1.128468e+01 1.042133e+02
      vertex   1.292409e+01 7.996624e+00 1.005737e+02
      vertex   1.292409e+01 7.122775e+00 1.009357e+02
    endloop
  endfacet
  facet normal -1.000000e+00 -3.160102e-16 -1.406968e-16
    outer loop
      vertex   1.292409e+01 1.128468e+01 1.042133e+02
      vertex   1.292409e+01 7.122775e+00 1.009357e+02
      vertex   1.292409e+01 1.115289e+01 1.045093e+02
    endloop
  endfacet
  facet normal -1.000000e+00 -1.590385e-16 -3.177185e-16
    outer loop
      vertex   1.292409e+01 1.115289e+01 1.045093e+02
      vertex   1.292409e+01 7.122775e+00 1.009357e+02
      vertex   1.292409e+01 6.276975e+00 1.013591e+02
    endloop
  endfacet
  facet normal -1.000000e+00 -1.744021e-16 -2.939391e-16
    outer loop
      vertex   1.292409e+01 1.115289e+01 1.045093e+02
      vertex   1.292409e+01 6.276975e+00 1.013591e+02
      vertex   1.292409e+01 5.463534e+00 1.018417e+02
    endloop
  endfacet
  facet normal -1.000000e+00 -2.839274e-16 -6.035064e-17
    outer loop
      vertex   1.292409e+01 1.115289e+01 1.045093e+02
      vertex   1.292409e+01 5.463534e+00 1.018417e+02
      vertex   1.292409e+01 1.108552e+01 1.048263e+02
    endloop
  endfacet
  facet normal -1.000000e+00 -1.790572e-16 -2.578915e-16
    outer loop
      vertex   1.292409e+01 1.108552e+01 1.048263e+02
      vertex   1.292409e+01 5.463534e+00 1.018417e+02
      vertex   1.292409e+01 4.686595e+00 1.023811e+02
    endloop
  endfacet
  facet normal -1.000000e+00 -2.776026e-16 0.000000e+00
    outer loop
      vertex   1.292409e+01 1.108552e+01 1.048263e+02
      vertex   1.292409e+01 4.686595e+00 1.023811e+02
      vertex   1.292409e+01 1.108552e+01 1.051503e+02
    endloop
  endfacet
  facet normal -1.000000e+00 -1.806108e-16 -2.241243e-16
    outer loop
      vertex   1.292409e+01 1.108552e+01 1.051503e+02
      vertex   1.292409e+01 4.686595e+00 1.023811e+02
      vertex   1.292409e+01 3.950120e+00 1.029746e+02
    endloop
  endfacet
  facet normal -1.000000e+00 -2.662032e-16 5.658323e-17
    outer loop
      vertex   1.292409e+01 1.108552e+01 1.051503e+02
      vertex   1.292409e+01 3.950120e+00 1.029746e+02
      vertex   1.292409e+01 1.115289e+01 1.054673e+02
    endloop
  endfacet
  facet normal -1.000000e+00 -2.179018e-16 -8.298810e-17
    outer loop
      vertex   1.292409e+01 1.115289e+01 1.054673e+02
      vertex   1.292409e+01 3.950120e+00 1.029746e+02
      vertex   1.292409e+01 9.879479e+00 1.088109e+02
    endloop
  endfacet
  facet normal -1.000000e+00 0.000000e+00 0.000000e+00
    outer loop
      vertex   1.292409e+01 1.115289e+01 1.054673e+02
      vertex   1.292409e+01 9.879479e+00 1.088109e+02
      vertex   1.292409e+01 1.128468e+01 1.057633e+02
    endloop
  endfacet
  facet normal -1.000000e+00 0.000000e+00 0.000000e+00
    outer loop
      vertex   1.292409e+01 1.128468e+01 1.057633e+02
      vertex   1.292409e+01 9.879479e+00 1.088109e+02
      vertex   1.292409e+01 1.038303e+01 1.085201e+02
    endloop
  endfacet
  facet normal -1.000000e+00 0.000000e+00 0.000000e+00
    outer loop
      vertex   1.292409e+01 1.128468e+01 1.057633e+02
      vertex   1.292409e+01 1.038303e+01 1.085201e+02
      vertex   1.292409e+01 1.147515e+01 1.060255e+02
    endloop
  endfacet
  facet normal -1.000000e+00 0.000000e+00 0.000000e+00
    outer loop
      vertex   1.292409e+01 1.147515e+01 1.060255e+02
      vertex   1.292409e+01 1.038303e+01 1.085201e+02
      vertex   1.292409e+01 1.091692e+01 1.082898e+02
    endloop
  endfacet
  facet normal -1.000000e+00 0.000000e+00 0.000000e+00
    outer loop
      vertex   1.292409e+01 1.147515e+01 1.060255e+02
      vertex   1.292409e+01 1.091692e+01 1.082898e+02
      vertex   1.292409e+01 1.171596e+01 1.062423e+02
    endloop
  endfacet
  facet normal -1.000000e+00 0.000000e+00 0.000000e+00
    outer loop
      vertex   1.292409e+01 1.171596e+01 1.062423e+02
      vertex   1.292409e+01 1.091692e+01 1.082898e+02
      vertex   1.292409e+01 1.147395e+01 1.081231e+02
    endloop
  endfacet
  facet normal -1.000000e+00 0.000000e+00 0.000000e+00
    outer loop
      vertex   1.292409e+01 1.171596e+01 1.062423e+02
      vertex   1.292409e+01 1.147395e+01 1.081231e+02
      vertex   1.292409e+01 1.199658e+01 1.064043e+02
    endloop
  endfacet
  facet normal -1.000000e+00 0.000000e+00 0.000000e+00
    outer loop
      vertex   1.292409e+01 1.199658e+01 1.064043e+02
      vertex   1.292409e+01 1.147395e+01 1.081231e+02
      vertex   1.292409e+01 1.204656e+01 1.080221e+02
    endloop
  endfacet
  facet normal -1.000000e+00 0.000000e+00 0.000000e+00
    outer loop
      vertex   1.292409e+01 1.199658e+01 1.064043e+02
      vertex   1.292409e+01 1.204656e+01 1.080221e+02
      vertex   1.292409e+01 1.230476e+01 1.065044e+02
    endloop
  endfacet
  facet normal -1.000000e+00 0.000000e+00 0.000000e+00
    outer loop
      vertex   1.292409e+01 1.230476e+01 1.065044e+02
      vertex   1.292409e+01 1.204656e+01 1.080221e+02
      vertex   1.292409e+01 1.262702e+01 1.079883e+02
    endloop
  endfacet
  facet normal -1.000000e+00 0.000000e+00 0.000000e+00
    outer loop
      vertex   1.292409e+01 1.230476e+01 1.065044e+02
      vertex   1.292409e+01 1.262702e+01 1.079883e+02
      vertex   1.292409e+01 1.262702e+01 1.065383e+02
    endloop
  endfacet
  facet normal -1.000000e+00 0.000000e+00 0.000000e+00
    outer loop
      vertex   1.292409e+01 1.262702e+01 1.065383e+02
      vertex   1.292409e+01 1.262702e+01 1.079883e+02
      vertex   1.292409e+01 1.294929e+01 1.065044e+02
    endloop
  endfacet
  facet normal -1.000000e+00 0.000000e+00 0.000000e+00
    outer loop
      vertex   1.292409e+01 1.294929e+01 1.065044e+02
      vertex   1.292409e+01 1.262702e+01 1.079883e+02
      vertex   1.292409e+01 1.320749e+01 1.080221e+02
    endloop
  endfacet
  facet normal -1.000000e+00 0.000000e+00 0.000000e+00
    outer loop
      vertex   1.292409e+01 1.294929e+01 1.065044e+02
      vertex   1.292409e+01 1.320749e+01 1.080221e+02
      vertex   1.292409e+01 1.325747e+01 1.064043e+02
    endloop
  endfacet
  facet normal -1.000000e+00 0.000000e+00 0.000000e+00
    outer loop
      vertex   1.292409e+01 1.325747e+01 1.064043e+02
      vertex   1.292409e+01 1.320749e+01 1.080221e+02
      vertex   1.292409e+01 1.378010e+01 1.081231e+02
    endloop
  endfacet
  facet normal -1.000000e+00 0.000000e+00 0.000000e+00
    outer loop
      vertex   1.292409e+01 1.325747e+01 1.064043e+02
      vertex   1.292409e+01 1.378010e+01 1.081231e+02
      vertex   1.292409e+01 1.353809e+01 1.062423e+02
    endloop
  endfacet
  facet normal -1.000000e+00 0.000000e+00 0.000000e+00
    outer loop
      vertex   1.292409e+01 1.353809e+01 1.062423e+02
      vertex   1.292409e+01 1.378010e+01 1.081231e+02
      vertex   1.292409e+01 1.433713e+01 1.082898e+02
    endloop
  endfacet
  facet normal -1.000000e+00 0.000000e+00 0.000000e+00
    outer loop
      vertex   1.292409e+01 1.353809e+01 1.062423e+02
      vertex   1.292409e+01 1.433713e+01 1.082898e+02
      vertex   1.292409e+01 1.377890e+01 1.060255e+02
    endloop
  endfacet
  facet normal -1.000000e+00 0.000000e+00 0.000000e+00
    outer loop
      vertex   1.292409e+01 1.377890e+01 1.060255e+02
      vertex   1.292409e+01 1.433713e+01 1.082898e+02
      vertex   1.292409e+01 1.396936e+01 1.057633e+02
    endloop
  endfacet
  facet normal -1.000000e+00 0.000000e+00 0.000000e+00
    outer loop
      vertex   1.292409e+01 1.396936e+01 1.057633e+02
      vertex   1.292409e+01 1.433713e+01 1.082898e+02
      vertex   1.292409e+01 1.410116e+01 1.054673e+02
    endloop
  endfacet
  facet normal -1.000000e+00 0.000000e+00 0.000000e+00
    outer loop
      vertex   1.292409e+01 1.410116e+01 1.054673e+02
      vertex   1.292409e+01 1.433713e+01 1.082898e+02
      vertex   1.292409e+01 1.416853e+01 1.051503e+02
    endloop
  endfacet
  facet normal -1.000000e+00 0.000000e+00 0.000000e+00
    outer loop
      vertex   1.292409e+01 1.416853e+01 1.051503e+02
      vertex   1.292409e+01 1.433713e+01 1.082898e+02
      vertex   1.292409e+01 1.487102e+01 1.085201e+02
    endloop
  endfacet
  facet normal -1.000000e+00 0.000000e+00 0.000000e+00
    outer loop
      vertex   1.292409e+01 1.416853e+01 1.051503e+02
      vertex   1.292409e+01 1.487102e+01 1.085201e+02
      vertex   1.292409e+01 1.537457e+01 1.088109e+02
    endloop
  endfacet
  facet normal -1.000000e+00 -1.397146e-16 -1.500641e-16
    outer loop
      vertex   1.292409e+01 3.257860e+00 1.036191e+02
      vertex   1.292409e+01 8.035944e+00 1.110079e+02
      vertex   1.292409e+01 3.950120e+00 1.029746e+02
    endloop
  endfacet
  facet normal -1.000000e+00 -2.187553e-16 -1.098631e-16
    outer loop
      vertex   1.292409e+01 3.950120e+00 1.029746e+02
      vertex   1.292409e+01 8.035944e+00 1.110079e+02
      vertex   1.292409e+01 8.296897e+00 1.104883e+02
    endloop
  endfacet
  facet normal -1.000000e+00 -1.912405e-16 -1.257808e-16
    outer loop
      vertex   1.292409e+01 3.950120e+00 1.029746e+02
      vertex   1.292409e+01 8.296897e+00 1.104883e+02
      vertex   1.292409e+01 8.616408e+00 1.100025e+02
    endloop
  endfacet
  facet normal -1.000000e+00 -1.523819e-16 -1.418726e-16
    outer loop
      vertex   1.292409e+01 3.257860e+00 1.036191e+02
      vertex   1.292409e+01 2.613342e+00 1.043114e+02
      vertex   1.292409e+01 8.035944e+00 1.110079e+02
    endloop
  endfacet
  facet normal -1.000000e+00 -1.641888e-16 -1.323117e-16
    outer loop
      vertex   1.292409e+01 8.035944e+00 1.110079e+02
      vertex   1.292409e+01 2.613342e+00 1.043114e+02
      vertex   1.292409e+01 2.019853e+00 1.050479e+02
    endloop
  endfacet
  facet normal -1.000000e+00 -1.749379e-16 -1.214616e-16
    outer loop
      vertex   1.292409e+01 8.035944e+00 1.110079e+02
      vertex   1.292409e+01 2.019853e+00 1.050479e+02
      vertex   1.292409e+01 1.480415e+00 1.058248e+02
    endloop
  endfacet
  facet normal -1.000000e+00 -1.844454e-16 -1.094365e-16
    outer loop
      vertex   1.292409e+01 1.480415e+00 1.058248e+02
      vertex   1.292409e+01 9.977777e-01 1.066383e+02
      vertex   1.292409e+01 8.035944e+00 1.110079e+02
    endloop
  endfacet
  facet normal -1.000000e+00 -1.925495e-16 -9.638338e-17
    outer loop
      vertex   1.292409e+01 8.035944e+00 1.110079e+02
      vertex   1.292409e+01 9.977777e-01 1.066383e+02
      vertex   1.292409e+01 5.744004e-01 1.074841e+02
    endloop
  endfacet
  facet normal -1.000000e+00 -1.991170e-16 -8.247697e-17
    outer loop
      vertex   1.292409e+01 8.035944e+00 1.110079e+02
      vertex   1.292409e+01 5.744004e-01 1.074841e+02
      vertex   1.292409e+01 2.124405e-01 1.083579e+02
    endloop
  endfacet
  facet normal -1.000000e+00 -2.040498e-16 -6.791428e-17
    outer loop
      vertex   1.292409e+01 2.124405e-01 1.083579e+02
      vertex   1.292409e+01 -8.625754e-02 1.092553e+02
      vertex   1.292409e+01 8.035944e+00 1.110079e+02
    endloop
  endfacet
  facet normal -1.000000e+00 -2.027786e-16 -7.380538e-17
    outer loop
      vertex   1.292409e+01 8.035944e+00 1.110079e+02
      vertex   1.292409e+01 -8.625754e-02 1.092553e+02
      vertex   1.292409e+01 7.837077e+00 1.115543e+02
    endloop
  endfacet
  facet normal -1.000000e+00 3.148733e-16 -1.857901e-15
    outer loop
      vertex   1.292409e+01 7.837077e+00 1.115543e+02
      vertex   1.292409e+01 -8.625754e-02 1.092553e+02
      vertex   1.292409e+01 -3.201716e-01 1.101718e+02
    endloop
  endfacet
  facet normal -1.000000e+00 -0.000000e+00 0.000000e+00
    outer loop
      vertex   1.292409e+01 7.837077e+00 1.115543e+02
      vertex   1.292409e+01 -3.201716e-01 1.101718e+02
      vertex   1.292409e+01 7.702986e+00 1.121201e+02
    endloop
  endfacet
  facet normal -1.000000e+00 0.000000e+00 0.000000e+00
    outer loop
      vertex   1.292409e+01 7.702986e+00 1.121201e+02
      vertex   1.292409e+01 -3.201716e-01 1.101718e+02
      vertex   1.292409e+01 -4.881097e-01 1.111026e+02
    endloop
  endfacet
  facet normal -1.000000e+00 0.000000e+00 0.000000e+00
    outer loop
      vertex   1.292409e+01 7.702986e+00 1.121201e+02
      vertex   1.292409e+01 -4.881097e-01 1.111026e+02
      vertex   1.292409e+01 -5.892162e-01 1.120431e+02
    endloop
  endfacet
  facet normal -1.000000e+00 -0.000000e+00 0.000000e+00
    outer loop
      vertex   1.292409e+01 7.702986e+00 1.121201e+02
      vertex   1.292409e+01 -5.892162e-01 1.120431e+02
      vertex   1.292409e+01 7.635484e+00 1.126976e+02
    endloop
  endfacet
  facet normal -1.000000e+00 -0.000000e+00 0.000000e+00
    outer loop
      vertex   1.292409e+01 7.635484e+00 1.126976e+02
      vertex   1.292409e+01 -5.892162e-01 1.120431e+02
      vertex   1.292409e+01 -6.229756e-01 1.129883e+02
    endloop
  endfacet
  facet normal -1.000000e+00 0.000000e+00 0.000000e+00
    outer loop
      vertex   1.292409e+01 7.635484e+00 1.126976e+02
      vertex   1.292409e+01 -6.229756e-01 1.129883e+02
      vertex   1.292409e+01 7.635484e+00 1.132790e+02
    endloop
  endfacet
  facet normal -1.000000e+00 -0.000000e+00 0.000000e+00
    outer loop
      vertex   1.292409e+01 7.635484e+00 1.132790e+02
      vertex   1.292409e+01 -6.229756e-01 1.129883e+02
      vertex   1.292409e+01 -5.892162e-01 1.139335e+02
    endloop
  endfacet
  facet normal -1.000000e+00 0.000000e+00 0.000000e+00
    outer loop
      vertex   1.292409e+01 7.635484e+00 1.132790e+02
      vertex   1.292409e+01 -5.892162e-01 1.139335e+02
      vertex   1.292409e+01 7.702986e+00 1.138565e+02
    endloop
  endfacet
  facet normal -1.000000e+00 0.000000e+00 0.000000e+00
    outer loop
      vertex   1.292409e+01 7.702986e+00 1.138565e+02
      vertex   1.292409e+01 -5.892162e-01 1.139335e+02
      vertex   1.292409e+01 -4.881097e-01 1.148740e+02
    endloop
  endfacet
  facet normal -1.000000e+00 0.000000e+00 0.000000e+00
    outer loop
      vertex   1.292409e+01 7.702986e+00 1.138565e+02
      vertex   1.292409e+01 -4.881097e-01 1.148740e+02
      vertex   1.292409e+01 -3.201716e-01 1.158048e+02
    endloop
  endfacet
  facet normal -1.000000e+00 0.000000e+00 0.000000e+00
    outer loop
      vertex   1.292409e+01 7.702986e+00 1.138565e+02
      vertex   1.292409e+01 -3.201716e-01 1.158048e+02
      vertex   1.292409e+01 7.837077e+00 1.144223e+02
    endloop
  endfacet
  facet normal -1.000000e+00 -6.297466e-16 -3.715802e-15
    outer loop
      vertex   1.292409e+01 7.837077e+00 1.144223e+02
      vertex   1.292409e+01 -3.201716e-01 1.158048e+02
      vertex   1.292409e+01 -8.625754e-02 1.167213e+02
    endloop
  endfacet
  facet normal -1.000000e+00 4.055572e-16 -1.476108e-16
    outer loop
      vertex   1.292409e+01 7.837077e+00 1.144223e+02
      vertex   1.292409e+01 -8.625754e-02 1.167213e+02
      vertex   1.292409e+01 8.035944e+00 1.149687e+02
    endloop
  endfacet
  facet normal -1.000000e+00 4.080995e-16 -1.358286e-16
    outer loop
      vertex   1.292409e+01 8.035944e+00 1.149687e+02
      vertex   1.292409e+01 -8.625754e-02 1.167213e+02
      vertex   1.292409e+01 2.124405e-01 1.176187e+02
    endloop
  endfacet
  facet normal -1.000000e+00 3.880888e-16 -1.949055e-16
    outer loop
      vertex   1.292409e+01 8.035944e+00 1.149687e+02
      vertex   1.292409e+01 2.124405e-01 1.176187e+02
      vertex   1.292409e+01 8.296897e+00 1.154883e+02
    endloop
  endfacet
  facet normal -1.000000e+00 3.962032e-16 -1.641127e-16
    outer loop
      vertex   1.292409e+01 8.296897e+00 1.154883e+02
      vertex   1.292409e+01 2.124405e-01 1.176187e+02
      vertex   1.292409e+01 5.744004e-01 1.184926e+02
    endloop
  endfacet
  facet normal -1.000000e+00 3.850631e-16 -1.927488e-16
    outer loop
      vertex   1.292409e+01 8.296897e+00 1.154883e+02
      vertex   1.292409e+01 5.744004e-01 1.184926e+02
      vertex   1.292409e+01 9.977777e-01 1.193384e+02
    endloop
  endfacet
  facet normal -1.000000e+00 3.613663e-16 -2.376743e-16
    outer loop
      vertex   1.292409e+01 8.296897e+00 1.154883e+02
      vertex   1.292409e+01 9.977777e-01 1.193384e+02
      vertex   1.292409e+01 8.616408e+00 1.159741e+02
    endloop
  endfacet
  facet normal -1.000000e+00 3.695071e-16 -2.192387e-16
    outer loop
      vertex   1.292409e+01 8.616408e+00 1.159741e+02
      vertex   1.292409e+01 9.977777e-01 1.193384e+02
      vertex   1.292409e+01 1.480415e+00 1.201518e+02
    endloop
  endfacet
  facet normal -1.000000e+00 3.338547e-16 -2.801373e-16
    outer loop
      vertex   1.292409e+01 8.616408e+00 1.159741e+02
      vertex   1.292409e+01 1.480415e+00 1.201518e+02
      vertex   1.292409e+01 8.990156e+00 1.164195e+02
    endloop
  endfacet
  facet normal -1.000000e+00 3.517151e-16 -2.442002e-16
    outer loop
      vertex   1.292409e+01 8.990156e+00 1.164195e+02
      vertex   1.292409e+01 1.480415e+00 1.201518e+02
      vertex   1.292409e+01 2.019853e+00 1.209287e+02
    endloop
  endfacet
  facet normal -1.000000e+00 3.023638e-16 -3.204869e-16
    outer loop
      vertex   1.292409e+01 8.990156e+00 1.164195e+02
      vertex   1.292409e+01 2.019853e+00 1.209287e+02
      vertex   1.292409e+01 9.413086e+00 1.168185e+02
    endloop
  endfacet
  facet normal -1.000000e+00 3.318604e-16 -2.674300e-16
    outer loop
      vertex   1.292409e+01 9.413086e+00 1.168185e+02
      vertex   1.292409e+01 2.019853e+00 1.209287e+02
      vertex   1.292409e+01 2.613342e+00 1.216652e+02
    endloop
  endfacet
  facet normal -1.000000e+00 3.140613e-16 -2.924015e-16
    outer loop
      vertex   1.292409e+01 9.413086e+00 1.168185e+02
      vertex   1.292409e+01 2.613342e+00 1.216652e+02
      vertex   1.292409e+01 3.257860e+00 1.223575e+02
    endloop
  endfacet
  facet normal -1.000000e+00 3.750649e-16 -4.028481e-16
    outer loop
      vertex   1.292409e+01 3.950120e+00 1.230020e+02
      vertex   1.292409e+01 1.108552e+01 1.208263e+02
      vertex   1.292409e+01 3.257860e+00 1.223575e+02
    endloop
  endfacet
  facet normal -1.000000e+00 4.735567e-16 1.006576e-16
    outer loop
      vertex   1.292409e+01 3.257860e+00 1.223575e+02
      vertex   1.292409e+01 1.108552e+01 1.208263e+02
      vertex   1.292409e+01 1.115289e+01 1.205093e+02
    endloop
  endfacet
  facet normal -1.000000e+00 4.131594e-16 -1.573521e-16
    outer loop
      vertex   1.292409e+01 3.257860e+00 1.223575e+02
      vertex   1.292409e+01 1.115289e+01 1.205093e+02
      vertex   1.292409e+01 9.879479e+00 1.171657e+02
    endloop
  endfacet
  facet normal -1.000000e+00 0.000000e+00 0.000000e+00
    outer loop
      vertex   1.292409e+01 9.879479e+00 1.171657e+02
      vertex   1.292409e+01 1.115289e+01 1.205093e+02
      vertex   1.292409e+01 1.128468e+01 1.202133e+02
    endloop
  endfacet
  facet normal -1.000000e+00 0.000000e+00 0.000000e+00
    outer loop
      vertex   1.292409e+01 9.879479e+00 1.171657e+02
      vertex   1.292409e+01 1.128468e+01 1.202133e+02
      vertex   1.292409e+01 1.038303e+01 1.174565e+02
    endloop
  endfacet
  facet normal -1.000000e+00 0.000000e+00 0.000000e+00
    outer loop
      vertex   1.292409e+01 1.038303e+01 1.174565e+02
      vertex   1.292409e+01 1.128468e+01 1.202133e+02
      vertex   1.292409e+01 1.147515e+01 1.199512e+02
    endloop
  endfacet
  facet normal -1.000000e+00 0.000000e+00 0.000000e+00
    outer loop
      vertex   1.292409e+01 1.038303e+01 1.174565e+02
      vertex   1.292409e+01 1.147515e+01 1.199512e+02
      vertex   1.292409e+01 1.091692e+01 1.176868e+02
    endloop
  endfacet
  facet normal -1.000000e+00 0.000000e+00 0.000000e+00
    outer loop
      vertex   1.292409e+01 1.091692e+01 1.176868e+02
      vertex   1.292409e+01 1.147515e+01 1.199512e+02
      vertex   1.292409e+01 1.171596e+01 1.197343e+02
    endloop
  endfacet
  facet normal -1.000000e+00 0.000000e+00 0.000000e+00
    outer loop
      vertex   1.292409e+01 1.091692e+01 1.176868e+02
      vertex   1.292409e+01 1.171596e+01 1.197343e+02
      vertex   1.292409e+01 1.147395e+01 1.178535e+02
    endloop
  endfacet
  facet normal -1.000000e+00 0.000000e+00 0.000000e+00
    outer loop
      vertex   1.292409e+01 1.147395e+01 1.178535e+02
      vertex   1.292409e+01 1.171596e+01 1.197343e+02
      vertex   1.292409e+01 1.199658e+01 1.195723e+02
    endloop
  endfacet
  facet normal -1.000000e+00 0.000000e+00 0.000000e+00
    outer loop
      vertex   1.292409e+01 1.147395e+01 1.178535e+02
      vertex   1.292409e+01 1.199658e+01 1.195723e+02
      vertex   1.292409e+01 1.204656e+01 1.179545e+02
    endloop
  endfacet
  facet normal -1.000000e+00 0.000000e+00 0.000000e+00
    outer loop
      vertex   1.292409e+01 1.204656e+01 1.179545e+02
      vertex   1.292409e+01 1.199658e+01 1.195723e+02
      vertex   1.292409e+01 1.230476e+01 1.194722e+02
    endloop
  endfacet
  facet normal -1.000000e+00 0.000000e+00 0.000000e+00
    outer loop
      vertex   1.292409e+01 1.204656e+01 1.179545e+02
      vertex   1.292409e+01 1.230476e+01 1.194722e+02
      vertex   1.292409e+01 1.262702e+01 1.179883e+02
    endloop
  endfacet
  facet normal -1.000000e+00 0.000000e+00 0.000000e+00
    outer loop
      vertex   1.292409e+01 1.262702e+01 1.179883e+02
      vertex   1.292409e+01 1.230476e+01 1.194722e+02
      vertex   1.292409e+01 1.262702e+01 1.194383e+02
    endloop
  endfacet
  facet normal -1.000000e+00 0.000000e+00 0.000000e+00
    outer loop
      vertex   1.292409e+01 1.262702e+01 1.179883e+02
      vertex   1.292409e+01 1.262702e+01 1.194383e+02
      vertex   1.292409e+01 1.294929e+01 1.194722e+02
    endloop
  endfacet
  facet normal -1.000000e+00 3.612216e-16 -4.482486e-16
    outer loop
      vertex   1.292409e+01 3.950120e+00 1.230020e+02
      vertex   1.292409e+01 4.686595e+00 1.235955e+02
      vertex   1.292409e+01 1.108552e+01 1.208263e+02
    endloop
  endfacet
  facet normal -1.000000e+00 5.552052e-16 0.000000e+00
    outer loop
      vertex   1.292409e+01 1.108552e+01 1.208263e+02
      vertex   1.292409e+01 4.686595e+00 1.235955e+02
      vertex   1.292409e+01 1.108552e+01 1.211503e+02
    endloop
  endfacet
  facet normal -1.000000e+00 3.581145e-16 -5.157829e-16
    outer loop
      vertex   1.292409e+01 1.108552e+01 1.211503e+02
      vertex   1.292409e+01 4.686595e+00 1.235955e+02
      vertex   1.292409e+01 5.463534e+00 1.241349e+02
    endloop
  endfacet
  facet normal -1.000000e+00 5.678549e-16 -1.207013e-16
    outer loop
      vertex   1.292409e+01 1.108552e+01 1.211503e+02
      vertex   1.292409e+01 5.463534e+00 1.241349e+02
      vertex   1.292409e+01 1.115289e+01 1.214673e+02
    endloop
  endfacet
  facet normal -1.000000e+00 3.488042e-16 -5.878782e-16
    outer loop
      vertex   1.292409e+01 1.115289e+01 1.214673e+02
      vertex   1.292409e+01 5.463534e+00 1.241349e+02
      vertex   1.292409e+01 6.276975e+00 1.246175e+02
    endloop
  endfacet
  facet normal -1.000000e+00 3.180770e-16 -6.354370e-16
    outer loop
      vertex   1.292409e+01 1.115289e+01 1.214673e+02
      vertex   1.292409e+01 6.276975e+00 1.246175e+02
      vertex   1.292409e+01 7.122775e+00 1.250409e+02
    endloop
  endfacet
  facet normal -1.000000e+00 6.320203e-16 -2.813936e-16
    outer loop
      vertex   1.292409e+01 1.115289e+01 1.214673e+02
      vertex   1.292409e+01 7.122775e+00 1.250409e+02
      vertex   1.292409e+01 1.128468e+01 1.217633e+02
    endloop
  endfacet
  facet normal -1.000000e+00 2.942256e-16 -7.103235e-16
    outer loop
      vertex   1.292409e+01 1.128468e+01 1.217633e+02
      vertex   1.292409e+01 7.122775e+00 1.250409e+02
      vertex   1.292409e+01 7.996624e+00 1.254029e+02
    endloop
  endfacet
  facet normal -1.000000e+00 5.988689e-16 -4.351037e-16
    outer loop
      vertex   1.292409e+01 1.128468e+01 1.217633e+02
      vertex   1.292409e+01 7.996624e+00 1.254029e+02
      vertex   1.292409e+01 1.147515e+01 1.220255e+02
    endloop
  endfacet
  facet normal -1.000000e+00 2.607289e-16 -7.833650e-16
    outer loop
      vertex   1.292409e+01 1.147515e+01 1.220255e+02
      vertex   1.292409e+01 7.996624e+00 1.254029e+02
      vertex   1.292409e+01 8.894068e+00 1.257016e+02
    endloop
  endfacet
  facet normal -1.000000e+00 5.331333e-16 -5.921045e-16
    outer loop
      vertex   1.292409e+01 1.147515e+01 1.220255e+02
      vertex   1.292409e+01 8.894068e+00 1.257016e+02
      vertex   1.292409e+01 1.171596e+01 1.222423e+02
    endloop
  endfacet
  facet normal -1.000000e+00 -1.387299e-15 -2.158675e-15
    outer loop
      vertex   1.292409e+01 1.171596e+01 1.222423e+02
      vertex   1.292409e+01 8.894068e+00 1.257016e+02
      vertex   1.292409e+01 9.810534e+00 1.259355e+02
    endloop
  endfacet
  facet normal -1.000000e+00 6.418814e-16 -1.111771e-15
    outer loop
      vertex   1.292409e+01 1.171596e+01 1.222423e+02
      vertex   1.292409e+01 9.810534e+00 1.259355e+02
      vertex   1.292409e+01 1.199658e+01 1.224043e+02
    endloop
  endfacet
  facet normal -1.000000e+00 2.449227e-16 -1.357515e-15
    outer loop
      vertex   1.292409e+01 1.199658e+01 1.224043e+02
      vertex   1.292409e+01 9.810534e+00 1.259355e+02
      vertex   1.292409e+01 1.074135e+01 1.261034e+02
    endloop
  endfacet
  facet normal -1.000000e+00 4.216034e-16 -1.297562e-15
    outer loop
      vertex   1.292409e+01 1.199658e+01 1.224043e+02
      vertex   1.292409e+01 1.074135e+01 1.261034e+02
      vertex   1.292409e+01 1.230476e+01 1.225044e+02
    endloop
  endfacet
  facet normal -1.000000e+00 1.520894e-16 -1.414639e-15
    outer loop
      vertex   1.292409e+01 1.230476e+01 1.225044e+02
      vertex   1.292409e+01 1.074135e+01 1.261034e+02
      vertex   1.292409e+01 1.168178e+01 1.262045e+02
    endloop
  endfacet
  facet normal -1.000000e+00 1.487437e-16 -1.415202e-15
    outer loop
      vertex   1.292409e+01 1.230476e+01 1.225044e+02
      vertex   1.292409e+01 1.168178e+01 1.262045e+02
      vertex   1.292409e+01 1.262702e+01 1.225383e+02
    endloop
  endfacet
  facet normal -1.000000e+00 5.637771e-15 0.000000e+00
    outer loop
      vertex   1.292409e+01 1.262702e+01 1.225383e+02
      vertex   1.292409e+01 1.168178e+01 1.262045e+02
      vertex   1.292409e+01 1.262702e+01 1.262383e+02
    endloop
  endfacet
  facet normal -1.000000e+00 0.000000e+00 0.000000e+00
    outer loop
      vertex   1.292409e+01 1.262702e+01 1.225383e+02
      vertex   1.292409e+01 1.262702e+01 1.262383e+02
      vertex   1.292409e+01 1.294929e+01 1.225044e+02
    endloop
  endfacet
  facet normal -1.000000e+00 0.000000e+00 0.000000e+00
    outer loop
      vertex   1.292409e+01 1.294929e+01 1.225044e+02
      vertex   1.292409e+01 1.262702e+01 1.262383e+02
      vertex   1.292409e+01 1.325747e+01 1.224043e+02
    endloop
  endfacet
  facet normal -1.000000e+00 0.000000e+00 0.000000e+00
    outer loop
      vertex   1.292409e+01 1.325747e+01 1.224043e+02
      vertex   1.292409e+01 1.262702e+01 1.262383e+02
      vertex   1.292409e+01 1.353809e+01 1.222423e+02
    endloop
  endfacet
  facet normal -1.000000e+00 0.000000e+00 0.000000e+00
    outer loop
      vertex   1.292409e+01 1.353809e+01 1.222423e+02
      vertex   1.292409e+01 1.262702e+01 1.262383e+02
      vertex   1.292409e+01 1.377890e+01 1.220255e+02
    endloop
  endfacet
  facet normal -1.000000e+00 0.000000e+00 0.000000e+00
    outer loop
      vertex   1.292409e+01 1.377890e+01 1.220255e+02
      vertex   1.292409e+01 1.262702e+01 1.262383e+02
      vertex   1.292409e+01 1.396936e+01 1.217633e+02
    endloop
  endfacet
  facet normal -1.000000e+00 0.000000e+00 0.000000e+00
    outer loop
      vertex   1.292409e+01 1.396936e+01 1.217633e+02
      vertex   1.292409e+01 1.262702e+01 1.262383e+02
      vertex   1.292409e+01 3.037702e+01 1.262383e+02
    endloop
  endfacet
  facet normal -1.000000e+00 0.000000e+00 0.000000e+00
    outer loop
      vertex   1.292409e+01 1.396936e+01 1.217633e+02
      vertex   1.292409e+01 3.037702e+01 1.262383e+02
      vertex   1.292409e+01 1.410116e+01 1.214673e+02
    endloop
  endfacet
  facet normal -1.000000e+00 0.000000e+00 0.000000e+00
    outer loop
      vertex   1.292409e+01 1.410116e+01 1.214673e+02
      vertex   1.292409e+01 3.037702e+01 1.262383e+02
      vertex   1.292409e+01 1.416853e+01 1.211503e+02
    endloop
  endfacet
  facet normal -1.000000e+00 0.000000e+00 0.000000e+00
    outer loop
      vertex   1.292409e+01 1.416853e+01 1.211503e+02
      vertex   1.292409e+01 3.037702e+01 1.262383e+02
      vertex   1.292409e+01 1.626389e+01 1.164195e+02
    endloop
  endfacet
  facet normal -1.000000e+00 0.000000e+00 0.000000e+00
    outer loop
      vertex   1.292409e+01 1.416853e+01 1.211503e+02
      vertex   1.292409e+01 1.626389e+01 1.164195e+02
      vertex   1.292409e+01 1.584096e+01 1.168185e+02
    endloop
  endfacet
  facet normal -1.000000e+00 0.000000e+00 0.000000e+00
    outer loop
      vertex   1.292409e+01 3.037702e+01 9.973830e+01
      vertex   1.292409e+01 1.761857e+01 1.132790e+02
      vertex   1.292409e+01 3.037702e+01 1.262383e+02
    endloop
  endfacet
  facet normal -1.000000e+00 0.000000e+00 0.000000e+00
    outer loop
      vertex   1.292409e+01 3.037702e+01 1.262383e+02
      vertex   1.292409e+01 1.761857e+01 1.132790e+02
      vertex   1.292409e+01 1.755106e+01 1.138565e+02
    endloop
  endfacet
  facet normal -1.000000e+00 0.000000e+00 0.000000e+00
    outer loop
      vertex   1.292409e+01 3.037702e+01 1.262383e+02
      vertex   1.292409e+01 1.755106e+01 1.138565e+02
      vertex   1.292409e+01 1.741697e+01 1.144223e+02
    endloop
  endfacet
  facet normal -1.000000e+00 0.000000e+00 0.000000e+00
    outer loop
      vertex   1.292409e+01 1.262702e+01 9.973830e+01
      vertex   1.292409e+01 1.396936e+01 1.042133e+02
      vertex   1.292409e+01 3.037702e+01 9.973830e+01
    endloop
  endfacet
  facet normal -1.000000e+00 0.000000e+00 0.000000e+00
    outer loop
      vertex   1.292409e+01 3.037702e+01 9.973830e+01
      vertex   1.292409e+01 1.396936e+01 1.042133e+02
      vertex   1.292409e+01 1.410116e+01 1.045093e+02
    endloop
  endfacet
  facet normal -1.000000e+00 0.000000e+00 0.000000e+00
    outer loop
      vertex   1.292409e+01 3.037702e+01 9.973830e+01
      vertex   1.292409e+01 1.410116e+01 1.045093e+02
      vertex   1.292409e+01 1.416853e+01 1.048263e+02
    endloop
  endfacet
  facet normal -1.000000e+00 0.000000e+00 -0.000000e+00
    outer loop
      vertex   1.292409e+01 1.325747e+01 1.035723e+02
      vertex   1.292409e+01 1.353809e+01 1.037343e+02
      vertex   1.292409e+01 1.262702e+01 9.973830e+01
    endloop
  endfacet
  facet normal -1.000000e+00 0.000000e+00 0.000000e+00
    outer loop
      vertex   1.292409e+01 1.262702e+01 9.973830e+01
      vertex   1.292409e+01 1.353809e+01 1.037343e+02
      vertex   1.292409e+01 1.377890e+01 1.039512e+02
    endloop
  endfacet
  facet normal -1.000000e+00 0.000000e+00 0.000000e+00
    outer loop
      vertex   1.292409e+01 1.262702e+01 9.973830e+01
      vertex   1.292409e+01 1.377890e+01 1.039512e+02
      vertex   1.292409e+01 1.396936e+01 1.042133e+02
    endloop
  endfacet
  facet normal -1.000000e+00 0.000000e+00 0.000000e+00
    outer loop
      vertex   1.292409e+01 3.037702e+01 9.973830e+01
      vertex   1.292409e+01 1.416853e+01 1.048263e+02
      vertex   1.292409e+01 1.626389e+01 1.095571e+02
    endloop
  endfacet
  facet normal -1.000000e+00 0.000000e+00 0.000000e+00
    outer loop
      vertex   1.292409e+01 1.626389e+01 1.095571e+02
      vertex   1.292409e+01 1.416853e+01 1.048263e+02
      vertex   1.292409e+01 1.416853e+01 1.051503e+02
    endloop
  endfacet
  facet normal -1.000000e+00 0.000000e+00 0.000000e+00
    outer loop
      vertex   1.292409e+01 1.626389e+01 1.095571e+02
      vertex   1.292409e+01 1.416853e+01 1.051503e+02
      vertex   1.292409e+01 1.584096e+01 1.091581e+02
    endloop
  endfacet
  facet normal -1.000000e+00 0.000000e+00 0.000000e+00
    outer loop
      vertex   1.292409e+01 1.584096e+01 1.091581e+02
      vertex   1.292409e+01 1.416853e+01 1.051503e+02
      vertex   1.292409e+01 1.537457e+01 1.088109e+02
    endloop
  endfacet
  facet normal -1.000000e+00 0.000000e+00 0.000000e+00
    outer loop
      vertex   1.292409e+01 1.626389e+01 1.095571e+02
      vertex   1.292409e+01 1.663764e+01 1.100025e+02
      vertex   1.292409e+01 3.037702e+01 9.973830e+01
    endloop
  endfacet
  facet normal -1.000000e+00 0.000000e+00 0.000000e+00
    outer loop
      vertex   1.292409e+01 3.037702e+01 9.973830e+01
      vertex   1.292409e+01 1.663764e+01 1.100025e+02
      vertex   1.292409e+01 1.695715e+01 1.104883e+02
    endloop
  endfacet
  facet normal -1.000000e+00 0.000000e+00 0.000000e+00
    outer loop
      vertex   1.292409e+01 3.037702e+01 9.973830e+01
      vertex   1.292409e+01 1.695715e+01 1.104883e+02
      vertex   1.292409e+01 1.721810e+01 1.110079e+02
    endloop
  endfacet
  facet normal -1.000000e+00 0.000000e+00 0.000000e+00
    outer loop
      vertex   1.292409e+01 1.721810e+01 1.110079e+02
      vertex   1.292409e+01 1.741697e+01 1.115543e+02
      vertex   1.292409e+01 3.037702e+01 9.973830e+01
    endloop
  endfacet
  facet normal -1.000000e+00 0.000000e+00 0.000000e+00
    outer loop
      vertex   1.292409e+01 3.037702e+01 9.973830e+01
      vertex   1.292409e+01 1.741697e+01 1.115543e+02
      vertex   1.292409e+01 1.755106e+01 1.121201e+02
    endloop
  endfacet
  facet normal -1.000000e+00 0.000000e+00 0.000000e+00
    outer loop
      vertex   1.292409e+01 3.037702e+01 9.973830e+01
      vertex   1.292409e+01 1.755106e+01 1.121201e+02
      vertex   1.292409e+01 1.761857e+01 1.126976e+02
    endloop
  endfacet
  facet normal -1.000000e+00 0.000000e+00 0.000000e+00
    outer loop
      vertex   1.292409e+01 1.761857e+01 1.126976e+02
      vertex   1.292409e+01 1.761857e+01 1.132790e+02
      vertex   1.292409e+01 3.037702e+01 9.973830e+01
    endloop
  endfacet
  facet normal -1.000000e+00 0.000000e+00 0.000000e+00
    outer loop
      vertex   1.292409e+01 1.741697e+01 1.144223e+02
      vertex   1.292409e+01 1.721810e+01 1.149687e+02
      vertex   1.292409e+01 3.037702e+01 1.262383e+02
    endloop
  endfacet
  facet normal -1.000000e+00 0.000000e+00 0.000000e+00
    outer loop
      vertex   1.292409e+01 3.037702e+01 1.262383e+02
      vertex   1.292409e+01 1.721810e+01 1.149687e+02
      vertex   1.292409e+01 1.695715e+01 1.154883e+02
    endloop
  endfacet
  facet normal -1.000000e+00 0.000000e+00 0.000000e+00
    outer loop
      vertex   1.292409e+01 3.037702e+01 1.262383e+02
      vertex   1.292409e+01 1.695715e+01 1.154883e+02
      vertex   1.292409e+01 1.663764e+01 1.159741e+02
    endloop
  endfacet
  facet normal -1.000000e+00 0.000000e+00 0.000000e+00
    outer loop
      vertex   1.292409e+01 1.663764e+01 1.159741e+02
      vertex   1.292409e+01 1.626389e+01 1.164195e+02
      vertex   1.292409e+01 3.037702e+01 1.262383e+02
    endloop
  endfacet
  facet normal -1.000000e+00 0.000000e+00 0.000000e+00
    outer loop
      vertex   1.292409e+01 1.584096e+01 1.168185e+02
      vertex   1.292409e+01 1.537457e+01 1.171657e+02
      vertex   1.292409e+01 1.416853e+01 1.211503e+02
    endloop
  endfacet
  facet normal -1.000000e+00 0.000000e+00 0.000000e+00
    outer loop
      vertex   1.292409e+01 1.416853e+01 1.211503e+02
      vertex   1.292409e+01 1.537457e+01 1.171657e+02
      vertex   1.292409e+01 1.487102e+01 1.174565e+02
    endloop
  endfacet
  facet normal -1.000000e+00 0.000000e+00 0.000000e+00
    outer loop
      vertex   1.292409e+01 1.416853e+01 1.211503e+02
      vertex   1.292409e+01 1.487102e+01 1.174565e+02
      vertex   1.292409e+01 1.433713e+01 1.176868e+02
    endloop
  endfacet
  facet normal -1.000000e+00 0.000000e+00 0.000000e+00
    outer loop
      vertex   1.292409e+01 1.378010e+01 1.178535e+02
      vertex   1.292409e+01 1.353809e+01 1.197343e+02
      vertex   1.292409e+01 1.433713e+01 1.176868e+02
    endloop
  endfacet
  facet normal -1.000000e+00 0.000000e+00 0.000000e+00
    outer loop
      vertex   1.292409e+01 1.433713e+01 1.176868e+02
      vertex   1.292409e+01 1.353809e+01 1.197343e+02
      vertex   1.292409e+01 1.377890e+01 1.199512e+02
    endloop
  endfacet
  facet normal -1.000000e+00 0.000000e+00 0.000000e+00
    outer loop
      vertex   1.292409e+01 1.433713e+01 1.176868e+02
      vertex   1.292409e+01 1.377890e+01 1.199512e+02
      vertex   1.292409e+01 1.396936e+01 1.202133e+02
    endloop
  endfacet
  facet normal -1.000000e+00 0.000000e+00 -0.000000e+00
    outer loop
      vertex   1.292409e+01 1.353809e+01 1.197343e+02
      vertex   1.292409e+01 1.378010e+01 1.178535e+02
      vertex   1.292409e+01 1.325747e+01 1.195723e+02
    endloop
  endfacet
  facet normal -1.000000e+00 0.000000e+00 -0.000000e+00
    outer loop
      vertex   1.292409e+01 1.325747e+01 1.195723e+02
      vertex   1.292409e+01 1.378010e+01 1.178535e+02
      vertex   1.292409e+01 1.320749e+01 1.179545e+02
    endloop
  endfacet
  facet normal -1.000000e+00 0.000000e+00 0.000000e+00
    outer loop
      vertex   1.292409e+01 1.325747e+01 1.195723e+02
      vertex   1.292409e+01 1.320749e+01 1.179545e+02
      vertex   1.292409e+01 1.294929e+01 1.194722e+02
    endloop
  endfacet
  facet normal -1.000000e+00 0.000000e+00 -0.000000e+00
    outer loop
      vertex   1.292409e+01 1.294929e+01 1.194722e+02
      vertex   1.292409e+01 1.320749e+01 1.179545e+02
      vertex   1.292409e+01 1.262702e+01 1.179883e+02
    endloop
  endfacet
  facet normal -1.000000e+00 2.613189e-16 -3.510122e-16
    outer loop
      vertex   1.292409e+01 9.879479e+00 1.171657e+02
      vertex   1.292409e+01 9.413086e+00 1.168185e+02
      vertex   1.292409e+01 3.257860e+00 1.223575e+02
    endloop
  endfacet
  facet normal -1.000000e+00 -1.681617e-16 -1.411044e-16
    outer loop
      vertex   1.292409e+01 8.616408e+00 1.100025e+02
      vertex   1.292409e+01 8.990156e+00 1.095571e+02
      vertex   1.292409e+01 3.950120e+00 1.029746e+02
    endloop
  endfacet
  facet normal -1.000000e+00 -1.478197e-16 -1.566797e-16
    outer loop
      vertex   1.292409e+01 3.950120e+00 1.029746e+02
      vertex   1.292409e+01 8.990156e+00 1.095571e+02
      vertex   1.292409e+01 9.413086e+00 1.091581e+02
    endloop
  endfacet
  facet normal -1.000000e+00 -1.290132e-16 -1.732949e-16
    outer loop
      vertex   1.292409e+01 3.950120e+00 1.029746e+02
      vertex   1.292409e+01 9.413086e+00 1.091581e+02
      vertex   1.292409e+01 9.879479e+00 1.088109e+02
    endloop
  endfacet
  facet normal -1.000000e+00 0.000000e+00 0.000000e+00
    outer loop
      vertex   1.292409e+01 1.396936e+01 1.202133e+02
      vertex   1.292409e+01 1.410116e+01 1.205093e+02
      vertex   1.292409e+01 1.433713e+01 1.176868e+02
    endloop
  endfacet
  facet normal -1.000000e+00 0.000000e+00 0.000000e+00
    outer loop
      vertex   1.292409e+01 1.433713e+01 1.176868e+02
      vertex   1.292409e+01 1.410116e+01 1.205093e+02
      vertex   1.292409e+01 1.416853e+01 1.208263e+02
    endloop
  endfacet
  facet normal -1.000000e+00 0.000000e+00 0.000000e+00
    outer loop
      vertex   1.292409e+01 1.433713e+01 1.176868e+02
      vertex   1.292409e+01 1.416853e+01 1.208263e+02
      vertex   1.292409e+01 1.416853e+01 1.211503e+02
    endloop
  endfacet
endsolid
